{
  "meta": {
    "data_version": "1.0.0",
    "created": "2019-10-27",
    "revision": 2
  },
  "info": {
    "balls_per_over": 6,
    "city": "Murcia",
    "dates": [
      "2019-10-26"
    ],
    "event": {
      "name": "Iberia Cup",
      "match_number": 3
    },
    "gender": "male",
    "match_type": "T20",
    "match_type_number": 975,
    "missing": [
      "player_of_match",
      "umpires"
    ],
    "outcome": {
      "winner": "Spain",
      "by": {
        "wickets": 8
      }
    },
    "overs": 20,
    "players": {
      "Gibraltar": [
        "BA Pai",
        "CJ Delany",
        "E Packard",
        "K Nestor",
        "MO Bacarese",
        "JD Freyone",
        "MD Garratt",
        "MG Hunter",
        "T Caruana",
        "LA Collado",
        "JA Fitzgerald"
      ],
      "Spain": [
        "Farzan Afzal",
        "PD Hennessy",
        "Yasir Ali",
        "R Panchal",
        "Kuldeep Lal",
        "Atif Mehmood",
        "C Munoz-Mills",
        "Awais Ahmed",
        "J Perman",
        "Raja Adeel",
        "TC Vine"
      ]
    },
    "registry": {
      "people": {
        "Atif Mehmood": "7fcc57bf",
        "Awais Ahmed": "f9f857dc",
        "BA Pai": "716bf559",
        "C Munoz-Mills": "17bc032c",
        "CJ Delany": "3bc56bd6",
        "E Packard": "03b9ec54",
        "Farzan Afzal": "6ebf4d4e",
        "J Perman": "125bba96",
        "JA Fitzgerald": "4e6ff836",
        "JD Freyone": "7cd7eb50",
        "K Nestor": "b89cde87",
        "Kuldeep Lal": "8a1d0222",
        "LA Collado": "177009a5",
        "MD Garratt": "aa4154ad",
        "MG Hunter": "f08adc01",
        "MO Bacarese": "486f252b",
        "PD Hennessy": "a3b9191a",
        "R Panchal": "91cd337c",
        "Raja Adeel": "7ee25c46",
        "T Caruana": "ab75eb29",
        "TC Vine": "ab8ef1e9",
        "Yasir Ali": "79209272"
      }
    },
    "season": "2019/20",
    "team_type": "international",
    "teams": [
      "Spain",
      "Gibraltar"
    ],
    "toss": {
      "decision": "field",
      "winner": "Spain"
    },
    "venue": "La Manga Club Bottom Ground"
  },
  "innings": [
    {
      "team": "Gibraltar",
      "overs": [
        {
          "over": 0,
          "deliveries": [
            {
              "batter": "BA Pai",
              "bowler": "Raja Adeel",
              "non_striker": "CJ Delany",
              "runs": {
                "batter": 0,
                "extras": 0,
                "total": 0
              }
            },
            {
              "batter": "BA Pai",
              "bowler": "Raja Adeel",
              "extras": {
                "wides": 1
              },
              "non_striker": "CJ Delany",
              "runs": {
                "batter": 0,
                "extras": 1,
                "total": 1
              }
            },
            {
              "batter": "BA Pai",
              "bowler": "Raja Adeel",
              "non_striker": "CJ Delany",
              "runs": {
                "batter": 1,
                "extras": 0,
                "total": 1
              }
            },
            {
              "batter": "CJ Delany",
              "bowler": "Raja Adeel",
              "extras": {
                "legbyes": 1
              },
              "non_striker": "BA Pai",
              "runs": {
                "batter": 0,
                "extras": 1,
                "total": 1
              }
            },
            {
              "batter": "BA Pai",
              "bowler": "Raja Adeel",
              "non_striker": "CJ Delany",
              "runs": {
                "batter": 0,
                "extras": 0,
                "total": 0
              }
            },
            {
              "batter": "BA Pai",
              "bowler": "Raja Adeel",
              "non_striker": "CJ Delany",
              "runs": {
                "batter": 0,
                "extras": 0,
                "total": 0
              }
            },
            {
              "batter": "BA Pai",
              "bowler": "Raja Adeel",
              "non_striker": "CJ Delany",
              "runs": {
                "batter": 0,
                "extras": 0,
                "total": 0
              }
            }
          ]
        },
        {
          "over": 1,
          "deliveries": [
            {
              "batter": "CJ Delany",
              "bowler": "R Panchal",
              "non_striker": "BA Pai",
              "runs": {
                "batter": 0,
                "extras": 0,
                "total": 0
              }
            },
            {
              "batter": "CJ Delany",
              "bowler": "R Panchal",
              "non_striker": "BA Pai",
              "runs": {
                "batter": 0,
                "extras": 0,
                "total": 0
              }
            },
            {
              "batter": "CJ Delany",
              "bowler": "R Panchal",
              "non_striker": "BA Pai",
              "runs": {
                "batter": 0,
                "extras": 0,
                "total": 0
              }
            },
            {
              "batter": "CJ Delany",
              "bowler": "R Panchal",
              "non_striker": "BA Pai",
              "runs": {
                "batter": 0,
                "extras": 0,
                "total": 0
              }
            },
            {
              "batter": "CJ Delany",
              "bowler": "R Panchal",
              "non_striker": "BA Pai",
              "runs": {
                "batter": 0,
                "extras": 0,
                "total": 0
              }
            },
            {
              "batter": "CJ Delany",
              "bowler": "R Panchal",
              "non_striker": "BA Pai",
              "runs": {
                "batter": 0,
                "extras": 0,
                "total": 0
              }
            }
          ]
        },
        {
          "over": 2,
          "deliveries": [
            {
              "batter": "BA Pai",
              "bowler": "Raja Adeel",
              "non_striker": "CJ Delany",
              "runs": {
                "batter": 4,
                "extras": 0,
                "total": 4
              }
            },
            {
              "batter": "BA Pai",
              "bowler": "Raja Adeel",
              "non_striker": "CJ Delany",
              "runs": {
                "batter": 2,
                "extras": 0,
                "total": 2
              }
            },
            {
              "batter": "BA Pai",
              "bowler": "Raja Adeel",
              "non_striker": "CJ Delany",
              "runs": {
                "batter": 1,
                "extras": 0,
                "total": 1
              }
            },
            {
              "batter": "CJ Delany",
              "bowler": "Raja Adeel",
              "non_striker": "BA Pai",
              "runs": {
                "batter": 0,
                "extras": 0,
                "total": 0
              }
            },
            {
              "batter": "CJ Delany",
              "bowler": "Raja Adeel",
              "non_striker": "BA Pai",
              "runs": {
                "batter": 2,
                "extras": 0,
                "total": 2
              }
            },
            {
              "batter": "CJ Delany",
              "bowler": "Raja Adeel",
              "non_striker": "BA Pai",
              "runs": {
                "batter": 0,
                "extras": 0,
                "total": 0
              }
            }
          ]
        },
        {
          "over": 3,
          "deliveries": [
            {
              "batter": "BA Pai",
              "bowler": "R Panchal",
              "non_striker": "CJ Delany",
              "runs": {
                "batter": 0,
                "extras": 0,
                "total": 0
              }
            },
            {
              "batter": "BA Pai",
              "bowler": "R Panchal",
              "non_striker": "CJ Delany",
              "runs": {
                "batter": 0,
                "extras": 0,
                "total": 0
              }
            },
            {
              "batter": "BA Pai",
              "bowler": "R Panchal",
              "non_striker": "CJ Delany",
              "runs": {
                "batter": 1,
                "extras": 0,
                "total": 1
              }
            },
            {
              "batter": "CJ Delany",
              "bowler": "R Panchal",
              "non_striker": "BA Pai",
              "runs": {
                "batter": 0,
                "extras": 0,
                "total": 0
              }
            },
            {
              "batter": "CJ Delany",
              "bowler": "R Panchal",
              "non_striker": "BA Pai",
              "runs": {
                "batter": 0,
                "extras": 0,
                "total": 0
              }
            },
            {
              "batter": "CJ Delany",
              "bowler": "R Panchal",
              "non_striker": "BA Pai",
              "runs": {
                "batter": 1,
                "extras": 0,
                "total": 1
              }
            }
          ]
        },
        {
          "over": 4,
          "deliveries": [
            {
              "batter": "CJ Delany",
              "bowler": "Raja Adeel",
              "non_striker": "BA Pai",
              "runs": {
                "batter": 0,
                "extras": 0,
                "total": 0
              }
            },
            {
              "batter": "CJ Delany",
              "bowler": "Raja Adeel",
              "non_striker": "BA Pai",
              "runs": {
                "batter": 0,
                "extras": 0,
                "total": 0
              }
            },
            {
              "batter": "CJ Delany",
              "bowler": "Raja Adeel",
              "non_striker": "BA Pai",
              "runs": {
                "batter": 1,
                "extras": 0,
                "total": 1
              }
            },
            {
              "batter": "BA Pai",
              "bowler": "Raja Adeel",
              "non_striker": "CJ Delany",
              "runs": {
                "batter": 1,
                "extras": 0,
                "total": 1
              }
            },
            {
              "batter": "CJ Delany",
              "bowler": "Raja Adeel",
              "non_striker": "BA Pai",
              "runs": {
                "batter": 0,
                "extras": 0,
                "total": 0
              }
            },
            {
              "batter": "CJ Delany",
              "bowler": "Raja Adeel",
              "non_striker": "BA Pai",
              "runs": {
                "batter": 0,
                "extras": 0,
                "total": 0
              }
            }
          ]
        },
        {
          "over": 5,
          "deliveries": [
            {
              "batter": "BA Pai",
              "bowler": "R Panchal",
              "non_striker": "CJ Delany",
              "runs": {
                "batter": 2,
                "extras": 0,
                "total": 2
              }
            },
            {
              "batter": "BA Pai",
              "bowler": "R Panchal",
              "non_striker": "CJ Delany",
              "runs": {
                "batter": 0,
                "extras": 0,
                "total": 0
              }
            },
            {
              "batter": "BA Pai",
              "bowler": "R Panchal",
              "non_striker": "CJ Delany",
              "runs": {
                "batter": 2,
                "extras": 0,
                "total": 2
              }
            },
            {
              "batter": "BA Pai",
              "bowler": "R Panchal",
              "non_striker": "CJ Delany",
              "runs": {
                "batter": 2,
                "extras": 0,
                "total": 2
              }
            },
            {
              "batter": "BA Pai",
              "bowler": "R Panchal",
              "non_striker": "CJ Delany",
              "runs": {
                "batter": 1,
                "extras": 0,
                "total": 1
              }
            },
            {
              "batter": "CJ Delany",
              "bowler": "R Panchal",
              "non_striker": "BA Pai",
              "runs": {
                "batter": 0,
                "extras": 0,
                "total": 0
              }
            }
          ]
        },
        {
          "over": 6,
          "deliveries": [
            {
              "batter": "BA Pai",
              "bowler": "TC Vine",
              "non_striker": "CJ Delany",
              "runs": {
                "batter": 1,
                "extras": 0,
                "total": 1
              }
            },
            {
              "batter": "CJ Delany",
              "bowler": "TC Vine",
              "non_striker": "BA Pai",
              "runs": {
                "batter": 1,
                "extras": 0,
                "total": 1
              }
            },
            {
              "batter": "BA Pai",
              "bowler": "TC Vine",
              "non_striker": "CJ Delany",
              "runs": {
                "batter": 1,
                "extras": 0,
                "total": 1
              }
            },
            {
              "batter": "CJ Delany",
              "bowler": "TC Vine",
              "non_striker": "BA Pai",
              "runs": {
                "batter": 1,
                "extras": 0,
                "total": 1
              }
            },
            {
              "batter": "BA Pai",
              "bowler": "TC Vine",
              "non_striker": "CJ Delany",
              "runs": {
                "batter": 1,
                "extras": 0,
                "total": 1
              }
            },
            {
              "batter": "CJ Delany",
              "bowler": "TC Vine",
              "non_striker": "BA Pai",
              "runs": {
                "batter": 1,
                "extras": 0,
                "total": 1
              }
            }
          ]
        },
        {
          "over": 7,
          "deliveries": [
            {
              "batter": "CJ Delany",
              "bowler": "Farzan Afzal",
              "extras": {
                "wides": 1
              },
              "non_striker": "BA Pai",
              "runs": {
                "batter": 0,
                "extras": 1,
                "total": 1
              }
            },
            {
              "batter": "CJ Delany",
              "bowler": "Farzan Afzal",
              "non_striker": "BA Pai",
              "runs": {
                "batter": 1,
                "extras": 0,
                "total": 1
              }
            },
            {
              "batter": "BA Pai",
              "bowler": "Farzan Afzal",
              "non_striker": "CJ Delany",
              "runs": {
                "batter": 1,
                "extras": 0,
                "total": 1
              }
            },
            {
              "batter": "CJ Delany",
              "bowler": "Farzan Afzal",
              "non_striker": "BA Pai",
              "runs": {
                "batter": 1,
                "extras": 0,
                "total": 1
              }
            },
            {
              "batter": "BA Pai",
              "bowler": "Farzan Afzal",
              "non_striker": "CJ Delany",
              "runs": {
                "batter": 1,
                "extras": 0,
                "total": 1
              }
            },
            {
              "batter": "CJ Delany",
              "bowler": "Farzan Afzal",
              "non_striker": "BA Pai",
              "runs": {
                "batter": 1,
                "extras": 0,
                "total": 1
              }
            },
            {
              "batter": "BA Pai",
              "bowler": "Farzan Afzal",
              "non_striker": "CJ Delany",
              "runs": {
                "batter": 1,
                "extras": 0,
                "total": 1
              }
            }
          ]
        },
        {
          "over": 8,
          "deliveries": [
            {
              "batter": "BA Pai",
              "bowler": "TC Vine",
              "non_striker": "CJ Delany",
              "runs": {
                "batter": 0,
                "extras": 0,
                "total": 0
              },
              "wickets": [
                {
                  "player_out": "BA Pai",
                  "fielders": [
                    {
                      "name": "C Munoz-Mills"
                    }
                  ],
                  "kind": "caught"
                }
              ]
            },
            {
              "batter": "CJ Delany",
              "bowler": "TC Vine",
              "non_striker": "E Packard",
              "runs": {
                "batter": 1,
                "extras": 0,
                "total": 1
              }
            },
            {
              "batter": "E Packard",
              "bowler": "TC Vine",
              "non_striker": "CJ Delany",
              "runs": {
                "batter": 0,
                "extras": 0,
                "total": 0
              }
            },
            {
              "batter": "E Packard",
              "bowler": "TC Vine",
              "non_striker": "CJ Delany",
              "runs": {
                "batter": 6,
                "extras": 0,
                "total": 6
              }
            },
            {
              "batter": "E Packard",
              "bowler": "TC Vine",
              "non_striker": "CJ Delany",
              "runs": {
                "batter": 1,
                "extras": 0,
                "total": 1
              }
            },
            {
              "batter": "CJ Delany",
              "bowler": "TC Vine",
              "non_striker": "E Packard",
              "runs": {
                "batter": 0,
                "extras": 0,
                "total": 0
              }
            }
          ]
        },
        {
          "over": 9,
          "deliveries": [
            {
              "batter": "E Packard",
              "bowler": "Farzan Afzal",
              "non_striker": "CJ Delany",
              "runs": {
                "batter": 0,
                "extras": 0,
                "total": 0
              }
            },
            {
              "batter": "E Packard",
              "bowler": "Farzan Afzal",
              "non_striker": "CJ Delany",
              "runs": {
                "batter": 1,
                "extras": 0,
                "total": 1
              }
            },
            {
              "batter": "CJ Delany",
              "bowler": "Farzan Afzal",
              "non_striker": "E Packard",
              "runs": {
                "batter": 1,
                "extras": 0,
                "total": 1
              }
            },
            {
              "batter": "E Packard",
              "bowler": "Farzan Afzal",
              "non_striker": "CJ Delany",
              "runs": {
                "batter": 1,
                "extras": 0,
                "total": 1
              }
            },
            {
              "batter": "CJ Delany",
              "bowler": "Farzan Afzal",
              "non_striker": "E Packard",
              "runs": {
                "batter": 0,
                "extras": 0,
                "total": 0
              }
            },
            {
              "batter": "CJ Delany",
              "bowler": "Farzan Afzal",
              "non_striker": "E Packard",
              "runs": {
                "batter": 0,
                "extras": 0,
                "total": 0
              }
            }
          ]
        },
        {
          "over": 10,
          "deliveries": [
            {
              "batter": "E Packard",
              "bowler": "J Perman",
              "non_striker": "CJ Delany",
              "runs": {
                "batter": 1,
                "extras": 0,
                "total": 1
              }
            },
            {
              "batter": "CJ Delany",
              "bowler": "J Perman",
              "non_striker": "E Packard",
              "runs": {
                "batter": 1,
                "extras": 0,
                "total": 1
              }
            },
            {
              "batter": "E Packard",
              "bowler": "J Perman",
              "non_striker": "CJ Delany",
              "runs": {
                "batter": 0,
                "extras": 0,
                "total": 0
              }
            },
            {
              "batter": "E Packard",
              "bowler": "J Perman",
              "non_striker": "CJ Delany",
              "runs": {
                "batter": 0,
                "extras": 0,
                "total": 0
              }
            },
            {
              "batter": "E Packard",
              "bowler": "J Perman",
              "non_striker": "CJ Delany",
              "runs": {
                "batter": 0,
                "extras": 0,
                "total": 0
              }
            },
            {
              "batter": "E Packard",
              "bowler": "J Perman",
              "non_striker": "CJ Delany",
              "runs": {
                "batter": 0,
                "extras": 0,
                "total": 0
              }
            }
          ]
        },
        {
          "over": 11,
          "deliveries": [
            {
              "batter": "CJ Delany",
              "bowler": "Farzan Afzal",
              "non_striker": "E Packard",
              "runs": {
                "batter": 1,
                "extras": 0,
                "total": 1
              }
            },
            {
              "batter": "E Packard",
              "bowler": "Farzan Afzal",
              "non_striker": "CJ Delany",
              "runs": {
                "batter": 0,
                "extras": 0,
                "total": 0
              }
            },
            {
              "batter": "E Packard",
              "bowler": "Farzan Afzal",
              "non_striker": "CJ Delany",
              "runs": {
                "batter": 0,
                "extras": 0,
                "total": 0
              }
            },
            {
              "batter": "E Packard",
              "bowler": "Farzan Afzal",
              "non_striker": "CJ Delany",
              "runs": {
                "batter": 0,
                "extras": 0,
                "total": 0
              }
            },
            {
              "batter": "E Packard",
              "bowler": "Farzan Afzal",
              "non_striker": "CJ Delany",
              "runs": {
                "batter": 1,
                "extras": 0,
                "total": 1
              }
            },
            {
              "batter": "CJ Delany",
              "bowler": "Farzan Afzal",
              "non_striker": "E Packard",
              "runs": {
                "batter": 1,
                "extras": 0,
                "total": 1
              }
            }
          ]
        },
        {
          "over": 12,
          "deliveries": [
            {
              "batter": "CJ Delany",
              "bowler": "J Perman",
              "non_striker": "E Packard",
              "runs": {
                "batter": 0,
                "extras": 0,
                "total": 0
              }
            },
            {
              "batter": "CJ Delany",
              "bowler": "J Perman",
              "non_striker": "E Packard",
              "runs": {
                "batter": 0,
                "extras": 0,
                "total": 0
              }
            },
            {
              "batter": "CJ Delany",
              "bowler": "J Perman",
              "non_striker": "E Packard",
              "runs": {
                "batter": 1,
                "extras": 0,
                "total": 1
              }
            },
            {
              "batter": "E Packard",
              "bowler": "J Perman",
              "non_striker": "CJ Delany",
              "runs": {
                "batter": 0,
                "extras": 0,
                "total": 0
              }
            },
            {
              "batter": "E Packard",
              "bowler": "J Perman",
              "non_striker": "CJ Delany",
              "runs": {
                "batter": 1,
                "extras": 0,
                "total": 1
              }
            },
            {
              "batter": "CJ Delany",
              "bowler": "J Perman",
              "non_striker": "E Packard",
              "runs": {
                "batter": 4,
                "extras": 0,
                "total": 4
              }
            }
          ]
        },
        {
          "over": 13,
          "deliveries": [
            {
              "batter": "E Packard",
              "bowler": "Farzan Afzal",
              "non_striker": "CJ Delany",
              "runs": {
                "batter": 1,
                "extras": 0,
                "total": 1
              }
            },
            {
              "batter": "CJ Delany",
              "bowler": "Farzan Afzal",
              "non_striker": "E Packard",
              "runs": {
                "batter": 1,
                "extras": 0,
                "total": 1
              }
            },
            {
              "batter": "E Packard",
              "bowler": "Farzan Afzal",
              "non_striker": "CJ Delany",
              "runs": {
                "batter": 1,
                "extras": 0,
                "total": 1
              },
              "wickets": [
                {
                  "player_out": "CJ Delany",
                  "kind": "run out"
                }
              ]
            },
            {
              "batter": "E Packard",
              "bowler": "Farzan Afzal",
              "non_striker": "K Nestor",
              "runs": {
                "batter": 2,
                "extras": 0,
                "total": 2
              }
            },
            {
              "batter": "E Packard",
              "bowler": "Farzan Afzal",
              "non_striker": "K Nestor",
              "runs": {
                "batter": 0,
                "extras": 0,
                "total": 0
              }
            },
            {
              "batter": "E Packard",
              "bowler": "Farzan Afzal",
              "non_striker": "K Nestor",
              "runs": {
                "batter": 0,
                "extras": 0,
                "total": 0
              }
            }
          ]
        },
        {
          "over": 14,
          "deliveries": [
            {
              "batter": "K Nestor",
              "bowler": "J Perman",
              "non_striker": "E Packard",
              "runs": {
                "batter": 0,
                "extras": 0,
                "total": 0
              }
            },
            {
              "batter": "K Nestor",
              "bowler": "J Perman",
              "non_striker": "E Packard",
              "runs": {
                "batter": 1,
                "extras": 0,
                "total": 1
              }
            },
            {
              "batter": "E Packard",
              "bowler": "J Perman",
              "non_striker": "K Nestor",
              "runs": {
                "batter": 1,
                "extras": 0,
                "total": 1
              }
            },
            {
              "batter": "K Nestor",
              "bowler": "J Perman",
              "non_striker": "E Packard",
              "runs": {
                "batter": 0,
                "extras": 0,
                "total": 0
              },
              "wickets": [
                {
                  "player_out": "K Nestor",
                  "fielders": [
                    {
                      "name": "Awais Ahmed"
                    }
                  ],
                  "kind": "stumped"
                }
              ]
            },
            {
              "batter": "MO Bacarese",
              "bowler": "J Perman",
              "extras": {
                "wides": 2
              },
              "non_striker": "E Packard",
              "runs": {
                "batter": 0,
                "extras": 2,
                "total": 2
              }
            },
            {
              "batter": "E Packard",
              "bowler": "J Perman",
              "non_striker": "MO Bacarese",
              "runs": {
                "batter": 1,
                "extras": 0,
                "total": 1
              }
            },
            {
              "batter": "MO Bacarese",
              "bowler": "J Perman",
              "non_striker": "E Packard",
              "runs": {
                "batter": 1,
                "extras": 0,
                "total": 1
              }
            }
          ]
        },
        {
          "over": 15,
          "deliveries": [
            {
              "batter": "MO Bacarese",
              "bowler": "Yasir Ali",
              "non_striker": "E Packard",
              "runs": {
                "batter": 0,
                "extras": 0,
                "total": 0
              }
            },
            {
              "batter": "MO Bacarese",
              "bowler": "Yasir Ali",
              "non_striker": "E Packard",
              "runs": {
                "batter": 0,
                "extras": 0,
                "total": 0
              }
            },
            {
              "batter": "MO Bacarese",
              "bowler": "Yasir Ali",
              "non_striker": "E Packard",
              "runs": {
                "batter": 1,
                "extras": 0,
                "total": 1
              }
            },
            {
              "batter": "E Packard",
              "bowler": "Yasir Ali",
              "non_striker": "MO Bacarese",
              "runs": {
                "batter": 0,
                "extras": 0,
                "total": 0
              }
            },
            {
              "batter": "E Packard",
              "bowler": "Yasir Ali",
              "non_striker": "MO Bacarese",
              "runs": {
                "batter": 1,
                "extras": 0,
                "total": 1
              }
            },
            {
              "batter": "MO Bacarese",
              "bowler": "Yasir Ali",
              "non_striker": "E Packard",
              "runs": {
                "batter": 0,
                "extras": 0,
                "total": 0
              }
            }
          ]
        },
        {
          "over": 16,
          "deliveries": [
            {
              "batter": "E Packard",
              "bowler": "J Perman",
              "non_striker": "MO Bacarese",
              "runs": {
                "batter": 1,
                "extras": 0,
                "total": 1
              }
            },
            {
              "batter": "MO Bacarese",
              "bowler": "J Perman",
              "non_striker": "E Packard",
              "runs": {
                "batter": 6,
                "extras": 0,
                "total": 6
              }
            },
            {
              "batter": "MO Bacarese",
              "bowler": "J Perman",
              "non_striker": "E Packard",
              "runs": {
                "batter": 1,
                "extras": 0,
                "total": 1
              }
            },
            {
              "batter": "E Packard",
              "bowler": "J Perman",
              "non_striker": "MO Bacarese",
              "runs": {
                "batter": 0,
                "extras": 0,
                "total": 0
              }
            },
            {
              "batter": "E Packard",
              "bowler": "J Perman",
              "non_striker": "MO Bacarese",
              "runs": {
                "batter": 1,
                "extras": 0,
                "total": 1
              }
            },
            {
              "batter": "MO Bacarese",
              "bowler": "J Perman",
              "non_striker": "E Packard",
              "runs": {
                "batter": 0,
                "extras": 0,
                "total": 0
              }
            }
          ]
        },
        {
          "over": 17,
          "deliveries": [
            {
              "batter": "E Packard",
              "bowler": "Yasir Ali",
              "non_striker": "MO Bacarese",
              "runs": {
                "batter": 1,
                "extras": 0,
                "total": 1
              }
            },
            {
              "batter": "MO Bacarese",
              "bowler": "Yasir Ali",
              "extras": {
                "wides": 2
              },
              "non_striker": "E Packard",
              "runs": {
                "batter": 0,
                "extras": 2,
                "total": 2
              }
            },
            {
              "batter": "E Packard",
              "bowler": "Yasir Ali",
              "non_striker": "MO Bacarese",
              "runs": {
                "batter": 1,
                "extras": 0,
                "total": 1
              }
            },
            {
              "batter": "MO Bacarese",
              "bowler": "Yasir Ali",
              "non_striker": "E Packard",
              "runs": {
                "batter": 1,
                "extras": 0,
                "total": 1
              }
            },
            {
              "batter": "E Packard",
              "bowler": "Yasir Ali",
              "non_striker": "MO Bacarese",
              "runs": {
                "batter": 2,
                "extras": 0,
                "total": 2
              }
            },
            {
              "batter": "E Packard",
              "bowler": "Yasir Ali",
              "non_striker": "MO Bacarese",
              "runs": {
                "batter": 1,
                "extras": 0,
                "total": 1
              },
              "wickets": [
                {
                  "player_out": "E Packard",
                  "kind": "run out"
                }
              ]
            },
            {
              "batter": "JD Freyone",
              "bowler": "Yasir Ali",
              "extras": {
                "legbyes": 1
              },
              "non_striker": "MO Bacarese",
              "runs": {
                "batter": 0,
                "extras": 1,
                "total": 1
              }
            }
          ]
        },
        {
          "over": 18,
          "deliveries": [
            {
              "batter": "JD Freyone",
              "bowler": "Atif Mehmood",
              "non_striker": "MO Bacarese",
              "runs": {
                "batter": 0,
                "extras": 0,
                "total": 0
              }
            },
            {
              "batter": "JD Freyone",
              "bowler": "Atif Mehmood",
              "non_striker": "MO Bacarese",
              "runs": {
                "batter": 1,
                "extras": 0,
                "total": 1
              }
            },
            {
              "batter": "MO Bacarese",
              "bowler": "Atif Mehmood",
              "non_striker": "JD Freyone",
              "runs": {
                "batter": 0,
                "extras": 0,
                "total": 0
              }
            },
            {
              "batter": "MO Bacarese",
              "bowler": "Atif Mehmood",
              "extras": {
                "legbyes": 1
              },
              "non_striker": "JD Freyone",
              "runs": {
                "batter": 0,
                "extras": 1,
                "total": 1
              }
            },
            {
              "batter": "JD Freyone",
              "bowler": "Atif Mehmood",
              "non_striker": "MO Bacarese",
              "runs": {
                "batter": 1,
                "extras": 0,
                "total": 1
              }
            },
            {
              "batter": "MO Bacarese",
              "bowler": "Atif Mehmood",
              "non_striker": "JD Freyone",
              "runs": {
                "batter": 0,
                "extras": 0,
                "total": 0
              }
            }
          ]
        },
        {
          "over": 19,
          "deliveries": [
            {
              "batter": "JD Freyone",
              "bowler": "Yasir Ali",
              "non_striker": "MO Bacarese",
              "runs": {
                "batter": 0,
                "extras": 0,
                "total": 0
              }
            },
            {
              "batter": "JD Freyone",
              "bowler": "Yasir Ali",
              "non_striker": "MO Bacarese",
              "runs": {
                "batter": 1,
                "extras": 0,
                "total": 1
              }
            },
            {
              "batter": "MO Bacarese",
              "bowler": "Yasir Ali",
              "non_striker": "JD Freyone",
              "runs": {
                "batter": 1,
                "extras": 0,
                "total": 1
              }
            },
            {
              "batter": "JD Freyone",
              "bowler": "Yasir Ali",
              "extras": {
                "wides": 3
              },
              "non_striker": "MO Bacarese",
              "runs": {
                "batter": 0,
                "extras": 3,
                "total": 3
              }
            },
            {
              "batter": "JD Freyone",
              "bowler": "Yasir Ali",
              "non_striker": "MO Bacarese",
              "runs": {
                "batter": 1,
                "extras": 0,
                "total": 1
              }
            },
            {
              "batter": "MO Bacarese",
              "bowler": "Yasir Ali",
              "non_striker": "JD Freyone",
              "runs": {
                "batter": 0,
                "extras": 0,
                "total": 0
              },
              "wickets": [
                {
                  "player_out": "MO Bacarese",
                  "kind": "caught and bowled"
                }
              ]
            },
            {
              "batter": "JD Freyone",
              "bowler": "Yasir Ali",
              "non_striker": "MD Garratt",
              "runs": {
                "batter": 0,
                "extras": 0,
                "total": 0
              },
              "wickets": [
                {
                  "player_out": "JD Freyone",
                  "fielders": [
                    {
                      "name": "J Perman"
                    }
                  ],
                  "kind": "caught"
                }
              ]
            }
          ]
        }
      ],
      "powerplays": [
        {
          "from": 0.1,
          "to": 5.6,
          "type": "mandatory"
        }
      ]
    },
    {
      "team": "Spain",
      "overs": [
        {
          "over": 0,
          "deliveries": [
            {
              "batter": "Farzan Afzal",
              "bowler": "MO Bacarese",
              "non_striker": "PD Hennessy",
              "runs": {
                "batter": 0,
                "extras": 0,
                "total": 0
              }
            },
            {
              "batter": "Farzan Afzal",
              "bowler": "MO Bacarese",
              "non_striker": "PD Hennessy",
              "runs": {
                "batter": 0,
                "extras": 0,
                "total": 0
              }
            },
            {
              "batter": "Farzan Afzal",
              "bowler": "MO Bacarese",
              "non_striker": "PD Hennessy",
              "runs": {
                "batter": 0,
                "extras": 0,
                "total": 0
              }
            },
            {
              "batter": "Farzan Afzal",
              "bowler": "MO Bacarese",
              "non_striker": "PD Hennessy",
              "runs": {
                "batter": 1,
                "extras": 0,
                "total": 1
              }
            },
            {
              "batter": "PD Hennessy",
              "bowler": "MO Bacarese",
              "non_striker": "Farzan Afzal",
              "runs": {
                "batter": 0,
                "extras": 0,
                "total": 0
              }
            },
            {
              "batter": "PD Hennessy",
              "bowler": "MO Bacarese",
              "non_striker": "Farzan Afzal",
              "runs": {
                "batter": 0,
                "extras": 0,
                "total": 0
              }
            }
          ]
        },
        {
          "over": 1,
          "deliveries": [
            {
              "batter": "Farzan Afzal",
              "bowler": "MG Hunter",
              "non_striker": "PD Hennessy",
              "runs": {
                "batter": 1,
                "extras": 0,
                "total": 1
              }
            },
            {
              "batter": "PD Hennessy",
              "bowler": "MG Hunter",
              "non_striker": "Farzan Afzal",
              "runs": {
                "batter": 0,
                "extras": 0,
                "total": 0
              }
            },
            {
              "batter": "PD Hennessy",
              "bowler": "MG Hunter",
              "non_striker": "Farzan Afzal",
              "runs": {
                "batter": 2,
                "extras": 0,
                "total": 2
              }
            },
            {
              "batter": "PD Hennessy",
              "bowler": "MG Hunter",
              "non_striker": "Farzan Afzal",
              "runs": {
                "batter": 0,
                "extras": 0,
                "total": 0
              }
            },
            {
              "batter": "PD Hennessy",
              "bowler": "MG Hunter",
              "non_striker": "Farzan Afzal",
              "runs": {
                "batter": 0,
                "extras": 0,
                "total": 0
              }
            },
            {
              "batter": "PD Hennessy",
              "bowler": "MG Hunter",
              "non_striker": "Farzan Afzal",
              "runs": {
                "batter": 1,
                "extras": 0,
                "total": 1
              }
            }
          ]
        },
        {
          "over": 2,
          "deliveries": [
            {
              "batter": "PD Hennessy",
              "bowler": "MO Bacarese",
              "non_striker": "Farzan Afzal",
              "runs": {
                "batter": 1,
                "extras": 0,
                "total": 1
              }
            },
            {
              "batter": "Farzan Afzal",
              "bowler": "MO Bacarese",
              "non_striker": "PD Hennessy",
              "runs": {
                "batter": 0,
                "extras": 0,
                "total": 0
              }
            },
            {
              "batter": "Farzan Afzal",
              "bowler": "MO Bacarese",
              "non_striker": "PD Hennessy",
              "runs": {
                "batter": 2,
                "extras": 0,
                "total": 2
              }
            },
            {
              "batter": "Farzan Afzal",
              "bowler": "MO Bacarese",
              "non_striker": "PD Hennessy",
              "runs": {
                "batter": 0,
                "extras": 0,
                "total": 0
              }
            },
            {
              "batter": "Farzan Afzal",
              "bowler": "MO Bacarese",
              "non_striker": "PD Hennessy",
              "runs": {
                "batter": 4,
                "extras": 0,
                "total": 4
              }
            },
            {
              "batter": "Farzan Afzal",
              "bowler": "MO Bacarese",
              "non_striker": "PD Hennessy",
              "runs": {
                "batter": 0,
                "extras": 0,
                "total": 0
              }
            }
          ]
        },
        {
          "over": 3,
          "deliveries": [
            {
              "batter": "PD Hennessy",
              "bowler": "MG Hunter",
              "non_striker": "Farzan Afzal",
              "runs": {
                "batter": 1,
                "extras": 0,
                "total": 1
              }
            },
            {
              "batter": "Farzan Afzal",
              "bowler": "MG Hunter",
              "non_striker": "PD Hennessy",
              "runs": {
                "batter": 4,
                "extras": 0,
                "total": 4
              }
            },
            {
              "batter": "Farzan Afzal",
              "bowler": "MG Hunter",
              "non_striker": "PD Hennessy",
              "runs": {
                "batter": 0,
                "extras": 0,
                "total": 0
              }
            },
            {
              "batter": "Farzan Afzal",
              "bowler": "MG Hunter",
              "non_striker": "PD Hennessy",
              "runs": {
                "batter": 0,
                "extras": 0,
                "total": 0
              }
            },
            {
              "batter": "Farzan Afzal",
              "bowler": "MG Hunter",
              "non_striker": "PD Hennessy",
              "runs": {
                "batter": 4,
                "extras": 0,
                "total": 4
              }
            },
            {
              "batter": "Farzan Afzal",
              "bowler": "MG Hunter",
              "non_striker": "PD Hennessy",
              "runs": {
                "batter": 4,
                "extras": 0,
                "total": 4
              }
            }
          ]
        },
        {
          "over": 4,
          "deliveries": [
            {
              "batter": "PD Hennessy",
              "bowler": "MO Bacarese",
              "non_striker": "Farzan Afzal",
              "runs": {
                "batter": 1,
                "extras": 0,
                "total": 1
              }
            },
            {
              "batter": "Farzan Afzal",
              "bowler": "MO Bacarese",
              "non_striker": "PD Hennessy",
              "runs": {
                "batter": 0,
                "extras": 0,
                "total": 0
              }
            },
            {
              "batter": "Farzan Afzal",
              "bowler": "MO Bacarese",
              "non_striker": "PD Hennessy",
              "runs": {
                "batter": 1,
                "extras": 0,
                "total": 1
              }
            },
            {
              "batter": "PD Hennessy",
              "bowler": "MO Bacarese",
              "non_striker": "Farzan Afzal",
              "runs": {
                "batter": 0,
                "extras": 0,
                "total": 0
              }
            },
            {
              "batter": "PD Hennessy",
              "bowler": "MO Bacarese",
              "non_striker": "Farzan Afzal",
              "runs": {
                "batter": 1,
                "extras": 0,
                "total": 1
              }
            },
            {
              "batter": "Farzan Afzal",
              "bowler": "MO Bacarese",
              "non_striker": "PD Hennessy",
              "runs": {
                "batter": 1,
                "extras": 0,
                "total": 1
              }
            }
          ]
        },
        {
          "over": 5,
          "deliveries": [
            {
              "batter": "Farzan Afzal",
              "bowler": "E Packard",
              "extras": {
                "wides": 2
              },
              "non_striker": "PD Hennessy",
              "runs": {
                "batter": 0,
                "extras": 2,
                "total": 2
              }
            },
            {
              "batter": "PD Hennessy",
              "bowler": "E Packard",
              "non_striker": "Farzan Afzal",
              "runs": {
                "batter": 0,
                "extras": 0,
                "total": 0
              },
              "wickets": [
                {
                  "player_out": "PD Hennessy",
                  "fielders": [
                    {
                      "name": "LA Collado"
                    }
                  ],
                  "kind": "caught"
                }
              ]
            },
            {
              "batter": "Yasir Ali",
              "bowler": "E Packard",
              "non_striker": "Farzan Afzal",
              "runs": {
                "batter": 0,
                "extras": 0,
                "total": 0
              }
            },
            {
              "batter": "Yasir Ali",
              "bowler": "E Packard",
              "non_striker": "Farzan Afzal",
              "runs": {
                "batter": 1,
                "extras": 0,
                "total": 1
              }
            },
            {
              "batter": "Farzan Afzal",
              "bowler": "E Packard",
              "extras": {
                "legbyes": 4
              },
              "non_striker": "Yasir Ali",
              "runs": {
                "batter": 0,
                "extras": 4,
                "total": 4
              }
            },
            {
              "batter": "Farzan Afzal",
              "bowler": "E Packard",
              "non_striker": "Yasir Ali",
              "runs": {
                "batter": 1,
                "extras": 0,
                "total": 1
              }
            },
            {
              "batter": "Yasir Ali",
              "bowler": "E Packard",
              "non_striker": "Farzan Afzal",
              "runs": {
                "batter": 1,
                "extras": 0,
                "total": 1
              }
            }
          ]
        },
        {
          "over": 6,
          "deliveries": [
            {
              "batter": "Yasir Ali",
              "bowler": "MO Bacarese",
              "non_striker": "Farzan Afzal",
              "runs": {
                "batter": 1,
                "extras": 0,
                "total": 1
              }
            },
            {
              "batter": "Farzan Afzal",
              "bowler": "MO Bacarese",
              "non_striker": "Yasir Ali",
              "runs": {
                "batter": 1,
                "extras": 0,
                "total": 1
              }
            },
            {
              "batter": "Yasir Ali",
              "bowler": "MO Bacarese",
              "non_striker": "Farzan Afzal",
              "runs": {
                "batter": 0,
                "extras": 0,
                "total": 0
              },
              "wickets": [
                {
                  "player_out": "Yasir Ali",
                  "kind": "caught and bowled"
                }
              ]
            },
            {
              "batter": "R Panchal",
              "bowler": "MO Bacarese",
              "non_striker": "Farzan Afzal",
              "runs": {
                "batter": 0,
                "extras": 0,
                "total": 0
              }
            },
            {
              "batter": "R Panchal",
              "bowler": "MO Bacarese",
              "non_striker": "Farzan Afzal",
              "runs": {
                "batter": 0,
                "extras": 0,
                "total": 0
              }
            },
            {
              "batter": "R Panchal",
              "bowler": "MO Bacarese",
              "non_striker": "Farzan Afzal",
              "runs": {
                "batter": 1,
                "extras": 0,
                "total": 1
              }
            }
          ]
        },
        {
          "over": 7,
          "deliveries": [
            {
              "batter": "R Panchal",
              "bowler": "E Packard",
              "non_striker": "Farzan Afzal",
              "runs": {
                "batter": 1,
                "extras": 0,
                "total": 1
              }
            },
            {
              "batter": "Farzan Afzal",
              "bowler": "E Packard",
              "non_striker": "R Panchal",
              "runs": {
                "batter": 0,
                "extras": 0,
                "total": 0
              }
            },
            {
              "batter": "Farzan Afzal",
              "bowler": "E Packard",
              "non_striker": "R Panchal",
              "runs": {
                "batter": 1,
                "extras": 0,
                "total": 1
              }
            },
            {
              "batter": "R Panchal",
              "bowler": "E Packard",
              "non_striker": "Farzan Afzal",
              "runs": {
                "batter": 0,
                "extras": 0,
                "total": 0
              }
            },
            {
              "batter": "R Panchal",
              "bowler": "E Packard",
              "non_striker": "Farzan Afzal",
              "runs": {
                "batter": 1,
                "extras": 0,
                "total": 1
              }
            },
            {
              "batter": "Farzan Afzal",
              "bowler": "E Packard",
              "non_striker": "R Panchal",
              "runs": {
                "batter": 0,
                "extras": 0,
                "total": 0
              }
            }
          ]
        },
        {
          "over": 8,
          "deliveries": [
            {
              "batter": "R Panchal",
              "bowler": "BA Pai",
              "non_striker": "Farzan Afzal",
              "runs": {
                "batter": 0,
                "extras": 0,
                "total": 0
              }
            },
            {
              "batter": "R Panchal",
              "bowler": "BA Pai",
              "non_striker": "Farzan Afzal",
              "runs": {
                "batter": 1,
                "extras": 0,
                "total": 1
              }
            },
            {
              "batter": "Farzan Afzal",
              "bowler": "BA Pai",
              "non_striker": "R Panchal",
              "runs": {
                "batter": 6,
                "extras": 0,
                "total": 6
              }
            },
            {
              "batter": "Farzan Afzal",
              "bowler": "BA Pai",
              "non_striker": "R Panchal",
              "runs": {
                "batter": 1,
                "extras": 0,
                "total": 1
              }
            },
            {
              "batter": "R Panchal",
              "bowler": "BA Pai",
              "non_striker": "Farzan Afzal",
              "runs": {
                "batter": 0,
                "extras": 0,
                "total": 0
              }
            },
            {
              "batter": "R Panchal",
              "bowler": "BA Pai",
              "non_striker": "Farzan Afzal",
              "runs": {
                "batter": 1,
                "extras": 0,
                "total": 1
              }
            }
          ]
        },
        {
          "over": 9,
          "deliveries": [
            {
              "batter": "R Panchal",
              "bowler": "K Nestor",
              "non_striker": "Farzan Afzal",
              "runs": {
                "batter": 0,
                "extras": 0,
                "total": 0
              }
            },
            {
              "batter": "R Panchal",
              "bowler": "K Nestor",
              "non_striker": "Farzan Afzal",
              "runs": {
                "batter": 0,
                "extras": 0,
                "total": 0
              }
            },
            {
              "batter": "R Panchal",
              "bowler": "K Nestor",
              "non_striker": "Farzan Afzal",
              "runs": {
                "batter": 1,
                "extras": 0,
                "total": 1
              }
            },
            {
              "batter": "Farzan Afzal",
              "bowler": "K Nestor",
              "non_striker": "R Panchal",
              "runs": {
                "batter": 1,
                "extras": 0,
                "total": 1
              }
            },
            {
              "batter": "R Panchal",
              "bowler": "K Nestor",
              "non_striker": "Farzan Afzal",
              "runs": {
                "batter": 0,
                "extras": 0,
                "total": 0
              }
            },
            {
              "batter": "R Panchal",
              "bowler": "K Nestor",
              "non_striker": "Farzan Afzal",
              "runs": {
                "batter": 1,
                "extras": 0,
                "total": 1
              }
            }
          ]
        },
        {
          "over": 10,
          "deliveries": [
            {
              "batter": "R Panchal",
              "bowler": "BA Pai",
              "non_striker": "Farzan Afzal",
              "runs": {
                "batter": 1,
                "extras": 0,
                "total": 1
              }
            },
            {
              "batter": "Farzan Afzal",
              "bowler": "BA Pai",
              "non_striker": "R Panchal",
              "runs": {
                "batter": 0,
                "extras": 0,
                "total": 0
              }
            },
            {
              "batter": "Farzan Afzal",
              "bowler": "BA Pai",
              "non_striker": "R Panchal",
              "runs": {
                "batter": 1,
                "extras": 0,
                "total": 1
              }
            },
            {
              "batter": "R Panchal",
              "bowler": "BA Pai",
              "non_striker": "Farzan Afzal",
              "runs": {
                "batter": 1,
                "extras": 0,
                "total": 1
              }
            },
            {
              "batter": "Farzan Afzal",
              "bowler": "BA Pai",
              "non_striker": "R Panchal",
              "runs": {
                "batter": 0,
                "extras": 0,
                "total": 0
              }
            },
            {
              "batter": "Farzan Afzal",
              "bowler": "BA Pai",
              "non_striker": "R Panchal",
              "runs": {
                "batter": 6,
                "extras": 0,
                "total": 6
              }
            }
          ]
        },
        {
          "over": 11,
          "deliveries": [
            {
              "batter": "R Panchal",
              "bowler": "K Nestor",
              "non_striker": "Farzan Afzal",
              "runs": {
                "batter": 2,
                "extras": 0,
                "total": 2
              }
            },
            {
              "batter": "R Panchal",
              "bowler": "K Nestor",
              "non_striker": "Farzan Afzal",
              "runs": {
                "batter": 1,
                "extras": 0,
                "total": 1
              }
            },
            {
              "batter": "Farzan Afzal",
              "bowler": "K Nestor",
              "non_striker": "R Panchal",
              "runs": {
                "batter": 4,
                "extras": 0,
                "total": 4
              }
            },
            {
              "batter": "Farzan Afzal",
              "bowler": "K Nestor",
              "non_striker": "R Panchal",
              "runs": {
                "batter": 1,
                "extras": 0,
                "total": 1
              }
            },
            {
              "batter": "R Panchal",
              "bowler": "K Nestor",
              "non_striker": "Farzan Afzal",
              "runs": {
                "batter": 1,
                "extras": 0,
                "total": 1
              }
            },
            {
              "batter": "Farzan Afzal",
              "bowler": "K Nestor",
              "non_striker": "R Panchal",
              "runs": {
                "batter": 1,
                "extras": 0,
                "total": 1
              }
            }
          ]
        },
        {
          "over": 12,
          "deliveries": [
            {
              "batter": "Farzan Afzal",
              "bowler": "BA Pai",
              "non_striker": "R Panchal",
              "runs": {
                "batter": 0,
                "extras": 0,
                "total": 0
              }
            },
            {
              "batter": "Farzan Afzal",
              "bowler": "BA Pai",
              "non_striker": "R Panchal",
              "runs": {
                "batter": 1,
                "extras": 0,
                "total": 1
              }
            },
            {
              "batter": "R Panchal",
              "bowler": "BA Pai",
              "non_striker": "Farzan Afzal",
              "runs": {
                "batter": 1,
                "extras": 0,
                "total": 1
              }
            },
            {
              "batter": "Farzan Afzal",
              "bowler": "BA Pai",
              "non_striker": "R Panchal",
              "runs": {
                "batter": 1,
                "extras": 0,
                "total": 1
              }
            },
            {
              "batter": "R Panchal",
              "bowler": "BA Pai",
              "non_striker": "Farzan Afzal",
              "runs": {
                "batter": 0,
                "extras": 0,
                "total": 0
              }
            },
            {
              "batter": "R Panchal",
              "bowler": "BA Pai",
              "non_striker": "Farzan Afzal",
              "runs": {
                "batter": 0,
                "extras": 0,
                "total": 0
              }
            }
          ]
        },
        {
          "over": 13,
          "deliveries": [
            {
              "batter": "Farzan Afzal",
              "bowler": "K Nestor",
              "non_striker": "R Panchal",
              "runs": {
                "batter": 1,
                "extras": 0,
                "total": 1
              }
            },
            {
              "batter": "R Panchal",
              "bowler": "K Nestor",
              "non_striker": "Farzan Afzal",
              "runs": {
                "batter": 1,
                "extras": 0,
                "total": 1
              }
            },
            {
              "batter": "Farzan Afzal",
              "bowler": "K Nestor",
              "non_striker": "R Panchal",
              "runs": {
                "batter": 1,
                "extras": 0,
                "total": 1
              }
            },
            {
              "batter": "R Panchal",
              "bowler": "K Nestor",
              "non_striker": "Farzan Afzal",
              "runs": {
                "batter": 0,
                "extras": 0,
                "total": 0
              }
            },
            {
              "batter": "R Panchal",
              "bowler": "K Nestor",
              "non_striker": "Farzan Afzal",
              "runs": {
                "batter": 1,
                "extras": 0,
                "total": 1
              }
            },
            {
              "batter": "Farzan Afzal",
              "bowler": "K Nestor",
              "non_striker": "R Panchal",
              "runs": {
                "batter": 1,
                "extras": 0,
                "total": 1
              }
            }
          ]
        },
        {
          "over": 14,
          "deliveries": [
            {
              "batter": "Farzan Afzal",
              "bowler": "BA Pai",
              "non_striker": "R Panchal",
              "runs": {
                "batter": 1,
                "extras": 0,
                "total": 1
              }
            },
            {
              "batter": "R Panchal",
              "bowler": "BA Pai",
              "non_striker": "Farzan Afzal",
              "runs": {
                "batter": 6,
                "extras": 0,
                "total": 6
              }
            },
            {
              "batter": "R Panchal",
              "bowler": "BA Pai",
              "non_striker": "Farzan Afzal",
              "runs": {
                "batter": 1,
                "extras": 0,
                "total": 1
              }
            },
            {
              "batter": "Farzan Afzal",
              "bowler": "BA Pai",
              "non_striker": "R Panchal",
              "runs": {
                "batter": 1,
                "extras": 0,
                "total": 1
              }
            },
            {
              "batter": "R Panchal",
              "bowler": "BA Pai",
              "non_striker": "Farzan Afzal",
              "runs": {
                "batter": 1,
                "extras": 0,
                "total": 1
              }
            },
            {
              "batter": "Farzan Afzal",
              "bowler": "BA Pai",
              "non_striker": "R Panchal",
              "runs": {
                "batter": 6,
                "extras": 0,
                "total": 6
              }
            }
          ]
        }
      ],
      "powerplays": [
        {
          "from": 0.1,
          "to": 5.7,
          "type": "mandatory"
        }
      ],
      "target": {
        "overs": 20,
        "runs": 99
      }
    }
  ]
}