{
  "meta": {
    "data_version": "1.0.0",
    "created": "2020-09-01",
    "revision": 1
  },
  "info": {
    "balls_per_over": 6,
    "city": "Walferdange",
    "dates": [
      "2020-08-30"
    ],
    "event": {
      "name": "Luxembourg Twenty20 Tri-Series",
      "match_number": 5
    },
    "gender": "male",
    "match_type": "T20",
    "match_type_number": 1091,
    "missing": [
      "umpires",
      "player_of_match"
    ],
    "outcome": {
      "winner": "Belgium",
      "by": {
        "runs": 87
      }
    },
    "overs": 20,
    "players": {
      "Belgium": [
        "S Jamil",
        "Muhammad Muneeb",
        "Mamoon Latif",
        "Wahidullah Usmani",
        "Sazzad Hosen",
        "Shaheryar Butt",
        "Saber Zakhil",
        "Khalid Ahmadi",
        "Murid Ekrami",
        "NSK Mehta",
        "Ashiqullah Said"
      ],
      "Czech Republic": [
        "H Gori",
        "S Pokhriyal",
        "EB Knowles",
        "Hilal Ahmad",
        "S Wickramasekara",
        "S Davizi",
        "K Mendon",
        "A Ashokan",
        "S Rengarajan",
        "K Gilham",
        "Naveed Ahmed"
      ]
    },
    "registry": {
      "people": {
        "A Ashokan": "9244df4b",
        "Ashiqullah Said": "407d13cc",
        "EB Knowles": "e141fddd",
        "H Gori": "25261429",
        "Hilal Ahmad": "f78aa227",
        "K Gilham": "c2fd51b1",
        "K Mendon": "015dc0cd",
        "Khalid Ahmadi": "cf0b9a0d",
        "Mamoon Latif": "8d78d0d0",
        "Muhammad Muneeb": "5338b9f5",
        "Murid Ekrami": "76b19864",
        "NSK Mehta": "d516a95f",
        "Naveed Ahmed": "87609cbb",
        "S Davizi": "5787be00",
        "S Jamil": "3d6617c6",
        "S Pokhriyal": "073ef5a0",
        "S Rengarajan": "d4aa6a65",
        "S Wickramasekara": "a9a09cb8",
        "Saber Zakhil": "036dcf9b",
        "Sazzad Hosen": "4dd6a707",
        "Shaheryar Butt": "b6bad765",
        "Wahidullah Usmani": "6d27e42d"
      }
    },
    "season": "2020",
    "team_type": "international",
    "teams": [
      "Belgium",
      "Czech Republic"
    ],
    "toss": {
      "decision": "bat",
      "winner": "Belgium"
    },
    "venue": "Pierre Werner Cricket Ground"
  },
  "innings": [
    {
      "team": "Belgium",
      "overs": [
        {
          "over": 0,
          "deliveries": [
            {
              "batter": "S Jamil",
              "bowler": "H Gori",
              "non_striker": "Muhammad Muneeb",
              "runs": {
                "batter": 0,
                "extras": 0,
                "total": 0
              }
            },
            {
              "batter": "S Jamil",
              "bowler": "H Gori",
              "non_striker": "Muhammad Muneeb",
              "runs": {
                "batter": 0,
                "extras": 0,
                "total": 0
              }
            },
            {
              "batter": "S Jamil",
              "bowler": "H Gori",
              "non_striker": "Muhammad Muneeb",
              "runs": {
                "batter": 0,
                "extras": 0,
                "total": 0
              }
            },
            {
              "batter": "S Jamil",
              "bowler": "H Gori",
              "non_striker": "Muhammad Muneeb",
              "runs": {
                "batter": 0,
                "extras": 0,
                "total": 0
              },
              "wickets": [
                {
                  "player_out": "S Jamil",
                  "fielders": [
                    {
                      "name": "K Mendon"
                    }
                  ],
                  "kind": "caught"
                }
              ]
            },
            {
              "batter": "Mamoon Latif",
              "bowler": "H Gori",
              "non_striker": "Muhammad Muneeb",
              "runs": {
                "batter": 1,
                "extras": 0,
                "total": 1
              }
            },
            {
              "batter": "Muhammad Muneeb",
              "bowler": "H Gori",
              "non_striker": "Mamoon Latif",
              "runs": {
                "batter": 0,
                "extras": 0,
                "total": 0
              }
            }
          ]
        },
        {
          "over": 1,
          "deliveries": [
            {
              "batter": "Mamoon Latif",
              "bowler": "K Gilham",
              "non_striker": "Muhammad Muneeb",
              "runs": {
                "batter": 1,
                "extras": 0,
                "total": 1
              }
            },
            {
              "batter": "Muhammad Muneeb",
              "bowler": "K Gilham",
              "non_striker": "Mamoon Latif",
              "runs": {
                "batter": 0,
                "extras": 0,
                "total": 0
              }
            },
            {
              "batter": "Muhammad Muneeb",
              "bowler": "K Gilham",
              "non_striker": "Mamoon Latif",
              "runs": {
                "batter": 0,
                "extras": 0,
                "total": 0
              }
            },
            {
              "batter": "Muhammad Muneeb",
              "bowler": "K Gilham",
              "non_striker": "Mamoon Latif",
              "runs": {
                "batter": 0,
                "extras": 0,
                "total": 0
              },
              "wickets": [
                {
                  "player_out": "Muhammad Muneeb",
                  "kind": "run out"
                }
              ]
            },
            {
              "batter": "Mamoon Latif",
              "bowler": "K Gilham",
              "non_striker": "Wahidullah Usmani",
              "runs": {
                "batter": 0,
                "extras": 0,
                "total": 0
              }
            },
            {
              "batter": "Mamoon Latif",
              "bowler": "K Gilham",
              "non_striker": "Wahidullah Usmani",
              "runs": {
                "batter": 0,
                "extras": 0,
                "total": 0
              }
            }
          ]
        },
        {
          "over": 2,
          "deliveries": [
            {
              "batter": "Wahidullah Usmani",
              "bowler": "H Gori",
              "extras": {
                "wides": 5
              },
              "non_striker": "Mamoon Latif",
              "runs": {
                "batter": 0,
                "extras": 5,
                "total": 5
              }
            },
            {
              "batter": "Wahidullah Usmani",
              "bowler": "H Gori",
              "non_striker": "Mamoon Latif",
              "runs": {
                "batter": 4,
                "extras": 0,
                "total": 4
              }
            },
            {
              "batter": "Wahidullah Usmani",
              "bowler": "H Gori",
              "non_striker": "Mamoon Latif",
              "runs": {
                "batter": 4,
                "extras": 0,
                "total": 4
              }
            },
            {
              "batter": "Wahidullah Usmani",
              "bowler": "H Gori",
              "non_striker": "Mamoon Latif",
              "runs": {
                "batter": 2,
                "extras": 0,
                "total": 2
              }
            },
            {
              "batter": "Wahidullah Usmani",
              "bowler": "H Gori",
              "non_striker": "Mamoon Latif",
              "runs": {
                "batter": 0,
                "extras": 0,
                "total": 0
              }
            },
            {
              "batter": "Wahidullah Usmani",
              "bowler": "H Gori",
              "non_striker": "Mamoon Latif",
              "runs": {
                "batter": 2,
                "extras": 0,
                "total": 2
              }
            },
            {
              "batter": "Wahidullah Usmani",
              "bowler": "H Gori",
              "non_striker": "Mamoon Latif",
              "runs": {
                "batter": 4,
                "extras": 0,
                "total": 4
              }
            }
          ]
        },
        {
          "over": 3,
          "deliveries": [
            {
              "batter": "Mamoon Latif",
              "bowler": "K Gilham",
              "non_striker": "Wahidullah Usmani",
              "runs": {
                "batter": 0,
                "extras": 0,
                "total": 0
              }
            },
            {
              "batter": "Mamoon Latif",
              "bowler": "K Gilham",
              "non_striker": "Wahidullah Usmani",
              "runs": {
                "batter": 3,
                "extras": 0,
                "total": 3
              }
            },
            {
              "batter": "Wahidullah Usmani",
              "bowler": "K Gilham",
              "non_striker": "Mamoon Latif",
              "runs": {
                "batter": 0,
                "extras": 0,
                "total": 0
              }
            },
            {
              "batter": "Wahidullah Usmani",
              "bowler": "K Gilham",
              "non_striker": "Mamoon Latif",
              "runs": {
                "batter": 4,
                "extras": 0,
                "total": 4
              }
            },
            {
              "batter": "Wahidullah Usmani",
              "bowler": "K Gilham",
              "extras": {
                "wides": 1
              },
              "non_striker": "Mamoon Latif",
              "runs": {
                "batter": 0,
                "extras": 1,
                "total": 1
              }
            },
            {
              "batter": "Wahidullah Usmani",
              "bowler": "K Gilham",
              "non_striker": "Mamoon Latif",
              "runs": {
                "batter": 4,
                "extras": 0,
                "total": 4
              }
            },
            {
              "batter": "Wahidullah Usmani",
              "bowler": "K Gilham",
              "non_striker": "Mamoon Latif",
              "runs": {
                "batter": 0,
                "extras": 0,
                "total": 0
              }
            }
          ]
        },
        {
          "over": 4,
          "deliveries": [
            {
              "batter": "Mamoon Latif",
              "bowler": "K Mendon",
              "non_striker": "Wahidullah Usmani",
              "runs": {
                "batter": 0,
                "extras": 0,
                "total": 0
              }
            },
            {
              "batter": "Mamoon Latif",
              "bowler": "K Mendon",
              "non_striker": "Wahidullah Usmani",
              "runs": {
                "batter": 4,
                "extras": 0,
                "total": 4
              }
            },
            {
              "batter": "Mamoon Latif",
              "bowler": "K Mendon",
              "non_striker": "Wahidullah Usmani",
              "runs": {
                "batter": 0,
                "extras": 0,
                "total": 0
              }
            },
            {
              "batter": "Mamoon Latif",
              "bowler": "K Mendon",
              "non_striker": "Wahidullah Usmani",
              "runs": {
                "batter": 0,
                "extras": 0,
                "total": 0
              },
              "wickets": [
                {
                  "player_out": "Mamoon Latif",
                  "fielders": [
                    {
                      "name": "S Davizi"
                    }
                  ],
                  "kind": "caught"
                }
              ]
            },
            {
              "batter": "Sazzad Hosen",
              "bowler": "K Mendon",
              "non_striker": "Wahidullah Usmani",
              "runs": {
                "batter": 0,
                "extras": 0,
                "total": 0
              }
            },
            {
              "batter": "Sazzad Hosen",
              "bowler": "K Mendon",
              "non_striker": "Wahidullah Usmani",
              "runs": {
                "batter": 1,
                "extras": 0,
                "total": 1
              }
            }
          ]
        },
        {
          "over": 5,
          "deliveries": [
            {
              "batter": "Sazzad Hosen",
              "bowler": "K Gilham",
              "non_striker": "Wahidullah Usmani",
              "runs": {
                "batter": 2,
                "extras": 0,
                "total": 2
              }
            },
            {
              "batter": "Sazzad Hosen",
              "bowler": "K Gilham",
              "non_striker": "Wahidullah Usmani",
              "runs": {
                "batter": 0,
                "extras": 0,
                "total": 0
              }
            },
            {
              "batter": "Sazzad Hosen",
              "bowler": "K Gilham",
              "non_striker": "Wahidullah Usmani",
              "runs": {
                "batter": 0,
                "extras": 0,
                "total": 0
              }
            },
            {
              "batter": "Sazzad Hosen",
              "bowler": "K Gilham",
              "non_striker": "Wahidullah Usmani",
              "runs": {
                "batter": 4,
                "extras": 0,
                "total": 4
              }
            },
            {
              "batter": "Sazzad Hosen",
              "bowler": "K Gilham",
              "non_striker": "Wahidullah Usmani",
              "runs": {
                "batter": 0,
                "extras": 0,
                "total": 0
              },
              "wickets": [
                {
                  "player_out": "Sazzad Hosen",
                  "kind": "lbw"
                }
              ]
            },
            {
              "batter": "Shaheryar Butt",
              "bowler": "K Gilham",
              "non_striker": "Wahidullah Usmani",
              "runs": {
                "batter": 0,
                "extras": 0,
                "total": 0
              }
            }
          ]
        },
        {
          "over": 6,
          "deliveries": [
            {
              "batter": "Wahidullah Usmani",
              "bowler": "K Mendon",
              "extras": {
                "legbyes": 1
              },
              "non_striker": "Shaheryar Butt",
              "runs": {
                "batter": 0,
                "extras": 1,
                "total": 1
              }
            },
            {
              "batter": "Shaheryar Butt",
              "bowler": "K Mendon",
              "non_striker": "Wahidullah Usmani",
              "runs": {
                "batter": 1,
                "extras": 0,
                "total": 1
              }
            },
            {
              "batter": "Wahidullah Usmani",
              "bowler": "K Mendon",
              "non_striker": "Shaheryar Butt",
              "runs": {
                "batter": 1,
                "extras": 0,
                "total": 1
              }
            },
            {
              "batter": "Shaheryar Butt",
              "bowler": "K Mendon",
              "non_striker": "Wahidullah Usmani",
              "runs": {
                "batter": 1,
                "extras": 0,
                "total": 1
              }
            },
            {
              "batter": "Wahidullah Usmani",
              "bowler": "K Mendon",
              "non_striker": "Shaheryar Butt",
              "runs": {
                "batter": 0,
                "extras": 0,
                "total": 0
              },
              "wickets": [
                {
                  "player_out": "Shaheryar Butt",
                  "kind": "run out"
                }
              ]
            },
            {
              "batter": "Saber Zakhil",
              "bowler": "K Mendon",
              "non_striker": "Wahidullah Usmani",
              "runs": {
                "batter": 0,
                "extras": 0,
                "total": 0
              }
            }
          ]
        },
        {
          "over": 7,
          "deliveries": [
            {
              "batter": "Wahidullah Usmani",
              "bowler": "S Wickramasekara",
              "non_striker": "Saber Zakhil",
              "runs": {
                "batter": 0,
                "extras": 0,
                "total": 0
              }
            },
            {
              "batter": "Wahidullah Usmani",
              "bowler": "S Wickramasekara",
              "non_striker": "Saber Zakhil",
              "runs": {
                "batter": 4,
                "extras": 0,
                "total": 4
              }
            },
            {
              "batter": "Wahidullah Usmani",
              "bowler": "S Wickramasekara",
              "extras": {
                "legbyes": 1
              },
              "non_striker": "Saber Zakhil",
              "runs": {
                "batter": 0,
                "extras": 1,
                "total": 1
              }
            },
            {
              "batter": "Saber Zakhil",
              "bowler": "S Wickramasekara",
              "non_striker": "Wahidullah Usmani",
              "runs": {
                "batter": 1,
                "extras": 0,
                "total": 1
              }
            },
            {
              "batter": "Wahidullah Usmani",
              "bowler": "S Wickramasekara",
              "non_striker": "Saber Zakhil",
              "runs": {
                "batter": 0,
                "extras": 0,
                "total": 0
              }
            },
            {
              "batter": "Wahidullah Usmani",
              "bowler": "S Wickramasekara",
              "non_striker": "Saber Zakhil",
              "runs": {
                "batter": 0,
                "extras": 0,
                "total": 0
              }
            }
          ]
        },
        {
          "over": 8,
          "deliveries": [
            {
              "batter": "Saber Zakhil",
              "bowler": "K Mendon",
              "non_striker": "Wahidullah Usmani",
              "runs": {
                "batter": 0,
                "extras": 0,
                "total": 0
              }
            },
            {
              "batter": "Saber Zakhil",
              "bowler": "K Mendon",
              "non_striker": "Wahidullah Usmani",
              "runs": {
                "batter": 0,
                "extras": 0,
                "total": 0
              }
            },
            {
              "batter": "Saber Zakhil",
              "bowler": "K Mendon",
              "extras": {
                "wides": 1
              },
              "non_striker": "Wahidullah Usmani",
              "runs": {
                "batter": 0,
                "extras": 1,
                "total": 1
              }
            },
            {
              "batter": "Saber Zakhil",
              "bowler": "K Mendon",
              "non_striker": "Wahidullah Usmani",
              "runs": {
                "batter": 1,
                "extras": 0,
                "total": 1
              }
            },
            {
              "batter": "Wahidullah Usmani",
              "bowler": "K Mendon",
              "non_striker": "Saber Zakhil",
              "runs": {
                "batter": 0,
                "extras": 0,
                "total": 0
              }
            },
            {
              "batter": "Wahidullah Usmani",
              "bowler": "K Mendon",
              "non_striker": "Saber Zakhil",
              "runs": {
                "batter": 4,
                "extras": 0,
                "total": 4
              }
            },
            {
              "batter": "Wahidullah Usmani",
              "bowler": "K Mendon",
              "non_striker": "Saber Zakhil",
              "runs": {
                "batter": 0,
                "extras": 0,
                "total": 0
              }
            }
          ]
        },
        {
          "over": 9,
          "deliveries": [
            {
              "batter": "Saber Zakhil",
              "bowler": "S Wickramasekara",
              "non_striker": "Wahidullah Usmani",
              "runs": {
                "batter": 2,
                "extras": 0,
                "total": 2
              }
            },
            {
              "batter": "Saber Zakhil",
              "bowler": "S Wickramasekara",
              "non_striker": "Wahidullah Usmani",
              "runs": {
                "batter": 0,
                "extras": 0,
                "total": 0
              }
            },
            {
              "batter": "Saber Zakhil",
              "bowler": "S Wickramasekara",
              "non_striker": "Wahidullah Usmani",
              "runs": {
                "batter": 0,
                "extras": 0,
                "total": 0
              }
            },
            {
              "batter": "Saber Zakhil",
              "bowler": "S Wickramasekara",
              "non_striker": "Wahidullah Usmani",
              "runs": {
                "batter": 0,
                "extras": 0,
                "total": 0
              }
            },
            {
              "batter": "Saber Zakhil",
              "bowler": "S Wickramasekara",
              "non_striker": "Wahidullah Usmani",
              "runs": {
                "batter": 0,
                "extras": 0,
                "total": 0
              }
            },
            {
              "batter": "Saber Zakhil",
              "bowler": "S Wickramasekara",
              "non_striker": "Wahidullah Usmani",
              "runs": {
                "batter": 0,
                "extras": 0,
                "total": 0
              }
            }
          ]
        },
        {
          "over": 10,
          "deliveries": [
            {
              "batter": "Wahidullah Usmani",
              "bowler": "K Mendon",
              "non_striker": "Saber Zakhil",
              "runs": {
                "batter": 0,
                "extras": 0,
                "total": 0
              }
            },
            {
              "batter": "Wahidullah Usmani",
              "bowler": "K Mendon",
              "non_striker": "Saber Zakhil",
              "runs": {
                "batter": 0,
                "extras": 0,
                "total": 0
              }
            },
            {
              "batter": "Wahidullah Usmani",
              "bowler": "K Mendon",
              "non_striker": "Saber Zakhil",
              "runs": {
                "batter": 0,
                "extras": 0,
                "total": 0
              }
            },
            {
              "batter": "Wahidullah Usmani",
              "bowler": "K Mendon",
              "non_striker": "Saber Zakhil",
              "runs": {
                "batter": 0,
                "extras": 0,
                "total": 0
              }
            },
            {
              "batter": "Wahidullah Usmani",
              "bowler": "K Mendon",
              "non_striker": "Saber Zakhil",
              "runs": {
                "batter": 0,
                "extras": 0,
                "total": 0
              }
            },
            {
              "batter": "Wahidullah Usmani",
              "bowler": "K Mendon",
              "non_striker": "Saber Zakhil",
              "runs": {
                "batter": 0,
                "extras": 0,
                "total": 0
              }
            }
          ]
        },
        {
          "over": 11,
          "deliveries": [
            {
              "batter": "Saber Zakhil",
              "bowler": "S Wickramasekara",
              "non_striker": "Wahidullah Usmani",
              "runs": {
                "batter": 1,
                "extras": 0,
                "total": 1
              }
            },
            {
              "batter": "Wahidullah Usmani",
              "bowler": "S Wickramasekara",
              "non_striker": "Saber Zakhil",
              "runs": {
                "batter": 0,
                "extras": 0,
                "total": 0
              }
            },
            {
              "batter": "Wahidullah Usmani",
              "bowler": "S Wickramasekara",
              "non_striker": "Saber Zakhil",
              "runs": {
                "batter": 1,
                "extras": 0,
                "total": 1
              }
            },
            {
              "batter": "Saber Zakhil",
              "bowler": "S Wickramasekara",
              "non_striker": "Wahidullah Usmani",
              "runs": {
                "batter": 1,
                "extras": 0,
                "total": 1
              }
            },
            {
              "batter": "Wahidullah Usmani",
              "bowler": "S Wickramasekara",
              "non_striker": "Saber Zakhil",
              "runs": {
                "batter": 4,
                "extras": 0,
                "total": 4
              }
            },
            {
              "batter": "Wahidullah Usmani",
              "bowler": "S Wickramasekara",
              "non_striker": "Saber Zakhil",
              "runs": {
                "batter": 1,
                "extras": 0,
                "total": 1
              }
            }
          ]
        },
        {
          "over": 12,
          "deliveries": [
            {
              "batter": "Wahidullah Usmani",
              "bowler": "A Ashokan",
              "non_striker": "Saber Zakhil",
              "runs": {
                "batter": 0,
                "extras": 0,
                "total": 0
              }
            },
            {
              "batter": "Wahidullah Usmani",
              "bowler": "A Ashokan",
              "non_striker": "Saber Zakhil",
              "runs": {
                "batter": 1,
                "extras": 0,
                "total": 1
              }
            },
            {
              "batter": "Saber Zakhil",
              "bowler": "A Ashokan",
              "non_striker": "Wahidullah Usmani",
              "runs": {
                "batter": 1,
                "extras": 0,
                "total": 1
              }
            },
            {
              "batter": "Wahidullah Usmani",
              "bowler": "A Ashokan",
              "non_striker": "Saber Zakhil",
              "runs": {
                "batter": 2,
                "extras": 0,
                "total": 2
              }
            },
            {
              "batter": "Wahidullah Usmani",
              "bowler": "A Ashokan",
              "non_striker": "Saber Zakhil",
              "runs": {
                "batter": 0,
                "extras": 0,
                "total": 0
              }
            },
            {
              "batter": "Wahidullah Usmani",
              "bowler": "A Ashokan",
              "non_striker": "Saber Zakhil",
              "runs": {
                "batter": 4,
                "extras": 0,
                "total": 4
              }
            }
          ]
        },
        {
          "over": 13,
          "deliveries": [
            {
              "batter": "Saber Zakhil",
              "bowler": "S Rengarajan",
              "non_striker": "Wahidullah Usmani",
              "runs": {
                "batter": 1,
                "extras": 0,
                "total": 1
              }
            },
            {
              "batter": "Wahidullah Usmani",
              "bowler": "S Rengarajan",
              "non_striker": "Saber Zakhil",
              "runs": {
                "batter": 1,
                "extras": 0,
                "total": 1
              }
            },
            {
              "batter": "Saber Zakhil",
              "bowler": "S Rengarajan",
              "non_striker": "Wahidullah Usmani",
              "runs": {
                "batter": 0,
                "extras": 0,
                "total": 0
              }
            },
            {
              "batter": "Saber Zakhil",
              "bowler": "S Rengarajan",
              "extras": {
                "wides": 1
              },
              "non_striker": "Wahidullah Usmani",
              "runs": {
                "batter": 0,
                "extras": 1,
                "total": 1
              }
            },
            {
              "batter": "Saber Zakhil",
              "bowler": "S Rengarajan",
              "non_striker": "Wahidullah Usmani",
              "runs": {
                "batter": 0,
                "extras": 0,
                "total": 0
              }
            },
            {
              "batter": "Saber Zakhil",
              "bowler": "S Rengarajan",
              "non_striker": "Wahidullah Usmani",
              "runs": {
                "batter": 0,
                "extras": 0,
                "total": 0
              }
            },
            {
              "batter": "Saber Zakhil",
              "bowler": "S Rengarajan",
              "non_striker": "Wahidullah Usmani",
              "runs": {
                "batter": 3,
                "extras": 0,
                "total": 3
              }
            }
          ]
        },
        {
          "over": 14,
          "deliveries": [
            {
              "batter": "Saber Zakhil",
              "bowler": "A Ashokan",
              "non_striker": "Wahidullah Usmani",
              "runs": {
                "batter": 0,
                "extras": 0,
                "total": 0
              }
            },
            {
              "batter": "Saber Zakhil",
              "bowler": "A Ashokan",
              "non_striker": "Wahidullah Usmani",
              "runs": {
                "batter": 1,
                "extras": 0,
                "total": 1
              }
            },
            {
              "batter": "Wahidullah Usmani",
              "bowler": "A Ashokan",
              "non_striker": "Saber Zakhil",
              "runs": {
                "batter": 1,
                "extras": 0,
                "total": 1
              }
            },
            {
              "batter": "Saber Zakhil",
              "bowler": "A Ashokan",
              "non_striker": "Wahidullah Usmani",
              "runs": {
                "batter": 2,
                "extras": 0,
                "total": 2
              }
            },
            {
              "batter": "Saber Zakhil",
              "bowler": "A Ashokan",
              "non_striker": "Wahidullah Usmani",
              "runs": {
                "batter": 0,
                "extras": 0,
                "total": 0
              }
            },
            {
              "batter": "Saber Zakhil",
              "bowler": "A Ashokan",
              "non_striker": "Wahidullah Usmani",
              "runs": {
                "batter": 0,
                "extras": 0,
                "total": 0
              }
            }
          ]
        },
        {
          "over": 15,
          "deliveries": [
            {
              "batter": "Wahidullah Usmani",
              "bowler": "S Rengarajan",
              "non_striker": "Saber Zakhil",
              "runs": {
                "batter": 0,
                "extras": 0,
                "total": 0
              }
            },
            {
              "batter": "Wahidullah Usmani",
              "bowler": "S Rengarajan",
              "non_striker": "Saber Zakhil",
              "runs": {
                "batter": 0,
                "extras": 0,
                "total": 0
              }
            },
            {
              "batter": "Wahidullah Usmani",
              "bowler": "S Rengarajan",
              "non_striker": "Saber Zakhil",
              "runs": {
                "batter": 0,
                "extras": 0,
                "total": 0
              }
            },
            {
              "batter": "Wahidullah Usmani",
              "bowler": "S Rengarajan",
              "non_striker": "Saber Zakhil",
              "runs": {
                "batter": 4,
                "extras": 0,
                "total": 4
              }
            },
            {
              "batter": "Wahidullah Usmani",
              "bowler": "S Rengarajan",
              "non_striker": "Saber Zakhil",
              "runs": {
                "batter": 2,
                "extras": 0,
                "total": 2
              }
            },
            {
              "batter": "Wahidullah Usmani",
              "bowler": "S Rengarajan",
              "non_striker": "Saber Zakhil",
              "runs": {
                "batter": 1,
                "extras": 0,
                "total": 1
              }
            }
          ]
        },
        {
          "over": 16,
          "deliveries": [
            {
              "batter": "Wahidullah Usmani",
              "bowler": "A Ashokan",
              "non_striker": "Saber Zakhil",
              "runs": {
                "batter": 6,
                "extras": 0,
                "total": 6
              }
            },
            {
              "batter": "Wahidullah Usmani",
              "bowler": "A Ashokan",
              "non_striker": "Saber Zakhil",
              "runs": {
                "batter": 4,
                "extras": 0,
                "total": 4
              }
            },
            {
              "batter": "Wahidullah Usmani",
              "bowler": "A Ashokan",
              "extras": {
                "wides": 1
              },
              "non_striker": "Saber Zakhil",
              "runs": {
                "batter": 0,
                "extras": 1,
                "total": 1
              }
            },
            {
              "batter": "Wahidullah Usmani",
              "bowler": "A Ashokan",
              "non_striker": "Saber Zakhil",
              "runs": {
                "batter": 1,
                "extras": 0,
                "total": 1
              }
            },
            {
              "batter": "Saber Zakhil",
              "bowler": "A Ashokan",
              "non_striker": "Wahidullah Usmani",
              "runs": {
                "batter": 4,
                "extras": 0,
                "total": 4
              }
            },
            {
              "batter": "Saber Zakhil",
              "bowler": "A Ashokan",
              "non_striker": "Wahidullah Usmani",
              "runs": {
                "batter": 4,
                "extras": 0,
                "total": 4
              }
            },
            {
              "batter": "Saber Zakhil",
              "bowler": "A Ashokan",
              "non_striker": "Wahidullah Usmani",
              "runs": {
                "batter": 4,
                "extras": 0,
                "total": 4
              }
            }
          ]
        },
        {
          "over": 17,
          "deliveries": [
            {
              "batter": "Wahidullah Usmani",
              "bowler": "S Rengarajan",
              "non_striker": "Saber Zakhil",
              "runs": {
                "batter": 4,
                "extras": 0,
                "total": 4
              }
            },
            {
              "batter": "Wahidullah Usmani",
              "bowler": "S Rengarajan",
              "non_striker": "Saber Zakhil",
              "runs": {
                "batter": 2,
                "extras": 0,
                "total": 2
              }
            },
            {
              "batter": "Wahidullah Usmani",
              "bowler": "S Rengarajan",
              "non_striker": "Saber Zakhil",
              "runs": {
                "batter": 0,
                "extras": 0,
                "total": 0
              },
              "wickets": [
                {
                  "player_out": "Wahidullah Usmani",
                  "fielders": [
                    {
                      "name": "K Gilham"
                    }
                  ],
                  "kind": "caught"
                }
              ]
            },
            {
              "batter": "Khalid Ahmadi",
              "bowler": "S Rengarajan",
              "non_striker": "Saber Zakhil",
              "runs": {
                "batter": 0,
                "extras": 0,
                "total": 0
              }
            },
            {
              "batter": "Khalid Ahmadi",
              "bowler": "S Rengarajan",
              "non_striker": "Saber Zakhil",
              "runs": {
                "batter": 6,
                "extras": 0,
                "total": 6
              }
            },
            {
              "batter": "Khalid Ahmadi",
              "bowler": "S Rengarajan",
              "non_striker": "Saber Zakhil",
              "runs": {
                "batter": 4,
                "extras": 0,
                "total": 4
              }
            }
          ]
        },
        {
          "over": 18,
          "deliveries": [
            {
              "batter": "Saber Zakhil",
              "bowler": "K Gilham",
              "non_striker": "Khalid Ahmadi",
              "runs": {
                "batter": 1,
                "extras": 0,
                "total": 1
              }
            },
            {
              "batter": "Khalid Ahmadi",
              "bowler": "K Gilham",
              "non_striker": "Saber Zakhil",
              "runs": {
                "batter": 1,
                "extras": 0,
                "total": 1
              }
            },
            {
              "batter": "Saber Zakhil",
              "bowler": "K Gilham",
              "non_striker": "Khalid Ahmadi",
              "runs": {
                "batter": 1,
                "extras": 0,
                "total": 1
              }
            },
            {
              "batter": "Khalid Ahmadi",
              "bowler": "K Gilham",
              "non_striker": "Saber Zakhil",
              "runs": {
                "batter": 4,
                "extras": 0,
                "total": 4
              }
            },
            {
              "batter": "Khalid Ahmadi",
              "bowler": "K Gilham",
              "non_striker": "Saber Zakhil",
              "runs": {
                "batter": 1,
                "extras": 0,
                "total": 1
              }
            },
            {
              "batter": "Saber Zakhil",
              "bowler": "K Gilham",
              "non_striker": "Khalid Ahmadi",
              "runs": {
                "batter": 1,
                "extras": 0,
                "total": 1
              }
            }
          ]
        },
        {
          "over": 19,
          "deliveries": [
            {
              "batter": "Khalid Ahmadi",
              "bowler": "S Wickramasekara",
              "non_striker": "Saber Zakhil",
              "runs": {
                "batter": 6,
                "extras": 0,
                "total": 6
              }
            },
            {
              "batter": "Khalid Ahmadi",
              "bowler": "S Wickramasekara",
              "extras": {
                "legbyes": 3
              },
              "non_striker": "Saber Zakhil",
              "runs": {
                "batter": 0,
                "extras": 3,
                "total": 3
              }
            },
            {
              "batter": "Saber Zakhil",
              "bowler": "S Wickramasekara",
              "extras": {
                "legbyes": 2
              },
              "non_striker": "Khalid Ahmadi",
              "runs": {
                "batter": 0,
                "extras": 2,
                "total": 2
              }
            },
            {
              "batter": "Saber Zakhil",
              "bowler": "S Wickramasekara",
              "non_striker": "Khalid Ahmadi",
              "runs": {
                "batter": 1,
                "extras": 0,
                "total": 1
              }
            },
            {
              "batter": "Khalid Ahmadi",
              "bowler": "S Wickramasekara",
              "non_striker": "Saber Zakhil",
              "runs": {
                "batter": 1,
                "extras": 0,
                "total": 1
              }
            },
            {
              "batter": "Khalid Ahmadi",
              "bowler": "S Wickramasekara",
              "non_striker": "Saber Zakhil",
              "runs": {
                "batter": 2,
                "extras": 0,
                "total": 2
              }
            }
          ]
        }
      ],
      "powerplays": [
        {
          "from": 0.1,
          "to": 5.6,
          "type": "mandatory"
        }
      ]
    },
    {
      "team": "Czech Republic",
      "overs": [
        {
          "over": 0,
          "deliveries": [
            {
              "batter": "H Gori",
              "bowler": "Murid Ekrami",
              "non_striker": "S Pokhriyal",
              "runs": {
                "batter": 0,
                "extras": 0,
                "total": 0
              }
            },
            {
              "batter": "H Gori",
              "bowler": "Murid Ekrami",
              "non_striker": "S Pokhriyal",
              "runs": {
                "batter": 0,
                "extras": 0,
                "total": 0
              }
            },
            {
              "batter": "H Gori",
              "bowler": "Murid Ekrami",
              "non_striker": "S Pokhriyal",
              "runs": {
                "batter": 0,
                "extras": 0,
                "total": 0
              },
              "wickets": [
                {
                  "player_out": "H Gori",
                  "kind": "bowled"
                }
              ]
            },
            {
              "batter": "EB Knowles",
              "bowler": "Murid Ekrami",
              "extras": {
                "legbyes": 1
              },
              "non_striker": "S Pokhriyal",
              "runs": {
                "batter": 0,
                "extras": 1,
                "total": 1
              }
            },
            {
              "batter": "S Pokhriyal",
              "bowler": "Murid Ekrami",
              "extras": {
                "wides": 1
              },
              "non_striker": "EB Knowles",
              "runs": {
                "batter": 0,
                "extras": 1,
                "total": 1
              }
            },
            {
              "batter": "S Pokhriyal",
              "bowler": "Murid Ekrami",
              "non_striker": "EB Knowles",
              "runs": {
                "batter": 1,
                "extras": 0,
                "total": 1
              }
            },
            {
              "batter": "EB Knowles",
              "bowler": "Murid Ekrami",
              "non_striker": "S Pokhriyal",
              "runs": {
                "batter": 0,
                "extras": 0,
                "total": 0
              }
            }
          ]
        },
        {
          "over": 1,
          "deliveries": [
            {
              "batter": "S Pokhriyal",
              "bowler": "Ashiqullah Said",
              "non_striker": "EB Knowles",
              "runs": {
                "batter": 0,
                "extras": 0,
                "total": 0
              }
            },
            {
              "batter": "S Pokhriyal",
              "bowler": "Ashiqullah Said",
              "non_striker": "EB Knowles",
              "runs": {
                "batter": 0,
                "extras": 0,
                "total": 0
              }
            },
            {
              "batter": "S Pokhriyal",
              "bowler": "Ashiqullah Said",
              "non_striker": "EB Knowles",
              "runs": {
                "batter": 0,
                "extras": 0,
                "total": 0
              }
            },
            {
              "batter": "S Pokhriyal",
              "bowler": "Ashiqullah Said",
              "non_striker": "EB Knowles",
              "runs": {
                "batter": 0,
                "extras": 0,
                "total": 0
              }
            },
            {
              "batter": "S Pokhriyal",
              "bowler": "Ashiqullah Said",
              "non_striker": "EB Knowles",
              "runs": {
                "batter": 1,
                "extras": 0,
                "total": 1
              }
            },
            {
              "batter": "EB Knowles",
              "bowler": "Ashiqullah Said",
              "non_striker": "S Pokhriyal",
              "runs": {
                "batter": 0,
                "extras": 0,
                "total": 0
              }
            }
          ]
        },
        {
          "over": 2,
          "deliveries": [
            {
              "batter": "S Pokhriyal",
              "bowler": "Khalid Ahmadi",
              "non_striker": "EB Knowles",
              "runs": {
                "batter": 0,
                "extras": 0,
                "total": 0
              }
            },
            {
              "batter": "S Pokhriyal",
              "bowler": "Khalid Ahmadi",
              "non_striker": "EB Knowles",
              "runs": {
                "batter": 0,
                "extras": 0,
                "total": 0
              }
            },
            {
              "batter": "S Pokhriyal",
              "bowler": "Khalid Ahmadi",
              "extras": {
                "legbyes": 1
              },
              "non_striker": "EB Knowles",
              "runs": {
                "batter": 0,
                "extras": 1,
                "total": 1
              }
            },
            {
              "batter": "EB Knowles",
              "bowler": "Khalid Ahmadi",
              "non_striker": "S Pokhriyal",
              "runs": {
                "batter": 2,
                "extras": 0,
                "total": 2
              }
            },
            {
              "batter": "EB Knowles",
              "bowler": "Khalid Ahmadi",
              "non_striker": "S Pokhriyal",
              "runs": {
                "batter": 0,
                "extras": 0,
                "total": 0
              }
            },
            {
              "batter": "EB Knowles",
              "bowler": "Khalid Ahmadi",
              "extras": {
                "wides": 1
              },
              "non_striker": "S Pokhriyal",
              "runs": {
                "batter": 0,
                "extras": 1,
                "total": 1
              }
            },
            {
              "batter": "EB Knowles",
              "bowler": "Khalid Ahmadi",
              "non_striker": "S Pokhriyal",
              "runs": {
                "batter": 0,
                "extras": 0,
                "total": 0
              }
            }
          ]
        },
        {
          "over": 3,
          "deliveries": [
            {
              "batter": "S Pokhriyal",
              "bowler": "Ashiqullah Said",
              "non_striker": "EB Knowles",
              "runs": {
                "batter": 0,
                "extras": 0,
                "total": 0
              }
            },
            {
              "batter": "S Pokhriyal",
              "bowler": "Ashiqullah Said",
              "non_striker": "EB Knowles",
              "runs": {
                "batter": 0,
                "extras": 0,
                "total": 0
              }
            },
            {
              "batter": "S Pokhriyal",
              "bowler": "Ashiqullah Said",
              "non_striker": "EB Knowles",
              "runs": {
                "batter": 1,
                "extras": 0,
                "total": 1
              }
            },
            {
              "batter": "EB Knowles",
              "bowler": "Ashiqullah Said",
              "non_striker": "S Pokhriyal",
              "runs": {
                "batter": 0,
                "extras": 0,
                "total": 0
              }
            },
            {
              "batter": "EB Knowles",
              "bowler": "Ashiqullah Said",
              "non_striker": "S Pokhriyal",
              "runs": {
                "batter": 0,
                "extras": 0,
                "total": 0
              },
              "wickets": [
                {
                  "player_out": "EB Knowles",
                  "kind": "retired hurt"
                }
              ]
            },
            {
              "batter": "Hilal Ahmad",
              "bowler": "Ashiqullah Said",
              "non_striker": "S Pokhriyal",
              "runs": {
                "batter": 0,
                "extras": 0,
                "total": 0
              },
              "wickets": [
                {
                  "player_out": "Hilal Ahmad",
                  "kind": "lbw"
                }
              ]
            }
          ]
        },
        {
          "over": 4,
          "deliveries": [
            {
              "batter": "S Pokhriyal",
              "bowler": "Khalid Ahmadi",
              "non_striker": "S Wickramasekara",
              "runs": {
                "batter": 0,
                "extras": 0,
                "total": 0
              }
            },
            {
              "batter": "S Pokhriyal",
              "bowler": "Khalid Ahmadi",
              "non_striker": "S Wickramasekara",
              "runs": {
                "batter": 2,
                "extras": 0,
                "total": 2
              }
            },
            {
              "batter": "S Pokhriyal",
              "bowler": "Khalid Ahmadi",
              "non_striker": "S Wickramasekara",
              "runs": {
                "batter": 0,
                "extras": 0,
                "total": 0
              }
            },
            {
              "batter": "S Pokhriyal",
              "bowler": "Khalid Ahmadi",
              "non_striker": "S Wickramasekara",
              "runs": {
                "batter": 0,
                "extras": 0,
                "total": 0
              }
            },
            {
              "batter": "S Pokhriyal",
              "bowler": "Khalid Ahmadi",
              "extras": {
                "legbyes": 1
              },
              "non_striker": "S Wickramasekara",
              "runs": {
                "batter": 0,
                "extras": 1,
                "total": 1
              }
            },
            {
              "batter": "S Wickramasekara",
              "bowler": "Khalid Ahmadi",
              "non_striker": "S Pokhriyal",
              "runs": {
                "batter": 1,
                "extras": 0,
                "total": 1
              }
            }
          ]
        },
        {
          "over": 5,
          "deliveries": [
            {
              "batter": "S Wickramasekara",
              "bowler": "Ashiqullah Said",
              "non_striker": "S Pokhriyal",
              "runs": {
                "batter": 1,
                "extras": 0,
                "total": 1
              }
            },
            {
              "batter": "S Pokhriyal",
              "bowler": "Ashiqullah Said",
              "non_striker": "S Wickramasekara",
              "runs": {
                "batter": 1,
                "extras": 0,
                "total": 1
              }
            },
            {
              "batter": "S Wickramasekara",
              "bowler": "Ashiqullah Said",
              "non_striker": "S Pokhriyal",
              "runs": {
                "batter": 0,
                "extras": 0,
                "total": 0
              }
            },
            {
              "batter": "S Wickramasekara",
              "bowler": "Ashiqullah Said",
              "non_striker": "S Pokhriyal",
              "runs": {
                "batter": 4,
                "extras": 0,
                "total": 4
              }
            },
            {
              "batter": "S Wickramasekara",
              "bowler": "Ashiqullah Said",
              "non_striker": "S Pokhriyal",
              "runs": {
                "batter": 0,
                "extras": 0,
                "total": 0
              }
            },
            {
              "batter": "S Wickramasekara",
              "bowler": "Ashiqullah Said",
              "non_striker": "S Pokhriyal",
              "runs": {
                "batter": 0,
                "extras": 0,
                "total": 0
              }
            }
          ]
        },
        {
          "over": 6,
          "deliveries": [
            {
              "batter": "S Pokhriyal",
              "bowler": "Saber Zakhil",
              "non_striker": "S Wickramasekara",
              "runs": {
                "batter": 4,
                "extras": 0,
                "total": 4
              }
            },
            {
              "batter": "S Pokhriyal",
              "bowler": "Saber Zakhil",
              "non_striker": "S Wickramasekara",
              "runs": {
                "batter": 2,
                "extras": 0,
                "total": 2
              }
            },
            {
              "batter": "S Pokhriyal",
              "bowler": "Saber Zakhil",
              "non_striker": "S Wickramasekara",
              "runs": {
                "batter": 1,
                "extras": 0,
                "total": 1
              }
            },
            {
              "batter": "S Wickramasekara",
              "bowler": "Saber Zakhil",
              "non_striker": "S Pokhriyal",
              "runs": {
                "batter": 1,
                "extras": 0,
                "total": 1
              }
            },
            {
              "batter": "S Pokhriyal",
              "bowler": "Saber Zakhil",
              "non_striker": "S Wickramasekara",
              "runs": {
                "batter": 0,
                "extras": 0,
                "total": 0
              },
              "wickets": [
                {
                  "player_out": "S Pokhriyal",
                  "kind": "bowled"
                }
              ]
            },
            {
              "batter": "S Davizi",
              "bowler": "Saber Zakhil",
              "non_striker": "S Wickramasekara",
              "runs": {
                "batter": 0,
                "extras": 0,
                "total": 0
              }
            }
          ]
        },
        {
          "over": 7,
          "deliveries": [
            {
              "batter": "S Wickramasekara",
              "bowler": "NSK Mehta",
              "non_striker": "S Davizi",
              "runs": {
                "batter": 0,
                "extras": 0,
                "total": 0
              },
              "wickets": [
                {
                  "player_out": "S Wickramasekara",
                  "fielders": [
                    {
                      "name": "Shaheryar Butt"
                    }
                  ],
                  "kind": "caught"
                }
              ]
            },
            {
              "batter": "K Mendon",
              "bowler": "NSK Mehta",
              "non_striker": "S Davizi",
              "runs": {
                "batter": 1,
                "extras": 0,
                "total": 1
              }
            },
            {
              "batter": "S Davizi",
              "bowler": "NSK Mehta",
              "non_striker": "K Mendon",
              "runs": {
                "batter": 0,
                "extras": 0,
                "total": 0
              }
            },
            {
              "batter": "S Davizi",
              "bowler": "NSK Mehta",
              "non_striker": "K Mendon",
              "runs": {
                "batter": 1,
                "extras": 0,
                "total": 1
              }
            },
            {
              "batter": "K Mendon",
              "bowler": "NSK Mehta",
              "non_striker": "S Davizi",
              "runs": {
                "batter": 1,
                "extras": 0,
                "total": 1
              }
            },
            {
              "batter": "S Davizi",
              "bowler": "NSK Mehta",
              "non_striker": "K Mendon",
              "runs": {
                "batter": 0,
                "extras": 0,
                "total": 0
              },
              "wickets": [
                {
                  "player_out": "S Davizi",
                  "fielders": [
                    {
                      "name": "Murid Ekrami"
                    }
                  ],
                  "kind": "caught"
                }
              ]
            }
          ]
        },
        {
          "over": 8,
          "deliveries": [
            {
              "batter": "K Mendon",
              "bowler": "Murid Ekrami",
              "non_striker": "A Ashokan",
              "runs": {
                "batter": 0,
                "extras": 0,
                "total": 0
              }
            },
            {
              "batter": "K Mendon",
              "bowler": "Murid Ekrami",
              "non_striker": "A Ashokan",
              "runs": {
                "batter": 1,
                "extras": 0,
                "total": 1
              }
            },
            {
              "batter": "A Ashokan",
              "bowler": "Murid Ekrami",
              "non_striker": "K Mendon",
              "runs": {
                "batter": 0,
                "extras": 0,
                "total": 0
              }
            },
            {
              "batter": "A Ashokan",
              "bowler": "Murid Ekrami",
              "non_striker": "K Mendon",
              "runs": {
                "batter": 1,
                "extras": 0,
                "total": 1
              }
            },
            {
              "batter": "K Mendon",
              "bowler": "Murid Ekrami",
              "non_striker": "A Ashokan",
              "runs": {
                "batter": 0,
                "extras": 0,
                "total": 0
              }
            },
            {
              "batter": "K Mendon",
              "bowler": "Murid Ekrami",
              "non_striker": "A Ashokan",
              "runs": {
                "batter": 0,
                "extras": 0,
                "total": 0
              }
            }
          ]
        },
        {
          "over": 9,
          "deliveries": [
            {
              "batter": "A Ashokan",
              "bowler": "NSK Mehta",
              "non_striker": "K Mendon",
              "runs": {
                "batter": 0,
                "extras": 0,
                "total": 0
              }
            },
            {
              "batter": "A Ashokan",
              "bowler": "NSK Mehta",
              "non_striker": "K Mendon",
              "runs": {
                "batter": 0,
                "extras": 0,
                "total": 0
              }
            },
            {
              "batter": "A Ashokan",
              "bowler": "NSK Mehta",
              "non_striker": "K Mendon",
              "runs": {
                "batter": 0,
                "extras": 0,
                "total": 0
              }
            },
            {
              "batter": "A Ashokan",
              "bowler": "NSK Mehta",
              "non_striker": "K Mendon",
              "runs": {
                "batter": 0,
                "extras": 0,
                "total": 0
              }
            },
            {
              "batter": "A Ashokan",
              "bowler": "NSK Mehta",
              "non_striker": "K Mendon",
              "runs": {
                "batter": 0,
                "extras": 0,
                "total": 0
              }
            },
            {
              "batter": "A Ashokan",
              "bowler": "NSK Mehta",
              "non_striker": "K Mendon",
              "runs": {
                "batter": 1,
                "extras": 0,
                "total": 1
              }
            }
          ]
        },
        {
          "over": 10,
          "deliveries": [
            {
              "batter": "A Ashokan",
              "bowler": "Murid Ekrami",
              "non_striker": "K Mendon",
              "runs": {
                "batter": 0,
                "extras": 0,
                "total": 0
              }
            },
            {
              "batter": "A Ashokan",
              "bowler": "Murid Ekrami",
              "non_striker": "K Mendon",
              "runs": {
                "batter": 0,
                "extras": 0,
                "total": 0
              }
            },
            {
              "batter": "A Ashokan",
              "bowler": "Murid Ekrami",
              "non_striker": "K Mendon",
              "runs": {
                "batter": 0,
                "extras": 0,
                "total": 0
              }
            },
            {
              "batter": "A Ashokan",
              "bowler": "Murid Ekrami",
              "non_striker": "K Mendon",
              "runs": {
                "batter": 1,
                "extras": 0,
                "total": 1
              }
            },
            {
              "batter": "K Mendon",
              "bowler": "Murid Ekrami",
              "non_striker": "A Ashokan",
              "runs": {
                "batter": 1,
                "extras": 0,
                "total": 1
              }
            },
            {
              "batter": "A Ashokan",
              "bowler": "Murid Ekrami",
              "non_striker": "K Mendon",
              "runs": {
                "batter": 1,
                "extras": 0,
                "total": 1
              }
            }
          ]
        },
        {
          "over": 11,
          "deliveries": [
            {
              "batter": "A Ashokan",
              "bowler": "NSK Mehta",
              "non_striker": "K Mendon",
              "runs": {
                "batter": 0,
                "extras": 0,
                "total": 0
              }
            },
            {
              "batter": "A Ashokan",
              "bowler": "NSK Mehta",
              "non_striker": "K Mendon",
              "runs": {
                "batter": 4,
                "extras": 0,
                "total": 4
              }
            },
            {
              "batter": "A Ashokan",
              "bowler": "NSK Mehta",
              "non_striker": "K Mendon",
              "runs": {
                "batter": 0,
                "extras": 0,
                "total": 0
              }
            },
            {
              "batter": "A Ashokan",
              "bowler": "NSK Mehta",
              "non_striker": "K Mendon",
              "runs": {
                "batter": 2,
                "extras": 0,
                "total": 2
              }
            },
            {
              "batter": "A Ashokan",
              "bowler": "NSK Mehta",
              "non_striker": "K Mendon",
              "runs": {
                "batter": 1,
                "extras": 0,
                "total": 1
              }
            },
            {
              "batter": "K Mendon",
              "bowler": "NSK Mehta",
              "non_striker": "A Ashokan",
              "runs": {
                "batter": 0,
                "extras": 0,
                "total": 0
              }
            }
          ]
        },
        {
          "over": 12,
          "deliveries": [
            {
              "batter": "A Ashokan",
              "bowler": "Murid Ekrami",
              "non_striker": "K Mendon",
              "runs": {
                "batter": 1,
                "extras": 0,
                "total": 1
              }
            },
            {
              "batter": "K Mendon",
              "bowler": "Murid Ekrami",
              "non_striker": "A Ashokan",
              "runs": {
                "batter": 0,
                "extras": 0,
                "total": 0
              }
            },
            {
              "batter": "K Mendon",
              "bowler": "Murid Ekrami",
              "non_striker": "A Ashokan",
              "runs": {
                "batter": 0,
                "extras": 0,
                "total": 0
              }
            },
            {
              "batter": "K Mendon",
              "bowler": "Murid Ekrami",
              "non_striker": "A Ashokan",
              "runs": {
                "batter": 0,
                "extras": 0,
                "total": 0
              }
            },
            {
              "batter": "K Mendon",
              "bowler": "Murid Ekrami",
              "non_striker": "A Ashokan",
              "runs": {
                "batter": 0,
                "extras": 0,
                "total": 0
              }
            },
            {
              "batter": "K Mendon",
              "bowler": "Murid Ekrami",
              "extras": {
                "byes": 1
              },
              "non_striker": "A Ashokan",
              "runs": {
                "batter": 0,
                "extras": 1,
                "total": 1
              }
            }
          ]
        },
        {
          "over": 13,
          "deliveries": [
            {
              "batter": "K Mendon",
              "bowler": "NSK Mehta",
              "non_striker": "A Ashokan",
              "runs": {
                "batter": 1,
                "extras": 0,
                "total": 1
              }
            },
            {
              "batter": "A Ashokan",
              "bowler": "NSK Mehta",
              "non_striker": "K Mendon",
              "runs": {
                "batter": 0,
                "extras": 0,
                "total": 0
              }
            },
            {
              "batter": "A Ashokan",
              "bowler": "NSK Mehta",
              "non_striker": "K Mendon",
              "runs": {
                "batter": 1,
                "extras": 0,
                "total": 1
              }
            },
            {
              "batter": "K Mendon",
              "bowler": "NSK Mehta",
              "non_striker": "A Ashokan",
              "runs": {
                "batter": 0,
                "extras": 0,
                "total": 0
              }
            },
            {
              "batter": "K Mendon",
              "bowler": "NSK Mehta",
              "non_striker": "A Ashokan",
              "runs": {
                "batter": 2,
                "extras": 0,
                "total": 2
              }
            },
            {
              "batter": "K Mendon",
              "bowler": "NSK Mehta",
              "non_striker": "A Ashokan",
              "runs": {
                "batter": 0,
                "extras": 0,
                "total": 0
              }
            }
          ]
        },
        {
          "over": 14,
          "deliveries": [
            {
              "batter": "A Ashokan",
              "bowler": "Saber Zakhil",
              "non_striker": "K Mendon",
              "runs": {
                "batter": 0,
                "extras": 0,
                "total": 0
              }
            },
            {
              "batter": "A Ashokan",
              "bowler": "Saber Zakhil",
              "non_striker": "K Mendon",
              "runs": {
                "batter": 0,
                "extras": 0,
                "total": 0
              }
            },
            {
              "batter": "A Ashokan",
              "bowler": "Saber Zakhil",
              "non_striker": "K Mendon",
              "runs": {
                "batter": 1,
                "extras": 0,
                "total": 1
              }
            },
            {
              "batter": "K Mendon",
              "bowler": "Saber Zakhil",
              "extras": {
                "wides": 1
              },
              "non_striker": "A Ashokan",
              "runs": {
                "batter": 0,
                "extras": 1,
                "total": 1
              }
            },
            {
              "batter": "K Mendon",
              "bowler": "Saber Zakhil",
              "non_striker": "A Ashokan",
              "runs": {
                "batter": 1,
                "extras": 0,
                "total": 1
              }
            },
            {
              "batter": "A Ashokan",
              "bowler": "Saber Zakhil",
              "non_striker": "K Mendon",
              "runs": {
                "batter": 2,
                "extras": 0,
                "total": 2
              }
            },
            {
              "batter": "A Ashokan",
              "bowler": "Saber Zakhil",
              "non_striker": "K Mendon",
              "runs": {
                "batter": 1,
                "extras": 0,
                "total": 1
              }
            }
          ]
        },
        {
          "over": 15,
          "deliveries": [
            {
              "batter": "A Ashokan",
              "bowler": "Khalid Ahmadi",
              "non_striker": "K Mendon",
              "runs": {
                "batter": 4,
                "extras": 0,
                "total": 4
              }
            },
            {
              "batter": "A Ashokan",
              "bowler": "Khalid Ahmadi",
              "non_striker": "K Mendon",
              "runs": {
                "batter": 1,
                "extras": 0,
                "total": 1
              }
            },
            {
              "batter": "K Mendon",
              "bowler": "Khalid Ahmadi",
              "non_striker": "A Ashokan",
              "runs": {
                "batter": 0,
                "extras": 0,
                "total": 0
              }
            },
            {
              "batter": "K Mendon",
              "bowler": "Khalid Ahmadi",
              "non_striker": "A Ashokan",
              "runs": {
                "batter": 1,
                "extras": 0,
                "total": 1
              }
            },
            {
              "batter": "A Ashokan",
              "bowler": "Khalid Ahmadi",
              "non_striker": "K Mendon",
              "runs": {
                "batter": 1,
                "extras": 0,
                "total": 1
              }
            },
            {
              "batter": "K Mendon",
              "bowler": "Khalid Ahmadi",
              "non_striker": "A Ashokan",
              "runs": {
                "batter": 0,
                "extras": 0,
                "total": 0
              }
            }
          ]
        },
        {
          "over": 16,
          "deliveries": [
            {
              "batter": "A Ashokan",
              "bowler": "Saber Zakhil",
              "non_striker": "K Mendon",
              "runs": {
                "batter": 0,
                "extras": 0,
                "total": 0
              },
              "wickets": [
                {
                  "player_out": "A Ashokan",
                  "kind": "lbw"
                }
              ]
            },
            {
              "batter": "S Rengarajan",
              "bowler": "Saber Zakhil",
              "non_striker": "K Mendon",
              "runs": {
                "batter": 0,
                "extras": 0,
                "total": 0
              }
            },
            {
              "batter": "S Rengarajan",
              "bowler": "Saber Zakhil",
              "non_striker": "K Mendon",
              "runs": {
                "batter": 0,
                "extras": 0,
                "total": 0
              }
            },
            {
              "batter": "S Rengarajan",
              "bowler": "Saber Zakhil",
              "non_striker": "K Mendon",
              "runs": {
                "batter": 1,
                "extras": 0,
                "total": 1
              }
            },
            {
              "batter": "K Mendon",
              "bowler": "Saber Zakhil",
              "non_striker": "S Rengarajan",
              "runs": {
                "batter": 0,
                "extras": 0,
                "total": 0
              }
            },
            {
              "batter": "K Mendon",
              "bowler": "Saber Zakhil",
              "non_striker": "S Rengarajan",
              "runs": {
                "batter": 0,
                "extras": 0,
                "total": 0
              }
            }
          ]
        },
        {
          "over": 17,
          "deliveries": [
            {
              "batter": "S Rengarajan",
              "bowler": "Khalid Ahmadi",
              "non_striker": "K Mendon",
              "runs": {
                "batter": 1,
                "extras": 0,
                "total": 1
              }
            },
            {
              "batter": "K Mendon",
              "bowler": "Khalid Ahmadi",
              "non_striker": "S Rengarajan",
              "runs": {
                "batter": 0,
                "extras": 0,
                "total": 0
              }
            },
            {
              "batter": "K Mendon",
              "bowler": "Khalid Ahmadi",
              "non_striker": "S Rengarajan",
              "runs": {
                "batter": 0,
                "extras": 0,
                "total": 0
              }
            },
            {
              "batter": "K Mendon",
              "bowler": "Khalid Ahmadi",
              "non_striker": "S Rengarajan",
              "runs": {
                "batter": 1,
                "extras": 0,
                "total": 1
              }
            },
            {
              "batter": "S Rengarajan",
              "bowler": "Khalid Ahmadi",
              "non_striker": "K Mendon",
              "runs": {
                "batter": 1,
                "extras": 0,
                "total": 1
              }
            },
            {
              "batter": "K Mendon",
              "bowler": "Khalid Ahmadi",
              "non_striker": "S Rengarajan",
              "runs": {
                "batter": 1,
                "extras": 0,
                "total": 1
              }
            }
          ]
        },
        {
          "over": 18,
          "deliveries": [
            {
              "batter": "K Mendon",
              "bowler": "Saber Zakhil",
              "non_striker": "S Rengarajan",
              "runs": {
                "batter": 2,
                "extras": 0,
                "total": 2
              }
            },
            {
              "batter": "K Mendon",
              "bowler": "Saber Zakhil",
              "non_striker": "S Rengarajan",
              "runs": {
                "batter": 1,
                "extras": 0,
                "total": 1
              }
            },
            {
              "batter": "S Rengarajan",
              "bowler": "Saber Zakhil",
              "non_striker": "K Mendon",
              "runs": {
                "batter": 1,
                "extras": 0,
                "total": 1
              }
            },
            {
              "batter": "K Mendon",
              "bowler": "Saber Zakhil",
              "non_striker": "S Rengarajan",
              "runs": {
                "batter": 0,
                "extras": 0,
                "total": 0
              },
              "wickets": [
                {
                  "player_out": "K Mendon",
                  "fielders": [
                    {
                      "name": "S Jamil"
                    }
                  ],
                  "kind": "caught"
                }
              ]
            },
            {
              "batter": "S Rengarajan",
              "bowler": "Saber Zakhil",
              "non_striker": "K Gilham",
              "runs": {
                "batter": 1,
                "extras": 0,
                "total": 1
              }
            },
            {
              "batter": "K Gilham",
              "bowler": "Saber Zakhil",
              "non_striker": "S Rengarajan",
              "runs": {
                "batter": 0,
                "extras": 0,
                "total": 0
              }
            }
          ]
        },
        {
          "over": 19,
          "deliveries": [
            {
              "batter": "S Rengarajan",
              "bowler": "Ashiqullah Said",
              "non_striker": "K Gilham",
              "runs": {
                "batter": 0,
                "extras": 0,
                "total": 0
              }
            },
            {
              "batter": "S Rengarajan",
              "bowler": "Ashiqullah Said",
              "non_striker": "K Gilham",
              "runs": {
                "batter": 0,
                "extras": 0,
                "total": 0
              }
            },
            {
              "batter": "S Rengarajan",
              "bowler": "Ashiqullah Said",
              "non_striker": "K Gilham",
              "runs": {
                "batter": 0,
                "extras": 0,
                "total": 0
              }
            },
            {
              "batter": "S Rengarajan",
              "bowler": "Ashiqullah Said",
              "non_striker": "K Gilham",
              "runs": {
                "batter": 1,
                "extras": 0,
                "total": 1
              }
            },
            {
              "batter": "K Gilham",
              "bowler": "Ashiqullah Said",
              "non_striker": "S Rengarajan",
              "runs": {
                "batter": 1,
                "extras": 0,
                "total": 1
              }
            },
            {
              "batter": "S Rengarajan",
              "bowler": "Ashiqullah Said",
              "non_striker": "K Gilham",
              "runs": {
                "batter": 0,
                "extras": 0,
                "total": 0
              }
            }
          ]
        }
      ],
      "powerplays": [
        {
          "from": 0.1,
          "to": 5.6,
          "type": "mandatory"
        }
      ],
      "target": {
        "overs": 20,
        "runs": 162
      }
    }
  ]
}