{
  "meta": {
    "data_version": "1.1.0",
    "created": "2021-11-11",
    "revision": 1
  },
  "info": {
    "balls_per_over": 6,
    "city": "Dubai",
    "dates": [
      "2021-11-11"
    ],
    "event": {
      "name": "ICC Men's T20 World Cup",
      "stage": "Semi Final"
    },
    "gender": "male",
    "match_type": "T20",
    "match_type_number": 1420,
    "officials": {
      "match_referees": [
        "JJ Crowe"
      ],
      "reserve_umpires": [
        "RK Illingworth"
      ],
      "tv_umpires": [
        "JS Wilson"
      ],
      "umpires": [
        "CB Gaffaney",
        "RA Kettleborough"
      ]
    },
    "outcome": {
      "winner": "Australia",
      "by": {
        "wickets": 5
      }
    },
    "overs": 20,
    "player_of_match": [
      "MS Wade"
    ],
    "players": {
      "Pakistan": [
        "Mohammad Rizwan",
        "Babar Azam",
        "Fakhar Zaman",
        "Asif Ali",
        "Shoaib Malik",
        "Mohammad Hafeez",
        "Shadab Khan",
        "Imad Wasim",
        "Hasan Ali",
        "Haris Rauf",
        "Shaheen Shah Afridi"
      ],
      "Australia": [
        "DA Warner",
        "AJ Finch",
        "MR Marsh",
        "SPD Smith",
        "GJ Maxwell",
        "MP Stoinis",
        "MS Wade",
        "PJ Cummins",
        "MA Starc",
        "A Zampa",
        "JR Hazlewood"
      ]
    },
    "registry": {
      "people": {
        "A Zampa": "14f96089",
        "AJ Finch": "b8d490fd",
        "Asif Ali": "0a4736eb",
        "Babar Azam": "8a75e999",
        "CB Gaffaney": "d5ac41d8",
        "DA Warner": "dcce6f09",
        "Fakhar Zaman": "1777c020",
        "GJ Maxwell": "b681e71e",
        "Haris Rauf": "24bb1c2f",
        "Hasan Ali": "2911de16",
        "Imad Wasim": "9cb8d7a6",
        "JJ Crowe": "2e760301",
        "JR Hazlewood": "03806cf8",
        "JS Wilson": "d7f3b72f",
        "MA Starc": "3fb19989",
        "MP Stoinis": "d9273ee7",
        "MR Marsh": "3d8feaf8",
        "MS Wade": "afa7e784",
        "Mohammad Hafeez": "9ab63e7b",
        "Mohammad Rizwan": "2f26ac1a",
        "PJ Cummins": "ded9240e",
        "RA Kettleborough": "4017868f",
        "RK Illingworth": "20672246",
        "SPD Smith": "30a45b23",
        "Shadab Khan": "9de62878",
        "Shaheen Shah Afridi": "45a7e761",
        "Shoaib Malik": "64c34cd0"
      }
    },
    "season": "2021/22",
    "team_type": "international",
    "teams": [
      "Pakistan",
      "Australia"
    ],
    "toss": {
      "decision": "field",
      "winner": "Australia"
    },
    "venue": "Dubai International Cricket Stadium"
  },
  "innings": [
    {
      "team": "Pakistan",
      "overs": [
        {
          "over": 0,
          "deliveries": [
            {
              "batter": "Mohammad Rizwan",
              "bowler": "MA Starc",
              "extras": {
                "byes": 1
              },
              "non_striker": "Babar Azam",
              "runs": {
                "batter": 0,
                "extras": 1,
                "total": 1
              }
            },
            {
              "batter": "Babar Azam",
              "bowler": "MA Starc",
              "non_striker": "Mohammad Rizwan",
              "runs": {
                "batter": 0,
                "extras": 0,
                "total": 0
              }
            },
            {
              "batter": "Babar Azam",
              "bowler": "MA Starc",
              "non_striker": "Mohammad Rizwan",
              "runs": {
                "batter": 0,
                "extras": 0,
                "total": 0
              }
            },
            {
              "batter": "Babar Azam",
              "bowler": "MA Starc",
              "non_striker": "Mohammad Rizwan",
              "runs": {
                "batter": 4,
                "extras": 0,
                "total": 4
              }
            },
            {
              "batter": "Babar Azam",
              "bowler": "MA Starc",
              "non_striker": "Mohammad Rizwan",
              "runs": {
                "batter": 1,
                "extras": 0,
                "total": 1
              }
            },
            {
              "batter": "Mohammad Rizwan",
              "bowler": "MA Starc",
              "non_striker": "Babar Azam",
              "runs": {
                "batter": 0,
                "extras": 0,
                "total": 0
              }
            }
          ]
        },
        {
          "over": 1,
          "deliveries": [
            {
              "batter": "Babar Azam",
              "bowler": "JR Hazlewood",
              "non_striker": "Mohammad Rizwan",
              "runs": {
                "batter": 0,
                "extras": 0,
                "total": 0
              }
            },
            {
              "batter": "Babar Azam",
              "bowler": "JR Hazlewood",
              "non_striker": "Mohammad Rizwan",
              "runs": {
                "batter": 4,
                "extras": 0,
                "total": 4
              }
            },
            {
              "batter": "Babar Azam",
              "bowler": "JR Hazlewood",
              "non_striker": "Mohammad Rizwan",
              "runs": {
                "batter": 1,
                "extras": 0,
                "total": 1
              }
            },
            {
              "batter": "Mohammad Rizwan",
              "bowler": "JR Hazlewood",
              "non_striker": "Babar Azam",
              "runs": {
                "batter": 0,
                "extras": 0,
                "total": 0
              }
            },
            {
              "batter": "Mohammad Rizwan",
              "bowler": "JR Hazlewood",
              "non_striker": "Babar Azam",
              "runs": {
                "batter": 0,
                "extras": 0,
                "total": 0
              }
            },
            {
              "batter": "Mohammad Rizwan",
              "bowler": "JR Hazlewood",
              "non_striker": "Babar Azam",
              "runs": {
                "batter": 0,
                "extras": 0,
                "total": 0
              }
            }
          ]
        },
        {
          "over": 2,
          "deliveries": [
            {
              "batter": "Babar Azam",
              "bowler": "GJ Maxwell",
              "non_striker": "Mohammad Rizwan",
              "runs": {
                "batter": 0,
                "extras": 0,
                "total": 0
              }
            },
            {
              "batter": "Babar Azam",
              "bowler": "GJ Maxwell",
              "non_striker": "Mohammad Rizwan",
              "runs": {
                "batter": 1,
                "extras": 0,
                "total": 1
              }
            },
            {
              "batter": "Mohammad Rizwan",
              "bowler": "GJ Maxwell",
              "non_striker": "Babar Azam",
              "runs": {
                "batter": 4,
                "extras": 0,
                "total": 4
              }
            },
            {
              "batter": "Mohammad Rizwan",
              "bowler": "GJ Maxwell",
              "non_striker": "Babar Azam",
              "runs": {
                "batter": 1,
                "extras": 0,
                "total": 1
              }
            },
            {
              "batter": "Babar Azam",
              "bowler": "GJ Maxwell",
              "non_striker": "Mohammad Rizwan",
              "runs": {
                "batter": 0,
                "extras": 0,
                "total": 0
              }
            },
            {
              "batter": "Babar Azam",
              "bowler": "GJ Maxwell",
              "non_striker": "Mohammad Rizwan",
              "runs": {
                "batter": 4,
                "extras": 0,
                "total": 4
              }
            }
          ]
        },
        {
          "over": 3,
          "deliveries": [
            {
              "batter": "Mohammad Rizwan",
              "bowler": "PJ Cummins",
              "extras": {
                "wides": 1
              },
              "non_striker": "Babar Azam",
              "runs": {
                "batter": 0,
                "extras": 1,
                "total": 1
              }
            },
            {
              "batter": "Mohammad Rizwan",
              "bowler": "PJ Cummins",
              "non_striker": "Babar Azam",
              "runs": {
                "batter": 1,
                "extras": 0,
                "total": 1
              }
            },
            {
              "batter": "Babar Azam",
              "bowler": "PJ Cummins",
              "non_striker": "Mohammad Rizwan",
              "runs": {
                "batter": 4,
                "extras": 0,
                "total": 4
              }
            },
            {
              "batter": "Babar Azam",
              "bowler": "PJ Cummins",
              "non_striker": "Mohammad Rizwan",
              "runs": {
                "batter": 1,
                "extras": 0,
                "total": 1
              }
            },
            {
              "batter": "Mohammad Rizwan",
              "bowler": "PJ Cummins",
              "non_striker": "Babar Azam",
              "runs": {
                "batter": 1,
                "extras": 0,
                "total": 1
              }
            },
            {
              "batter": "Babar Azam",
              "bowler": "PJ Cummins",
              "non_striker": "Mohammad Rizwan",
              "runs": {
                "batter": 0,
                "extras": 0,
                "total": 0
              }
            },
            {
              "batter": "Babar Azam",
              "bowler": "PJ Cummins",
              "non_striker": "Mohammad Rizwan",
              "runs": {
                "batter": 0,
                "extras": 0,
                "total": 0
              }
            }
          ]
        },
        {
          "over": 4,
          "deliveries": [
            {
              "batter": "Mohammad Rizwan",
              "bowler": "JR Hazlewood",
              "non_striker": "Babar Azam",
              "runs": {
                "batter": 6,
                "extras": 0,
                "total": 6
              }
            },
            {
              "batter": "Mohammad Rizwan",
              "bowler": "JR Hazlewood",
              "non_striker": "Babar Azam",
              "runs": {
                "batter": 1,
                "extras": 0,
                "total": 1
              }
            },
            {
              "batter": "Babar Azam",
              "bowler": "JR Hazlewood",
              "non_striker": "Mohammad Rizwan",
              "runs": {
                "batter": 1,
                "extras": 0,
                "total": 1
              }
            },
            {
              "batter": "Mohammad Rizwan",
              "bowler": "JR Hazlewood",
              "non_striker": "Babar Azam",
              "runs": {
                "batter": 0,
                "extras": 0,
                "total": 0
              }
            },
            {
              "batter": "Mohammad Rizwan",
              "bowler": "JR Hazlewood",
              "non_striker": "Babar Azam",
              "runs": {
                "batter": 1,
                "extras": 0,
                "total": 1
              }
            },
            {
              "batter": "Babar Azam",
              "bowler": "JR Hazlewood",
              "non_striker": "Mohammad Rizwan",
              "runs": {
                "batter": 0,
                "extras": 0,
                "total": 0
              }
            }
          ]
        },
        {
          "over": 5,
          "deliveries": [
            {
              "batter": "Mohammad Rizwan",
              "bowler": "PJ Cummins",
              "non_striker": "Babar Azam",
              "runs": {
                "batter": 1,
                "extras": 0,
                "total": 1
              }
            },
            {
              "batter": "Babar Azam",
              "bowler": "PJ Cummins",
              "non_striker": "Mohammad Rizwan",
              "runs": {
                "batter": 3,
                "extras": 0,
                "total": 3
              }
            },
            {
              "batter": "Mohammad Rizwan",
              "bowler": "PJ Cummins",
              "non_striker": "Babar Azam",
              "runs": {
                "batter": 4,
                "extras": 0,
                "total": 4
              }
            },
            {
              "batter": "Mohammad Rizwan",
              "bowler": "PJ Cummins",
              "non_striker": "Babar Azam",
              "runs": {
                "batter": 0,
                "extras": 0,
                "total": 0
              }
            },
            {
              "batter": "Mohammad Rizwan",
              "bowler": "PJ Cummins",
              "non_striker": "Babar Azam",
              "runs": {
                "batter": 0,
                "extras": 0,
                "total": 0
              }
            },
            {
              "batter": "Mohammad Rizwan",
              "bowler": "PJ Cummins",
              "non_striker": "Babar Azam",
              "runs": {
                "batter": 1,
                "extras": 0,
                "total": 1
              }
            }
          ]
        },
        {
          "over": 6,
          "deliveries": [
            {
              "batter": "Mohammad Rizwan",
              "bowler": "A Zampa",
              "non_striker": "Babar Azam",
              "runs": {
                "batter": 1,
                "extras": 0,
                "total": 1
              }
            },
            {
              "batter": "Babar Azam",
              "bowler": "A Zampa",
              "non_striker": "Mohammad Rizwan",
              "runs": {
                "batter": 1,
                "extras": 0,
                "total": 1
              }
            },
            {
              "batter": "Mohammad Rizwan",
              "bowler": "A Zampa",
              "non_striker": "Babar Azam",
              "runs": {
                "batter": 0,
                "extras": 0,
                "total": 0
              }
            },
            {
              "batter": "Mohammad Rizwan",
              "bowler": "A Zampa",
              "non_striker": "Babar Azam",
              "runs": {
                "batter": 1,
                "extras": 0,
                "total": 1
              }
            },
            {
              "batter": "Babar Azam",
              "bowler": "A Zampa",
              "non_striker": "Mohammad Rizwan",
              "runs": {
                "batter": 0,
                "extras": 0,
                "total": 0
              }
            },
            {
              "batter": "Babar Azam",
              "bowler": "A Zampa",
              "non_striker": "Mohammad Rizwan",
              "runs": {
                "batter": 1,
                "extras": 0,
                "total": 1
              }
            }
          ]
        },
        {
          "over": 7,
          "deliveries": [
            {
              "batter": "Babar Azam",
              "bowler": "MR Marsh",
              "non_striker": "Mohammad Rizwan",
              "runs": {
                "batter": 2,
                "extras": 0,
                "total": 2
              }
            },
            {
              "batter": "Babar Azam",
              "bowler": "MR Marsh",
              "non_striker": "Mohammad Rizwan",
              "runs": {
                "batter": 4,
                "extras": 0,
                "total": 4
              }
            },
            {
              "batter": "Babar Azam",
              "bowler": "MR Marsh",
              "non_striker": "Mohammad Rizwan",
              "runs": {
                "batter": 0,
                "extras": 0,
                "total": 0
              }
            },
            {
              "batter": "Babar Azam",
              "bowler": "MR Marsh",
              "non_striker": "Mohammad Rizwan",
              "runs": {
                "batter": 2,
                "extras": 0,
                "total": 2
              }
            },
            {
              "batter": "Babar Azam",
              "bowler": "MR Marsh",
              "extras": {
                "wides": 1
              },
              "non_striker": "Mohammad Rizwan",
              "runs": {
                "batter": 0,
                "extras": 1,
                "total": 1
              }
            },
            {
              "batter": "Babar Azam",
              "bowler": "MR Marsh",
              "non_striker": "Mohammad Rizwan",
              "runs": {
                "batter": 1,
                "extras": 0,
                "total": 1
              }
            },
            {
              "batter": "Mohammad Rizwan",
              "bowler": "MR Marsh",
              "non_striker": "Babar Azam",
              "runs": {
                "batter": 1,
                "extras": 0,
                "total": 1
              }
            }
          ]
        },
        {
          "over": 8,
          "deliveries": [
            {
              "batter": "Mohammad Rizwan",
              "bowler": "GJ Maxwell",
              "non_striker": "Babar Azam",
              "runs": {
                "batter": 1,
                "extras": 0,
                "total": 1
              }
            },
            {
              "batter": "Babar Azam",
              "bowler": "GJ Maxwell",
              "non_striker": "Mohammad Rizwan",
              "runs": {
                "batter": 1,
                "extras": 0,
                "total": 1
              }
            },
            {
              "batter": "Mohammad Rizwan",
              "bowler": "GJ Maxwell",
              "non_striker": "Babar Azam",
              "runs": {
                "batter": 1,
                "extras": 0,
                "total": 1
              }
            },
            {
              "batter": "Babar Azam",
              "bowler": "GJ Maxwell",
              "non_striker": "Mohammad Rizwan",
              "runs": {
                "batter": 1,
                "extras": 0,
                "total": 1
              }
            },
            {
              "batter": "Mohammad Rizwan",
              "bowler": "GJ Maxwell",
              "non_striker": "Babar Azam",
              "runs": {
                "batter": 1,
                "extras": 0,
                "total": 1
              }
            },
            {
              "batter": "Babar Azam",
              "bowler": "GJ Maxwell",
              "non_striker": "Mohammad Rizwan",
              "runs": {
                "batter": 1,
                "extras": 0,
                "total": 1
              }
            }
          ]
        },
        {
          "over": 9,
          "deliveries": [
            {
              "batter": "Babar Azam",
              "bowler": "A Zampa",
              "non_striker": "Mohammad Rizwan",
              "runs": {
                "batter": 0,
                "extras": 0,
                "total": 0
              }
            },
            {
              "batter": "Babar Azam",
              "bowler": "A Zampa",
              "extras": {
                "wides": 1
              },
              "non_striker": "Mohammad Rizwan",
              "runs": {
                "batter": 0,
                "extras": 1,
                "total": 1
              }
            },
            {
              "batter": "Babar Azam",
              "bowler": "A Zampa",
              "non_striker": "Mohammad Rizwan",
              "runs": {
                "batter": 0,
                "extras": 0,
                "total": 0
              }
            },
            {
              "batter": "Babar Azam",
              "bowler": "A Zampa",
              "non_striker": "Mohammad Rizwan",
              "runs": {
                "batter": 1,
                "extras": 0,
                "total": 1
              }
            },
            {
              "batter": "Mohammad Rizwan",
              "bowler": "A Zampa",
              "non_striker": "Babar Azam",
              "runs": {
                "batter": 1,
                "extras": 0,
                "total": 1
              }
            },
            {
              "batter": "Babar Azam",
              "bowler": "A Zampa",
              "non_striker": "Mohammad Rizwan",
              "runs": {
                "batter": 0,
                "extras": 0,
                "total": 0
              }
            },
            {
              "batter": "Babar Azam",
              "bowler": "A Zampa",
              "non_striker": "Mohammad Rizwan",
              "runs": {
                "batter": 0,
                "extras": 0,
                "total": 0
              },
              "wickets": [
                {
                  "player_out": "Babar Azam",
                  "fielders": [
                    {
                      "name": "DA Warner"
                    }
                  ],
                  "kind": "caught"
                }
              ]
            }
          ]
        },
        {
          "over": 10,
          "deliveries": [
            {
              "batter": "Mohammad Rizwan",
              "bowler": "GJ Maxwell",
              "non_striker": "Fakhar Zaman",
              "runs": {
                "batter": 0,
                "extras": 0,
                "total": 0
              }
            },
            {
              "batter": "Mohammad Rizwan",
              "bowler": "GJ Maxwell",
              "non_striker": "Fakhar Zaman",
              "runs": {
                "batter": 1,
                "extras": 0,
                "total": 1
              }
            },
            {
              "batter": "Fakhar Zaman",
              "bowler": "GJ Maxwell",
              "non_striker": "Mohammad Rizwan",
              "runs": {
                "batter": 0,
                "extras": 0,
                "total": 0
              }
            },
            {
              "batter": "Fakhar Zaman",
              "bowler": "GJ Maxwell",
              "non_striker": "Mohammad Rizwan",
              "runs": {
                "batter": 1,
                "extras": 0,
                "total": 1
              }
            },
            {
              "batter": "Mohammad Rizwan",
              "bowler": "GJ Maxwell",
              "non_striker": "Fakhar Zaman",
              "runs": {
                "batter": 0,
                "extras": 0,
                "total": 0
              }
            },
            {
              "batter": "Mohammad Rizwan",
              "bowler": "GJ Maxwell",
              "non_striker": "Fakhar Zaman",
              "runs": {
                "batter": 2,
                "extras": 0,
                "total": 2
              }
            }
          ]
        },
        {
          "over": 11,
          "deliveries": [
            {
              "batter": "Fakhar Zaman",
              "bowler": "A Zampa",
              "non_striker": "Mohammad Rizwan",
              "runs": {
                "batter": 1,
                "extras": 0,
                "total": 1
              }
            },
            {
              "batter": "Mohammad Rizwan",
              "bowler": "A Zampa",
              "non_striker": "Fakhar Zaman",
              "runs": {
                "batter": 2,
                "extras": 0,
                "total": 2
              }
            },
            {
              "batter": "Mohammad Rizwan",
              "bowler": "A Zampa",
              "non_striker": "Fakhar Zaman",
              "runs": {
                "batter": 6,
                "extras": 0,
                "total": 6
              }
            },
            {
              "batter": "Mohammad Rizwan",
              "bowler": "A Zampa",
              "extras": {
                "byes": 4
              },
              "non_striker": "Fakhar Zaman",
              "runs": {
                "batter": 0,
                "extras": 4,
                "total": 4
              }
            },
            {
              "batter": "Mohammad Rizwan",
              "bowler": "A Zampa",
              "non_striker": "Fakhar Zaman",
              "runs": {
                "batter": 0,
                "extras": 0,
                "total": 0
              }
            },
            {
              "batter": "Mohammad Rizwan",
              "bowler": "A Zampa",
              "non_striker": "Fakhar Zaman",
              "runs": {
                "batter": 1,
                "extras": 0,
                "total": 1
              }
            }
          ]
        },
        {
          "over": 12,
          "deliveries": [
            {
              "batter": "Mohammad Rizwan",
              "bowler": "MA Starc",
              "non_striker": "Fakhar Zaman",
              "runs": {
                "batter": 1,
                "extras": 0,
                "total": 1
              }
            },
            {
              "batter": "Fakhar Zaman",
              "bowler": "MA Starc",
              "non_striker": "Mohammad Rizwan",
              "runs": {
                "batter": 0,
                "extras": 0,
                "total": 0
              }
            },
            {
              "batter": "Fakhar Zaman",
              "bowler": "MA Starc",
              "non_striker": "Mohammad Rizwan",
              "runs": {
                "batter": 1,
                "extras": 0,
                "total": 1
              }
            },
            {
              "batter": "Mohammad Rizwan",
              "bowler": "MA Starc",
              "non_striker": "Fakhar Zaman",
              "runs": {
                "batter": 0,
                "extras": 0,
                "total": 0
              }
            },
            {
              "batter": "Mohammad Rizwan",
              "bowler": "MA Starc",
              "non_striker": "Fakhar Zaman",
              "runs": {
                "batter": 1,
                "extras": 0,
                "total": 1
              }
            },
            {
              "batter": "Fakhar Zaman",
              "bowler": "MA Starc",
              "non_striker": "Mohammad Rizwan",
              "runs": {
                "batter": 0,
                "extras": 0,
                "total": 0
              }
            }
          ]
        },
        {
          "over": 13,
          "deliveries": [
            {
              "batter": "Mohammad Rizwan",
              "bowler": "JR Hazlewood",
              "non_striker": "Fakhar Zaman",
              "runs": {
                "batter": 1,
                "extras": 0,
                "total": 1
              }
            },
            {
              "batter": "Fakhar Zaman",
              "bowler": "JR Hazlewood",
              "extras": {
                "wides": 1
              },
              "non_striker": "Mohammad Rizwan",
              "runs": {
                "batter": 0,
                "extras": 1,
                "total": 1
              }
            },
            {
              "batter": "Fakhar Zaman",
              "bowler": "JR Hazlewood",
              "non_striker": "Mohammad Rizwan",
              "runs": {
                "batter": 4,
                "extras": 0,
                "total": 4
              }
            },
            {
              "batter": "Fakhar Zaman",
              "bowler": "JR Hazlewood",
              "non_striker": "Mohammad Rizwan",
              "runs": {
                "batter": 0,
                "extras": 0,
                "total": 0
              }
            },
            {
              "batter": "Fakhar Zaman",
              "bowler": "JR Hazlewood",
              "non_striker": "Mohammad Rizwan",
              "runs": {
                "batter": 1,
                "extras": 0,
                "total": 1
              }
            },
            {
              "batter": "Mohammad Rizwan",
              "bowler": "JR Hazlewood",
              "non_striker": "Fakhar Zaman",
              "runs": {
                "batter": 6,
                "extras": 0,
                "total": 6
              }
            },
            {
              "batter": "Mohammad Rizwan",
              "bowler": "JR Hazlewood",
              "non_striker": "Fakhar Zaman",
              "runs": {
                "batter": 1,
                "extras": 0,
                "total": 1
              }
            }
          ]
        },
        {
          "over": 14,
          "deliveries": [
            {
              "batter": "Mohammad Rizwan",
              "bowler": "PJ Cummins",
              "non_striker": "Fakhar Zaman",
              "runs": {
                "batter": 1,
                "extras": 0,
                "total": 1
              }
            },
            {
              "batter": "Fakhar Zaman",
              "bowler": "PJ Cummins",
              "extras": {
                "noballs": 1
              },
              "non_striker": "Mohammad Rizwan",
              "runs": {
                "batter": 4,
                "extras": 1,
                "total": 5
              }
            },
            {
              "batter": "Fakhar Zaman",
              "bowler": "PJ Cummins",
              "non_striker": "Mohammad Rizwan",
              "runs": {
                "batter": 1,
                "extras": 0,
                "total": 1
              }
            },
            {
              "batter": "Mohammad Rizwan",
              "bowler": "PJ Cummins",
              "non_striker": "Fakhar Zaman",
              "runs": {
                "batter": 1,
                "extras": 0,
                "total": 1
              }
            },
            {
              "batter": "Fakhar Zaman",
              "bowler": "PJ Cummins",
              "non_striker": "Mohammad Rizwan",
              "runs": {
                "batter": 1,
                "extras": 0,
                "total": 1
              }
            },
            {
              "batter": "Mohammad Rizwan",
              "bowler": "PJ Cummins",
              "non_striker": "Fakhar Zaman",
              "runs": {
                "batter": 0,
                "extras": 0,
                "total": 0
              }
            },
            {
              "batter": "Mohammad Rizwan",
              "bowler": "PJ Cummins",
              "non_striker": "Fakhar Zaman",
              "runs": {
                "batter": 2,
                "extras": 0,
                "total": 2
              }
            }
          ]
        },
        {
          "over": 15,
          "deliveries": [
            {
              "batter": "Fakhar Zaman",
              "bowler": "A Zampa",
              "non_striker": "Mohammad Rizwan",
              "runs": {
                "batter": 1,
                "extras": 0,
                "total": 1
              }
            },
            {
              "batter": "Mohammad Rizwan",
              "bowler": "A Zampa",
              "non_striker": "Fakhar Zaman",
              "runs": {
                "batter": 1,
                "extras": 0,
                "total": 1
              }
            },
            {
              "batter": "Fakhar Zaman",
              "bowler": "A Zampa",
              "non_striker": "Mohammad Rizwan",
              "runs": {
                "batter": 1,
                "extras": 0,
                "total": 1
              }
            },
            {
              "batter": "Mohammad Rizwan",
              "bowler": "A Zampa",
              "non_striker": "Fakhar Zaman",
              "runs": {
                "batter": 1,
                "extras": 0,
                "total": 1
              }
            },
            {
              "batter": "Fakhar Zaman",
              "bowler": "A Zampa",
              "non_striker": "Mohammad Rizwan",
              "runs": {
                "batter": 0,
                "extras": 0,
                "total": 0
              }
            },
            {
              "batter": "Fakhar Zaman",
              "bowler": "A Zampa",
              "non_striker": "Mohammad Rizwan",
              "runs": {
                "batter": 1,
                "extras": 0,
                "total": 1
              }
            }
          ]
        },
        {
          "over": 16,
          "deliveries": [
            {
              "batter": "Fakhar Zaman",
              "bowler": "JR Hazlewood",
              "non_striker": "Mohammad Rizwan",
              "runs": {
                "batter": 0,
                "extras": 0,
                "total": 0
              }
            },
            {
              "batter": "Fakhar Zaman",
              "bowler": "JR Hazlewood",
              "non_striker": "Mohammad Rizwan",
              "runs": {
                "batter": 6,
                "extras": 0,
                "total": 6
              }
            },
            {
              "batter": "Fakhar Zaman",
              "bowler": "JR Hazlewood",
              "non_striker": "Mohammad Rizwan",
              "runs": {
                "batter": 2,
                "extras": 0,
                "total": 2
              }
            },
            {
              "batter": "Fakhar Zaman",
              "bowler": "JR Hazlewood",
              "non_striker": "Mohammad Rizwan",
              "runs": {
                "batter": 1,
                "extras": 0,
                "total": 1
              }
            },
            {
              "batter": "Mohammad Rizwan",
              "bowler": "JR Hazlewood",
              "extras": {
                "noballs": 1
              },
              "non_striker": "Fakhar Zaman",
              "runs": {
                "batter": 4,
                "extras": 1,
                "total": 5
              }
            },
            {
              "batter": "Mohammad Rizwan",
              "bowler": "JR Hazlewood",
              "non_striker": "Fakhar Zaman",
              "runs": {
                "batter": 6,
                "extras": 0,
                "total": 6
              }
            },
            {
              "batter": "Mohammad Rizwan",
              "bowler": "JR Hazlewood",
              "non_striker": "Fakhar Zaman",
              "runs": {
                "batter": 1,
                "extras": 0,
                "total": 1
              }
            }
          ]
        },
        {
          "over": 17,
          "deliveries": [
            {
              "batter": "Mohammad Rizwan",
              "bowler": "MA Starc",
              "non_striker": "Fakhar Zaman",
              "runs": {
                "batter": 0,
                "extras": 0,
                "total": 0
              }
            },
            {
              "batter": "Mohammad Rizwan",
              "bowler": "MA Starc",
              "non_striker": "Fakhar Zaman",
              "runs": {
                "batter": 0,
                "extras": 0,
                "total": 0
              },
              "wickets": [
                {
                  "player_out": "Mohammad Rizwan",
                  "fielders": [
                    {
                      "name": "SPD Smith"
                    }
                  ],
                  "kind": "caught"
                }
              ]
            },
            {
              "batter": "Fakhar Zaman",
              "bowler": "MA Starc",
              "non_striker": "Asif Ali",
              "runs": {
                "batter": 6,
                "extras": 0,
                "total": 6
              }
            },
            {
              "batter": "Fakhar Zaman",
              "bowler": "MA Starc",
              "non_striker": "Asif Ali",
              "runs": {
                "batter": 2,
                "extras": 0,
                "total": 2
              }
            },
            {
              "batter": "Fakhar Zaman",
              "bowler": "MA Starc",
              "non_striker": "Asif Ali",
              "runs": {
                "batter": 4,
                "extras": 0,
                "total": 4
              }
            },
            {
              "batter": "Fakhar Zaman",
              "bowler": "MA Starc",
              "extras": {
                "wides": 1
              },
              "non_striker": "Asif Ali",
              "runs": {
                "batter": 0,
                "extras": 1,
                "total": 1
              }
            },
            {
              "batter": "Fakhar Zaman",
              "bowler": "MA Starc",
              "non_striker": "Asif Ali",
              "runs": {
                "batter": 2,
                "extras": 0,
                "total": 2
              }
            }
          ]
        },
        {
          "over": 18,
          "deliveries": [
            {
              "batter": "Asif Ali",
              "bowler": "PJ Cummins",
              "non_striker": "Fakhar Zaman",
              "runs": {
                "batter": 0,
                "extras": 0,
                "total": 0
              },
              "wickets": [
                {
                  "player_out": "Asif Ali",
                  "fielders": [
                    {
                      "name": "SPD Smith"
                    }
                  ],
                  "kind": "caught"
                }
              ]
            },
            {
              "batter": "Fakhar Zaman",
              "bowler": "PJ Cummins",
              "non_striker": "Shoaib Malik",
              "runs": {
                "batter": 1,
                "extras": 0,
                "total": 1
              }
            },
            {
              "batter": "Shoaib Malik",
              "bowler": "PJ Cummins",
              "non_striker": "Fakhar Zaman",
              "runs": {
                "batter": 1,
                "extras": 0,
                "total": 1
              }
            },
            {
              "batter": "Fakhar Zaman",
              "bowler": "PJ Cummins",
              "non_striker": "Shoaib Malik",
              "runs": {
                "batter": 0,
                "extras": 0,
                "total": 0
              }
            },
            {
              "batter": "Fakhar Zaman",
              "bowler": "PJ Cummins",
              "non_striker": "Shoaib Malik",
              "runs": {
                "batter": 0,
                "extras": 0,
                "total": 0
              }
            },
            {
              "batter": "Fakhar Zaman",
              "bowler": "PJ Cummins",
              "extras": {
                "legbyes": 1
              },
              "non_striker": "Shoaib Malik",
              "runs": {
                "batter": 0,
                "extras": 1,
                "total": 1
              }
            }
          ]
        },
        {
          "over": 19,
          "deliveries": [
            {
              "batter": "Fakhar Zaman",
              "bowler": "MA Starc",
              "non_striker": "Shoaib Malik",
              "runs": {
                "batter": 1,
                "extras": 0,
                "total": 1
              }
            },
            {
              "batter": "Shoaib Malik",
              "bowler": "MA Starc",
              "non_striker": "Fakhar Zaman",
              "runs": {
                "batter": 0,
                "extras": 0,
                "total": 0
              },
              "wickets": [
                {
                  "player_out": "Shoaib Malik",
                  "kind": "bowled"
                }
              ]
            },
            {
              "batter": "Mohammad Hafeez",
              "bowler": "MA Starc",
              "non_striker": "Fakhar Zaman",
              "runs": {
                "batter": 1,
                "extras": 0,
                "total": 1
              }
            },
            {
              "batter": "Fakhar Zaman",
              "bowler": "MA Starc",
              "non_striker": "Mohammad Hafeez",
              "runs": {
                "batter": 6,
                "extras": 0,
                "total": 6
              }
            },
            {
              "batter": "Fakhar Zaman",
              "bowler": "MA Starc",
              "non_striker": "Mohammad Hafeez",
              "runs": {
                "batter": 6,
                "extras": 0,
                "total": 6
              }
            },
            {
              "batter": "Fakhar Zaman",
              "bowler": "MA Starc",
              "non_striker": "Mohammad Hafeez",
              "runs": {
                "batter": 1,
                "extras": 0,
                "total": 1
              }
            }
          ]
        }
      ],
      "powerplays": [
        {
          "from": 0.1,
          "to": 5.6,
          "type": "mandatory"
        }
      ]
    },
    {
      "team": "Australia",
      "overs": [
        {
          "over": 0,
          "deliveries": [
            {
              "batter": "DA Warner",
              "bowler": "Shaheen Shah Afridi",
              "non_striker": "AJ Finch",
              "runs": {
                "batter": 0,
                "extras": 0,
                "total": 0
              }
            },
            {
              "batter": "DA Warner",
              "bowler": "Shaheen Shah Afridi",
              "non_striker": "AJ Finch",
              "runs": {
                "batter": 1,
                "extras": 0,
                "total": 1
              }
            },
            {
              "batter": "AJ Finch",
              "bowler": "Shaheen Shah Afridi",
              "non_striker": "DA Warner",
              "runs": {
                "batter": 0,
                "extras": 0,
                "total": 0
              },
              "wickets": [
                {
                  "player_out": "AJ Finch",
                  "kind": "lbw"
                }
              ]
            },
            {
              "batter": "MR Marsh",
              "bowler": "Shaheen Shah Afridi",
              "non_striker": "DA Warner",
              "review": {
                "by": "Pakistan",
                "umpire": "CB Gaffaney",
                "batter": "MR Marsh",
                "decision": "struck down",
                "umpires_call": true
              },
              "runs": {
                "batter": 0,
                "extras": 0,
                "total": 0
              }
            },
            {
              "batter": "MR Marsh",
              "bowler": "Shaheen Shah Afridi",
              "non_striker": "DA Warner",
              "runs": {
                "batter": 0,
                "extras": 0,
                "total": 0
              }
            },
            {
              "batter": "MR Marsh",
              "bowler": "Shaheen Shah Afridi",
              "non_striker": "DA Warner",
              "runs": {
                "batter": 0,
                "extras": 0,
                "total": 0
              }
            }
          ]
        },
        {
          "over": 1,
          "deliveries": [
            {
              "batter": "DA Warner",
              "bowler": "Imad Wasim",
              "non_striker": "MR Marsh",
              "runs": {
                "batter": 0,
                "extras": 0,
                "total": 0
              }
            },
            {
              "batter": "DA Warner",
              "bowler": "Imad Wasim",
              "non_striker": "MR Marsh",
              "runs": {
                "batter": 1,
                "extras": 0,
                "total": 1
              }
            },
            {
              "batter": "MR Marsh",
              "bowler": "Imad Wasim",
              "non_striker": "DA Warner",
              "runs": {
                "batter": 0,
                "extras": 0,
                "total": 0
              }
            },
            {
              "batter": "MR Marsh",
              "bowler": "Imad Wasim",
              "non_striker": "DA Warner",
              "runs": {
                "batter": 1,
                "extras": 0,
                "total": 1
              }
            },
            {
              "batter": "DA Warner",
              "bowler": "Imad Wasim",
              "non_striker": "MR Marsh",
              "runs": {
                "batter": 1,
                "extras": 0,
                "total": 1
              }
            },
            {
              "batter": "MR Marsh",
              "bowler": "Imad Wasim",
              "non_striker": "DA Warner",
              "runs": {
                "batter": 2,
                "extras": 0,
                "total": 2
              }
            }
          ]
        },
        {
          "over": 2,
          "deliveries": [
            {
              "batter": "DA Warner",
              "bowler": "Shaheen Shah Afridi",
              "non_striker": "MR Marsh",
              "runs": {
                "batter": 0,
                "extras": 0,
                "total": 0
              }
            },
            {
              "batter": "DA Warner",
              "bowler": "Shaheen Shah Afridi",
              "extras": {
                "noballs": 1
              },
              "non_striker": "MR Marsh",
              "runs": {
                "batter": 1,
                "extras": 1,
                "total": 2
              }
            },
            {
              "batter": "MR Marsh",
              "bowler": "Shaheen Shah Afridi",
              "non_striker": "DA Warner",
              "runs": {
                "batter": 0,
                "extras": 0,
                "total": 0
              }
            },
            {
              "batter": "MR Marsh",
              "bowler": "Shaheen Shah Afridi",
              "non_striker": "DA Warner",
              "runs": {
                "batter": 4,
                "extras": 0,
                "total": 4
              }
            },
            {
              "batter": "MR Marsh",
              "bowler": "Shaheen Shah Afridi",
              "non_striker": "DA Warner",
              "runs": {
                "batter": 0,
                "extras": 0,
                "total": 0
              }
            },
            {
              "batter": "MR Marsh",
              "bowler": "Shaheen Shah Afridi",
              "non_striker": "DA Warner",
              "runs": {
                "batter": 1,
                "extras": 0,
                "total": 1
              }
            },
            {
              "batter": "DA Warner",
              "bowler": "Shaheen Shah Afridi",
              "non_striker": "MR Marsh",
              "runs": {
                "batter": 0,
                "extras": 0,
                "total": 0
              }
            }
          ]
        },
        {
          "over": 3,
          "deliveries": [
            {
              "batter": "MR Marsh",
              "bowler": "Imad Wasim",
              "non_striker": "DA Warner",
              "runs": {
                "batter": 1,
                "extras": 0,
                "total": 1
              }
            },
            {
              "batter": "DA Warner",
              "bowler": "Imad Wasim",
              "non_striker": "MR Marsh",
              "runs": {
                "batter": 6,
                "extras": 0,
                "total": 6
              }
            },
            {
              "batter": "DA Warner",
              "bowler": "Imad Wasim",
              "non_striker": "MR Marsh",
              "runs": {
                "batter": 4,
                "extras": 0,
                "total": 4
              }
            },
            {
              "batter": "DA Warner",
              "bowler": "Imad Wasim",
              "non_striker": "MR Marsh",
              "runs": {
                "batter": 4,
                "extras": 0,
                "total": 4
              }
            },
            {
              "batter": "DA Warner",
              "bowler": "Imad Wasim",
              "non_striker": "MR Marsh",
              "runs": {
                "batter": 1,
                "extras": 0,
                "total": 1
              }
            },
            {
              "batter": "MR Marsh",
              "bowler": "Imad Wasim",
              "non_striker": "DA Warner",
              "runs": {
                "batter": 1,
                "extras": 0,
                "total": 1
              }
            }
          ]
        },
        {
          "over": 4,
          "deliveries": [
            {
              "batter": "MR Marsh",
              "bowler": "Haris Rauf",
              "non_striker": "DA Warner",
              "runs": {
                "batter": 6,
                "extras": 0,
                "total": 6
              }
            },
            {
              "batter": "MR Marsh",
              "bowler": "Haris Rauf",
              "non_striker": "DA Warner",
              "runs": {
                "batter": 4,
                "extras": 0,
                "total": 4
              }
            },
            {
              "batter": "MR Marsh",
              "bowler": "Haris Rauf",
              "non_striker": "DA Warner",
              "runs": {
                "batter": 1,
                "extras": 0,
                "total": 1
              }
            },
            {
              "batter": "DA Warner",
              "bowler": "Haris Rauf",
              "non_striker": "MR Marsh",
              "runs": {
                "batter": 1,
                "extras": 0,
                "total": 1
              }
            },
            {
              "batter": "MR Marsh",
              "bowler": "Haris Rauf",
              "non_striker": "DA Warner",
              "runs": {
                "batter": 1,
                "extras": 0,
                "total": 1
              }
            },
            {
              "batter": "DA Warner",
              "bowler": "Haris Rauf",
              "non_striker": "MR Marsh",
              "runs": {
                "batter": 1,
                "extras": 0,
                "total": 1
              }
            }
          ]
        },
        {
          "over": 5,
          "deliveries": [
            {
              "batter": "DA Warner",
              "bowler": "Hasan Ali",
              "non_striker": "MR Marsh",
              "runs": {
                "batter": 1,
                "extras": 0,
                "total": 1
              }
            },
            {
              "batter": "MR Marsh",
              "bowler": "Hasan Ali",
              "non_striker": "DA Warner",
              "runs": {
                "batter": 4,
                "extras": 0,
                "total": 4
              }
            },
            {
              "batter": "MR Marsh",
              "bowler": "Hasan Ali",
              "non_striker": "DA Warner",
              "runs": {
                "batter": 1,
                "extras": 0,
                "total": 1
              }
            },
            {
              "batter": "DA Warner",
              "bowler": "Hasan Ali",
              "non_striker": "MR Marsh",
              "runs": {
                "batter": 1,
                "extras": 0,
                "total": 1
              }
            },
            {
              "batter": "MR Marsh",
              "bowler": "Hasan Ali",
              "non_striker": "DA Warner",
              "runs": {
                "batter": 0,
                "extras": 0,
                "total": 0
              }
            },
            {
              "batter": "MR Marsh",
              "bowler": "Hasan Ali",
              "non_striker": "DA Warner",
              "runs": {
                "batter": 1,
                "extras": 0,
                "total": 1
              }
            }
          ]
        },
        {
          "over": 6,
          "deliveries": [
            {
              "batter": "MR Marsh",
              "bowler": "Shadab Khan",
              "non_striker": "DA Warner",
              "runs": {
                "batter": 0,
                "extras": 0,
                "total": 0
              }
            },
            {
              "batter": "MR Marsh",
              "bowler": "Shadab Khan",
              "non_striker": "DA Warner",
              "runs": {
                "batter": 0,
                "extras": 0,
                "total": 0
              },
              "wickets": [
                {
                  "player_out": "MR Marsh",
                  "fielders": [
                    {
                      "name": "Asif Ali"
                    }
                  ],
                  "kind": "caught"
                }
              ]
            },
            {
              "batter": "DA Warner",
              "bowler": "Shadab Khan",
              "non_striker": "SPD Smith",
              "runs": {
                "batter": 1,
                "extras": 0,
                "total": 1
              }
            },
            {
              "batter": "SPD Smith",
              "bowler": "Shadab Khan",
              "non_striker": "DA Warner",
              "runs": {
                "batter": 0,
                "extras": 0,
                "total": 0
              }
            },
            {
              "batter": "SPD Smith",
              "bowler": "Shadab Khan",
              "non_striker": "DA Warner",
              "runs": {
                "batter": 4,
                "extras": 0,
                "total": 4
              }
            },
            {
              "batter": "SPD Smith",
              "bowler": "Shadab Khan",
              "non_striker": "DA Warner",
              "runs": {
                "batter": 0,
                "extras": 0,
                "total": 0
              }
            }
          ]
        },
        {
          "over": 7,
          "deliveries": [
            {
              "batter": "DA Warner",
              "bowler": "Mohammad Hafeez",
              "extras": {
                "noballs": 1
              },
              "non_striker": "SPD Smith",
              "runs": {
                "batter": 6,
                "extras": 1,
                "total": 7
              }
            },
            {
              "batter": "DA Warner",
              "bowler": "Mohammad Hafeez",
              "non_striker": "SPD Smith",
              "runs": {
                "batter": 2,
                "extras": 0,
                "total": 2
              }
            },
            {
              "batter": "DA Warner",
              "bowler": "Mohammad Hafeez",
              "non_striker": "SPD Smith",
              "runs": {
                "batter": 1,
                "extras": 0,
                "total": 1
              }
            },
            {
              "batter": "SPD Smith",
              "bowler": "Mohammad Hafeez",
              "extras": {
                "wides": 1
              },
              "non_striker": "DA Warner",
              "runs": {
                "batter": 0,
                "extras": 1,
                "total": 1
              }
            },
            {
              "batter": "SPD Smith",
              "bowler": "Mohammad Hafeez",
              "non_striker": "DA Warner",
              "runs": {
                "batter": 1,
                "extras": 0,
                "total": 1
              }
            },
            {
              "batter": "DA Warner",
              "bowler": "Mohammad Hafeez",
              "non_striker": "SPD Smith",
              "runs": {
                "batter": 0,
                "extras": 0,
                "total": 0
              }
            },
            {
              "batter": "DA Warner",
              "bowler": "Mohammad Hafeez",
              "non_striker": "SPD Smith",
              "runs": {
                "batter": 1,
                "extras": 0,
                "total": 1
              }
            },
            {
              "batter": "SPD Smith",
              "bowler": "Mohammad Hafeez",
              "non_striker": "DA Warner",
              "runs": {
                "batter": 0,
                "extras": 0,
                "total": 0
              }
            }
          ]
        },
        {
          "over": 8,
          "deliveries": [
            {
              "batter": "DA Warner",
              "bowler": "Shadab Khan",
              "non_striker": "SPD Smith",
              "runs": {
                "batter": 6,
                "extras": 0,
                "total": 6
              }
            },
            {
              "batter": "DA Warner",
              "bowler": "Shadab Khan",
              "non_striker": "SPD Smith",
              "runs": {
                "batter": 1,
                "extras": 0,
                "total": 1
              }
            },
            {
              "batter": "SPD Smith",
              "bowler": "Shadab Khan",
              "non_striker": "DA Warner",
              "runs": {
                "batter": 0,
                "extras": 0,
                "total": 0
              },
              "wickets": [
                {
                  "player_out": "SPD Smith",
                  "fielders": [
                    {
                      "name": "Fakhar Zaman"
                    }
                  ],
                  "kind": "caught"
                }
              ]
            },
            {
              "batter": "DA Warner",
              "bowler": "Shadab Khan",
              "non_striker": "GJ Maxwell",
              "runs": {
                "batter": 1,
                "extras": 0,
                "total": 1
              }
            },
            {
              "batter": "GJ Maxwell",
              "bowler": "Shadab Khan",
              "non_striker": "DA Warner",
              "runs": {
                "batter": 1,
                "extras": 0,
                "total": 1
              }
            },
            {
              "batter": "DA Warner",
              "bowler": "Shadab Khan",
              "non_striker": "GJ Maxwell",
              "runs": {
                "batter": 1,
                "extras": 0,
                "total": 1
              }
            }
          ]
        },
        {
          "over": 9,
          "deliveries": [
            {
              "batter": "DA Warner",
              "bowler": "Hasan Ali",
              "non_striker": "GJ Maxwell",
              "runs": {
                "batter": 4,
                "extras": 0,
                "total": 4
              }
            },
            {
              "batter": "DA Warner",
              "bowler": "Hasan Ali",
              "non_striker": "GJ Maxwell",
              "runs": {
                "batter": 1,
                "extras": 0,
                "total": 1
              }
            },
            {
              "batter": "GJ Maxwell",
              "bowler": "Hasan Ali",
              "non_striker": "DA Warner",
              "runs": {
                "batter": 0,
                "extras": 0,
                "total": 0
              }
            },
            {
              "batter": "GJ Maxwell",
              "bowler": "Hasan Ali",
              "non_striker": "DA Warner",
              "runs": {
                "batter": 2,
                "extras": 0,
                "total": 2
              }
            },
            {
              "batter": "GJ Maxwell",
              "bowler": "Hasan Ali",
              "non_striker": "DA Warner",
              "runs": {
                "batter": 1,
                "extras": 0,
                "total": 1
              }
            },
            {
              "batter": "DA Warner",
              "bowler": "Hasan Ali",
              "non_striker": "GJ Maxwell",
              "runs": {
                "batter": 1,
                "extras": 0,
                "total": 1
              }
            }
          ]
        },
        {
          "over": 10,
          "deliveries": [
            {
              "batter": "DA Warner",
              "bowler": "Shadab Khan",
              "non_striker": "GJ Maxwell",
              "runs": {
                "batter": 0,
                "extras": 0,
                "total": 0
              },
              "wickets": [
                {
                  "player_out": "DA Warner",
                  "fielders": [
                    {
                      "name": "Mohammad Rizwan"
                    }
                  ],
                  "kind": "caught"
                }
              ]
            },
            {
              "batter": "MP Stoinis",
              "bowler": "Shadab Khan",
              "non_striker": "GJ Maxwell",
              "runs": {
                "batter": 1,
                "extras": 0,
                "total": 1
              }
            },
            {
              "batter": "GJ Maxwell",
              "bowler": "Shadab Khan",
              "non_striker": "MP Stoinis",
              "runs": {
                "batter": 0,
                "extras": 0,
                "total": 0
              }
            },
            {
              "batter": "GJ Maxwell",
              "bowler": "Shadab Khan",
              "non_striker": "MP Stoinis",
              "runs": {
                "batter": 0,
                "extras": 0,
                "total": 0
              }
            },
            {
              "batter": "GJ Maxwell",
              "bowler": "Shadab Khan",
              "non_striker": "MP Stoinis",
              "runs": {
                "batter": 1,
                "extras": 0,
                "total": 1
              }
            },
            {
              "batter": "MP Stoinis",
              "bowler": "Shadab Khan",
              "non_striker": "GJ Maxwell",
              "runs": {
                "batter": 1,
                "extras": 0,
                "total": 1
              }
            }
          ]
        },
        {
          "over": 11,
          "deliveries": [
            {
              "batter": "MP Stoinis",
              "bowler": "Imad Wasim",
              "non_striker": "GJ Maxwell",
              "runs": {
                "batter": 0,
                "extras": 0,
                "total": 0
              }
            },
            {
              "batter": "MP Stoinis",
              "bowler": "Imad Wasim",
              "non_striker": "GJ Maxwell",
              "runs": {
                "batter": 0,
                "extras": 0,
                "total": 0
              }
            },
            {
              "batter": "MP Stoinis",
              "bowler": "Imad Wasim",
              "non_striker": "GJ Maxwell",
              "runs": {
                "batter": 0,
                "extras": 0,
                "total": 0
              }
            },
            {
              "batter": "MP Stoinis",
              "bowler": "Imad Wasim",
              "non_striker": "GJ Maxwell",
              "runs": {
                "batter": 1,
                "extras": 0,
                "total": 1
              }
            },
            {
              "batter": "GJ Maxwell",
              "bowler": "Imad Wasim",
              "non_striker": "MP Stoinis",
              "runs": {
                "batter": 0,
                "extras": 0,
                "total": 0
              }
            },
            {
              "batter": "GJ Maxwell",
              "bowler": "Imad Wasim",
              "non_striker": "MP Stoinis",
              "runs": {
                "batter": 2,
                "extras": 0,
                "total": 2
              }
            }
          ]
        },
        {
          "over": 12,
          "deliveries": [
            {
              "batter": "MP Stoinis",
              "bowler": "Shadab Khan",
              "non_striker": "GJ Maxwell",
              "runs": {
                "batter": 1,
                "extras": 0,
                "total": 1
              }
            },
            {
              "batter": "GJ Maxwell",
              "bowler": "Shadab Khan",
              "non_striker": "MP Stoinis",
              "runs": {
                "batter": 0,
                "extras": 0,
                "total": 0
              },
              "wickets": [
                {
                  "player_out": "GJ Maxwell",
                  "fielders": [
                    {
                      "name": "Haris Rauf"
                    }
                  ],
                  "kind": "caught"
                }
              ]
            },
            {
              "batter": "MP Stoinis",
              "bowler": "Shadab Khan",
              "non_striker": "MS Wade",
              "runs": {
                "batter": 6,
                "extras": 0,
                "total": 6
              }
            },
            {
              "batter": "MP Stoinis",
              "bowler": "Shadab Khan",
              "non_striker": "MS Wade",
              "runs": {
                "batter": 0,
                "extras": 0,
                "total": 0
              }
            },
            {
              "batter": "MP Stoinis",
              "bowler": "Shadab Khan",
              "non_striker": "MS Wade",
              "runs": {
                "batter": 1,
                "extras": 0,
                "total": 1
              }
            },
            {
              "batter": "MS Wade",
              "bowler": "Shadab Khan",
              "non_striker": "MP Stoinis",
              "runs": {
                "batter": 0,
                "extras": 0,
                "total": 0
              }
            }
          ]
        },
        {
          "over": 13,
          "deliveries": [
            {
              "batter": "MP Stoinis",
              "bowler": "Haris Rauf",
              "non_striker": "MS Wade",
              "runs": {
                "batter": 0,
                "extras": 0,
                "total": 0
              }
            },
            {
              "batter": "MP Stoinis",
              "bowler": "Haris Rauf",
              "extras": {
                "legbyes": 1
              },
              "non_striker": "MS Wade",
              "runs": {
                "batter": 0,
                "extras": 1,
                "total": 1
              }
            },
            {
              "batter": "MS Wade",
              "bowler": "Haris Rauf",
              "non_striker": "MP Stoinis",
              "runs": {
                "batter": 0,
                "extras": 0,
                "total": 0
              }
            },
            {
              "batter": "MS Wade",
              "bowler": "Haris Rauf",
              "non_striker": "MP Stoinis",
              "runs": {
                "batter": 4,
                "extras": 0,
                "total": 4
              }
            },
            {
              "batter": "MS Wade",
              "bowler": "Haris Rauf",
              "non_striker": "MP Stoinis",
              "runs": {
                "batter": 1,
                "extras": 0,
                "total": 1
              }
            },
            {
              "batter": "MP Stoinis",
              "bowler": "Haris Rauf",
              "non_striker": "MS Wade",
              "runs": {
                "batter": 0,
                "extras": 0,
                "total": 0
              }
            }
          ]
        },
        {
          "over": 14,
          "deliveries": [
            {
              "batter": "MS Wade",
              "bowler": "Shaheen Shah Afridi",
              "non_striker": "MP Stoinis",
              "runs": {
                "batter": 1,
                "extras": 0,
                "total": 1
              }
            },
            {
              "batter": "MP Stoinis",
              "bowler": "Shaheen Shah Afridi",
              "non_striker": "MS Wade",
              "runs": {
                "batter": 1,
                "extras": 0,
                "total": 1
              }
            },
            {
              "batter": "MS Wade",
              "bowler": "Shaheen Shah Afridi",
              "non_striker": "MP Stoinis",
              "runs": {
                "batter": 0,
                "extras": 0,
                "total": 0
              }
            },
            {
              "batter": "MS Wade",
              "bowler": "Shaheen Shah Afridi",
              "non_striker": "MP Stoinis",
              "runs": {
                "batter": 1,
                "extras": 0,
                "total": 1
              }
            },
            {
              "batter": "MP Stoinis",
              "bowler": "Shaheen Shah Afridi",
              "non_striker": "MS Wade",
              "runs": {
                "batter": 2,
                "extras": 0,
                "total": 2
              }
            },
            {
              "batter": "MP Stoinis",
              "bowler": "Shaheen Shah Afridi",
              "non_striker": "MS Wade",
              "runs": {
                "batter": 1,
                "extras": 0,
                "total": 1
              }
            }
          ]
        },
        {
          "over": 15,
          "deliveries": [
            {
              "batter": "MP Stoinis",
              "bowler": "Hasan Ali",
              "non_striker": "MS Wade",
              "runs": {
                "batter": 4,
                "extras": 0,
                "total": 4
              }
            },
            {
              "batter": "MP Stoinis",
              "bowler": "Hasan Ali",
              "extras": {
                "noballs": 1
              },
              "non_striker": "MS Wade",
              "runs": {
                "batter": 2,
                "extras": 1,
                "total": 3
              }
            },
            {
              "batter": "MP Stoinis",
              "bowler": "Hasan Ali",
              "non_striker": "MS Wade",
              "runs": {
                "batter": 2,
                "extras": 0,
                "total": 2
              }
            },
            {
              "batter": "MP Stoinis",
              "bowler": "Hasan Ali",
              "non_striker": "MS Wade",
              "runs": {
                "batter": 1,
                "extras": 0,
                "total": 1
              }
            },
            {
              "batter": "MS Wade",
              "bowler": "Hasan Ali",
              "non_striker": "MP Stoinis",
              "runs": {
                "batter": 1,
                "extras": 0,
                "total": 1
              }
            },
            {
              "batter": "MP Stoinis",
              "bowler": "Hasan Ali",
              "non_striker": "MS Wade",
              "runs": {
                "batter": 1,
                "extras": 0,
                "total": 1
              }
            },
            {
              "batter": "MS Wade",
              "bowler": "Hasan Ali",
              "non_striker": "MP Stoinis",
              "runs": {
                "batter": 0,
                "extras": 0,
                "total": 0
              }
            }
          ]
        },
        {
          "over": 16,
          "deliveries": [
            {
              "batter": "MP Stoinis",
              "bowler": "Haris Rauf",
              "non_striker": "MS Wade",
              "runs": {
                "batter": 0,
                "extras": 0,
                "total": 0
              }
            },
            {
              "batter": "MP Stoinis",
              "bowler": "Haris Rauf",
              "non_striker": "MS Wade",
              "runs": {
                "batter": 2,
                "extras": 0,
                "total": 2
              }
            },
            {
              "batter": "MP Stoinis",
              "bowler": "Haris Rauf",
              "non_striker": "MS Wade",
              "runs": {
                "batter": 6,
                "extras": 0,
                "total": 6
              }
            },
            {
              "batter": "MP Stoinis",
              "bowler": "Haris Rauf",
              "non_striker": "MS Wade",
              "runs": {
                "batter": 4,
                "extras": 0,
                "total": 4
              }
            },
            {
              "batter": "MP Stoinis",
              "bowler": "Haris Rauf",
              "non_striker": "MS Wade",
              "runs": {
                "batter": 0,
                "extras": 0,
                "total": 0
              }
            },
            {
              "batter": "MP Stoinis",
              "bowler": "Haris Rauf",
              "non_striker": "MS Wade",
              "runs": {
                "batter": 1,
                "extras": 0,
                "total": 1
              }
            }
          ]
        },
        {
          "over": 17,
          "deliveries": [
            {
              "batter": "MP Stoinis",
              "bowler": "Hasan Ali",
              "non_striker": "MS Wade",
              "runs": {
                "batter": 1,
                "extras": 0,
                "total": 1
              }
            },
            {
              "batter": "MS Wade",
              "bowler": "Hasan Ali",
              "non_striker": "MP Stoinis",
              "runs": {
                "batter": 2,
                "extras": 0,
                "total": 2
              }
            },
            {
              "batter": "MS Wade",
              "bowler": "Hasan Ali",
              "non_striker": "MP Stoinis",
              "runs": {
                "batter": 6,
                "extras": 0,
                "total": 6
              }
            },
            {
              "batter": "MS Wade",
              "bowler": "Hasan Ali",
              "non_striker": "MP Stoinis",
              "runs": {
                "batter": 1,
                "extras": 0,
                "total": 1
              }
            },
            {
              "batter": "MP Stoinis",
              "bowler": "Hasan Ali",
              "non_striker": "MS Wade",
              "runs": {
                "batter": 1,
                "extras": 0,
                "total": 1
              }
            },
            {
              "batter": "MS Wade",
              "bowler": "Hasan Ali",
              "non_striker": "MP Stoinis",
              "runs": {
                "batter": 4,
                "extras": 0,
                "total": 4
              }
            }
          ]
        },
        {
          "over": 18,
          "deliveries": [
            {
              "batter": "MP Stoinis",
              "bowler": "Shaheen Shah Afridi",
              "non_striker": "MS Wade",
              "runs": {
                "batter": 0,
                "extras": 0,
                "total": 0
              }
            },
            {
              "batter": "MP Stoinis",
              "bowler": "Shaheen Shah Afridi",
              "extras": {
                "legbyes": 1
              },
              "non_striker": "MS Wade",
              "review": {
                "by": "Pakistan",
                "umpire": "CB Gaffaney",
                "batter": "MP Stoinis",
                "decision": "struck down"
              },
              "runs": {
                "batter": 0,
                "extras": 1,
                "total": 1
              }
            },
            {
              "batter": "MS Wade",
              "bowler": "Shaheen Shah Afridi",
              "extras": {
                "wides": 1
              },
              "non_striker": "MP Stoinis",
              "runs": {
                "batter": 0,
                "extras": 1,
                "total": 1
              }
            },
            {
              "batter": "MS Wade",
              "bowler": "Shaheen Shah Afridi",
              "non_striker": "MP Stoinis",
              "runs": {
                "batter": 2,
                "extras": 0,
                "total": 2
              }
            },
            {
              "batter": "MS Wade",
              "bowler": "Shaheen Shah Afridi",
              "non_striker": "MP Stoinis",
              "runs": {
                "batter": 6,
                "extras": 0,
                "total": 6
              }
            },
            {
              "batter": "MS Wade",
              "bowler": "Shaheen Shah Afridi",
              "non_striker": "MP Stoinis",
              "runs": {
                "batter": 6,
                "extras": 0,
                "total": 6
              }
            },
            {
              "batter": "MS Wade",
              "bowler": "Shaheen Shah Afridi",
              "non_striker": "MP Stoinis",
              "runs": {
                "batter": 6,
                "extras": 0,
                "total": 6
              }
            }
          ]
        }
      ],
      "powerplays": [
        {
          "from": 0.1,
          "to": 5.6,
          "type": "mandatory"
        }
      ],
      "target": {
        "overs": 20,
        "runs": 177
      }
    }
  ]
}