{
  "meta": {
    "data_version": "1.1.0",
    "created": "2021-09-10",
    "revision": 1
  },
  "info": {
    "balls_per_over": 6,
    "city": "Almeria",
    "dates": [
      "2021-09-10"
    ],
    "event": {
      "name": "Germany tour of Spain",
      "match_number": 1
    },
    "gender": "male",
    "match_type": "T20",
    "match_type_number": 1262,
    "missing": [
      "umpires",
      "player_of_match"
    ],
    "outcome": {
      "winner": "Germany",
      "by": {
        "wickets": 7
      }
    },
    "overs": 20,
    "players": {
      "Spain": [
        "Awais Ahmed",
        "PD Hennessy",
        "Yasir Ali",
        "C Munoz-Mills",
        "Hamza Dar",
        "R Panchal",
        "Atif Mehmood",
        "Kuldeep Lal",
        "J Perman",
        "Raja Adeel",
        "TC Vine"
      ],
      "Germany": [
        "VB Chikkannaiah",
        "Abdul-Shakoor Rahimzei",
        "Talha Khan",
        "H Singh",
        "DA Blignaut",
        "SVE Bharathi",
        "V Ganesan",
        "Asad Mohammad",
        "H Srinivasan",
        "Nooruddin Mujadady",
        "Ghulam Ahmadi"
      ]
    },
    "registry": {
      "people": {
        "Abdul-Shakoor Rahimzei": "e45810ed",
        "Asad Mohammad": "89b7e368",
        "Atif Mehmood": "7fcc57bf",
        "Awais Ahmed": "f9f857dc",
        "C Munoz-Mills": "17bc032c",
        "DA Blignaut": "cfcf189f",
        "Ghulam Ahmadi": "2dfe0612",
        "H Singh": "8209da53",
        "H Srinivasan": "300bdcbb",
        "Hamza Dar": "557550a4",
        "J Perman": "125bba96",
        "Kuldeep Lal": "8a1d0222",
        "Nooruddin Mujadady": "fcd92ab0",
        "PD Hennessy": "a3b9191a",
        "R Panchal": "91cd337c",
        "Raja Adeel": "7ee25c46",
        "SVE Bharathi": "6a63c29c",
        "TC Vine": "ab8ef1e9",
        "Talha Khan": "8e5a1a7a",
        "V Ganesan": "baa7dd37",
        "VB Chikkannaiah": "8e81b773",
        "Yasir Ali": "79209272"
      }
    },
    "season": "2021",
    "team_type": "international",
    "teams": [
      "Spain",
      "Germany"
    ],
    "toss": {
      "decision": "field",
      "winner": "Germany"
    },
    "venue": "Desert Springs Cricket Ground, Almeria"
  },
  "innings": [
    {
      "team": "Spain",
      "overs": [
        {
          "over": 0,
          "deliveries": [
            {
              "batter": "Awais Ahmed",
              "bowler": "Ghulam Ahmadi",
              "non_striker": "PD Hennessy",
              "runs": {
                "batter": 0,
                "extras": 0,
                "total": 0
              }
            },
            {
              "batter": "Awais Ahmed",
              "bowler": "Ghulam Ahmadi",
              "non_striker": "PD Hennessy",
              "runs": {
                "batter": 0,
                "extras": 0,
                "total": 0
              }
            },
            {
              "batter": "Awais Ahmed",
              "bowler": "Ghulam Ahmadi",
              "non_striker": "PD Hennessy",
              "runs": {
                "batter": 4,
                "extras": 0,
                "total": 4
              }
            },
            {
              "batter": "Awais Ahmed",
              "bowler": "Ghulam Ahmadi",
              "non_striker": "PD Hennessy",
              "runs": {
                "batter": 1,
                "extras": 0,
                "total": 1
              }
            },
            {
              "batter": "PD Hennessy",
              "bowler": "Ghulam Ahmadi",
              "non_striker": "Awais Ahmed",
              "runs": {
                "batter": 2,
                "extras": 0,
                "total": 2
              }
            },
            {
              "batter": "PD Hennessy",
              "bowler": "Ghulam Ahmadi",
              "non_striker": "Awais Ahmed",
              "runs": {
                "batter": 0,
                "extras": 0,
                "total": 0
              }
            }
          ]
        },
        {
          "over": 1,
          "deliveries": [
            {
              "batter": "Awais Ahmed",
              "bowler": "Nooruddin Mujadady",
              "non_striker": "PD Hennessy",
              "runs": {
                "batter": 0,
                "extras": 0,
                "total": 0
              }
            },
            {
              "batter": "Awais Ahmed",
              "bowler": "Nooruddin Mujadady",
              "non_striker": "PD Hennessy",
              "runs": {
                "batter": 1,
                "extras": 0,
                "total": 1
              }
            },
            {
              "batter": "PD Hennessy",
              "bowler": "Nooruddin Mujadady",
              "non_striker": "Awais Ahmed",
              "runs": {
                "batter": 0,
                "extras": 0,
                "total": 0
              }
            },
            {
              "batter": "PD Hennessy",
              "bowler": "Nooruddin Mujadady",
              "non_striker": "Awais Ahmed",
              "runs": {
                "batter": 0,
                "extras": 0,
                "total": 0
              }
            },
            {
              "batter": "PD Hennessy",
              "bowler": "Nooruddin Mujadady",
              "non_striker": "Awais Ahmed",
              "runs": {
                "batter": 0,
                "extras": 0,
                "total": 0
              }
            },
            {
              "batter": "PD Hennessy",
              "bowler": "Nooruddin Mujadady",
              "non_striker": "Awais Ahmed",
              "runs": {
                "batter": 1,
                "extras": 0,
                "total": 1
              }
            }
          ]
        },
        {
          "over": 2,
          "deliveries": [
            {
              "batter": "PD Hennessy",
              "bowler": "Ghulam Ahmadi",
              "non_striker": "Awais Ahmed",
              "runs": {
                "batter": 0,
                "extras": 0,
                "total": 0
              }
            },
            {
              "batter": "PD Hennessy",
              "bowler": "Ghulam Ahmadi",
              "non_striker": "Awais Ahmed",
              "runs": {
                "batter": 0,
                "extras": 0,
                "total": 0
              }
            },
            {
              "batter": "PD Hennessy",
              "bowler": "Ghulam Ahmadi",
              "non_striker": "Awais Ahmed",
              "runs": {
                "batter": 0,
                "extras": 0,
                "total": 0
              }
            },
            {
              "batter": "PD Hennessy",
              "bowler": "Ghulam Ahmadi",
              "non_striker": "Awais Ahmed",
              "runs": {
                "batter": 0,
                "extras": 0,
                "total": 0
              },
              "wickets": [
                {
                  "player_out": "PD Hennessy",
                  "kind": "caught and bowled"
                }
              ]
            },
            {
              "batter": "Yasir Ali",
              "bowler": "Ghulam Ahmadi",
              "non_striker": "Awais Ahmed",
              "runs": {
                "batter": 0,
                "extras": 0,
                "total": 0
              }
            },
            {
              "batter": "Yasir Ali",
              "bowler": "Ghulam Ahmadi",
              "non_striker": "Awais Ahmed",
              "runs": {
                "batter": 0,
                "extras": 0,
                "total": 0
              }
            }
          ]
        },
        {
          "over": 3,
          "deliveries": [
            {
              "batter": "Awais Ahmed",
              "bowler": "Nooruddin Mujadady",
              "extras": {
                "wides": 1
              },
              "non_striker": "Yasir Ali",
              "runs": {
                "batter": 0,
                "extras": 1,
                "total": 1
              }
            },
            {
              "batter": "Awais Ahmed",
              "bowler": "Nooruddin Mujadady",
              "non_striker": "Yasir Ali",
              "runs": {
                "batter": 0,
                "extras": 0,
                "total": 0
              }
            },
            {
              "batter": "Awais Ahmed",
              "bowler": "Nooruddin Mujadady",
              "non_striker": "Yasir Ali",
              "runs": {
                "batter": 1,
                "extras": 0,
                "total": 1
              }
            },
            {
              "batter": "Yasir Ali",
              "bowler": "Nooruddin Mujadady",
              "non_striker": "Awais Ahmed",
              "runs": {
                "batter": 1,
                "extras": 0,
                "total": 1
              }
            },
            {
              "batter": "Awais Ahmed",
              "bowler": "Nooruddin Mujadady",
              "non_striker": "Yasir Ali",
              "runs": {
                "batter": 4,
                "extras": 0,
                "total": 4
              }
            },
            {
              "batter": "Awais Ahmed",
              "bowler": "Nooruddin Mujadady",
              "non_striker": "Yasir Ali",
              "runs": {
                "batter": 1,
                "extras": 0,
                "total": 1
              }
            },
            {
              "batter": "Yasir Ali",
              "bowler": "Nooruddin Mujadady",
              "non_striker": "Awais Ahmed",
              "runs": {
                "batter": 0,
                "extras": 0,
                "total": 0
              }
            }
          ]
        },
        {
          "over": 4,
          "deliveries": [
            {
              "batter": "Awais Ahmed",
              "bowler": "Ghulam Ahmadi",
              "extras": {
                "wides": 1
              },
              "non_striker": "Yasir Ali",
              "runs": {
                "batter": 0,
                "extras": 1,
                "total": 1
              }
            },
            {
              "batter": "Awais Ahmed",
              "bowler": "Ghulam Ahmadi",
              "non_striker": "Yasir Ali",
              "runs": {
                "batter": 0,
                "extras": 0,
                "total": 0
              }
            },
            {
              "batter": "Awais Ahmed",
              "bowler": "Ghulam Ahmadi",
              "non_striker": "Yasir Ali",
              "runs": {
                "batter": 0,
                "extras": 0,
                "total": 0
              }
            },
            {
              "batter": "Awais Ahmed",
              "bowler": "Ghulam Ahmadi",
              "non_striker": "Yasir Ali",
              "runs": {
                "batter": 0,
                "extras": 0,
                "total": 0
              }
            },
            {
              "batter": "Awais Ahmed",
              "bowler": "Ghulam Ahmadi",
              "non_striker": "Yasir Ali",
              "runs": {
                "batter": 1,
                "extras": 0,
                "total": 1
              }
            },
            {
              "batter": "Yasir Ali",
              "bowler": "Ghulam Ahmadi",
              "non_striker": "Awais Ahmed",
              "runs": {
                "batter": 0,
                "extras": 0,
                "total": 0
              }
            },
            {
              "batter": "Yasir Ali",
              "bowler": "Ghulam Ahmadi",
              "non_striker": "Awais Ahmed",
              "runs": {
                "batter": 0,
                "extras": 0,
                "total": 0
              }
            }
          ]
        },
        {
          "over": 5,
          "deliveries": [
            {
              "batter": "Awais Ahmed",
              "bowler": "DA Blignaut",
              "non_striker": "Yasir Ali",
              "runs": {
                "batter": 0,
                "extras": 0,
                "total": 0
              }
            },
            {
              "batter": "Awais Ahmed",
              "bowler": "DA Blignaut",
              "non_striker": "Yasir Ali",
              "runs": {
                "batter": 1,
                "extras": 0,
                "total": 1
              }
            },
            {
              "batter": "Yasir Ali",
              "bowler": "DA Blignaut",
              "extras": {
                "noballs": 1
              },
              "non_striker": "Awais Ahmed",
              "runs": {
                "batter": 0,
                "extras": 1,
                "total": 1
              }
            },
            {
              "batter": "Yasir Ali",
              "bowler": "DA Blignaut",
              "extras": {
                "wides": 1
              },
              "non_striker": "Awais Ahmed",
              "runs": {
                "batter": 0,
                "extras": 1,
                "total": 1
              }
            },
            {
              "batter": "Yasir Ali",
              "bowler": "DA Blignaut",
              "non_striker": "Awais Ahmed",
              "runs": {
                "batter": 1,
                "extras": 0,
                "total": 1
              }
            },
            {
              "batter": "Awais Ahmed",
              "bowler": "DA Blignaut",
              "non_striker": "Yasir Ali",
              "runs": {
                "batter": 0,
                "extras": 0,
                "total": 0
              }
            },
            {
              "batter": "Awais Ahmed",
              "bowler": "DA Blignaut",
              "non_striker": "Yasir Ali",
              "runs": {
                "batter": 4,
                "extras": 0,
                "total": 4
              }
            },
            {
              "batter": "Awais Ahmed",
              "bowler": "DA Blignaut",
              "non_striker": "Yasir Ali",
              "runs": {
                "batter": 0,
                "extras": 0,
                "total": 0
              },
              "wickets": [
                {
                  "player_out": "Awais Ahmed",
                  "fielders": [
                    {
                      "name": "V Ganesan"
                    }
                  ],
                  "kind": "caught"
                }
              ]
            }
          ]
        },
        {
          "over": 6,
          "deliveries": [
            {
              "batter": "Yasir Ali",
              "bowler": "Ghulam Ahmadi",
              "non_striker": "C Munoz-Mills",
              "runs": {
                "batter": 1,
                "extras": 0,
                "total": 1
              }
            },
            {
              "batter": "C Munoz-Mills",
              "bowler": "Ghulam Ahmadi",
              "non_striker": "Yasir Ali",
              "runs": {
                "batter": 0,
                "extras": 0,
                "total": 0
              }
            },
            {
              "batter": "C Munoz-Mills",
              "bowler": "Ghulam Ahmadi",
              "non_striker": "Yasir Ali",
              "runs": {
                "batter": 0,
                "extras": 0,
                "total": 0
              }
            },
            {
              "batter": "C Munoz-Mills",
              "bowler": "Ghulam Ahmadi",
              "non_striker": "Yasir Ali",
              "runs": {
                "batter": 0,
                "extras": 0,
                "total": 0
              },
              "wickets": [
                {
                  "player_out": "C Munoz-Mills",
                  "fielders": [
                    {
                      "name": "H Singh"
                    }
                  ],
                  "kind": "caught"
                }
              ]
            },
            {
              "batter": "Hamza Dar",
              "bowler": "Ghulam Ahmadi",
              "non_striker": "Yasir Ali",
              "runs": {
                "batter": 0,
                "extras": 0,
                "total": 0
              }
            },
            {
              "batter": "Hamza Dar",
              "bowler": "Ghulam Ahmadi",
              "non_striker": "Yasir Ali",
              "runs": {
                "batter": 0,
                "extras": 0,
                "total": 0
              }
            }
          ]
        },
        {
          "over": 7,
          "deliveries": [
            {
              "batter": "Yasir Ali",
              "bowler": "SVE Bharathi",
              "non_striker": "Hamza Dar",
              "runs": {
                "batter": 0,
                "extras": 0,
                "total": 0
              }
            },
            {
              "batter": "Yasir Ali",
              "bowler": "SVE Bharathi",
              "non_striker": "Hamza Dar",
              "runs": {
                "batter": 0,
                "extras": 0,
                "total": 0
              }
            },
            {
              "batter": "Yasir Ali",
              "bowler": "SVE Bharathi",
              "non_striker": "Hamza Dar",
              "runs": {
                "batter": 1,
                "extras": 0,
                "total": 1
              }
            },
            {
              "batter": "Hamza Dar",
              "bowler": "SVE Bharathi",
              "extras": {
                "wides": 1
              },
              "non_striker": "Yasir Ali",
              "runs": {
                "batter": 0,
                "extras": 1,
                "total": 1
              }
            },
            {
              "batter": "Hamza Dar",
              "bowler": "SVE Bharathi",
              "non_striker": "Yasir Ali",
              "runs": {
                "batter": 0,
                "extras": 0,
                "total": 0
              }
            },
            {
              "batter": "Hamza Dar",
              "bowler": "SVE Bharathi",
              "non_striker": "Yasir Ali",
              "runs": {
                "batter": 0,
                "extras": 0,
                "total": 0
              }
            },
            {
              "batter": "Hamza Dar",
              "bowler": "SVE Bharathi",
              "non_striker": "Yasir Ali",
              "runs": {
                "batter": 1,
                "extras": 0,
                "total": 1
              }
            }
          ]
        },
        {
          "over": 8,
          "deliveries": [
            {
              "batter": "Hamza Dar",
              "bowler": "V Ganesan",
              "non_striker": "Yasir Ali",
              "runs": {
                "batter": 2,
                "extras": 0,
                "total": 2
              }
            },
            {
              "batter": "Hamza Dar",
              "bowler": "V Ganesan",
              "non_striker": "Yasir Ali",
              "runs": {
                "batter": 1,
                "extras": 0,
                "total": 1
              }
            },
            {
              "batter": "Yasir Ali",
              "bowler": "V Ganesan",
              "non_striker": "Hamza Dar",
              "runs": {
                "batter": 0,
                "extras": 0,
                "total": 0
              },
              "wickets": [
                {
                  "player_out": "Yasir Ali",
                  "fielders": [
                    {
                      "name": "DA Blignaut"
                    }
                  ],
                  "kind": "caught"
                }
              ]
            },
            {
              "batter": "Hamza Dar",
              "bowler": "V Ganesan",
              "non_striker": "R Panchal",
              "runs": {
                "batter": 1,
                "extras": 0,
                "total": 1
              }
            },
            {
              "batter": "R Panchal",
              "bowler": "V Ganesan",
              "non_striker": "Hamza Dar",
              "runs": {
                "batter": 0,
                "extras": 0,
                "total": 0
              }
            },
            {
              "batter": "R Panchal",
              "bowler": "V Ganesan",
              "non_striker": "Hamza Dar",
              "runs": {
                "batter": 0,
                "extras": 0,
                "total": 0
              }
            }
          ]
        },
        {
          "over": 9,
          "deliveries": [
            {
              "batter": "Hamza Dar",
              "bowler": "SVE Bharathi",
              "non_striker": "R Panchal",
              "runs": {
                "batter": 1,
                "extras": 0,
                "total": 1
              }
            },
            {
              "batter": "R Panchal",
              "bowler": "SVE Bharathi",
              "non_striker": "Hamza Dar",
              "runs": {
                "batter": 0,
                "extras": 0,
                "total": 0
              },
              "wickets": [
                {
                  "player_out": "R Panchal",
                  "fielders": [
                    {
                      "name": "H Srinivasan"
                    }
                  ],
                  "kind": "caught"
                }
              ]
            },
            {
              "batter": "Atif Mehmood",
              "bowler": "SVE Bharathi",
              "non_striker": "Hamza Dar",
              "runs": {
                "batter": 0,
                "extras": 0,
                "total": 0
              }
            },
            {
              "batter": "Atif Mehmood",
              "bowler": "SVE Bharathi",
              "non_striker": "Hamza Dar",
              "runs": {
                "batter": 0,
                "extras": 0,
                "total": 0
              }
            },
            {
              "batter": "Atif Mehmood",
              "bowler": "SVE Bharathi",
              "non_striker": "Hamza Dar",
              "runs": {
                "batter": 0,
                "extras": 0,
                "total": 0
              }
            },
            {
              "batter": "Atif Mehmood",
              "bowler": "SVE Bharathi",
              "non_striker": "Hamza Dar",
              "runs": {
                "batter": 0,
                "extras": 0,
                "total": 0
              }
            }
          ]
        },
        {
          "over": 10,
          "deliveries": [
            {
              "batter": "Hamza Dar",
              "bowler": "V Ganesan",
              "non_striker": "Atif Mehmood",
              "runs": {
                "batter": 0,
                "extras": 0,
                "total": 0
              }
            },
            {
              "batter": "Hamza Dar",
              "bowler": "V Ganesan",
              "non_striker": "Atif Mehmood",
              "runs": {
                "batter": 0,
                "extras": 0,
                "total": 0
              }
            },
            {
              "batter": "Hamza Dar",
              "bowler": "V Ganesan",
              "extras": {
                "legbyes": 1
              },
              "non_striker": "Atif Mehmood",
              "runs": {
                "batter": 0,
                "extras": 1,
                "total": 1
              }
            },
            {
              "batter": "Atif Mehmood",
              "bowler": "V Ganesan",
              "non_striker": "Hamza Dar",
              "runs": {
                "batter": 1,
                "extras": 0,
                "total": 1
              }
            },
            {
              "batter": "Hamza Dar",
              "bowler": "V Ganesan",
              "non_striker": "Atif Mehmood",
              "runs": {
                "batter": 6,
                "extras": 0,
                "total": 6
              }
            },
            {
              "batter": "Hamza Dar",
              "bowler": "V Ganesan",
              "non_striker": "Atif Mehmood",
              "runs": {
                "batter": 1,
                "extras": 0,
                "total": 1
              }
            }
          ]
        },
        {
          "over": 11,
          "deliveries": [
            {
              "batter": "Hamza Dar",
              "bowler": "SVE Bharathi",
              "non_striker": "Atif Mehmood",
              "runs": {
                "batter": 1,
                "extras": 0,
                "total": 1
              }
            },
            {
              "batter": "Atif Mehmood",
              "bowler": "SVE Bharathi",
              "non_striker": "Hamza Dar",
              "runs": {
                "batter": 1,
                "extras": 0,
                "total": 1
              }
            },
            {
              "batter": "Hamza Dar",
              "bowler": "SVE Bharathi",
              "non_striker": "Atif Mehmood",
              "runs": {
                "batter": 2,
                "extras": 0,
                "total": 2
              }
            },
            {
              "batter": "Hamza Dar",
              "bowler": "SVE Bharathi",
              "non_striker": "Atif Mehmood",
              "runs": {
                "batter": 0,
                "extras": 0,
                "total": 0
              }
            },
            {
              "batter": "Hamza Dar",
              "bowler": "SVE Bharathi",
              "non_striker": "Atif Mehmood",
              "runs": {
                "batter": 0,
                "extras": 0,
                "total": 0
              }
            },
            {
              "batter": "Hamza Dar",
              "bowler": "SVE Bharathi",
              "non_striker": "Atif Mehmood",
              "runs": {
                "batter": 0,
                "extras": 0,
                "total": 0
              }
            }
          ]
        },
        {
          "over": 12,
          "deliveries": [
            {
              "batter": "Atif Mehmood",
              "bowler": "Asad Mohammad",
              "non_striker": "Hamza Dar",
              "runs": {
                "batter": 1,
                "extras": 0,
                "total": 1
              }
            },
            {
              "batter": "Hamza Dar",
              "bowler": "Asad Mohammad",
              "non_striker": "Atif Mehmood",
              "runs": {
                "batter": 0,
                "extras": 0,
                "total": 0
              }
            },
            {
              "batter": "Hamza Dar",
              "bowler": "Asad Mohammad",
              "non_striker": "Atif Mehmood",
              "runs": {
                "batter": 1,
                "extras": 0,
                "total": 1
              }
            },
            {
              "batter": "Atif Mehmood",
              "bowler": "Asad Mohammad",
              "non_striker": "Hamza Dar",
              "runs": {
                "batter": 6,
                "extras": 0,
                "total": 6
              }
            },
            {
              "batter": "Atif Mehmood",
              "bowler": "Asad Mohammad",
              "non_striker": "Hamza Dar",
              "runs": {
                "batter": 1,
                "extras": 0,
                "total": 1
              }
            },
            {
              "batter": "Hamza Dar",
              "bowler": "Asad Mohammad",
              "non_striker": "Atif Mehmood",
              "runs": {
                "batter": 1,
                "extras": 0,
                "total": 1
              }
            }
          ]
        },
        {
          "over": 13,
          "deliveries": [
            {
              "batter": "Hamza Dar",
              "bowler": "V Ganesan",
              "non_striker": "Atif Mehmood",
              "runs": {
                "batter": 6,
                "extras": 0,
                "total": 6
              }
            },
            {
              "batter": "Hamza Dar",
              "bowler": "V Ganesan",
              "non_striker": "Atif Mehmood",
              "runs": {
                "batter": 0,
                "extras": 0,
                "total": 0
              }
            },
            {
              "batter": "Hamza Dar",
              "bowler": "V Ganesan",
              "non_striker": "Atif Mehmood",
              "runs": {
                "batter": 1,
                "extras": 0,
                "total": 1
              }
            },
            {
              "batter": "Atif Mehmood",
              "bowler": "V Ganesan",
              "non_striker": "Hamza Dar",
              "runs": {
                "batter": 0,
                "extras": 0,
                "total": 0
              }
            },
            {
              "batter": "Atif Mehmood",
              "bowler": "V Ganesan",
              "non_striker": "Hamza Dar",
              "runs": {
                "batter": 1,
                "extras": 0,
                "total": 1
              }
            },
            {
              "batter": "Hamza Dar",
              "bowler": "V Ganesan",
              "non_striker": "Atif Mehmood",
              "runs": {
                "batter": 1,
                "extras": 0,
                "total": 1
              }
            }
          ]
        },
        {
          "over": 14,
          "deliveries": [
            {
              "batter": "Hamza Dar",
              "bowler": "SVE Bharathi",
              "non_striker": "Atif Mehmood",
              "runs": {
                "batter": 6,
                "extras": 0,
                "total": 6
              }
            },
            {
              "batter": "Hamza Dar",
              "bowler": "SVE Bharathi",
              "non_striker": "Atif Mehmood",
              "runs": {
                "batter": 0,
                "extras": 0,
                "total": 0
              }
            },
            {
              "batter": "Hamza Dar",
              "bowler": "SVE Bharathi",
              "non_striker": "Atif Mehmood",
              "runs": {
                "batter": 4,
                "extras": 0,
                "total": 4
              }
            },
            {
              "batter": "Hamza Dar",
              "bowler": "SVE Bharathi",
              "extras": {
                "wides": 2
              },
              "non_striker": "Atif Mehmood",
              "runs": {
                "batter": 0,
                "extras": 2,
                "total": 2
              }
            },
            {
              "batter": "Atif Mehmood",
              "bowler": "SVE Bharathi",
              "non_striker": "Hamza Dar",
              "runs": {
                "batter": 4,
                "extras": 0,
                "total": 4
              }
            },
            {
              "batter": "Atif Mehmood",
              "bowler": "SVE Bharathi",
              "extras": {
                "wides": 1
              },
              "non_striker": "Hamza Dar",
              "runs": {
                "batter": 0,
                "extras": 1,
                "total": 1
              }
            },
            {
              "batter": "Atif Mehmood",
              "bowler": "SVE Bharathi",
              "non_striker": "Hamza Dar",
              "runs": {
                "batter": 0,
                "extras": 0,
                "total": 0
              },
              "wickets": [
                {
                  "player_out": "Atif Mehmood",
                  "fielders": [
                    {
                      "name": "Abdul-Shakoor Rahimzei"
                    }
                  ],
                  "kind": "caught"
                }
              ]
            },
            {
              "batter": "Hamza Dar",
              "bowler": "SVE Bharathi",
              "non_striker": "Kuldeep Lal",
              "runs": {
                "batter": 1,
                "extras": 0,
                "total": 1
              }
            }
          ]
        },
        {
          "over": 15,
          "deliveries": [
            {
              "batter": "Hamza Dar",
              "bowler": "DA Blignaut",
              "non_striker": "Kuldeep Lal",
              "runs": {
                "batter": 0,
                "extras": 0,
                "total": 0
              }
            },
            {
              "batter": "Hamza Dar",
              "bowler": "DA Blignaut",
              "non_striker": "Kuldeep Lal",
              "runs": {
                "batter": 2,
                "extras": 0,
                "total": 2
              }
            },
            {
              "batter": "Hamza Dar",
              "bowler": "DA Blignaut",
              "non_striker": "Kuldeep Lal",
              "runs": {
                "batter": 0,
                "extras": 0,
                "total": 0
              },
              "wickets": [
                {
                  "player_out": "Hamza Dar",
                  "fielders": [
                    {
                      "name": "H Srinivasan"
                    }
                  ],
                  "kind": "caught"
                }
              ]
            },
            {
              "batter": "J Perman",
              "bowler": "DA Blignaut",
              "extras": {
                "wides": 1
              },
              "non_striker": "Kuldeep Lal",
              "runs": {
                "batter": 0,
                "extras": 1,
                "total": 1
              }
            },
            {
              "batter": "J Perman",
              "bowler": "DA Blignaut",
              "non_striker": "Kuldeep Lal",
              "runs": {
                "batter": 0,
                "extras": 0,
                "total": 0
              }
            },
            {
              "batter": "J Perman",
              "bowler": "DA Blignaut",
              "non_striker": "Kuldeep Lal",
              "runs": {
                "batter": 0,
                "extras": 0,
                "total": 0
              }
            },
            {
              "batter": "J Perman",
              "bowler": "DA Blignaut",
              "non_striker": "Kuldeep Lal",
              "runs": {
                "batter": 0,
                "extras": 0,
                "total": 0
              }
            }
          ]
        },
        {
          "over": 16,
          "deliveries": [
            {
              "batter": "Kuldeep Lal",
              "bowler": "Nooruddin Mujadady",
              "non_striker": "J Perman",
              "runs": {
                "batter": 1,
                "extras": 0,
                "total": 1
              }
            },
            {
              "batter": "J Perman",
              "bowler": "Nooruddin Mujadady",
              "non_striker": "Kuldeep Lal",
              "runs": {
                "batter": 1,
                "extras": 0,
                "total": 1
              }
            },
            {
              "batter": "Kuldeep Lal",
              "bowler": "Nooruddin Mujadady",
              "non_striker": "J Perman",
              "runs": {
                "batter": 1,
                "extras": 0,
                "total": 1
              }
            },
            {
              "batter": "J Perman",
              "bowler": "Nooruddin Mujadady",
              "non_striker": "Kuldeep Lal",
              "runs": {
                "batter": 4,
                "extras": 0,
                "total": 4
              }
            },
            {
              "batter": "J Perman",
              "bowler": "Nooruddin Mujadady",
              "non_striker": "Kuldeep Lal",
              "runs": {
                "batter": 0,
                "extras": 0,
                "total": 0
              }
            },
            {
              "batter": "J Perman",
              "bowler": "Nooruddin Mujadady",
              "non_striker": "Kuldeep Lal",
              "runs": {
                "batter": 4,
                "extras": 0,
                "total": 4
              }
            }
          ]
        },
        {
          "over": 17,
          "deliveries": [
            {
              "batter": "Kuldeep Lal",
              "bowler": "DA Blignaut",
              "non_striker": "J Perman",
              "runs": {
                "batter": 1,
                "extras": 0,
                "total": 1
              }
            },
            {
              "batter": "J Perman",
              "bowler": "DA Blignaut",
              "non_striker": "Kuldeep Lal",
              "runs": {
                "batter": 2,
                "extras": 0,
                "total": 2
              }
            },
            {
              "batter": "J Perman",
              "bowler": "DA Blignaut",
              "non_striker": "Kuldeep Lal",
              "runs": {
                "batter": 0,
                "extras": 0,
                "total": 0
              }
            },
            {
              "batter": "J Perman",
              "bowler": "DA Blignaut",
              "extras": {
                "wides": 1
              },
              "non_striker": "Kuldeep Lal",
              "runs": {
                "batter": 0,
                "extras": 1,
                "total": 1
              }
            },
            {
              "batter": "J Perman",
              "bowler": "DA Blignaut",
              "non_striker": "Kuldeep Lal",
              "runs": {
                "batter": 0,
                "extras": 0,
                "total": 0
              }
            },
            {
              "batter": "J Perman",
              "bowler": "DA Blignaut",
              "non_striker": "Kuldeep Lal",
              "runs": {
                "batter": 1,
                "extras": 0,
                "total": 1
              }
            },
            {
              "batter": "Kuldeep Lal",
              "bowler": "DA Blignaut",
              "non_striker": "J Perman",
              "runs": {
                "batter": 1,
                "extras": 0,
                "total": 1
              }
            }
          ]
        },
        {
          "over": 18,
          "deliveries": [
            {
              "batter": "Kuldeep Lal",
              "bowler": "Nooruddin Mujadady",
              "non_striker": "J Perman",
              "runs": {
                "batter": 1,
                "extras": 0,
                "total": 1
              }
            },
            {
              "batter": "J Perman",
              "bowler": "Nooruddin Mujadady",
              "non_striker": "Kuldeep Lal",
              "runs": {
                "batter": 6,
                "extras": 0,
                "total": 6
              }
            },
            {
              "batter": "J Perman",
              "bowler": "Nooruddin Mujadady",
              "non_striker": "Kuldeep Lal",
              "runs": {
                "batter": 0,
                "extras": 0,
                "total": 0
              }
            },
            {
              "batter": "J Perman",
              "bowler": "Nooruddin Mujadady",
              "non_striker": "Kuldeep Lal",
              "runs": {
                "batter": 2,
                "extras": 0,
                "total": 2
              }
            },
            {
              "batter": "J Perman",
              "bowler": "Nooruddin Mujadady",
              "non_striker": "Kuldeep Lal",
              "runs": {
                "batter": 6,
                "extras": 0,
                "total": 6
              }
            },
            {
              "batter": "J Perman",
              "bowler": "Nooruddin Mujadady",
              "non_striker": "Kuldeep Lal",
              "runs": {
                "batter": 2,
                "extras": 0,
                "total": 2
              }
            }
          ]
        },
        {
          "over": 19,
          "deliveries": [
            {
              "batter": "Kuldeep Lal",
              "bowler": "DA Blignaut",
              "non_striker": "J Perman",
              "runs": {
                "batter": 2,
                "extras": 0,
                "total": 2
              }
            },
            {
              "batter": "Kuldeep Lal",
              "bowler": "DA Blignaut",
              "non_striker": "J Perman",
              "runs": {
                "batter": 1,
                "extras": 0,
                "total": 1
              }
            },
            {
              "batter": "J Perman",
              "bowler": "DA Blignaut",
              "non_striker": "Kuldeep Lal",
              "runs": {
                "batter": 2,
                "extras": 0,
                "total": 2
              }
            },
            {
              "batter": "J Perman",
              "bowler": "DA Blignaut",
              "non_striker": "Kuldeep Lal",
              "runs": {
                "batter": 0,
                "extras": 0,
                "total": 0
              }
            },
            {
              "batter": "J Perman",
              "bowler": "DA Blignaut",
              "non_striker": "Kuldeep Lal",
              "runs": {
                "batter": 0,
                "extras": 0,
                "total": 0
              }
            },
            {
              "batter": "J Perman",
              "bowler": "DA Blignaut",
              "non_striker": "Kuldeep Lal",
              "runs": {
                "batter": 0,
                "extras": 0,
                "total": 0
              }
            }
          ]
        }
      ],
      "powerplays": [
        {
          "from": 0.1,
          "to": 5.8,
          "type": "mandatory"
        }
      ]
    },
    {
      "team": "Germany",
      "overs": [
        {
          "over": 0,
          "deliveries": [
            {
              "batter": "VB Chikkannaiah",
              "bowler": "Atif Mehmood",
              "non_striker": "Abdul-Shakoor Rahimzei",
              "runs": {
                "batter": 5,
                "extras": 0,
                "total": 5
              }
            },
            {
              "batter": "Abdul-Shakoor Rahimzei",
              "bowler": "Atif Mehmood",
              "non_striker": "VB Chikkannaiah",
              "runs": {
                "batter": 0,
                "extras": 0,
                "total": 0
              }
            },
            {
              "batter": "Abdul-Shakoor Rahimzei",
              "bowler": "Atif Mehmood",
              "non_striker": "VB Chikkannaiah",
              "runs": {
                "batter": 1,
                "extras": 0,
                "total": 1
              }
            },
            {
              "batter": "VB Chikkannaiah",
              "bowler": "Atif Mehmood",
              "non_striker": "Abdul-Shakoor Rahimzei",
              "runs": {
                "batter": 0,
                "extras": 0,
                "total": 0
              }
            },
            {
              "batter": "VB Chikkannaiah",
              "bowler": "Atif Mehmood",
              "non_striker": "Abdul-Shakoor Rahimzei",
              "runs": {
                "batter": 0,
                "extras": 0,
                "total": 0
              }
            },
            {
              "batter": "VB Chikkannaiah",
              "bowler": "Atif Mehmood",
              "non_striker": "Abdul-Shakoor Rahimzei",
              "runs": {
                "batter": 0,
                "extras": 0,
                "total": 0
              }
            }
          ]
        },
        {
          "over": 1,
          "deliveries": [
            {
              "batter": "Abdul-Shakoor Rahimzei",
              "bowler": "Raja Adeel",
              "non_striker": "VB Chikkannaiah",
              "runs": {
                "batter": 1,
                "extras": 0,
                "total": 1
              }
            },
            {
              "batter": "VB Chikkannaiah",
              "bowler": "Raja Adeel",
              "non_striker": "Abdul-Shakoor Rahimzei",
              "runs": {
                "batter": 6,
                "extras": 0,
                "total": 6
              }
            },
            {
              "batter": "VB Chikkannaiah",
              "bowler": "Raja Adeel",
              "non_striker": "Abdul-Shakoor Rahimzei",
              "runs": {
                "batter": 0,
                "extras": 0,
                "total": 0
              }
            },
            {
              "batter": "VB Chikkannaiah",
              "bowler": "Raja Adeel",
              "non_striker": "Abdul-Shakoor Rahimzei",
              "runs": {
                "batter": 1,
                "extras": 0,
                "total": 1
              }
            },
            {
              "batter": "Abdul-Shakoor Rahimzei",
              "bowler": "Raja Adeel",
              "non_striker": "VB Chikkannaiah",
              "runs": {
                "batter": 0,
                "extras": 0,
                "total": 0
              }
            },
            {
              "batter": "Abdul-Shakoor Rahimzei",
              "bowler": "Raja Adeel",
              "non_striker": "VB Chikkannaiah",
              "runs": {
                "batter": 0,
                "extras": 0,
                "total": 0
              },
              "wickets": [
                {
                  "player_out": "Abdul-Shakoor Rahimzei",
                  "fielders": [
                    {
                      "name": "Awais Ahmed"
                    }
                  ],
                  "kind": "caught"
                }
              ]
            }
          ]
        },
        {
          "over": 2,
          "deliveries": [
            {
              "batter": "VB Chikkannaiah",
              "bowler": "Yasir Ali",
              "non_striker": "Talha Khan",
              "runs": {
                "batter": 4,
                "extras": 0,
                "total": 4
              }
            },
            {
              "batter": "VB Chikkannaiah",
              "bowler": "Yasir Ali",
              "non_striker": "Talha Khan",
              "runs": {
                "batter": 0,
                "extras": 0,
                "total": 0
              }
            },
            {
              "batter": "VB Chikkannaiah",
              "bowler": "Yasir Ali",
              "non_striker": "Talha Khan",
              "runs": {
                "batter": 1,
                "extras": 0,
                "total": 1
              }
            },
            {
              "batter": "Talha Khan",
              "bowler": "Yasir Ali",
              "non_striker": "VB Chikkannaiah",
              "runs": {
                "batter": 1,
                "extras": 0,
                "total": 1
              }
            },
            {
              "batter": "VB Chikkannaiah",
              "bowler": "Yasir Ali",
              "non_striker": "Talha Khan",
              "runs": {
                "batter": 1,
                "extras": 0,
                "total": 1
              }
            },
            {
              "batter": "Talha Khan",
              "bowler": "Yasir Ali",
              "non_striker": "VB Chikkannaiah",
              "runs": {
                "batter": 4,
                "extras": 0,
                "total": 4
              }
            }
          ]
        },
        {
          "over": 3,
          "deliveries": [
            {
              "batter": "VB Chikkannaiah",
              "bowler": "Raja Adeel",
              "non_striker": "Talha Khan",
              "runs": {
                "batter": 0,
                "extras": 0,
                "total": 0
              }
            },
            {
              "batter": "VB Chikkannaiah",
              "bowler": "Raja Adeel",
              "non_striker": "Talha Khan",
              "runs": {
                "batter": 0,
                "extras": 0,
                "total": 0
              }
            },
            {
              "batter": "VB Chikkannaiah",
              "bowler": "Raja Adeel",
              "non_striker": "Talha Khan",
              "runs": {
                "batter": 0,
                "extras": 0,
                "total": 0
              }
            },
            {
              "batter": "VB Chikkannaiah",
              "bowler": "Raja Adeel",
              "non_striker": "Talha Khan",
              "runs": {
                "batter": 0,
                "extras": 0,
                "total": 0
              }
            },
            {
              "batter": "VB Chikkannaiah",
              "bowler": "Raja Adeel",
              "non_striker": "Talha Khan",
              "runs": {
                "batter": 1,
                "extras": 0,
                "total": 1
              }
            },
            {
              "batter": "Talha Khan",
              "bowler": "Raja Adeel",
              "non_striker": "VB Chikkannaiah",
              "runs": {
                "batter": 0,
                "extras": 0,
                "total": 0
              }
            }
          ]
        },
        {
          "over": 4,
          "deliveries": [
            {
              "batter": "VB Chikkannaiah",
              "bowler": "TC Vine",
              "non_striker": "Talha Khan",
              "runs": {
                "batter": 0,
                "extras": 0,
                "total": 0
              }
            },
            {
              "batter": "VB Chikkannaiah",
              "bowler": "TC Vine",
              "non_striker": "Talha Khan",
              "runs": {
                "batter": 0,
                "extras": 0,
                "total": 0
              }
            },
            {
              "batter": "VB Chikkannaiah",
              "bowler": "TC Vine",
              "non_striker": "Talha Khan",
              "runs": {
                "batter": 0,
                "extras": 0,
                "total": 0
              },
              "wickets": [
                {
                  "player_out": "VB Chikkannaiah",
                  "kind": "bowled"
                }
              ]
            },
            {
              "batter": "H Singh",
              "bowler": "TC Vine",
              "non_striker": "Talha Khan",
              "runs": {
                "batter": 4,
                "extras": 0,
                "total": 4
              }
            },
            {
              "batter": "H Singh",
              "bowler": "TC Vine",
              "non_striker": "Talha Khan",
              "runs": {
                "batter": 1,
                "extras": 0,
                "total": 1
              }
            },
            {
              "batter": "Talha Khan",
              "bowler": "TC Vine",
              "non_striker": "H Singh",
              "runs": {
                "batter": 0,
                "extras": 0,
                "total": 0
              }
            }
          ]
        },
        {
          "over": 5,
          "deliveries": [
            {
              "batter": "H Singh",
              "bowler": "Raja Adeel",
              "non_striker": "Talha Khan",
              "runs": {
                "batter": 0,
                "extras": 0,
                "total": 0
              },
              "wickets": [
                {
                  "player_out": "H Singh",
                  "kind": "lbw"
                }
              ]
            },
            {
              "batter": "DA Blignaut",
              "bowler": "Raja Adeel",
              "non_striker": "Talha Khan",
              "runs": {
                "batter": 1,
                "extras": 0,
                "total": 1
              }
            },
            {
              "batter": "Talha Khan",
              "bowler": "Raja Adeel",
              "non_striker": "DA Blignaut",
              "runs": {
                "batter": 1,
                "extras": 0,
                "total": 1
              }
            },
            {
              "batter": "DA Blignaut",
              "bowler": "Raja Adeel",
              "non_striker": "Talha Khan",
              "runs": {
                "batter": 0,
                "extras": 0,
                "total": 0
              }
            },
            {
              "batter": "DA Blignaut",
              "bowler": "Raja Adeel",
              "non_striker": "Talha Khan",
              "runs": {
                "batter": 0,
                "extras": 0,
                "total": 0
              }
            },
            {
              "batter": "DA Blignaut",
              "bowler": "Raja Adeel",
              "non_striker": "Talha Khan",
              "runs": {
                "batter": 0,
                "extras": 0,
                "total": 0
              }
            }
          ]
        },
        {
          "over": 6,
          "deliveries": [
            {
              "batter": "Talha Khan",
              "bowler": "TC Vine",
              "non_striker": "DA Blignaut",
              "runs": {
                "batter": 1,
                "extras": 0,
                "total": 1
              }
            },
            {
              "batter": "DA Blignaut",
              "bowler": "TC Vine",
              "non_striker": "Talha Khan",
              "runs": {
                "batter": 4,
                "extras": 0,
                "total": 4
              }
            },
            {
              "batter": "DA Blignaut",
              "bowler": "TC Vine",
              "non_striker": "Talha Khan",
              "runs": {
                "batter": 2,
                "extras": 0,
                "total": 2
              }
            },
            {
              "batter": "DA Blignaut",
              "bowler": "TC Vine",
              "non_striker": "Talha Khan",
              "runs": {
                "batter": 0,
                "extras": 0,
                "total": 0
              }
            },
            {
              "batter": "DA Blignaut",
              "bowler": "TC Vine",
              "non_striker": "Talha Khan",
              "runs": {
                "batter": 1,
                "extras": 0,
                "total": 1
              }
            },
            {
              "batter": "Talha Khan",
              "bowler": "TC Vine",
              "non_striker": "DA Blignaut",
              "runs": {
                "batter": 1,
                "extras": 0,
                "total": 1
              }
            }
          ]
        },
        {
          "over": 7,
          "deliveries": [
            {
              "batter": "Talha Khan",
              "bowler": "J Perman",
              "non_striker": "DA Blignaut",
              "runs": {
                "batter": 0,
                "extras": 0,
                "total": 0
              }
            },
            {
              "batter": "Talha Khan",
              "bowler": "J Perman",
              "non_striker": "DA Blignaut",
              "runs": {
                "batter": 1,
                "extras": 0,
                "total": 1
              }
            },
            {
              "batter": "DA Blignaut",
              "bowler": "J Perman",
              "non_striker": "Talha Khan",
              "runs": {
                "batter": 6,
                "extras": 0,
                "total": 6
              }
            },
            {
              "batter": "DA Blignaut",
              "bowler": "J Perman",
              "non_striker": "Talha Khan",
              "runs": {
                "batter": 0,
                "extras": 0,
                "total": 0
              }
            },
            {
              "batter": "DA Blignaut",
              "bowler": "J Perman",
              "non_striker": "Talha Khan",
              "runs": {
                "batter": 0,
                "extras": 0,
                "total": 0
              }
            },
            {
              "batter": "DA Blignaut",
              "bowler": "J Perman",
              "non_striker": "Talha Khan",
              "runs": {
                "batter": 6,
                "extras": 0,
                "total": 6
              }
            }
          ]
        },
        {
          "over": 8,
          "deliveries": [
            {
              "batter": "Talha Khan",
              "bowler": "TC Vine",
              "non_striker": "DA Blignaut",
              "runs": {
                "batter": 0,
                "extras": 0,
                "total": 0
              }
            },
            {
              "batter": "Talha Khan",
              "bowler": "TC Vine",
              "non_striker": "DA Blignaut",
              "runs": {
                "batter": 1,
                "extras": 0,
                "total": 1
              }
            },
            {
              "batter": "DA Blignaut",
              "bowler": "TC Vine",
              "non_striker": "Talha Khan",
              "runs": {
                "batter": 0,
                "extras": 0,
                "total": 0
              }
            },
            {
              "batter": "DA Blignaut",
              "bowler": "TC Vine",
              "non_striker": "Talha Khan",
              "runs": {
                "batter": 1,
                "extras": 0,
                "total": 1
              }
            },
            {
              "batter": "Talha Khan",
              "bowler": "TC Vine",
              "extras": {
                "legbyes": 4
              },
              "non_striker": "DA Blignaut",
              "runs": {
                "batter": 0,
                "extras": 4,
                "total": 4
              }
            },
            {
              "batter": "Talha Khan",
              "bowler": "TC Vine",
              "extras": {
                "wides": 1
              },
              "non_striker": "DA Blignaut",
              "runs": {
                "batter": 0,
                "extras": 1,
                "total": 1
              }
            },
            {
              "batter": "Talha Khan",
              "bowler": "TC Vine",
              "non_striker": "DA Blignaut",
              "runs": {
                "batter": 4,
                "extras": 0,
                "total": 4
              }
            }
          ]
        },
        {
          "over": 9,
          "deliveries": [
            {
              "batter": "DA Blignaut",
              "bowler": "PD Hennessy",
              "non_striker": "Talha Khan",
              "runs": {
                "batter": 0,
                "extras": 0,
                "total": 0
              }
            },
            {
              "batter": "DA Blignaut",
              "bowler": "PD Hennessy",
              "non_striker": "Talha Khan",
              "runs": {
                "batter": 1,
                "extras": 0,
                "total": 1
              }
            },
            {
              "batter": "Talha Khan",
              "bowler": "PD Hennessy",
              "non_striker": "DA Blignaut",
              "runs": {
                "batter": 0,
                "extras": 0,
                "total": 0
              }
            },
            {
              "batter": "Talha Khan",
              "bowler": "PD Hennessy",
              "non_striker": "DA Blignaut",
              "runs": {
                "batter": 1,
                "extras": 0,
                "total": 1
              }
            },
            {
              "batter": "DA Blignaut",
              "bowler": "PD Hennessy",
              "non_striker": "Talha Khan",
              "runs": {
                "batter": 1,
                "extras": 0,
                "total": 1
              }
            },
            {
              "batter": "Talha Khan",
              "bowler": "PD Hennessy",
              "non_striker": "DA Blignaut",
              "runs": {
                "batter": 1,
                "extras": 0,
                "total": 1
              }
            }
          ]
        },
        {
          "over": 10,
          "deliveries": [
            {
              "batter": "Talha Khan",
              "bowler": "Yasir Ali",
              "non_striker": "DA Blignaut",
              "runs": {
                "batter": 4,
                "extras": 0,
                "total": 4
              }
            },
            {
              "batter": "Talha Khan",
              "bowler": "Yasir Ali",
              "non_striker": "DA Blignaut",
              "runs": {
                "batter": 0,
                "extras": 0,
                "total": 0
              }
            },
            {
              "batter": "Talha Khan",
              "bowler": "Yasir Ali",
              "non_striker": "DA Blignaut",
              "runs": {
                "batter": 1,
                "extras": 0,
                "total": 1
              }
            },
            {
              "batter": "DA Blignaut",
              "bowler": "Yasir Ali",
              "non_striker": "Talha Khan",
              "runs": {
                "batter": 0,
                "extras": 0,
                "total": 0
              }
            },
            {
              "batter": "DA Blignaut",
              "bowler": "Yasir Ali",
              "non_striker": "Talha Khan",
              "runs": {
                "batter": 0,
                "extras": 0,
                "total": 0
              }
            },
            {
              "batter": "DA Blignaut",
              "bowler": "Yasir Ali",
              "non_striker": "Talha Khan",
              "runs": {
                "batter": 0,
                "extras": 0,
                "total": 0
              }
            }
          ]
        },
        {
          "over": 11,
          "deliveries": [
            {
              "batter": "Talha Khan",
              "bowler": "PD Hennessy",
              "non_striker": "DA Blignaut",
              "runs": {
                "batter": 0,
                "extras": 0,
                "total": 0
              }
            },
            {
              "batter": "Talha Khan",
              "bowler": "PD Hennessy",
              "non_striker": "DA Blignaut",
              "runs": {
                "batter": 0,
                "extras": 0,
                "total": 0
              }
            },
            {
              "batter": "Talha Khan",
              "bowler": "PD Hennessy",
              "non_striker": "DA Blignaut",
              "runs": {
                "batter": 0,
                "extras": 0,
                "total": 0
              }
            },
            {
              "batter": "Talha Khan",
              "bowler": "PD Hennessy",
              "non_striker": "DA Blignaut",
              "runs": {
                "batter": 0,
                "extras": 0,
                "total": 0
              }
            },
            {
              "batter": "Talha Khan",
              "bowler": "PD Hennessy",
              "non_striker": "DA Blignaut",
              "runs": {
                "batter": 1,
                "extras": 0,
                "total": 1
              }
            },
            {
              "batter": "DA Blignaut",
              "bowler": "PD Hennessy",
              "non_striker": "Talha Khan",
              "runs": {
                "batter": 0,
                "extras": 0,
                "total": 0
              }
            }
          ]
        },
        {
          "over": 12,
          "deliveries": [
            {
              "batter": "Talha Khan",
              "bowler": "Yasir Ali",
              "non_striker": "DA Blignaut",
              "runs": {
                "batter": 2,
                "extras": 0,
                "total": 2
              }
            },
            {
              "batter": "Talha Khan",
              "bowler": "Yasir Ali",
              "non_striker": "DA Blignaut",
              "runs": {
                "batter": 0,
                "extras": 0,
                "total": 0
              }
            },
            {
              "batter": "Talha Khan",
              "bowler": "Yasir Ali",
              "non_striker": "DA Blignaut",
              "runs": {
                "batter": 2,
                "extras": 0,
                "total": 2
              }
            },
            {
              "batter": "Talha Khan",
              "bowler": "Yasir Ali",
              "non_striker": "DA Blignaut",
              "runs": {
                "batter": 1,
                "extras": 0,
                "total": 1
              }
            },
            {
              "batter": "DA Blignaut",
              "bowler": "Yasir Ali",
              "non_striker": "Talha Khan",
              "runs": {
                "batter": 1,
                "extras": 0,
                "total": 1
              }
            },
            {
              "batter": "Talha Khan",
              "bowler": "Yasir Ali",
              "non_striker": "DA Blignaut",
              "runs": {
                "batter": 0,
                "extras": 0,
                "total": 0
              }
            }
          ]
        },
        {
          "over": 13,
          "deliveries": [
            {
              "batter": "DA Blignaut",
              "bowler": "PD Hennessy",
              "non_striker": "Talha Khan",
              "runs": {
                "batter": 1,
                "extras": 0,
                "total": 1
              }
            },
            {
              "batter": "Talha Khan",
              "bowler": "PD Hennessy",
              "non_striker": "DA Blignaut",
              "runs": {
                "batter": 0,
                "extras": 0,
                "total": 0
              }
            },
            {
              "batter": "Talha Khan",
              "bowler": "PD Hennessy",
              "non_striker": "DA Blignaut",
              "runs": {
                "batter": 1,
                "extras": 0,
                "total": 1
              }
            },
            {
              "batter": "DA Blignaut",
              "bowler": "PD Hennessy",
              "extras": {
                "wides": 1
              },
              "non_striker": "Talha Khan",
              "runs": {
                "batter": 0,
                "extras": 1,
                "total": 1
              }
            },
            {
              "batter": "DA Blignaut",
              "bowler": "PD Hennessy",
              "non_striker": "Talha Khan",
              "runs": {
                "batter": 1,
                "extras": 0,
                "total": 1
              }
            },
            {
              "batter": "Talha Khan",
              "bowler": "PD Hennessy",
              "non_striker": "DA Blignaut",
              "runs": {
                "batter": 4,
                "extras": 0,
                "total": 4
              }
            },
            {
              "batter": "Talha Khan",
              "bowler": "PD Hennessy",
              "non_striker": "DA Blignaut",
              "runs": {
                "batter": 4,
                "extras": 0,
                "total": 4
              }
            }
          ]
        },
        {
          "over": 14,
          "deliveries": [
            {
              "batter": "DA Blignaut",
              "bowler": "Atif Mehmood",
              "non_striker": "Talha Khan",
              "runs": {
                "batter": 0,
                "extras": 0,
                "total": 0
              }
            },
            {
              "batter": "DA Blignaut",
              "bowler": "Atif Mehmood",
              "non_striker": "Talha Khan",
              "runs": {
                "batter": 1,
                "extras": 0,
                "total": 1
              }
            },
            {
              "batter": "Talha Khan",
              "bowler": "Atif Mehmood",
              "non_striker": "DA Blignaut",
              "runs": {
                "batter": 2,
                "extras": 0,
                "total": 2
              }
            },
            {
              "batter": "Talha Khan",
              "bowler": "Atif Mehmood",
              "non_striker": "DA Blignaut",
              "runs": {
                "batter": 2,
                "extras": 0,
                "total": 2
              }
            },
            {
              "batter": "Talha Khan",
              "bowler": "Atif Mehmood",
              "non_striker": "DA Blignaut",
              "runs": {
                "batter": 1,
                "extras": 0,
                "total": 1
              }
            },
            {
              "batter": "DA Blignaut",
              "bowler": "Atif Mehmood",
              "non_striker": "Talha Khan",
              "runs": {
                "batter": 1,
                "extras": 0,
                "total": 1
              }
            }
          ]
        },
        {
          "over": 15,
          "deliveries": [
            {
              "batter": "DA Blignaut",
              "bowler": "TC Vine",
              "extras": {
                "wides": 1
              },
              "non_striker": "Talha Khan",
              "runs": {
                "batter": 0,
                "extras": 1,
                "total": 1
              }
            },
            {
              "batter": "DA Blignaut",
              "bowler": "TC Vine",
              "non_striker": "Talha Khan",
              "runs": {
                "batter": 1,
                "extras": 0,
                "total": 1
              }
            },
            {
              "batter": "Talha Khan",
              "bowler": "TC Vine",
              "non_striker": "DA Blignaut",
              "runs": {
                "batter": 1,
                "extras": 0,
                "total": 1
              }
            },
            {
              "batter": "DA Blignaut",
              "bowler": "TC Vine",
              "non_striker": "Talha Khan",
              "runs": {
                "batter": 4,
                "extras": 0,
                "total": 4
              }
            },
            {
              "batter": "DA Blignaut",
              "bowler": "TC Vine",
              "non_striker": "Talha Khan",
              "runs": {
                "batter": 2,
                "extras": 0,
                "total": 2
              }
            },
            {
              "batter": "DA Blignaut",
              "bowler": "TC Vine",
              "non_striker": "Talha Khan",
              "runs": {
                "batter": 0,
                "extras": 0,
                "total": 0
              }
            },
            {
              "batter": "DA Blignaut",
              "bowler": "TC Vine",
              "non_striker": "Talha Khan",
              "runs": {
                "batter": 6,
                "extras": 0,
                "total": 6
              }
            }
          ]
        },
        {
          "over": 16,
          "deliveries": [
            {
              "batter": "Talha Khan",
              "bowler": "Atif Mehmood",
              "non_striker": "DA Blignaut",
              "runs": {
                "batter": 1,
                "extras": 0,
                "total": 1
              }
            },
            {
              "batter": "DA Blignaut",
              "bowler": "Atif Mehmood",
              "non_striker": "Talha Khan",
              "runs": {
                "batter": 0,
                "extras": 0,
                "total": 0
              }
            },
            {
              "batter": "DA Blignaut",
              "bowler": "Atif Mehmood",
              "non_striker": "Talha Khan",
              "runs": {
                "batter": 0,
                "extras": 0,
                "total": 0
              }
            },
            {
              "batter": "DA Blignaut",
              "bowler": "Atif Mehmood",
              "non_striker": "Talha Khan",
              "runs": {
                "batter": 0,
                "extras": 0,
                "total": 0
              }
            },
            {
              "batter": "DA Blignaut",
              "bowler": "Atif Mehmood",
              "non_striker": "Talha Khan",
              "runs": {
                "batter": 1,
                "extras": 0,
                "total": 1
              }
            },
            {
              "batter": "Talha Khan",
              "bowler": "Atif Mehmood",
              "non_striker": "DA Blignaut",
              "runs": {
                "batter": 1,
                "extras": 0,
                "total": 1
              }
            }
          ]
        },
        {
          "over": 17,
          "deliveries": [
            {
              "batter": "Talha Khan",
              "bowler": "Raja Adeel",
              "extras": {
                "wides": 1
              },
              "non_striker": "DA Blignaut",
              "runs": {
                "batter": 0,
                "extras": 1,
                "total": 1
              }
            },
            {
              "batter": "Talha Khan",
              "bowler": "Raja Adeel",
              "non_striker": "DA Blignaut",
              "runs": {
                "batter": 0,
                "extras": 0,
                "total": 0
              }
            },
            {
              "batter": "Talha Khan",
              "bowler": "Raja Adeel",
              "non_striker": "DA Blignaut",
              "runs": {
                "batter": 1,
                "extras": 0,
                "total": 1
              }
            },
            {
              "batter": "DA Blignaut",
              "bowler": "Raja Adeel",
              "non_striker": "Talha Khan",
              "runs": {
                "batter": 1,
                "extras": 0,
                "total": 1
              }
            },
            {
              "batter": "Talha Khan",
              "bowler": "Raja Adeel",
              "non_striker": "DA Blignaut",
              "runs": {
                "batter": 0,
                "extras": 0,
                "total": 0
              }
            },
            {
              "batter": "Talha Khan",
              "bowler": "Raja Adeel",
              "non_striker": "DA Blignaut",
              "runs": {
                "batter": 2,
                "extras": 0,
                "total": 2
              }
            },
            {
              "batter": "Talha Khan",
              "bowler": "Raja Adeel",
              "non_striker": "DA Blignaut",
              "runs": {
                "batter": 4,
                "extras": 0,
                "total": 4
              }
            }
          ]
        },
        {
          "over": 18,
          "deliveries": [
            {
              "batter": "DA Blignaut",
              "bowler": "Atif Mehmood",
              "non_striker": "Talha Khan",
              "runs": {
                "batter": 4,
                "extras": 0,
                "total": 4
              }
            }
          ]
        }
      ],
      "powerplays": [
        {
          "from": 0.1,
          "to": 5.6,
          "type": "mandatory"
        }
      ],
      "target": {
        "overs": 20,
        "runs": 129
      }
    }
  ]
}