{
  "meta": {
    "data_version": "1.1.0",
    "created": "2022-05-15",
    "revision": 3
  },
  "info": {
    "balls_per_over": 6,
    "city": "Marsa",
    "dates": [
      "2022-05-13"
    ],
    "event": {
      "name": "Valletta Cup",
      "match_number": 11
    },
    "gender": "male",
    "match_type": "T20",
    "match_type_number": 1532,
    "officials": {
      "reserve_umpires": [
        "SN Anand"
      ],
      "umpires": [
        "S Harnal",
        "T Wheeler"
      ]
    },
    "outcome": {
      "winner": "Romania",
      "by": {
        "runs": 26
      }
    },
    "overs": 20,
    "player_of_match": [
      "Taranjeet Singh"
    ],
    "players": {
      "Romania": [
        "R Satheesan",
        "Taranjeet Singh",
        "V Saini",
        "Ijaz Hussain",
        "S Periyalwar",
        "R Kumar",
        "Abdul Shakoor",
        "C Zavoiu",
        "Gaurav Mishra",
        "M Gherasim",
        "S Nadigotla"
      ],
      "Czech Republic": [
        "S Davizi",
        "Dylan Steyn",
        "A Ashokan",
        "S Wickramasekara",
        "S Ramakrishnan",
        "Ritik Tomar",
        "Sazib Bhuiyan",
        "Divyendra Singh",
        "S Sengupta",
        "Naveed Ahmed",
        "SJ Patel"
      ]
    },
    "registry": {
      "people": {
        "A Ashokan": "9244df4b",
        "Abdul Shakoor": "d52b13a6",
        "C Zavoiu": "6b96bebf",
        "Divyendra Singh": "7f122e0b",
        "Dylan Steyn": "ff2b190e",
        "Gaurav Mishra": "507dd87f",
        "Ijaz Hussain": "dc1dd6c4",
        "M Gherasim": "692d4cbe",
        "Naveed Ahmed": "87609cbb",
        "R Kumar": "2df874e6",
        "R Satheesan": "1125ebe4",
        "Ritik Tomar": "6de51a8e",
        "S Davizi": "5787be00",
        "S Harnal": "756fe781",
        "S Nadigotla": "b78b3ffd",
        "S Periyalwar": "d207e4fb",
        "S Ramakrishnan": "b0f5175e",
        "S Sengupta": "da39f141",
        "S Wickramasekara": "a9a09cb8",
        "SJ Patel": "6a091f62",
        "SN Anand": "ab3d6059",
        "Sazib Bhuiyan": "e5464794",
        "T Wheeler": "f4d1ecae",
        "Taranjeet Singh": "ec483176",
        "V Saini": "0fa81719"
      }
    },
    "season": "2022",
    "team_type": "international",
    "teams": [
      "Romania",
      "Czech Republic"
    ],
    "toss": {
      "decision": "bat",
      "winner": "Romania"
    },
    "venue": "Marsa Sports Club"
  },
  "innings": [
    {
      "team": "Romania",
      "overs": [
        {
          "over": 0,
          "deliveries": [
            {
              "batter": "R Satheesan",
              "bowler": "Sazib Bhuiyan",
              "non_striker": "Taranjeet Singh",
              "runs": {
                "batter": 1,
                "extras": 0,
                "total": 1
              }
            },
            {
              "batter": "Taranjeet Singh",
              "bowler": "Sazib Bhuiyan",
              "non_striker": "R Satheesan",
              "runs": {
                "batter": 1,
                "extras": 0,
                "total": 1
              }
            },
            {
              "batter": "R Satheesan",
              "bowler": "Sazib Bhuiyan",
              "non_striker": "Taranjeet Singh",
              "runs": {
                "batter": 1,
                "extras": 0,
                "total": 1
              }
            },
            {
              "batter": "Taranjeet Singh",
              "bowler": "Sazib Bhuiyan",
              "non_striker": "R Satheesan",
              "runs": {
                "batter": 0,
                "extras": 0,
                "total": 0
              }
            },
            {
              "batter": "Taranjeet Singh",
              "bowler": "Sazib Bhuiyan",
              "non_striker": "R Satheesan",
              "runs": {
                "batter": 1,
                "extras": 0,
                "total": 1
              }
            },
            {
              "batter": "R Satheesan",
              "bowler": "Sazib Bhuiyan",
              "non_striker": "Taranjeet Singh",
              "runs": {
                "batter": 6,
                "extras": 0,
                "total": 6
              }
            }
          ]
        },
        {
          "over": 1,
          "deliveries": [
            {
              "batter": "Taranjeet Singh",
              "bowler": "Ritik Tomar",
              "non_striker": "R Satheesan",
              "runs": {
                "batter": 0,
                "extras": 0,
                "total": 0
              }
            },
            {
              "batter": "Taranjeet Singh",
              "bowler": "Ritik Tomar",
              "non_striker": "R Satheesan",
              "runs": {
                "batter": 1,
                "extras": 0,
                "total": 1
              }
            },
            {
              "batter": "R Satheesan",
              "bowler": "Ritik Tomar",
              "non_striker": "Taranjeet Singh",
              "runs": {
                "batter": 0,
                "extras": 0,
                "total": 0
              }
            },
            {
              "batter": "R Satheesan",
              "bowler": "Ritik Tomar",
              "extras": {
                "wides": 1
              },
              "non_striker": "Taranjeet Singh",
              "runs": {
                "batter": 0,
                "extras": 1,
                "total": 1
              }
            },
            {
              "batter": "R Satheesan",
              "bowler": "Ritik Tomar",
              "non_striker": "Taranjeet Singh",
              "runs": {
                "batter": 2,
                "extras": 0,
                "total": 2
              }
            },
            {
              "batter": "R Satheesan",
              "bowler": "Ritik Tomar",
              "non_striker": "Taranjeet Singh",
              "runs": {
                "batter": 4,
                "extras": 0,
                "total": 4
              }
            },
            {
              "batter": "R Satheesan",
              "bowler": "Ritik Tomar",
              "non_striker": "Taranjeet Singh",
              "runs": {
                "batter": 1,
                "extras": 0,
                "total": 1
              }
            }
          ]
        },
        {
          "over": 2,
          "deliveries": [
            {
              "batter": "R Satheesan",
              "bowler": "Sazib Bhuiyan",
              "non_striker": "Taranjeet Singh",
              "runs": {
                "batter": 4,
                "extras": 0,
                "total": 4
              }
            },
            {
              "batter": "R Satheesan",
              "bowler": "Sazib Bhuiyan",
              "non_striker": "Taranjeet Singh",
              "runs": {
                "batter": 4,
                "extras": 0,
                "total": 4
              }
            },
            {
              "batter": "R Satheesan",
              "bowler": "Sazib Bhuiyan",
              "non_striker": "Taranjeet Singh",
              "runs": {
                "batter": 4,
                "extras": 0,
                "total": 4
              }
            },
            {
              "batter": "R Satheesan",
              "bowler": "Sazib Bhuiyan",
              "non_striker": "Taranjeet Singh",
              "runs": {
                "batter": 0,
                "extras": 0,
                "total": 0
              }
            },
            {
              "batter": "R Satheesan",
              "bowler": "Sazib Bhuiyan",
              "non_striker": "Taranjeet Singh",
              "runs": {
                "batter": 0,
                "extras": 0,
                "total": 0
              }
            },
            {
              "batter": "R Satheesan",
              "bowler": "Sazib Bhuiyan",
              "non_striker": "Taranjeet Singh",
              "runs": {
                "batter": 2,
                "extras": 0,
                "total": 2
              }
            }
          ]
        },
        {
          "over": 3,
          "deliveries": [
            {
              "batter": "Taranjeet Singh",
              "bowler": "Ritik Tomar",
              "non_striker": "R Satheesan",
              "runs": {
                "batter": 0,
                "extras": 0,
                "total": 0
              }
            },
            {
              "batter": "Taranjeet Singh",
              "bowler": "Ritik Tomar",
              "non_striker": "R Satheesan",
              "runs": {
                "batter": 1,
                "extras": 0,
                "total": 1
              }
            },
            {
              "batter": "R Satheesan",
              "bowler": "Ritik Tomar",
              "non_striker": "Taranjeet Singh",
              "runs": {
                "batter": 1,
                "extras": 0,
                "total": 1
              }
            },
            {
              "batter": "Taranjeet Singh",
              "bowler": "Ritik Tomar",
              "non_striker": "R Satheesan",
              "runs": {
                "batter": 4,
                "extras": 0,
                "total": 4
              }
            },
            {
              "batter": "Taranjeet Singh",
              "bowler": "Ritik Tomar",
              "non_striker": "R Satheesan",
              "runs": {
                "batter": 4,
                "extras": 0,
                "total": 4
              }
            },
            {
              "batter": "Taranjeet Singh",
              "bowler": "Ritik Tomar",
              "non_striker": "R Satheesan",
              "runs": {
                "batter": 4,
                "extras": 0,
                "total": 4
              }
            }
          ]
        },
        {
          "over": 4,
          "deliveries": [
            {
              "batter": "R Satheesan",
              "bowler": "S Sengupta",
              "non_striker": "Taranjeet Singh",
              "runs": {
                "batter": 1,
                "extras": 0,
                "total": 1
              }
            },
            {
              "batter": "Taranjeet Singh",
              "bowler": "S Sengupta",
              "non_striker": "R Satheesan",
              "runs": {
                "batter": 1,
                "extras": 0,
                "total": 1
              }
            },
            {
              "batter": "R Satheesan",
              "bowler": "S Sengupta",
              "non_striker": "Taranjeet Singh",
              "runs": {
                "batter": 0,
                "extras": 0,
                "total": 0
              }
            },
            {
              "batter": "R Satheesan",
              "bowler": "S Sengupta",
              "non_striker": "Taranjeet Singh",
              "runs": {
                "batter": 1,
                "extras": 0,
                "total": 1
              }
            },
            {
              "batter": "Taranjeet Singh",
              "bowler": "S Sengupta",
              "non_striker": "R Satheesan",
              "runs": {
                "batter": 0,
                "extras": 0,
                "total": 0
              }
            },
            {
              "batter": "Taranjeet Singh",
              "bowler": "S Sengupta",
              "non_striker": "R Satheesan",
              "runs": {
                "batter": 0,
                "extras": 0,
                "total": 0
              }
            }
          ]
        },
        {
          "over": 5,
          "deliveries": [
            {
              "batter": "R Satheesan",
              "bowler": "S Davizi",
              "non_striker": "Taranjeet Singh",
              "runs": {
                "batter": 1,
                "extras": 0,
                "total": 1
              }
            },
            {
              "batter": "Taranjeet Singh",
              "bowler": "S Davizi",
              "non_striker": "R Satheesan",
              "runs": {
                "batter": 4,
                "extras": 0,
                "total": 4
              }
            },
            {
              "batter": "Taranjeet Singh",
              "bowler": "S Davizi",
              "non_striker": "R Satheesan",
              "runs": {
                "batter": 0,
                "extras": 0,
                "total": 0
              }
            },
            {
              "batter": "Taranjeet Singh",
              "bowler": "S Davizi",
              "non_striker": "R Satheesan",
              "runs": {
                "batter": 6,
                "extras": 0,
                "total": 6
              }
            },
            {
              "batter": "Taranjeet Singh",
              "bowler": "S Davizi",
              "non_striker": "R Satheesan",
              "runs": {
                "batter": 4,
                "extras": 0,
                "total": 4
              }
            },
            {
              "batter": "Taranjeet Singh",
              "bowler": "S Davizi",
              "non_striker": "R Satheesan",
              "runs": {
                "batter": 4,
                "extras": 0,
                "total": 4
              }
            }
          ]
        },
        {
          "over": 6,
          "deliveries": [
            {
              "batter": "R Satheesan",
              "bowler": "S Sengupta",
              "non_striker": "Taranjeet Singh",
              "runs": {
                "batter": 0,
                "extras": 0,
                "total": 0
              }
            },
            {
              "batter": "R Satheesan",
              "bowler": "S Sengupta",
              "non_striker": "Taranjeet Singh",
              "runs": {
                "batter": 0,
                "extras": 0,
                "total": 0
              }
            },
            {
              "batter": "R Satheesan",
              "bowler": "S Sengupta",
              "non_striker": "Taranjeet Singh",
              "runs": {
                "batter": 4,
                "extras": 0,
                "total": 4
              }
            },
            {
              "batter": "R Satheesan",
              "bowler": "S Sengupta",
              "non_striker": "Taranjeet Singh",
              "runs": {
                "batter": 1,
                "extras": 0,
                "total": 1
              }
            },
            {
              "batter": "Taranjeet Singh",
              "bowler": "S Sengupta",
              "non_striker": "R Satheesan",
              "runs": {
                "batter": 1,
                "extras": 0,
                "total": 1
              }
            },
            {
              "batter": "R Satheesan",
              "bowler": "S Sengupta",
              "non_striker": "Taranjeet Singh",
              "runs": {
                "batter": 2,
                "extras": 0,
                "total": 2
              }
            }
          ]
        },
        {
          "over": 7,
          "deliveries": [
            {
              "batter": "Taranjeet Singh",
              "bowler": "Naveed Ahmed",
              "non_striker": "R Satheesan",
              "runs": {
                "batter": 1,
                "extras": 0,
                "total": 1
              }
            },
            {
              "batter": "R Satheesan",
              "bowler": "Naveed Ahmed",
              "non_striker": "Taranjeet Singh",
              "runs": {
                "batter": 1,
                "extras": 0,
                "total": 1
              }
            },
            {
              "batter": "Taranjeet Singh",
              "bowler": "Naveed Ahmed",
              "non_striker": "R Satheesan",
              "runs": {
                "batter": 4,
                "extras": 0,
                "total": 4
              }
            },
            {
              "batter": "Taranjeet Singh",
              "bowler": "Naveed Ahmed",
              "non_striker": "R Satheesan",
              "runs": {
                "batter": 1,
                "extras": 0,
                "total": 1
              }
            },
            {
              "batter": "R Satheesan",
              "bowler": "Naveed Ahmed",
              "non_striker": "Taranjeet Singh",
              "runs": {
                "batter": 2,
                "extras": 0,
                "total": 2
              }
            },
            {
              "batter": "R Satheesan",
              "bowler": "Naveed Ahmed",
              "non_striker": "Taranjeet Singh",
              "runs": {
                "batter": 0,
                "extras": 0,
                "total": 0
              }
            }
          ]
        },
        {
          "over": 8,
          "deliveries": [
            {
              "batter": "Taranjeet Singh",
              "bowler": "S Sengupta",
              "non_striker": "R Satheesan",
              "runs": {
                "batter": 4,
                "extras": 0,
                "total": 4
              }
            },
            {
              "batter": "Taranjeet Singh",
              "bowler": "S Sengupta",
              "non_striker": "R Satheesan",
              "runs": {
                "batter": 1,
                "extras": 0,
                "total": 1
              }
            },
            {
              "batter": "R Satheesan",
              "bowler": "S Sengupta",
              "non_striker": "Taranjeet Singh",
              "runs": {
                "batter": 6,
                "extras": 0,
                "total": 6
              }
            },
            {
              "batter": "R Satheesan",
              "bowler": "S Sengupta",
              "non_striker": "Taranjeet Singh",
              "runs": {
                "batter": 2,
                "extras": 0,
                "total": 2
              }
            },
            {
              "batter": "R Satheesan",
              "bowler": "S Sengupta",
              "non_striker": "Taranjeet Singh",
              "runs": {
                "batter": 0,
                "extras": 0,
                "total": 0
              }
            },
            {
              "batter": "R Satheesan",
              "bowler": "S Sengupta",
              "non_striker": "Taranjeet Singh",
              "runs": {
                "batter": 2,
                "extras": 0,
                "total": 2
              }
            }
          ]
        },
        {
          "over": 9,
          "deliveries": [
            {
              "batter": "Taranjeet Singh",
              "bowler": "Naveed Ahmed",
              "non_striker": "R Satheesan",
              "runs": {
                "batter": 4,
                "extras": 0,
                "total": 4
              }
            },
            {
              "batter": "Taranjeet Singh",
              "bowler": "Naveed Ahmed",
              "non_striker": "R Satheesan",
              "runs": {
                "batter": 1,
                "extras": 0,
                "total": 1
              }
            },
            {
              "batter": "R Satheesan",
              "bowler": "Naveed Ahmed",
              "non_striker": "Taranjeet Singh",
              "runs": {
                "batter": 0,
                "extras": 0,
                "total": 0
              },
              "wickets": [
                {
                  "player_out": "R Satheesan",
                  "fielders": [
                    {
                      "name": "SJ Patel"
                    }
                  ],
                  "kind": "caught"
                }
              ]
            },
            {
              "batter": "Taranjeet Singh",
              "bowler": "Naveed Ahmed",
              "non_striker": "V Saini",
              "runs": {
                "batter": 0,
                "extras": 0,
                "total": 0
              }
            },
            {
              "batter": "Taranjeet Singh",
              "bowler": "Naveed Ahmed",
              "non_striker": "V Saini",
              "runs": {
                "batter": 1,
                "extras": 0,
                "total": 1
              }
            },
            {
              "batter": "V Saini",
              "bowler": "Naveed Ahmed",
              "non_striker": "Taranjeet Singh",
              "runs": {
                "batter": 0,
                "extras": 0,
                "total": 0
              }
            }
          ]
        },
        {
          "over": 10,
          "deliveries": [
            {
              "batter": "Taranjeet Singh",
              "bowler": "A Ashokan",
              "non_striker": "V Saini",
              "runs": {
                "batter": 1,
                "extras": 0,
                "total": 1
              }
            },
            {
              "batter": "V Saini",
              "bowler": "A Ashokan",
              "non_striker": "Taranjeet Singh",
              "runs": {
                "batter": 3,
                "extras": 0,
                "total": 3
              }
            },
            {
              "batter": "Taranjeet Singh",
              "bowler": "A Ashokan",
              "non_striker": "V Saini",
              "runs": {
                "batter": 1,
                "extras": 0,
                "total": 1
              }
            },
            {
              "batter": "V Saini",
              "bowler": "A Ashokan",
              "non_striker": "Taranjeet Singh",
              "runs": {
                "batter": 1,
                "extras": 0,
                "total": 1
              }
            },
            {
              "batter": "Taranjeet Singh",
              "bowler": "A Ashokan",
              "non_striker": "V Saini",
              "runs": {
                "batter": 0,
                "extras": 0,
                "total": 0
              }
            },
            {
              "batter": "Taranjeet Singh",
              "bowler": "A Ashokan",
              "non_striker": "V Saini",
              "runs": {
                "batter": 0,
                "extras": 0,
                "total": 0
              }
            }
          ]
        },
        {
          "over": 11,
          "deliveries": [
            {
              "batter": "V Saini",
              "bowler": "Naveed Ahmed",
              "non_striker": "Taranjeet Singh",
              "runs": {
                "batter": 0,
                "extras": 0,
                "total": 0
              }
            },
            {
              "batter": "V Saini",
              "bowler": "Naveed Ahmed",
              "extras": {
                "wides": 1
              },
              "non_striker": "Taranjeet Singh",
              "runs": {
                "batter": 0,
                "extras": 1,
                "total": 1
              }
            },
            {
              "batter": "V Saini",
              "bowler": "Naveed Ahmed",
              "non_striker": "Taranjeet Singh",
              "runs": {
                "batter": 2,
                "extras": 0,
                "total": 2
              }
            },
            {
              "batter": "V Saini",
              "bowler": "Naveed Ahmed",
              "non_striker": "Taranjeet Singh",
              "runs": {
                "batter": 1,
                "extras": 0,
                "total": 1
              }
            },
            {
              "batter": "Taranjeet Singh",
              "bowler": "Naveed Ahmed",
              "non_striker": "V Saini",
              "runs": {
                "batter": 6,
                "extras": 0,
                "total": 6
              }
            },
            {
              "batter": "Taranjeet Singh",
              "bowler": "Naveed Ahmed",
              "non_striker": "V Saini",
              "runs": {
                "batter": 2,
                "extras": 0,
                "total": 2
              }
            },
            {
              "batter": "Taranjeet Singh",
              "bowler": "Naveed Ahmed",
              "non_striker": "V Saini",
              "runs": {
                "batter": 1,
                "extras": 0,
                "total": 1
              }
            }
          ]
        },
        {
          "over": 12,
          "deliveries": [
            {
              "batter": "Taranjeet Singh",
              "bowler": "A Ashokan",
              "non_striker": "V Saini",
              "runs": {
                "batter": 0,
                "extras": 0,
                "total": 0
              }
            },
            {
              "batter": "Taranjeet Singh",
              "bowler": "A Ashokan",
              "non_striker": "V Saini",
              "runs": {
                "batter": 1,
                "extras": 0,
                "total": 1
              }
            },
            {
              "batter": "V Saini",
              "bowler": "A Ashokan",
              "non_striker": "Taranjeet Singh",
              "runs": {
                "batter": 1,
                "extras": 0,
                "total": 1
              }
            },
            {
              "batter": "Taranjeet Singh",
              "bowler": "A Ashokan",
              "extras": {
                "wides": 1
              },
              "non_striker": "V Saini",
              "runs": {
                "batter": 0,
                "extras": 1,
                "total": 1
              }
            },
            {
              "batter": "Taranjeet Singh",
              "bowler": "A Ashokan",
              "non_striker": "V Saini",
              "runs": {
                "batter": 4,
                "extras": 0,
                "total": 4
              }
            },
            {
              "batter": "Taranjeet Singh",
              "bowler": "A Ashokan",
              "non_striker": "V Saini",
              "runs": {
                "batter": 1,
                "extras": 0,
                "total": 1
              }
            },
            {
              "batter": "V Saini",
              "bowler": "A Ashokan",
              "non_striker": "Taranjeet Singh",
              "runs": {
                "batter": 0,
                "extras": 0,
                "total": 0
              }
            }
          ]
        },
        {
          "over": 13,
          "deliveries": [
            {
              "batter": "Taranjeet Singh",
              "bowler": "Naveed Ahmed",
              "non_striker": "V Saini",
              "runs": {
                "batter": 1,
                "extras": 0,
                "total": 1
              }
            },
            {
              "batter": "V Saini",
              "bowler": "Naveed Ahmed",
              "non_striker": "Taranjeet Singh",
              "runs": {
                "batter": 1,
                "extras": 0,
                "total": 1
              }
            },
            {
              "batter": "Taranjeet Singh",
              "bowler": "Naveed Ahmed",
              "non_striker": "V Saini",
              "runs": {
                "batter": 2,
                "extras": 0,
                "total": 2
              }
            },
            {
              "batter": "Taranjeet Singh",
              "bowler": "Naveed Ahmed",
              "non_striker": "V Saini",
              "runs": {
                "batter": 1,
                "extras": 0,
                "total": 1
              }
            },
            {
              "batter": "V Saini",
              "bowler": "Naveed Ahmed",
              "non_striker": "Taranjeet Singh",
              "runs": {
                "batter": 0,
                "extras": 0,
                "total": 0
              },
              "wickets": [
                {
                  "player_out": "V Saini",
                  "fielders": [
                    {
                      "name": "Divyendra Singh"
                    }
                  ],
                  "kind": "caught"
                }
              ]
            },
            {
              "batter": "Ijaz Hussain",
              "bowler": "Naveed Ahmed",
              "non_striker": "Taranjeet Singh",
              "runs": {
                "batter": 1,
                "extras": 0,
                "total": 1
              }
            }
          ]
        },
        {
          "over": 14,
          "deliveries": [
            {
              "batter": "Ijaz Hussain",
              "bowler": "A Ashokan",
              "non_striker": "Taranjeet Singh",
              "runs": {
                "batter": 1,
                "extras": 0,
                "total": 1
              }
            },
            {
              "batter": "Taranjeet Singh",
              "bowler": "A Ashokan",
              "non_striker": "Ijaz Hussain",
              "runs": {
                "batter": 0,
                "extras": 0,
                "total": 0
              }
            },
            {
              "batter": "Taranjeet Singh",
              "bowler": "A Ashokan",
              "non_striker": "Ijaz Hussain",
              "runs": {
                "batter": 0,
                "extras": 0,
                "total": 0
              }
            },
            {
              "batter": "Taranjeet Singh",
              "bowler": "A Ashokan",
              "non_striker": "Ijaz Hussain",
              "runs": {
                "batter": 4,
                "extras": 0,
                "total": 4
              }
            },
            {
              "batter": "Taranjeet Singh",
              "bowler": "A Ashokan",
              "non_striker": "Ijaz Hussain",
              "runs": {
                "batter": 6,
                "extras": 0,
                "total": 6
              }
            },
            {
              "batter": "Taranjeet Singh",
              "bowler": "A Ashokan",
              "non_striker": "Ijaz Hussain",
              "runs": {
                "batter": 1,
                "extras": 0,
                "total": 1
              }
            }
          ]
        },
        {
          "over": 15,
          "deliveries": [
            {
              "batter": "Taranjeet Singh",
              "bowler": "S Sengupta",
              "non_striker": "Ijaz Hussain",
              "runs": {
                "batter": 1,
                "extras": 0,
                "total": 1
              }
            },
            {
              "batter": "Ijaz Hussain",
              "bowler": "S Sengupta",
              "non_striker": "Taranjeet Singh",
              "runs": {
                "batter": 1,
                "extras": 0,
                "total": 1
              }
            },
            {
              "batter": "Taranjeet Singh",
              "bowler": "S Sengupta",
              "non_striker": "Ijaz Hussain",
              "runs": {
                "batter": 1,
                "extras": 0,
                "total": 1
              }
            },
            {
              "batter": "Ijaz Hussain",
              "bowler": "S Sengupta",
              "non_striker": "Taranjeet Singh",
              "runs": {
                "batter": 1,
                "extras": 0,
                "total": 1
              }
            },
            {
              "batter": "Taranjeet Singh",
              "bowler": "S Sengupta",
              "non_striker": "Ijaz Hussain",
              "runs": {
                "batter": 6,
                "extras": 0,
                "total": 6
              }
            },
            {
              "batter": "Taranjeet Singh",
              "bowler": "S Sengupta",
              "non_striker": "Ijaz Hussain",
              "runs": {
                "batter": 1,
                "extras": 0,
                "total": 1
              }
            }
          ]
        },
        {
          "over": 16,
          "deliveries": [
            {
              "batter": "Taranjeet Singh",
              "bowler": "Sazib Bhuiyan",
              "non_striker": "Ijaz Hussain",
              "runs": {
                "batter": 1,
                "extras": 0,
                "total": 1
              }
            },
            {
              "batter": "Ijaz Hussain",
              "bowler": "Sazib Bhuiyan",
              "non_striker": "Taranjeet Singh",
              "runs": {
                "batter": 0,
                "extras": 0,
                "total": 0
              }
            },
            {
              "batter": "Ijaz Hussain",
              "bowler": "Sazib Bhuiyan",
              "non_striker": "Taranjeet Singh",
              "runs": {
                "batter": 0,
                "extras": 0,
                "total": 0
              },
              "wickets": [
                {
                  "player_out": "Ijaz Hussain",
                  "fielders": [
                    {
                      "name": "Ritik Tomar"
                    }
                  ],
                  "kind": "caught"
                }
              ]
            },
            {
              "batter": "Taranjeet Singh",
              "bowler": "Sazib Bhuiyan",
              "non_striker": "S Periyalwar",
              "runs": {
                "batter": 0,
                "extras": 0,
                "total": 0
              }
            },
            {
              "batter": "Taranjeet Singh",
              "bowler": "Sazib Bhuiyan",
              "non_striker": "S Periyalwar",
              "runs": {
                "batter": 0,
                "extras": 0,
                "total": 0
              }
            },
            {
              "batter": "Taranjeet Singh",
              "bowler": "Sazib Bhuiyan",
              "non_striker": "S Periyalwar",
              "runs": {
                "batter": 4,
                "extras": 0,
                "total": 4
              }
            }
          ]
        },
        {
          "over": 17,
          "deliveries": [
            {
              "batter": "S Periyalwar",
              "bowler": "Ritik Tomar",
              "non_striker": "Taranjeet Singh",
              "runs": {
                "batter": 0,
                "extras": 0,
                "total": 0
              }
            },
            {
              "batter": "S Periyalwar",
              "bowler": "Ritik Tomar",
              "non_striker": "Taranjeet Singh",
              "runs": {
                "batter": 0,
                "extras": 0,
                "total": 0
              }
            },
            {
              "batter": "S Periyalwar",
              "bowler": "Ritik Tomar",
              "non_striker": "Taranjeet Singh",
              "runs": {
                "batter": 0,
                "extras": 0,
                "total": 0
              }
            },
            {
              "batter": "S Periyalwar",
              "bowler": "Ritik Tomar",
              "non_striker": "Taranjeet Singh",
              "runs": {
                "batter": 1,
                "extras": 0,
                "total": 1
              }
            },
            {
              "batter": "Taranjeet Singh",
              "bowler": "Ritik Tomar",
              "non_striker": "S Periyalwar",
              "runs": {
                "batter": 1,
                "extras": 0,
                "total": 1
              }
            },
            {
              "batter": "S Periyalwar",
              "bowler": "Ritik Tomar",
              "non_striker": "Taranjeet Singh",
              "runs": {
                "batter": 0,
                "extras": 0,
                "total": 0
              }
            }
          ]
        },
        {
          "over": 18,
          "deliveries": [
            {
              "batter": "Taranjeet Singh",
              "bowler": "Sazib Bhuiyan",
              "non_striker": "S Periyalwar",
              "runs": {
                "batter": 0,
                "extras": 0,
                "total": 0
              }
            },
            {
              "batter": "Taranjeet Singh",
              "bowler": "Sazib Bhuiyan",
              "non_striker": "S Periyalwar",
              "runs": {
                "batter": 2,
                "extras": 0,
                "total": 2
              }
            },
            {
              "batter": "Taranjeet Singh",
              "bowler": "Sazib Bhuiyan",
              "non_striker": "S Periyalwar",
              "runs": {
                "batter": 2,
                "extras": 0,
                "total": 2
              }
            },
            {
              "batter": "Taranjeet Singh",
              "bowler": "Sazib Bhuiyan",
              "non_striker": "S Periyalwar",
              "runs": {
                "batter": 6,
                "extras": 0,
                "total": 6
              }
            },
            {
              "batter": "Taranjeet Singh",
              "bowler": "Sazib Bhuiyan",
              "non_striker": "S Periyalwar",
              "runs": {
                "batter": 0,
                "extras": 0,
                "total": 0
              },
              "wickets": [
                {
                  "player_out": "Taranjeet Singh",
                  "fielders": [
                    {
                      "name": "S Ramakrishnan"
                    }
                  ],
                  "kind": "caught"
                }
              ]
            },
            {
              "batter": "S Periyalwar",
              "bowler": "Sazib Bhuiyan",
              "non_striker": "R Kumar",
              "runs": {
                "batter": 0,
                "extras": 0,
                "total": 0
              }
            }
          ]
        },
        {
          "over": 19,
          "deliveries": [
            {
              "batter": "R Kumar",
              "bowler": "Ritik Tomar",
              "non_striker": "S Periyalwar",
              "runs": {
                "batter": 0,
                "extras": 0,
                "total": 0
              }
            },
            {
              "batter": "R Kumar",
              "bowler": "Ritik Tomar",
              "non_striker": "S Periyalwar",
              "runs": {
                "batter": 6,
                "extras": 0,
                "total": 6
              }
            },
            {
              "batter": "R Kumar",
              "bowler": "Ritik Tomar",
              "non_striker": "S Periyalwar",
              "runs": {
                "batter": 0,
                "extras": 0,
                "total": 0
              }
            },
            {
              "batter": "R Kumar",
              "bowler": "Ritik Tomar",
              "non_striker": "S Periyalwar",
              "runs": {
                "batter": 4,
                "extras": 0,
                "total": 4
              }
            },
            {
              "batter": "R Kumar",
              "bowler": "Ritik Tomar",
              "non_striker": "S Periyalwar",
              "runs": {
                "batter": 2,
                "extras": 0,
                "total": 2
              }
            },
            {
              "batter": "R Kumar",
              "bowler": "Ritik Tomar",
              "non_striker": "S Periyalwar",
              "runs": {
                "batter": 1,
                "extras": 0,
                "total": 1
              }
            }
          ]
        }
      ],
      "powerplays": [
        {
          "from": 0.1,
          "to": 5.6,
          "type": "mandatory"
        }
      ]
    },
    {
      "team": "Czech Republic",
      "overs": [
        {
          "over": 0,
          "deliveries": [
            {
              "batter": "S Davizi",
              "bowler": "Gaurav Mishra",
              "non_striker": "Dylan Steyn",
              "runs": {
                "batter": 1,
                "extras": 0,
                "total": 1
              }
            },
            {
              "batter": "Dylan Steyn",
              "bowler": "Gaurav Mishra",
              "non_striker": "S Davizi",
              "runs": {
                "batter": 0,
                "extras": 0,
                "total": 0
              }
            },
            {
              "batter": "Dylan Steyn",
              "bowler": "Gaurav Mishra",
              "non_striker": "S Davizi",
              "runs": {
                "batter": 0,
                "extras": 0,
                "total": 0
              }
            },
            {
              "batter": "Dylan Steyn",
              "bowler": "Gaurav Mishra",
              "non_striker": "S Davizi",
              "runs": {
                "batter": 4,
                "extras": 0,
                "total": 4
              }
            },
            {
              "batter": "Dylan Steyn",
              "bowler": "Gaurav Mishra",
              "non_striker": "S Davizi",
              "runs": {
                "batter": 1,
                "extras": 0,
                "total": 1
              }
            },
            {
              "batter": "S Davizi",
              "bowler": "Gaurav Mishra",
              "non_striker": "Dylan Steyn",
              "runs": {
                "batter": 4,
                "extras": 0,
                "total": 4
              }
            }
          ]
        },
        {
          "over": 1,
          "deliveries": [
            {
              "batter": "Dylan Steyn",
              "bowler": "R Kumar",
              "non_striker": "S Davizi",
              "runs": {
                "batter": 1,
                "extras": 0,
                "total": 1
              }
            },
            {
              "batter": "S Davizi",
              "bowler": "R Kumar",
              "extras": {
                "wides": 1
              },
              "non_striker": "Dylan Steyn",
              "runs": {
                "batter": 0,
                "extras": 1,
                "total": 1
              }
            },
            {
              "batter": "S Davizi",
              "bowler": "R Kumar",
              "non_striker": "Dylan Steyn",
              "runs": {
                "batter": 1,
                "extras": 0,
                "total": 1
              }
            },
            {
              "batter": "Dylan Steyn",
              "bowler": "R Kumar",
              "extras": {
                "legbyes": 1
              },
              "non_striker": "S Davizi",
              "runs": {
                "batter": 0,
                "extras": 1,
                "total": 1
              }
            },
            {
              "batter": "S Davizi",
              "bowler": "R Kumar",
              "non_striker": "Dylan Steyn",
              "runs": {
                "batter": 1,
                "extras": 0,
                "total": 1
              }
            },
            {
              "batter": "Dylan Steyn",
              "bowler": "R Kumar",
              "extras": {
                "wides": 1
              },
              "non_striker": "S Davizi",
              "runs": {
                "batter": 0,
                "extras": 1,
                "total": 1
              }
            },
            {
              "batter": "Dylan Steyn",
              "bowler": "R Kumar",
              "non_striker": "S Davizi",
              "runs": {
                "batter": 4,
                "extras": 0,
                "total": 4
              }
            },
            {
              "batter": "Dylan Steyn",
              "bowler": "R Kumar",
              "extras": {
                "wides": 1
              },
              "non_striker": "S Davizi",
              "runs": {
                "batter": 0,
                "extras": 1,
                "total": 1
              }
            },
            {
              "batter": "Dylan Steyn",
              "bowler": "R Kumar",
              "non_striker": "S Davizi",
              "runs": {
                "batter": 1,
                "extras": 0,
                "total": 1
              }
            }
          ]
        },
        {
          "over": 2,
          "deliveries": [
            {
              "batter": "Dylan Steyn",
              "bowler": "Gaurav Mishra",
              "non_striker": "S Davizi",
              "runs": {
                "batter": 1,
                "extras": 0,
                "total": 1
              }
            },
            {
              "batter": "S Davizi",
              "bowler": "Gaurav Mishra",
              "non_striker": "Dylan Steyn",
              "runs": {
                "batter": 1,
                "extras": 0,
                "total": 1
              }
            },
            {
              "batter": "Dylan Steyn",
              "bowler": "Gaurav Mishra",
              "non_striker": "S Davizi",
              "runs": {
                "batter": 1,
                "extras": 0,
                "total": 1
              }
            },
            {
              "batter": "S Davizi",
              "bowler": "Gaurav Mishra",
              "non_striker": "Dylan Steyn",
              "runs": {
                "batter": 0,
                "extras": 0,
                "total": 0
              },
              "wickets": [
                {
                  "player_out": "S Davizi",
                  "fielders": [
                    {
                      "name": "M Gherasim"
                    }
                  ],
                  "kind": "caught"
                }
              ]
            },
            {
              "batter": "Dylan Steyn",
              "bowler": "Gaurav Mishra",
              "non_striker": "A Ashokan",
              "runs": {
                "batter": 0,
                "extras": 0,
                "total": 0
              }
            },
            {
              "batter": "Dylan Steyn",
              "bowler": "Gaurav Mishra",
              "non_striker": "A Ashokan",
              "runs": {
                "batter": 1,
                "extras": 0,
                "total": 1
              }
            }
          ]
        },
        {
          "over": 3,
          "deliveries": [
            {
              "batter": "Dylan Steyn",
              "bowler": "R Kumar",
              "non_striker": "A Ashokan",
              "runs": {
                "batter": 2,
                "extras": 0,
                "total": 2
              }
            },
            {
              "batter": "Dylan Steyn",
              "bowler": "R Kumar",
              "non_striker": "A Ashokan",
              "runs": {
                "batter": 4,
                "extras": 0,
                "total": 4
              }
            },
            {
              "batter": "Dylan Steyn",
              "bowler": "R Kumar",
              "non_striker": "A Ashokan",
              "runs": {
                "batter": 4,
                "extras": 0,
                "total": 4
              }
            },
            {
              "batter": "Dylan Steyn",
              "bowler": "R Kumar",
              "non_striker": "A Ashokan",
              "runs": {
                "batter": 0,
                "extras": 0,
                "total": 0
              }
            },
            {
              "batter": "Dylan Steyn",
              "bowler": "R Kumar",
              "non_striker": "A Ashokan",
              "runs": {
                "batter": 3,
                "extras": 0,
                "total": 3
              }
            },
            {
              "batter": "A Ashokan",
              "bowler": "R Kumar",
              "non_striker": "Dylan Steyn",
              "runs": {
                "batter": 0,
                "extras": 0,
                "total": 0
              }
            }
          ]
        },
        {
          "over": 4,
          "deliveries": [
            {
              "batter": "Dylan Steyn",
              "bowler": "Gaurav Mishra",
              "non_striker": "A Ashokan",
              "runs": {
                "batter": 0,
                "extras": 0,
                "total": 0
              }
            },
            {
              "batter": "Dylan Steyn",
              "bowler": "Gaurav Mishra",
              "non_striker": "A Ashokan",
              "runs": {
                "batter": 1,
                "extras": 0,
                "total": 1
              }
            },
            {
              "batter": "A Ashokan",
              "bowler": "Gaurav Mishra",
              "non_striker": "Dylan Steyn",
              "runs": {
                "batter": 2,
                "extras": 0,
                "total": 2
              }
            },
            {
              "batter": "A Ashokan",
              "bowler": "Gaurav Mishra",
              "non_striker": "Dylan Steyn",
              "runs": {
                "batter": 1,
                "extras": 0,
                "total": 1
              }
            },
            {
              "batter": "Dylan Steyn",
              "bowler": "Gaurav Mishra",
              "non_striker": "A Ashokan",
              "runs": {
                "batter": 0,
                "extras": 0,
                "total": 0
              }
            },
            {
              "batter": "Dylan Steyn",
              "bowler": "Gaurav Mishra",
              "non_striker": "A Ashokan",
              "runs": {
                "batter": 4,
                "extras": 0,
                "total": 4
              }
            }
          ]
        },
        {
          "over": 5,
          "deliveries": [
            {
              "batter": "A Ashokan",
              "bowler": "V Saini",
              "non_striker": "Dylan Steyn",
              "runs": {
                "batter": 4,
                "extras": 0,
                "total": 4
              }
            },
            {
              "batter": "A Ashokan",
              "bowler": "V Saini",
              "extras": {
                "wides": 1
              },
              "non_striker": "Dylan Steyn",
              "runs": {
                "batter": 0,
                "extras": 1,
                "total": 1
              }
            },
            {
              "batter": "A Ashokan",
              "bowler": "V Saini",
              "extras": {
                "wides": 1
              },
              "non_striker": "Dylan Steyn",
              "runs": {
                "batter": 0,
                "extras": 1,
                "total": 1
              }
            },
            {
              "batter": "A Ashokan",
              "bowler": "V Saini",
              "non_striker": "Dylan Steyn",
              "runs": {
                "batter": 0,
                "extras": 0,
                "total": 0
              }
            },
            {
              "batter": "A Ashokan",
              "bowler": "V Saini",
              "extras": {
                "wides": 1
              },
              "non_striker": "Dylan Steyn",
              "runs": {
                "batter": 0,
                "extras": 1,
                "total": 1
              }
            },
            {
              "batter": "A Ashokan",
              "bowler": "V Saini",
              "non_striker": "Dylan Steyn",
              "runs": {
                "batter": 0,
                "extras": 0,
                "total": 0
              }
            },
            {
              "batter": "A Ashokan",
              "bowler": "V Saini",
              "non_striker": "Dylan Steyn",
              "runs": {
                "batter": 0,
                "extras": 0,
                "total": 0
              }
            },
            {
              "batter": "A Ashokan",
              "bowler": "V Saini",
              "non_striker": "Dylan Steyn",
              "runs": {
                "batter": 0,
                "extras": 0,
                "total": 0
              }
            },
            {
              "batter": "A Ashokan",
              "bowler": "V Saini",
              "extras": {
                "wides": 1
              },
              "non_striker": "Dylan Steyn",
              "runs": {
                "batter": 0,
                "extras": 1,
                "total": 1
              }
            },
            {
              "batter": "A Ashokan",
              "bowler": "V Saini",
              "non_striker": "Dylan Steyn",
              "runs": {
                "batter": 0,
                "extras": 0,
                "total": 0
              }
            }
          ]
        },
        {
          "over": 6,
          "deliveries": [
            {
              "batter": "Dylan Steyn",
              "bowler": "Taranjeet Singh",
              "non_striker": "A Ashokan",
              "runs": {
                "batter": 1,
                "extras": 0,
                "total": 1
              }
            },
            {
              "batter": "A Ashokan",
              "bowler": "Taranjeet Singh",
              "non_striker": "Dylan Steyn",
              "runs": {
                "batter": 2,
                "extras": 0,
                "total": 2
              }
            },
            {
              "batter": "A Ashokan",
              "bowler": "Taranjeet Singh",
              "non_striker": "Dylan Steyn",
              "runs": {
                "batter": 4,
                "extras": 0,
                "total": 4
              }
            },
            {
              "batter": "A Ashokan",
              "bowler": "Taranjeet Singh",
              "non_striker": "Dylan Steyn",
              "runs": {
                "batter": 0,
                "extras": 0,
                "total": 0
              }
            },
            {
              "batter": "A Ashokan",
              "bowler": "Taranjeet Singh",
              "non_striker": "Dylan Steyn",
              "runs": {
                "batter": 2,
                "extras": 0,
                "total": 2
              }
            },
            {
              "batter": "A Ashokan",
              "bowler": "Taranjeet Singh",
              "non_striker": "Dylan Steyn",
              "runs": {
                "batter": 2,
                "extras": 0,
                "total": 2
              }
            }
          ]
        },
        {
          "over": 7,
          "deliveries": [
            {
              "batter": "Dylan Steyn",
              "bowler": "V Saini",
              "non_striker": "A Ashokan",
              "runs": {
                "batter": 2,
                "extras": 0,
                "total": 2
              }
            },
            {
              "batter": "Dylan Steyn",
              "bowler": "V Saini",
              "non_striker": "A Ashokan",
              "runs": {
                "batter": 2,
                "extras": 0,
                "total": 2
              }
            },
            {
              "batter": "Dylan Steyn",
              "bowler": "V Saini",
              "non_striker": "A Ashokan",
              "runs": {
                "batter": 0,
                "extras": 0,
                "total": 0
              }
            },
            {
              "batter": "Dylan Steyn",
              "bowler": "V Saini",
              "non_striker": "A Ashokan",
              "runs": {
                "batter": 0,
                "extras": 0,
                "total": 0
              },
              "wickets": [
                {
                  "player_out": "Dylan Steyn",
                  "fielders": [
                    {
                      "name": "Taranjeet Singh"
                    }
                  ],
                  "kind": "caught"
                }
              ]
            },
            {
              "batter": "A Ashokan",
              "bowler": "V Saini",
              "non_striker": "S Wickramasekara",
              "runs": {
                "batter": 0,
                "extras": 0,
                "total": 0
              }
            },
            {
              "batter": "A Ashokan",
              "bowler": "V Saini",
              "non_striker": "S Wickramasekara",
              "runs": {
                "batter": 1,
                "extras": 0,
                "total": 1
              }
            }
          ]
        },
        {
          "over": 8,
          "deliveries": [
            {
              "batter": "A Ashokan",
              "bowler": "Ijaz Hussain",
              "non_striker": "S Wickramasekara",
              "runs": {
                "batter": 3,
                "extras": 0,
                "total": 3
              }
            },
            {
              "batter": "S Wickramasekara",
              "bowler": "Ijaz Hussain",
              "extras": {
                "wides": 1
              },
              "non_striker": "A Ashokan",
              "runs": {
                "batter": 0,
                "extras": 1,
                "total": 1
              }
            },
            {
              "batter": "S Wickramasekara",
              "bowler": "Ijaz Hussain",
              "non_striker": "A Ashokan",
              "runs": {
                "batter": 4,
                "extras": 0,
                "total": 4
              }
            },
            {
              "batter": "S Wickramasekara",
              "bowler": "Ijaz Hussain",
              "non_striker": "A Ashokan",
              "runs": {
                "batter": 1,
                "extras": 0,
                "total": 1
              }
            },
            {
              "batter": "A Ashokan",
              "bowler": "Ijaz Hussain",
              "non_striker": "S Wickramasekara",
              "runs": {
                "batter": 0,
                "extras": 0,
                "total": 0
              }
            },
            {
              "batter": "A Ashokan",
              "bowler": "Ijaz Hussain",
              "non_striker": "S Wickramasekara",
              "runs": {
                "batter": 1,
                "extras": 0,
                "total": 1
              }
            },
            {
              "batter": "S Wickramasekara",
              "bowler": "Ijaz Hussain",
              "non_striker": "A Ashokan",
              "runs": {
                "batter": 0,
                "extras": 0,
                "total": 0
              }
            }
          ]
        },
        {
          "over": 9,
          "deliveries": [
            {
              "batter": "A Ashokan",
              "bowler": "V Saini",
              "non_striker": "S Wickramasekara",
              "runs": {
                "batter": 4,
                "extras": 0,
                "total": 4
              }
            },
            {
              "batter": "A Ashokan",
              "bowler": "V Saini",
              "non_striker": "S Wickramasekara",
              "runs": {
                "batter": 0,
                "extras": 0,
                "total": 0
              }
            },
            {
              "batter": "A Ashokan",
              "bowler": "V Saini",
              "non_striker": "S Wickramasekara",
              "runs": {
                "batter": 1,
                "extras": 0,
                "total": 1
              }
            },
            {
              "batter": "S Wickramasekara",
              "bowler": "V Saini",
              "non_striker": "A Ashokan",
              "runs": {
                "batter": 1,
                "extras": 0,
                "total": 1
              }
            },
            {
              "batter": "A Ashokan",
              "bowler": "V Saini",
              "non_striker": "S Wickramasekara",
              "runs": {
                "batter": 1,
                "extras": 0,
                "total": 1
              }
            },
            {
              "batter": "S Wickramasekara",
              "bowler": "V Saini",
              "non_striker": "A Ashokan",
              "runs": {
                "batter": 0,
                "extras": 0,
                "total": 0
              },
              "wickets": [
                {
                  "player_out": "S Wickramasekara",
                  "kind": "bowled"
                }
              ]
            }
          ]
        },
        {
          "over": 10,
          "deliveries": [
            {
              "batter": "A Ashokan",
              "bowler": "Taranjeet Singh",
              "non_striker": "S Ramakrishnan",
              "runs": {
                "batter": 1,
                "extras": 0,
                "total": 1
              }
            },
            {
              "batter": "S Ramakrishnan",
              "bowler": "Taranjeet Singh",
              "non_striker": "A Ashokan",
              "runs": {
                "batter": 0,
                "extras": 0,
                "total": 0
              }
            },
            {
              "batter": "S Ramakrishnan",
              "bowler": "Taranjeet Singh",
              "non_striker": "A Ashokan",
              "runs": {
                "batter": 1,
                "extras": 0,
                "total": 1
              }
            },
            {
              "batter": "A Ashokan",
              "bowler": "Taranjeet Singh",
              "non_striker": "S Ramakrishnan",
              "runs": {
                "batter": 1,
                "extras": 0,
                "total": 1
              }
            },
            {
              "batter": "S Ramakrishnan",
              "bowler": "Taranjeet Singh",
              "non_striker": "A Ashokan",
              "runs": {
                "batter": 0,
                "extras": 0,
                "total": 0
              },
              "wickets": [
                {
                  "player_out": "S Ramakrishnan",
                  "fielders": [
                    {
                      "name": "Ijaz Hussain"
                    }
                  ],
                  "kind": "caught"
                }
              ]
            },
            {
              "batter": "A Ashokan",
              "bowler": "Taranjeet Singh",
              "non_striker": "Ritik Tomar",
              "runs": {
                "batter": 0,
                "extras": 0,
                "total": 0
              }
            }
          ]
        },
        {
          "over": 11,
          "deliveries": [
            {
              "batter": "Ritik Tomar",
              "bowler": "R Satheesan",
              "non_striker": "A Ashokan",
              "runs": {
                "batter": 2,
                "extras": 0,
                "total": 2
              }
            },
            {
              "batter": "Ritik Tomar",
              "bowler": "R Satheesan",
              "non_striker": "A Ashokan",
              "runs": {
                "batter": 1,
                "extras": 0,
                "total": 1
              }
            },
            {
              "batter": "A Ashokan",
              "bowler": "R Satheesan",
              "extras": {
                "wides": 1
              },
              "non_striker": "Ritik Tomar",
              "runs": {
                "batter": 0,
                "extras": 1,
                "total": 1
              }
            },
            {
              "batter": "A Ashokan",
              "bowler": "R Satheesan",
              "non_striker": "Ritik Tomar",
              "runs": {
                "batter": 2,
                "extras": 0,
                "total": 2
              }
            },
            {
              "batter": "A Ashokan",
              "bowler": "R Satheesan",
              "non_striker": "Ritik Tomar",
              "runs": {
                "batter": 1,
                "extras": 0,
                "total": 1
              }
            },
            {
              "batter": "Ritik Tomar",
              "bowler": "R Satheesan",
              "non_striker": "A Ashokan",
              "runs": {
                "batter": 4,
                "extras": 0,
                "total": 4
              }
            },
            {
              "batter": "Ritik Tomar",
              "bowler": "R Satheesan",
              "non_striker": "A Ashokan",
              "runs": {
                "batter": 1,
                "extras": 0,
                "total": 1
              }
            }
          ]
        },
        {
          "over": 12,
          "deliveries": [
            {
              "batter": "Ritik Tomar",
              "bowler": "Taranjeet Singh",
              "non_striker": "A Ashokan",
              "runs": {
                "batter": 1,
                "extras": 0,
                "total": 1
              }
            },
            {
              "batter": "A Ashokan",
              "bowler": "Taranjeet Singh",
              "non_striker": "Ritik Tomar",
              "runs": {
                "batter": 0,
                "extras": 0,
                "total": 0
              }
            },
            {
              "batter": "A Ashokan",
              "bowler": "Taranjeet Singh",
              "non_striker": "Ritik Tomar",
              "runs": {
                "batter": 2,
                "extras": 0,
                "total": 2
              }
            },
            {
              "batter": "A Ashokan",
              "bowler": "Taranjeet Singh",
              "non_striker": "Ritik Tomar",
              "runs": {
                "batter": 4,
                "extras": 0,
                "total": 4
              }
            },
            {
              "batter": "A Ashokan",
              "bowler": "Taranjeet Singh",
              "non_striker": "Ritik Tomar",
              "runs": {
                "batter": 1,
                "extras": 0,
                "total": 1
              }
            },
            {
              "batter": "Ritik Tomar",
              "bowler": "Taranjeet Singh",
              "non_striker": "A Ashokan",
              "runs": {
                "batter": 1,
                "extras": 0,
                "total": 1
              }
            }
          ]
        },
        {
          "over": 13,
          "deliveries": [
            {
              "batter": "Ritik Tomar",
              "bowler": "R Kumar",
              "extras": {
                "legbyes": 2
              },
              "non_striker": "A Ashokan",
              "runs": {
                "batter": 0,
                "extras": 2,
                "total": 2
              }
            },
            {
              "batter": "Ritik Tomar",
              "bowler": "R Kumar",
              "non_striker": "A Ashokan",
              "runs": {
                "batter": 0,
                "extras": 0,
                "total": 0
              }
            },
            {
              "batter": "Ritik Tomar",
              "bowler": "R Kumar",
              "non_striker": "A Ashokan",
              "runs": {
                "batter": 4,
                "extras": 0,
                "total": 4
              }
            },
            {
              "batter": "Ritik Tomar",
              "bowler": "R Kumar",
              "non_striker": "A Ashokan",
              "runs": {
                "batter": 4,
                "extras": 0,
                "total": 4
              }
            },
            {
              "batter": "Ritik Tomar",
              "bowler": "R Kumar",
              "non_striker": "A Ashokan",
              "runs": {
                "batter": 0,
                "extras": 0,
                "total": 0
              }
            },
            {
              "batter": "Ritik Tomar",
              "bowler": "R Kumar",
              "non_striker": "A Ashokan",
              "runs": {
                "batter": 2,
                "extras": 0,
                "total": 2
              }
            }
          ]
        },
        {
          "over": 14,
          "deliveries": [
            {
              "batter": "A Ashokan",
              "bowler": "Ijaz Hussain",
              "non_striker": "Ritik Tomar",
              "runs": {
                "batter": 1,
                "extras": 0,
                "total": 1
              }
            },
            {
              "batter": "Ritik Tomar",
              "bowler": "Ijaz Hussain",
              "non_striker": "A Ashokan",
              "runs": {
                "batter": 0,
                "extras": 0,
                "total": 0
              },
              "wickets": [
                {
                  "player_out": "Ritik Tomar",
                  "kind": "lbw"
                }
              ]
            },
            {
              "batter": "Sazib Bhuiyan",
              "bowler": "Ijaz Hussain",
              "extras": {
                "wides": 1
              },
              "non_striker": "A Ashokan",
              "runs": {
                "batter": 0,
                "extras": 1,
                "total": 1
              }
            },
            {
              "batter": "Sazib Bhuiyan",
              "bowler": "Ijaz Hussain",
              "non_striker": "A Ashokan",
              "runs": {
                "batter": 4,
                "extras": 0,
                "total": 4
              }
            },
            {
              "batter": "Sazib Bhuiyan",
              "bowler": "Ijaz Hussain",
              "non_striker": "A Ashokan",
              "runs": {
                "batter": 1,
                "extras": 0,
                "total": 1
              }
            },
            {
              "batter": "A Ashokan",
              "bowler": "Ijaz Hussain",
              "non_striker": "Sazib Bhuiyan",
              "runs": {
                "batter": 1,
                "extras": 0,
                "total": 1
              }
            },
            {
              "batter": "Sazib Bhuiyan",
              "bowler": "Ijaz Hussain",
              "non_striker": "A Ashokan",
              "runs": {
                "batter": 0,
                "extras": 0,
                "total": 0
              }
            }
          ]
        },
        {
          "over": 15,
          "deliveries": [
            {
              "batter": "A Ashokan",
              "bowler": "V Saini",
              "non_striker": "Sazib Bhuiyan",
              "runs": {
                "batter": 6,
                "extras": 0,
                "total": 6
              }
            },
            {
              "batter": "A Ashokan",
              "bowler": "V Saini",
              "non_striker": "Sazib Bhuiyan",
              "runs": {
                "batter": 0,
                "extras": 0,
                "total": 0
              },
              "wickets": [
                {
                  "player_out": "Sazib Bhuiyan",
                  "fielders": [
                    {
                      "name": "V Saini"
                    },
                    {
                      "name": "S Nadigotla"
                    }
                  ],
                  "kind": "run out"
                }
              ]
            },
            {
              "batter": "A Ashokan",
              "bowler": "V Saini",
              "non_striker": "Divyendra Singh",
              "runs": {
                "batter": 0,
                "extras": 0,
                "total": 0
              }
            },
            {
              "batter": "A Ashokan",
              "bowler": "V Saini",
              "non_striker": "Divyendra Singh",
              "runs": {
                "batter": 1,
                "extras": 0,
                "total": 1
              }
            },
            {
              "batter": "Divyendra Singh",
              "bowler": "V Saini",
              "non_striker": "A Ashokan",
              "runs": {
                "batter": 1,
                "extras": 0,
                "total": 1
              }
            },
            {
              "batter": "A Ashokan",
              "bowler": "V Saini",
              "non_striker": "Divyendra Singh",
              "runs": {
                "batter": 0,
                "extras": 0,
                "total": 0
              }
            }
          ]
        },
        {
          "over": 16,
          "deliveries": [
            {
              "batter": "Divyendra Singh",
              "bowler": "Ijaz Hussain",
              "non_striker": "A Ashokan",
              "runs": {
                "batter": 1,
                "extras": 0,
                "total": 1
              }
            },
            {
              "batter": "A Ashokan",
              "bowler": "Ijaz Hussain",
              "non_striker": "Divyendra Singh",
              "runs": {
                "batter": 0,
                "extras": 0,
                "total": 0
              },
              "wickets": [
                {
                  "player_out": "A Ashokan",
                  "kind": "bowled"
                }
              ]
            },
            {
              "batter": "S Sengupta",
              "bowler": "Ijaz Hussain",
              "non_striker": "Divyendra Singh",
              "runs": {
                "batter": 0,
                "extras": 0,
                "total": 0
              }
            },
            {
              "batter": "S Sengupta",
              "bowler": "Ijaz Hussain",
              "non_striker": "Divyendra Singh",
              "runs": {
                "batter": 0,
                "extras": 0,
                "total": 0
              }
            },
            {
              "batter": "S Sengupta",
              "bowler": "Ijaz Hussain",
              "extras": {
                "wides": 1
              },
              "non_striker": "Divyendra Singh",
              "runs": {
                "batter": 0,
                "extras": 1,
                "total": 1
              }
            },
            {
              "batter": "S Sengupta",
              "bowler": "Ijaz Hussain",
              "non_striker": "Divyendra Singh",
              "runs": {
                "batter": 1,
                "extras": 0,
                "total": 1
              }
            },
            {
              "batter": "Divyendra Singh",
              "bowler": "Ijaz Hussain",
              "non_striker": "S Sengupta",
              "runs": {
                "batter": 1,
                "extras": 0,
                "total": 1
              }
            }
          ]
        },
        {
          "over": 17,
          "deliveries": [
            {
              "batter": "Divyendra Singh",
              "bowler": "R Kumar",
              "non_striker": "S Sengupta",
              "runs": {
                "batter": 1,
                "extras": 0,
                "total": 1
              }
            },
            {
              "batter": "S Sengupta",
              "bowler": "R Kumar",
              "non_striker": "Divyendra Singh",
              "runs": {
                "batter": 1,
                "extras": 0,
                "total": 1
              }
            },
            {
              "batter": "Divyendra Singh",
              "bowler": "R Kumar",
              "non_striker": "S Sengupta",
              "runs": {
                "batter": 1,
                "extras": 0,
                "total": 1
              }
            },
            {
              "batter": "S Sengupta",
              "bowler": "R Kumar",
              "non_striker": "Divyendra Singh",
              "runs": {
                "batter": 2,
                "extras": 0,
                "total": 2
              }
            },
            {
              "batter": "S Sengupta",
              "bowler": "R Kumar",
              "non_striker": "Divyendra Singh",
              "runs": {
                "batter": 1,
                "extras": 0,
                "total": 1
              }
            },
            {
              "batter": "Divyendra Singh",
              "bowler": "R Kumar",
              "non_striker": "S Sengupta",
              "runs": {
                "batter": 2,
                "extras": 0,
                "total": 2
              }
            }
          ]
        },
        {
          "over": 18,
          "deliveries": [
            {
              "batter": "S Sengupta",
              "bowler": "Ijaz Hussain",
              "non_striker": "Divyendra Singh",
              "runs": {
                "batter": 0,
                "extras": 0,
                "total": 0
              },
              "wickets": [
                {
                  "player_out": "S Sengupta",
                  "kind": "bowled"
                }
              ]
            },
            {
              "batter": "Naveed Ahmed",
              "bowler": "Ijaz Hussain",
              "extras": {
                "legbyes": 1
              },
              "non_striker": "Divyendra Singh",
              "runs": {
                "batter": 0,
                "extras": 1,
                "total": 1
              }
            },
            {
              "batter": "Divyendra Singh",
              "bowler": "Ijaz Hussain",
              "extras": {
                "noballs": 1
              },
              "non_striker": "Naveed Ahmed",
              "runs": {
                "batter": 0,
                "extras": 1,
                "total": 1
              }
            },
            {
              "batter": "Divyendra Singh",
              "bowler": "Ijaz Hussain",
              "extras": {
                "byes": 1
              },
              "non_striker": "Naveed Ahmed",
              "runs": {
                "batter": 0,
                "extras": 1,
                "total": 1
              }
            },
            {
              "batter": "Naveed Ahmed",
              "bowler": "Ijaz Hussain",
              "non_striker": "Divyendra Singh",
              "runs": {
                "batter": 4,
                "extras": 0,
                "total": 4
              }
            },
            {
              "batter": "Naveed Ahmed",
              "bowler": "Ijaz Hussain",
              "non_striker": "Divyendra Singh",
              "runs": {
                "batter": 1,
                "extras": 0,
                "total": 1
              }
            },
            {
              "batter": "Divyendra Singh",
              "bowler": "Ijaz Hussain",
              "non_striker": "Naveed Ahmed",
              "runs": {
                "batter": 0,
                "extras": 0,
                "total": 0
              },
              "wickets": [
                {
                  "player_out": "Divyendra Singh",
                  "fielders": [
                    {
                      "name": "M Gherasim"
                    }
                  ],
                  "kind": "caught"
                }
              ]
            }
          ]
        },
        {
          "over": 19,
          "deliveries": [
            {
              "batter": "SJ Patel",
              "bowler": "C Zavoiu",
              "non_striker": "Naveed Ahmed",
              "runs": {
                "batter": 1,
                "extras": 0,
                "total": 1
              }
            },
            {
              "batter": "Naveed Ahmed",
              "bowler": "C Zavoiu",
              "extras": {
                "wides": 1
              },
              "non_striker": "SJ Patel",
              "runs": {
                "batter": 0,
                "extras": 1,
                "total": 1
              }
            },
            {
              "batter": "Naveed Ahmed",
              "bowler": "C Zavoiu",
              "non_striker": "SJ Patel",
              "runs": {
                "batter": 1,
                "extras": 0,
                "total": 1
              }
            },
            {
              "batter": "SJ Patel",
              "bowler": "C Zavoiu",
              "non_striker": "Naveed Ahmed",
              "runs": {
                "batter": 0,
                "extras": 0,
                "total": 0
              }
            },
            {
              "batter": "SJ Patel",
              "bowler": "C Zavoiu",
              "extras": {
                "wides": 1
              },
              "non_striker": "Naveed Ahmed",
              "runs": {
                "batter": 0,
                "extras": 1,
                "total": 1
              }
            },
            {
              "batter": "SJ Patel",
              "bowler": "C Zavoiu",
              "extras": {
                "noballs": 1
              },
              "non_striker": "Naveed Ahmed",
              "runs": {
                "batter": 1,
                "extras": 1,
                "total": 2
              }
            },
            {
              "batter": "Naveed Ahmed",
              "bowler": "C Zavoiu",
              "non_striker": "SJ Patel",
              "runs": {
                "batter": 1,
                "extras": 0,
                "total": 1
              }
            },
            {
              "batter": "SJ Patel",
              "bowler": "C Zavoiu",
              "non_striker": "Naveed Ahmed",
              "runs": {
                "batter": 0,
                "extras": 0,
                "total": 0
              }
            },
            {
              "batter": "SJ Patel",
              "bowler": "C Zavoiu",
              "non_striker": "Naveed Ahmed",
              "runs": {
                "batter": 0,
                "extras": 0,
                "total": 0
              }
            }
          ]
        }
      ],
      "powerplays": [
        {
          "from": 0.1,
          "to": 5.10,
          "type": "mandatory"
        }
      ],
      "target": {
        "overs": 20,
        "runs": 194
      }
    }
  ]
}