{
  "meta": {
    "data_version": "1.1.0",
    "created": "2022-07-13",
    "revision": 1
  },
  "info": {
    "balls_per_over": 6,
    "city": "Bulawayo",
    "dates": [
      "2022-07-12"
    ],
    "event": {
      "name": "ICC Men's T20 World Cup Qualifier",
      "match_number": 8,
      "group": "B"
    },
    "gender": "male",
    "match_type": "T20",
    "match_type_number": 1642,
    "officials": {
      "match_referees": [
        "S Wadvalla"
      ],
      "reserve_umpires": [
        "F Mutizwa"
      ],
      "umpires": [
        "I Chabi",
        "L Rusere"
      ]
    },
    "outcome": {
      "winner": "Papua New Guinea",
      "by": {
        "wickets": 8
      }
    },
    "overs": 20,
    "player_of_match": [
      "A Vala"
    ],
    "players": {
      "Uganda": [
        "RG Mukasa",
        "S Sesazi",
        "RB Patel",
        "Riazat Ali Shah",
        "DM Nakrani",
        "F Akankwasa",
        "K Waiswa",
        "F Achelam",
        "F Nsubuga",
        "C Kyewuta",
        "H Ssenyondo"
      ],
      "Papua New Guinea": [
        "L Siaka",
        "A Vala",
        "CJA Amini",
        "S Bau",
        "TP Ura",
        "N Vanua",
        "R Hekure",
        "HGV Vare",
        "SK Atai",
        "D Ravu",
        "SI Kamea"
      ]
    },
    "registry": {
      "people": {
        "A Vala": "72e60730",
        "C Kyewuta": "395695ce",
        "CJA Amini": "4d84ad05",
        "D Ravu": "053f3ce3",
        "DM Nakrani": "46a7ac78",
        "F Achelam": "b6b3ee6e",
        "F Akankwasa": "0d0f0385",
        "F Mutizwa": "d3e83eef",
        "F Nsubuga": "87e33d07",
        "H Ssenyondo": "2b7609f1",
        "HGV Vare": "98299b67",
        "I Chabi": "5e39110e",
        "K Waiswa": "a3a275ec",
        "L Rusere": "6a4734ae",
        "L Siaka": "6b4593ee",
        "N Vanua": "a36915ce",
        "R Hekure": "c70448aa",
        "RB Patel": "f88dc8de",
        "RG Mukasa": "011f6b42",
        "Riazat Ali Shah": "269cc4ff",
        "S Bau": "9a95bebb",
        "S Sesazi": "c2c975f9",
        "S Wadvalla": "c1a1acf3",
        "SI Kamea": "0730a707",
        "SK Atai": "a64e3b89",
        "TP Ura": "a82eb3fb"
      }
    },
    "season": "2022",
    "team_type": "international",
    "teams": [
      "Uganda",
      "Papua New Guinea"
    ],
    "toss": {
      "decision": "field",
      "winner": "Papua New Guinea"
    },
    "venue": "Bulawayo Athletic Club"
  },
  "innings": [
    {
      "team": "Uganda",
      "overs": [
        {
          "over": 0,
          "deliveries": [
            {
              "batter": "RG Mukasa",
              "bowler": "SI Kamea",
              "non_striker": "S Sesazi",
              "runs": {
                "batter": 0,
                "extras": 0,
                "total": 0
              }
            },
            {
              "batter": "RG Mukasa",
              "bowler": "SI Kamea",
              "non_striker": "S Sesazi",
              "runs": {
                "batter": 2,
                "extras": 0,
                "total": 2
              }
            },
            {
              "batter": "RG Mukasa",
              "bowler": "SI Kamea",
              "non_striker": "S Sesazi",
              "runs": {
                "batter": 1,
                "extras": 0,
                "total": 1
              }
            },
            {
              "batter": "S Sesazi",
              "bowler": "SI Kamea",
              "non_striker": "RG Mukasa",
              "runs": {
                "batter": 1,
                "extras": 0,
                "total": 1
              }
            },
            {
              "batter": "RG Mukasa",
              "bowler": "SI Kamea",
              "non_striker": "S Sesazi",
              "runs": {
                "batter": 0,
                "extras": 0,
                "total": 0
              }
            },
            {
              "batter": "RG Mukasa",
              "bowler": "SI Kamea",
              "non_striker": "S Sesazi",
              "runs": {
                "batter": 0,
                "extras": 0,
                "total": 0
              }
            }
          ]
        },
        {
          "over": 1,
          "deliveries": [
            {
              "batter": "S Sesazi",
              "bowler": "D Ravu",
              "non_striker": "RG Mukasa",
              "runs": {
                "batter": 0,
                "extras": 0,
                "total": 0
              }
            },
            {
              "batter": "S Sesazi",
              "bowler": "D Ravu",
              "non_striker": "RG Mukasa",
              "runs": {
                "batter": 0,
                "extras": 0,
                "total": 0
              }
            },
            {
              "batter": "S Sesazi",
              "bowler": "D Ravu",
              "non_striker": "RG Mukasa",
              "runs": {
                "batter": 1,
                "extras": 0,
                "total": 1
              }
            },
            {
              "batter": "RG Mukasa",
              "bowler": "D Ravu",
              "non_striker": "S Sesazi",
              "runs": {
                "batter": 0,
                "extras": 0,
                "total": 0
              }
            },
            {
              "batter": "RG Mukasa",
              "bowler": "D Ravu",
              "non_striker": "S Sesazi",
              "runs": {
                "batter": 0,
                "extras": 0,
                "total": 0
              }
            },
            {
              "batter": "RG Mukasa",
              "bowler": "D Ravu",
              "non_striker": "S Sesazi",
              "runs": {
                "batter": 1,
                "extras": 0,
                "total": 1
              }
            }
          ]
        },
        {
          "over": 2,
          "deliveries": [
            {
              "batter": "RG Mukasa",
              "bowler": "SI Kamea",
              "non_striker": "S Sesazi",
              "runs": {
                "batter": 4,
                "extras": 0,
                "total": 4
              }
            },
            {
              "batter": "RG Mukasa",
              "bowler": "SI Kamea",
              "non_striker": "S Sesazi",
              "runs": {
                "batter": 1,
                "extras": 0,
                "total": 1
              }
            },
            {
              "batter": "S Sesazi",
              "bowler": "SI Kamea",
              "non_striker": "RG Mukasa",
              "runs": {
                "batter": 1,
                "extras": 0,
                "total": 1
              }
            },
            {
              "batter": "RG Mukasa",
              "bowler": "SI Kamea",
              "non_striker": "S Sesazi",
              "runs": {
                "batter": 0,
                "extras": 0,
                "total": 0
              }
            },
            {
              "batter": "RG Mukasa",
              "bowler": "SI Kamea",
              "non_striker": "S Sesazi",
              "runs": {
                "batter": 0,
                "extras": 0,
                "total": 0
              },
              "wickets": [
                {
                  "player_out": "RG Mukasa",
                  "fielders": [
                    {
                      "name": "HGV Vare"
                    }
                  ],
                  "kind": "caught"
                }
              ]
            },
            {
              "batter": "RB Patel",
              "bowler": "SI Kamea",
              "non_striker": "S Sesazi",
              "runs": {
                "batter": 0,
                "extras": 0,
                "total": 0
              }
            }
          ]
        },
        {
          "over": 3,
          "deliveries": [
            {
              "batter": "S Sesazi",
              "bowler": "D Ravu",
              "non_striker": "RB Patel",
              "runs": {
                "batter": 2,
                "extras": 0,
                "total": 2
              }
            },
            {
              "batter": "S Sesazi",
              "bowler": "D Ravu",
              "non_striker": "RB Patel",
              "runs": {
                "batter": 0,
                "extras": 0,
                "total": 0
              }
            },
            {
              "batter": "S Sesazi",
              "bowler": "D Ravu",
              "non_striker": "RB Patel",
              "runs": {
                "batter": 2,
                "extras": 0,
                "total": 2
              }
            },
            {
              "batter": "S Sesazi",
              "bowler": "D Ravu",
              "non_striker": "RB Patel",
              "runs": {
                "batter": 4,
                "extras": 0,
                "total": 4
              }
            },
            {
              "batter": "S Sesazi",
              "bowler": "D Ravu",
              "non_striker": "RB Patel",
              "runs": {
                "batter": 4,
                "extras": 0,
                "total": 4
              }
            },
            {
              "batter": "S Sesazi",
              "bowler": "D Ravu",
              "non_striker": "RB Patel",
              "runs": {
                "batter": 0,
                "extras": 0,
                "total": 0
              }
            }
          ]
        },
        {
          "over": 4,
          "deliveries": [
            {
              "batter": "RB Patel",
              "bowler": "N Vanua",
              "non_striker": "S Sesazi",
              "runs": {
                "batter": 1,
                "extras": 0,
                "total": 1
              }
            },
            {
              "batter": "S Sesazi",
              "bowler": "N Vanua",
              "non_striker": "RB Patel",
              "runs": {
                "batter": 0,
                "extras": 0,
                "total": 0
              }
            },
            {
              "batter": "S Sesazi",
              "bowler": "N Vanua",
              "non_striker": "RB Patel",
              "runs": {
                "batter": 0,
                "extras": 0,
                "total": 0
              }
            },
            {
              "batter": "S Sesazi",
              "bowler": "N Vanua",
              "non_striker": "RB Patel",
              "runs": {
                "batter": 2,
                "extras": 0,
                "total": 2
              }
            },
            {
              "batter": "S Sesazi",
              "bowler": "N Vanua",
              "non_striker": "RB Patel",
              "runs": {
                "batter": 0,
                "extras": 0,
                "total": 0
              }
            },
            {
              "batter": "S Sesazi",
              "bowler": "N Vanua",
              "non_striker": "RB Patel",
              "runs": {
                "batter": 0,
                "extras": 0,
                "total": 0
              }
            }
          ]
        },
        {
          "over": 5,
          "deliveries": [
            {
              "batter": "RB Patel",
              "bowler": "R Hekure",
              "non_striker": "S Sesazi",
              "runs": {
                "batter": 0,
                "extras": 0,
                "total": 0
              }
            },
            {
              "batter": "RB Patel",
              "bowler": "R Hekure",
              "non_striker": "S Sesazi",
              "runs": {
                "batter": 0,
                "extras": 0,
                "total": 0
              }
            },
            {
              "batter": "RB Patel",
              "bowler": "R Hekure",
              "non_striker": "S Sesazi",
              "runs": {
                "batter": 1,
                "extras": 0,
                "total": 1
              }
            },
            {
              "batter": "S Sesazi",
              "bowler": "R Hekure",
              "non_striker": "RB Patel",
              "runs": {
                "batter": 0,
                "extras": 0,
                "total": 0
              }
            },
            {
              "batter": "S Sesazi",
              "bowler": "R Hekure",
              "non_striker": "RB Patel",
              "runs": {
                "batter": 4,
                "extras": 0,
                "total": 4
              }
            },
            {
              "batter": "S Sesazi",
              "bowler": "R Hekure",
              "non_striker": "RB Patel",
              "runs": {
                "batter": 0,
                "extras": 0,
                "total": 0
              }
            }
          ]
        },
        {
          "over": 6,
          "deliveries": [
            {
              "batter": "RB Patel",
              "bowler": "N Vanua",
              "non_striker": "S Sesazi",
              "runs": {
                "batter": 0,
                "extras": 0,
                "total": 0
              },
              "wickets": [
                {
                  "player_out": "RB Patel",
                  "kind": "lbw"
                }
              ]
            },
            {
              "batter": "Riazat Ali Shah",
              "bowler": "N Vanua",
              "non_striker": "S Sesazi",
              "runs": {
                "batter": 0,
                "extras": 0,
                "total": 0
              }
            },
            {
              "batter": "Riazat Ali Shah",
              "bowler": "N Vanua",
              "non_striker": "S Sesazi",
              "runs": {
                "batter": 0,
                "extras": 0,
                "total": 0
              }
            },
            {
              "batter": "Riazat Ali Shah",
              "bowler": "N Vanua",
              "non_striker": "S Sesazi",
              "runs": {
                "batter": 1,
                "extras": 0,
                "total": 1
              }
            },
            {
              "batter": "S Sesazi",
              "bowler": "N Vanua",
              "non_striker": "Riazat Ali Shah",
              "runs": {
                "batter": 6,
                "extras": 0,
                "total": 6
              }
            },
            {
              "batter": "S Sesazi",
              "bowler": "N Vanua",
              "non_striker": "Riazat Ali Shah",
              "runs": {
                "batter": 2,
                "extras": 0,
                "total": 2
              }
            }
          ]
        },
        {
          "over": 7,
          "deliveries": [
            {
              "batter": "Riazat Ali Shah",
              "bowler": "R Hekure",
              "non_striker": "S Sesazi",
              "runs": {
                "batter": 0,
                "extras": 0,
                "total": 0
              }
            },
            {
              "batter": "Riazat Ali Shah",
              "bowler": "R Hekure",
              "non_striker": "S Sesazi",
              "runs": {
                "batter": 0,
                "extras": 0,
                "total": 0
              }
            },
            {
              "batter": "Riazat Ali Shah",
              "bowler": "R Hekure",
              "non_striker": "S Sesazi",
              "runs": {
                "batter": 1,
                "extras": 0,
                "total": 1
              }
            },
            {
              "batter": "S Sesazi",
              "bowler": "R Hekure",
              "non_striker": "Riazat Ali Shah",
              "runs": {
                "batter": 1,
                "extras": 0,
                "total": 1
              }
            },
            {
              "batter": "Riazat Ali Shah",
              "bowler": "R Hekure",
              "non_striker": "S Sesazi",
              "runs": {
                "batter": 0,
                "extras": 0,
                "total": 0
              }
            },
            {
              "batter": "Riazat Ali Shah",
              "bowler": "R Hekure",
              "non_striker": "S Sesazi",
              "runs": {
                "batter": 1,
                "extras": 0,
                "total": 1
              }
            }
          ]
        },
        {
          "over": 8,
          "deliveries": [
            {
              "batter": "Riazat Ali Shah",
              "bowler": "CJA Amini",
              "non_striker": "S Sesazi",
              "runs": {
                "batter": 1,
                "extras": 0,
                "total": 1
              }
            },
            {
              "batter": "S Sesazi",
              "bowler": "CJA Amini",
              "non_striker": "Riazat Ali Shah",
              "runs": {
                "batter": 1,
                "extras": 0,
                "total": 1
              }
            },
            {
              "batter": "Riazat Ali Shah",
              "bowler": "CJA Amini",
              "non_striker": "S Sesazi",
              "runs": {
                "batter": 0,
                "extras": 0,
                "total": 0
              }
            },
            {
              "batter": "Riazat Ali Shah",
              "bowler": "CJA Amini",
              "non_striker": "S Sesazi",
              "runs": {
                "batter": 1,
                "extras": 0,
                "total": 1
              }
            },
            {
              "batter": "S Sesazi",
              "bowler": "CJA Amini",
              "non_striker": "Riazat Ali Shah",
              "runs": {
                "batter": 0,
                "extras": 0,
                "total": 0
              }
            },
            {
              "batter": "S Sesazi",
              "bowler": "CJA Amini",
              "non_striker": "Riazat Ali Shah",
              "runs": {
                "batter": 0,
                "extras": 0,
                "total": 0
              }
            }
          ]
        },
        {
          "over": 9,
          "deliveries": [
            {
              "batter": "Riazat Ali Shah",
              "bowler": "A Vala",
              "non_striker": "S Sesazi",
              "runs": {
                "batter": 0,
                "extras": 0,
                "total": 0
              }
            },
            {
              "batter": "Riazat Ali Shah",
              "bowler": "A Vala",
              "non_striker": "S Sesazi",
              "runs": {
                "batter": 1,
                "extras": 0,
                "total": 1
              }
            },
            {
              "batter": "S Sesazi",
              "bowler": "A Vala",
              "non_striker": "Riazat Ali Shah",
              "runs": {
                "batter": 0,
                "extras": 0,
                "total": 0
              }
            },
            {
              "batter": "S Sesazi",
              "bowler": "A Vala",
              "non_striker": "Riazat Ali Shah",
              "runs": {
                "batter": 4,
                "extras": 0,
                "total": 4
              }
            },
            {
              "batter": "S Sesazi",
              "bowler": "A Vala",
              "non_striker": "Riazat Ali Shah",
              "runs": {
                "batter": 1,
                "extras": 0,
                "total": 1
              }
            },
            {
              "batter": "Riazat Ali Shah",
              "bowler": "A Vala",
              "extras": {
                "wides": 1
              },
              "non_striker": "S Sesazi",
              "runs": {
                "batter": 0,
                "extras": 1,
                "total": 1
              }
            },
            {
              "batter": "Riazat Ali Shah",
              "bowler": "A Vala",
              "non_striker": "S Sesazi",
              "runs": {
                "batter": 1,
                "extras": 0,
                "total": 1
              }
            }
          ]
        },
        {
          "over": 10,
          "deliveries": [
            {
              "batter": "Riazat Ali Shah",
              "bowler": "CJA Amini",
              "non_striker": "S Sesazi",
              "runs": {
                "batter": 1,
                "extras": 0,
                "total": 1
              }
            },
            {
              "batter": "S Sesazi",
              "bowler": "CJA Amini",
              "non_striker": "Riazat Ali Shah",
              "runs": {
                "batter": 6,
                "extras": 0,
                "total": 6
              }
            },
            {
              "batter": "S Sesazi",
              "bowler": "CJA Amini",
              "non_striker": "Riazat Ali Shah",
              "runs": {
                "batter": 1,
                "extras": 0,
                "total": 1
              }
            },
            {
              "batter": "Riazat Ali Shah",
              "bowler": "CJA Amini",
              "non_striker": "S Sesazi",
              "runs": {
                "batter": 0,
                "extras": 0,
                "total": 0
              }
            },
            {
              "batter": "Riazat Ali Shah",
              "bowler": "CJA Amini",
              "non_striker": "S Sesazi",
              "runs": {
                "batter": 0,
                "extras": 0,
                "total": 0
              }
            },
            {
              "batter": "Riazat Ali Shah",
              "bowler": "CJA Amini",
              "non_striker": "S Sesazi",
              "runs": {
                "batter": 0,
                "extras": 0,
                "total": 0
              }
            }
          ]
        },
        {
          "over": 11,
          "deliveries": [
            {
              "batter": "S Sesazi",
              "bowler": "R Hekure",
              "non_striker": "Riazat Ali Shah",
              "runs": {
                "batter": 1,
                "extras": 0,
                "total": 1
              }
            },
            {
              "batter": "Riazat Ali Shah",
              "bowler": "R Hekure",
              "non_striker": "S Sesazi",
              "runs": {
                "batter": 0,
                "extras": 0,
                "total": 0
              }
            },
            {
              "batter": "Riazat Ali Shah",
              "bowler": "R Hekure",
              "non_striker": "S Sesazi",
              "runs": {
                "batter": 0,
                "extras": 0,
                "total": 0
              }
            },
            {
              "batter": "Riazat Ali Shah",
              "bowler": "R Hekure",
              "non_striker": "S Sesazi",
              "runs": {
                "batter": 1,
                "extras": 0,
                "total": 1
              }
            },
            {
              "batter": "S Sesazi",
              "bowler": "R Hekure",
              "non_striker": "Riazat Ali Shah",
              "runs": {
                "batter": 1,
                "extras": 0,
                "total": 1
              }
            },
            {
              "batter": "Riazat Ali Shah",
              "bowler": "R Hekure",
              "non_striker": "S Sesazi",
              "runs": {
                "batter": 2,
                "extras": 0,
                "total": 2
              }
            }
          ]
        },
        {
          "over": 12,
          "deliveries": [
            {
              "batter": "S Sesazi",
              "bowler": "SI Kamea",
              "extras": {
                "wides": 1
              },
              "non_striker": "Riazat Ali Shah",
              "runs": {
                "batter": 0,
                "extras": 1,
                "total": 1
              }
            },
            {
              "batter": "S Sesazi",
              "bowler": "SI Kamea",
              "non_striker": "Riazat Ali Shah",
              "runs": {
                "batter": 1,
                "extras": 0,
                "total": 1
              }
            },
            {
              "batter": "Riazat Ali Shah",
              "bowler": "SI Kamea",
              "non_striker": "S Sesazi",
              "runs": {
                "batter": 1,
                "extras": 0,
                "total": 1
              }
            },
            {
              "batter": "S Sesazi",
              "bowler": "SI Kamea",
              "non_striker": "Riazat Ali Shah",
              "runs": {
                "batter": 4,
                "extras": 0,
                "total": 4
              }
            },
            {
              "batter": "S Sesazi",
              "bowler": "SI Kamea",
              "non_striker": "Riazat Ali Shah",
              "runs": {
                "batter": 1,
                "extras": 0,
                "total": 1
              }
            },
            {
              "batter": "Riazat Ali Shah",
              "bowler": "SI Kamea",
              "non_striker": "S Sesazi",
              "runs": {
                "batter": 1,
                "extras": 0,
                "total": 1
              }
            },
            {
              "batter": "S Sesazi",
              "bowler": "SI Kamea",
              "non_striker": "Riazat Ali Shah",
              "runs": {
                "batter": 1,
                "extras": 0,
                "total": 1
              }
            }
          ]
        },
        {
          "over": 13,
          "deliveries": [
            {
              "batter": "S Sesazi",
              "bowler": "R Hekure",
              "non_striker": "Riazat Ali Shah",
              "runs": {
                "batter": 1,
                "extras": 0,
                "total": 1
              }
            },
            {
              "batter": "Riazat Ali Shah",
              "bowler": "R Hekure",
              "non_striker": "S Sesazi",
              "runs": {
                "batter": 1,
                "extras": 0,
                "total": 1
              }
            },
            {
              "batter": "S Sesazi",
              "bowler": "R Hekure",
              "non_striker": "Riazat Ali Shah",
              "runs": {
                "batter": 1,
                "extras": 0,
                "total": 1
              }
            },
            {
              "batter": "Riazat Ali Shah",
              "bowler": "R Hekure",
              "non_striker": "S Sesazi",
              "runs": {
                "batter": 1,
                "extras": 0,
                "total": 1
              }
            },
            {
              "batter": "S Sesazi",
              "bowler": "R Hekure",
              "non_striker": "Riazat Ali Shah",
              "runs": {
                "batter": 1,
                "extras": 0,
                "total": 1
              }
            },
            {
              "batter": "Riazat Ali Shah",
              "bowler": "R Hekure",
              "non_striker": "S Sesazi",
              "runs": {
                "batter": 1,
                "extras": 0,
                "total": 1
              }
            }
          ]
        },
        {
          "over": 14,
          "deliveries": [
            {
              "batter": "Riazat Ali Shah",
              "bowler": "D Ravu",
              "non_striker": "S Sesazi",
              "runs": {
                "batter": 6,
                "extras": 0,
                "total": 6
              }
            },
            {
              "batter": "Riazat Ali Shah",
              "bowler": "D Ravu",
              "non_striker": "S Sesazi",
              "runs": {
                "batter": 0,
                "extras": 0,
                "total": 0
              }
            },
            {
              "batter": "Riazat Ali Shah",
              "bowler": "D Ravu",
              "non_striker": "S Sesazi",
              "runs": {
                "batter": 4,
                "extras": 0,
                "total": 4
              }
            },
            {
              "batter": "Riazat Ali Shah",
              "bowler": "D Ravu",
              "non_striker": "S Sesazi",
              "runs": {
                "batter": 1,
                "extras": 0,
                "total": 1
              }
            },
            {
              "batter": "S Sesazi",
              "bowler": "D Ravu",
              "non_striker": "Riazat Ali Shah",
              "runs": {
                "batter": 0,
                "extras": 0,
                "total": 0
              }
            },
            {
              "batter": "S Sesazi",
              "bowler": "D Ravu",
              "non_striker": "Riazat Ali Shah",
              "runs": {
                "batter": 4,
                "extras": 0,
                "total": 4
              }
            }
          ]
        },
        {
          "over": 15,
          "deliveries": [
            {
              "batter": "Riazat Ali Shah",
              "bowler": "N Vanua",
              "non_striker": "S Sesazi",
              "runs": {
                "batter": 1,
                "extras": 0,
                "total": 1
              }
            },
            {
              "batter": "S Sesazi",
              "bowler": "N Vanua",
              "non_striker": "Riazat Ali Shah",
              "runs": {
                "batter": 1,
                "extras": 0,
                "total": 1
              }
            },
            {
              "batter": "Riazat Ali Shah",
              "bowler": "N Vanua",
              "non_striker": "S Sesazi",
              "runs": {
                "batter": 4,
                "extras": 0,
                "total": 4
              }
            },
            {
              "batter": "Riazat Ali Shah",
              "bowler": "N Vanua",
              "non_striker": "S Sesazi",
              "runs": {
                "batter": 4,
                "extras": 0,
                "total": 4
              }
            },
            {
              "batter": "Riazat Ali Shah",
              "bowler": "N Vanua",
              "non_striker": "S Sesazi",
              "runs": {
                "batter": 1,
                "extras": 0,
                "total": 1
              }
            },
            {
              "batter": "S Sesazi",
              "bowler": "N Vanua",
              "non_striker": "Riazat Ali Shah",
              "runs": {
                "batter": 6,
                "extras": 0,
                "total": 6
              }
            }
          ]
        },
        {
          "over": 16,
          "deliveries": [
            {
              "batter": "Riazat Ali Shah",
              "bowler": "SI Kamea",
              "non_striker": "S Sesazi",
              "runs": {
                "batter": 0,
                "extras": 0,
                "total": 0
              }
            },
            {
              "batter": "Riazat Ali Shah",
              "bowler": "SI Kamea",
              "non_striker": "S Sesazi",
              "runs": {
                "batter": 2,
                "extras": 0,
                "total": 2
              }
            },
            {
              "batter": "Riazat Ali Shah",
              "bowler": "SI Kamea",
              "extras": {
                "wides": 1
              },
              "non_striker": "S Sesazi",
              "runs": {
                "batter": 0,
                "extras": 1,
                "total": 1
              }
            },
            {
              "batter": "Riazat Ali Shah",
              "bowler": "SI Kamea",
              "non_striker": "S Sesazi",
              "runs": {
                "batter": 1,
                "extras": 0,
                "total": 1
              }
            },
            {
              "batter": "S Sesazi",
              "bowler": "SI Kamea",
              "non_striker": "Riazat Ali Shah",
              "runs": {
                "batter": 4,
                "extras": 0,
                "total": 4
              }
            },
            {
              "batter": "S Sesazi",
              "bowler": "SI Kamea",
              "non_striker": "Riazat Ali Shah",
              "runs": {
                "batter": 1,
                "extras": 0,
                "total": 1
              }
            },
            {
              "batter": "Riazat Ali Shah",
              "bowler": "SI Kamea",
              "non_striker": "S Sesazi",
              "runs": {
                "batter": 1,
                "extras": 0,
                "total": 1
              }
            }
          ]
        },
        {
          "over": 17,
          "deliveries": [
            {
              "batter": "Riazat Ali Shah",
              "bowler": "D Ravu",
              "non_striker": "S Sesazi",
              "runs": {
                "batter": 0,
                "extras": 0,
                "total": 0
              }
            },
            {
              "batter": "Riazat Ali Shah",
              "bowler": "D Ravu",
              "non_striker": "S Sesazi",
              "runs": {
                "batter": 6,
                "extras": 0,
                "total": 6
              }
            },
            {
              "batter": "Riazat Ali Shah",
              "bowler": "D Ravu",
              "non_striker": "S Sesazi",
              "runs": {
                "batter": 0,
                "extras": 0,
                "total": 0
              }
            },
            {
              "batter": "Riazat Ali Shah",
              "bowler": "D Ravu",
              "non_striker": "S Sesazi",
              "runs": {
                "batter": 1,
                "extras": 0,
                "total": 1
              }
            },
            {
              "batter": "S Sesazi",
              "bowler": "D Ravu",
              "non_striker": "Riazat Ali Shah",
              "runs": {
                "batter": 6,
                "extras": 0,
                "total": 6
              }
            },
            {
              "batter": "S Sesazi",
              "bowler": "D Ravu",
              "non_striker": "Riazat Ali Shah",
              "runs": {
                "batter": 1,
                "extras": 0,
                "total": 1
              }
            }
          ]
        },
        {
          "over": 18,
          "deliveries": [
            {
              "batter": "S Sesazi",
              "bowler": "CJA Amini",
              "non_striker": "Riazat Ali Shah",
              "runs": {
                "batter": 0,
                "extras": 0,
                "total": 0
              },
              "wickets": [
                {
                  "player_out": "S Sesazi",
                  "fielders": [
                    {
                      "name": "N Vanua"
                    }
                  ],
                  "kind": "caught"
                }
              ]
            },
            {
              "batter": "DM Nakrani",
              "bowler": "CJA Amini",
              "non_striker": "Riazat Ali Shah",
              "runs": {
                "batter": 1,
                "extras": 0,
                "total": 1
              }
            },
            {
              "batter": "Riazat Ali Shah",
              "bowler": "CJA Amini",
              "non_striker": "DM Nakrani",
              "runs": {
                "batter": 0,
                "extras": 0,
                "total": 0
              },
              "wickets": [
                {
                  "player_out": "Riazat Ali Shah",
                  "fielders": [
                    {
                      "name": "L Siaka"
                    }
                  ],
                  "kind": "caught"
                }
              ]
            },
            {
              "batter": "F Akankwasa",
              "bowler": "CJA Amini",
              "non_striker": "DM Nakrani",
              "runs": {
                "batter": 1,
                "extras": 0,
                "total": 1
              }
            },
            {
              "batter": "DM Nakrani",
              "bowler": "CJA Amini",
              "non_striker": "F Akankwasa",
              "runs": {
                "batter": 6,
                "extras": 0,
                "total": 6
              }
            },
            {
              "batter": "DM Nakrani",
              "bowler": "CJA Amini",
              "non_striker": "F Akankwasa",
              "runs": {
                "batter": 1,
                "extras": 0,
                "total": 1
              }
            }
          ]
        },
        {
          "over": 19,
          "deliveries": [
            {
              "batter": "DM Nakrani",
              "bowler": "N Vanua",
              "non_striker": "F Akankwasa",
              "runs": {
                "batter": 1,
                "extras": 0,
                "total": 1
              }
            },
            {
              "batter": "F Akankwasa",
              "bowler": "N Vanua",
              "non_striker": "DM Nakrani",
              "runs": {
                "batter": 1,
                "extras": 0,
                "total": 1
              }
            },
            {
              "batter": "DM Nakrani",
              "bowler": "N Vanua",
              "non_striker": "F Akankwasa",
              "runs": {
                "batter": 4,
                "extras": 0,
                "total": 4
              }
            },
            {
              "batter": "DM Nakrani",
              "bowler": "N Vanua",
              "non_striker": "F Akankwasa",
              "runs": {
                "batter": 0,
                "extras": 0,
                "total": 0
              }
            },
            {
              "batter": "DM Nakrani",
              "bowler": "N Vanua",
              "extras": {
                "byes": 1
              },
              "non_striker": "F Akankwasa",
              "runs": {
                "batter": 0,
                "extras": 1,
                "total": 1
              }
            },
            {
              "batter": "F Akankwasa",
              "bowler": "N Vanua",
              "non_striker": "DM Nakrani",
              "runs": {
                "batter": 4,
                "extras": 0,
                "total": 4
              }
            }
          ]
        }
      ],
      "powerplays": [
        {
          "from": 0.1,
          "to": 5.6,
          "type": "mandatory"
        }
      ]
    },
    {
      "team": "Papua New Guinea",
      "overs": [
        {
          "over": 0,
          "deliveries": [
            {
              "batter": "L Siaka",
              "bowler": "C Kyewuta",
              "non_striker": "A Vala",
              "runs": {
                "batter": 2,
                "extras": 0,
                "total": 2
              }
            },
            {
              "batter": "L Siaka",
              "bowler": "C Kyewuta",
              "non_striker": "A Vala",
              "runs": {
                "batter": 0,
                "extras": 0,
                "total": 0
              }
            },
            {
              "batter": "L Siaka",
              "bowler": "C Kyewuta",
              "non_striker": "A Vala",
              "runs": {
                "batter": 6,
                "extras": 0,
                "total": 6
              }
            },
            {
              "batter": "L Siaka",
              "bowler": "C Kyewuta",
              "non_striker": "A Vala",
              "runs": {
                "batter": 1,
                "extras": 0,
                "total": 1
              }
            },
            {
              "batter": "A Vala",
              "bowler": "C Kyewuta",
              "non_striker": "L Siaka",
              "runs": {
                "batter": 0,
                "extras": 0,
                "total": 0
              }
            },
            {
              "batter": "A Vala",
              "bowler": "C Kyewuta",
              "non_striker": "L Siaka",
              "runs": {
                "batter": 1,
                "extras": 0,
                "total": 1
              }
            }
          ]
        },
        {
          "over": 1,
          "deliveries": [
            {
              "batter": "A Vala",
              "bowler": "F Nsubuga",
              "non_striker": "L Siaka",
              "runs": {
                "batter": 0,
                "extras": 0,
                "total": 0
              }
            },
            {
              "batter": "A Vala",
              "bowler": "F Nsubuga",
              "non_striker": "L Siaka",
              "runs": {
                "batter": 0,
                "extras": 0,
                "total": 0
              }
            },
            {
              "batter": "A Vala",
              "bowler": "F Nsubuga",
              "extras": {
                "legbyes": 3
              },
              "non_striker": "L Siaka",
              "runs": {
                "batter": 0,
                "extras": 3,
                "total": 3
              }
            },
            {
              "batter": "L Siaka",
              "bowler": "F Nsubuga",
              "non_striker": "A Vala",
              "runs": {
                "batter": 0,
                "extras": 0,
                "total": 0
              }
            },
            {
              "batter": "L Siaka",
              "bowler": "F Nsubuga",
              "non_striker": "A Vala",
              "runs": {
                "batter": 4,
                "extras": 0,
                "total": 4
              }
            },
            {
              "batter": "L Siaka",
              "bowler": "F Nsubuga",
              "non_striker": "A Vala",
              "runs": {
                "batter": 1,
                "extras": 0,
                "total": 1
              }
            }
          ]
        },
        {
          "over": 2,
          "deliveries": [
            {
              "batter": "L Siaka",
              "bowler": "C Kyewuta",
              "non_striker": "A Vala",
              "runs": {
                "batter": 1,
                "extras": 0,
                "total": 1
              }
            },
            {
              "batter": "A Vala",
              "bowler": "C Kyewuta",
              "non_striker": "L Siaka",
              "runs": {
                "batter": 1,
                "extras": 0,
                "total": 1
              }
            },
            {
              "batter": "L Siaka",
              "bowler": "C Kyewuta",
              "extras": {
                "legbyes": 4
              },
              "non_striker": "A Vala",
              "runs": {
                "batter": 0,
                "extras": 4,
                "total": 4
              }
            },
            {
              "batter": "L Siaka",
              "bowler": "C Kyewuta",
              "non_striker": "A Vala",
              "runs": {
                "batter": 3,
                "extras": 0,
                "total": 3
              }
            },
            {
              "batter": "A Vala",
              "bowler": "C Kyewuta",
              "non_striker": "L Siaka",
              "runs": {
                "batter": 2,
                "extras": 0,
                "total": 2
              }
            },
            {
              "batter": "A Vala",
              "bowler": "C Kyewuta",
              "non_striker": "L Siaka",
              "runs": {
                "batter": 0,
                "extras": 0,
                "total": 0
              }
            }
          ]
        },
        {
          "over": 3,
          "deliveries": [
            {
              "batter": "L Siaka",
              "bowler": "F Nsubuga",
              "non_striker": "A Vala",
              "runs": {
                "batter": 0,
                "extras": 0,
                "total": 0
              },
              "wickets": [
                {
                  "player_out": "L Siaka",
                  "kind": "lbw"
                }
              ]
            },
            {
              "batter": "CJA Amini",
              "bowler": "F Nsubuga",
              "non_striker": "A Vala",
              "runs": {
                "batter": 0,
                "extras": 0,
                "total": 0
              }
            },
            {
              "batter": "CJA Amini",
              "bowler": "F Nsubuga",
              "non_striker": "A Vala",
              "runs": {
                "batter": 0,
                "extras": 0,
                "total": 0
              }
            },
            {
              "batter": "CJA Amini",
              "bowler": "F Nsubuga",
              "non_striker": "A Vala",
              "runs": {
                "batter": 0,
                "extras": 0,
                "total": 0
              }
            },
            {
              "batter": "CJA Amini",
              "bowler": "F Nsubuga",
              "non_striker": "A Vala",
              "runs": {
                "batter": 0,
                "extras": 0,
                "total": 0
              }
            },
            {
              "batter": "CJA Amini",
              "bowler": "F Nsubuga",
              "non_striker": "A Vala",
              "runs": {
                "batter": 0,
                "extras": 0,
                "total": 0
              },
              "wickets": [
                {
                  "player_out": "CJA Amini",
                  "kind": "lbw"
                }
              ]
            }
          ]
        },
        {
          "over": 4,
          "deliveries": [
            {
              "batter": "A Vala",
              "bowler": "Riazat Ali Shah",
              "non_striker": "S Bau",
              "runs": {
                "batter": 1,
                "extras": 0,
                "total": 1
              }
            },
            {
              "batter": "S Bau",
              "bowler": "Riazat Ali Shah",
              "non_striker": "A Vala",
              "runs": {
                "batter": 0,
                "extras": 0,
                "total": 0
              }
            },
            {
              "batter": "S Bau",
              "bowler": "Riazat Ali Shah",
              "non_striker": "A Vala",
              "runs": {
                "batter": 0,
                "extras": 0,
                "total": 0
              }
            },
            {
              "batter": "S Bau",
              "bowler": "Riazat Ali Shah",
              "non_striker": "A Vala",
              "runs": {
                "batter": 1,
                "extras": 0,
                "total": 1
              }
            },
            {
              "batter": "A Vala",
              "bowler": "Riazat Ali Shah",
              "non_striker": "S Bau",
              "runs": {
                "batter": 1,
                "extras": 0,
                "total": 1
              }
            },
            {
              "batter": "S Bau",
              "bowler": "Riazat Ali Shah",
              "non_striker": "A Vala",
              "runs": {
                "batter": 1,
                "extras": 0,
                "total": 1
              }
            }
          ]
        },
        {
          "over": 5,
          "deliveries": [
            {
              "batter": "S Bau",
              "bowler": "F Nsubuga",
              "non_striker": "A Vala",
              "runs": {
                "batter": 0,
                "extras": 0,
                "total": 0
              }
            },
            {
              "batter": "S Bau",
              "bowler": "F Nsubuga",
              "non_striker": "A Vala",
              "runs": {
                "batter": 1,
                "extras": 0,
                "total": 1
              }
            },
            {
              "batter": "A Vala",
              "bowler": "F Nsubuga",
              "non_striker": "S Bau",
              "runs": {
                "batter": 0,
                "extras": 0,
                "total": 0
              }
            },
            {
              "batter": "A Vala",
              "bowler": "F Nsubuga",
              "non_striker": "S Bau",
              "runs": {
                "batter": 1,
                "extras": 0,
                "total": 1
              }
            },
            {
              "batter": "S Bau",
              "bowler": "F Nsubuga",
              "non_striker": "A Vala",
              "runs": {
                "batter": 0,
                "extras": 0,
                "total": 0
              }
            },
            {
              "batter": "S Bau",
              "bowler": "F Nsubuga",
              "non_striker": "A Vala",
              "runs": {
                "batter": 0,
                "extras": 0,
                "total": 0
              }
            }
          ]
        },
        {
          "over": 6,
          "deliveries": [
            {
              "batter": "A Vala",
              "bowler": "F Akankwasa",
              "non_striker": "S Bau",
              "runs": {
                "batter": 0,
                "extras": 0,
                "total": 0
              }
            },
            {
              "batter": "A Vala",
              "bowler": "F Akankwasa",
              "non_striker": "S Bau",
              "runs": {
                "batter": 1,
                "extras": 0,
                "total": 1
              }
            },
            {
              "batter": "S Bau",
              "bowler": "F Akankwasa",
              "non_striker": "A Vala",
              "runs": {
                "batter": 4,
                "extras": 0,
                "total": 4
              }
            },
            {
              "batter": "S Bau",
              "bowler": "F Akankwasa",
              "non_striker": "A Vala",
              "runs": {
                "batter": 1,
                "extras": 0,
                "total": 1
              }
            },
            {
              "batter": "A Vala",
              "bowler": "F Akankwasa",
              "non_striker": "S Bau",
              "runs": {
                "batter": 2,
                "extras": 0,
                "total": 2
              }
            },
            {
              "batter": "A Vala",
              "bowler": "F Akankwasa",
              "non_striker": "S Bau",
              "runs": {
                "batter": 0,
                "extras": 0,
                "total": 0
              }
            }
          ]
        },
        {
          "over": 7,
          "deliveries": [
            {
              "batter": "S Bau",
              "bowler": "F Nsubuga",
              "non_striker": "A Vala",
              "runs": {
                "batter": 0,
                "extras": 0,
                "total": 0
              }
            },
            {
              "batter": "S Bau",
              "bowler": "F Nsubuga",
              "non_striker": "A Vala",
              "runs": {
                "batter": 0,
                "extras": 0,
                "total": 0
              }
            },
            {
              "batter": "S Bau",
              "bowler": "F Nsubuga",
              "non_striker": "A Vala",
              "runs": {
                "batter": 1,
                "extras": 0,
                "total": 1
              }
            },
            {
              "batter": "A Vala",
              "bowler": "F Nsubuga",
              "non_striker": "S Bau",
              "runs": {
                "batter": 6,
                "extras": 0,
                "total": 6
              }
            },
            {
              "batter": "A Vala",
              "bowler": "F Nsubuga",
              "non_striker": "S Bau",
              "runs": {
                "batter": 1,
                "extras": 0,
                "total": 1
              }
            },
            {
              "batter": "S Bau",
              "bowler": "F Nsubuga",
              "non_striker": "A Vala",
              "runs": {
                "batter": 1,
                "extras": 0,
                "total": 1
              }
            }
          ]
        },
        {
          "over": 8,
          "deliveries": [
            {
              "batter": "S Bau",
              "bowler": "F Akankwasa",
              "non_striker": "A Vala",
              "runs": {
                "batter": 1,
                "extras": 0,
                "total": 1
              }
            },
            {
              "batter": "A Vala",
              "bowler": "F Akankwasa",
              "non_striker": "S Bau",
              "runs": {
                "batter": 0,
                "extras": 0,
                "total": 0
              }
            },
            {
              "batter": "A Vala",
              "bowler": "F Akankwasa",
              "non_striker": "S Bau",
              "runs": {
                "batter": 2,
                "extras": 0,
                "total": 2
              }
            },
            {
              "batter": "A Vala",
              "bowler": "F Akankwasa",
              "non_striker": "S Bau",
              "runs": {
                "batter": 6,
                "extras": 0,
                "total": 6
              }
            },
            {
              "batter": "A Vala",
              "bowler": "F Akankwasa",
              "non_striker": "S Bau",
              "runs": {
                "batter": 1,
                "extras": 0,
                "total": 1
              }
            },
            {
              "batter": "S Bau",
              "bowler": "F Akankwasa",
              "non_striker": "A Vala",
              "runs": {
                "batter": 6,
                "extras": 0,
                "non_boundary": true,
                "total": 6
              }
            }
          ]
        },
        {
          "over": 9,
          "deliveries": [
            {
              "batter": "A Vala",
              "bowler": "Riazat Ali Shah",
              "non_striker": "S Bau",
              "runs": {
                "batter": 6,
                "extras": 0,
                "total": 6
              }
            },
            {
              "batter": "A Vala",
              "bowler": "Riazat Ali Shah",
              "non_striker": "S Bau",
              "runs": {
                "batter": 2,
                "extras": 0,
                "total": 2
              }
            },
            {
              "batter": "A Vala",
              "bowler": "Riazat Ali Shah",
              "non_striker": "S Bau",
              "runs": {
                "batter": 1,
                "extras": 0,
                "total": 1
              }
            },
            {
              "batter": "S Bau",
              "bowler": "Riazat Ali Shah",
              "non_striker": "A Vala",
              "runs": {
                "batter": 1,
                "extras": 0,
                "total": 1
              }
            },
            {
              "batter": "A Vala",
              "bowler": "Riazat Ali Shah",
              "non_striker": "S Bau",
              "runs": {
                "batter": 4,
                "extras": 0,
                "total": 4
              }
            },
            {
              "batter": "A Vala",
              "bowler": "Riazat Ali Shah",
              "non_striker": "S Bau",
              "runs": {
                "batter": 4,
                "extras": 0,
                "total": 4
              }
            }
          ]
        },
        {
          "over": 10,
          "deliveries": [
            {
              "batter": "S Bau",
              "bowler": "DM Nakrani",
              "non_striker": "A Vala",
              "runs": {
                "batter": 0,
                "extras": 0,
                "total": 0
              }
            },
            {
              "batter": "S Bau",
              "bowler": "DM Nakrani",
              "non_striker": "A Vala",
              "runs": {
                "batter": 1,
                "extras": 0,
                "total": 1
              }
            },
            {
              "batter": "A Vala",
              "bowler": "DM Nakrani",
              "non_striker": "S Bau",
              "runs": {
                "batter": 1,
                "extras": 0,
                "total": 1
              }
            },
            {
              "batter": "S Bau",
              "bowler": "DM Nakrani",
              "non_striker": "A Vala",
              "runs": {
                "batter": 1,
                "extras": 0,
                "total": 1
              }
            },
            {
              "batter": "A Vala",
              "bowler": "DM Nakrani",
              "non_striker": "S Bau",
              "runs": {
                "batter": 1,
                "extras": 0,
                "total": 1
              }
            },
            {
              "batter": "S Bau",
              "bowler": "DM Nakrani",
              "non_striker": "A Vala",
              "runs": {
                "batter": 1,
                "extras": 0,
                "total": 1
              }
            }
          ]
        },
        {
          "over": 11,
          "deliveries": [
            {
              "batter": "S Bau",
              "bowler": "K Waiswa",
              "non_striker": "A Vala",
              "runs": {
                "batter": 0,
                "extras": 0,
                "total": 0
              }
            },
            {
              "batter": "S Bau",
              "bowler": "K Waiswa",
              "non_striker": "A Vala",
              "runs": {
                "batter": 0,
                "extras": 0,
                "total": 0
              }
            },
            {
              "batter": "S Bau",
              "bowler": "K Waiswa",
              "non_striker": "A Vala",
              "runs": {
                "batter": 4,
                "extras": 0,
                "total": 4
              }
            },
            {
              "batter": "S Bau",
              "bowler": "K Waiswa",
              "non_striker": "A Vala",
              "runs": {
                "batter": 1,
                "extras": 0,
                "total": 1
              }
            },
            {
              "batter": "A Vala",
              "bowler": "K Waiswa",
              "non_striker": "S Bau",
              "runs": {
                "batter": 1,
                "extras": 0,
                "total": 1
              }
            },
            {
              "batter": "S Bau",
              "bowler": "K Waiswa",
              "non_striker": "A Vala",
              "runs": {
                "batter": 1,
                "extras": 0,
                "total": 1
              }
            }
          ]
        },
        {
          "over": 12,
          "deliveries": [
            {
              "batter": "S Bau",
              "bowler": "DM Nakrani",
              "non_striker": "A Vala",
              "runs": {
                "batter": 1,
                "extras": 0,
                "total": 1
              }
            },
            {
              "batter": "A Vala",
              "bowler": "DM Nakrani",
              "non_striker": "S Bau",
              "runs": {
                "batter": 1,
                "extras": 0,
                "total": 1
              }
            },
            {
              "batter": "S Bau",
              "bowler": "DM Nakrani",
              "non_striker": "A Vala",
              "runs": {
                "batter": 1,
                "extras": 0,
                "total": 1
              }
            },
            {
              "batter": "A Vala",
              "bowler": "DM Nakrani",
              "non_striker": "S Bau",
              "runs": {
                "batter": 1,
                "extras": 0,
                "total": 1
              }
            },
            {
              "batter": "S Bau",
              "bowler": "DM Nakrani",
              "non_striker": "A Vala",
              "runs": {
                "batter": 1,
                "extras": 0,
                "total": 1
              }
            },
            {
              "batter": "A Vala",
              "bowler": "DM Nakrani",
              "non_striker": "S Bau",
              "runs": {
                "batter": 1,
                "extras": 0,
                "total": 1
              }
            }
          ]
        },
        {
          "over": 13,
          "deliveries": [
            {
              "batter": "A Vala",
              "bowler": "K Waiswa",
              "non_striker": "S Bau",
              "runs": {
                "batter": 4,
                "extras": 0,
                "total": 4
              }
            },
            {
              "batter": "A Vala",
              "bowler": "K Waiswa",
              "non_striker": "S Bau",
              "runs": {
                "batter": 6,
                "extras": 0,
                "total": 6
              }
            },
            {
              "batter": "A Vala",
              "bowler": "K Waiswa",
              "non_striker": "S Bau",
              "runs": {
                "batter": 6,
                "extras": 0,
                "total": 6
              }
            },
            {
              "batter": "A Vala",
              "bowler": "K Waiswa",
              "non_striker": "S Bau",
              "runs": {
                "batter": 2,
                "extras": 0,
                "total": 2
              }
            },
            {
              "batter": "A Vala",
              "bowler": "K Waiswa",
              "non_striker": "S Bau",
              "runs": {
                "batter": 6,
                "extras": 0,
                "total": 6
              }
            },
            {
              "batter": "A Vala",
              "bowler": "K Waiswa",
              "non_striker": "S Bau",
              "runs": {
                "batter": 1,
                "extras": 0,
                "total": 1
              }
            }
          ]
        },
        {
          "over": 14,
          "deliveries": [
            {
              "batter": "A Vala",
              "bowler": "H Ssenyondo",
              "extras": {
                "wides": 1
              },
              "non_striker": "S Bau",
              "runs": {
                "batter": 0,
                "extras": 1,
                "total": 1
              }
            },
            {
              "batter": "A Vala",
              "bowler": "H Ssenyondo",
              "non_striker": "S Bau",
              "runs": {
                "batter": 4,
                "extras": 0,
                "total": 4
              }
            },
            {
              "batter": "A Vala",
              "bowler": "H Ssenyondo",
              "non_striker": "S Bau",
              "runs": {
                "batter": 1,
                "extras": 0,
                "total": 1
              }
            },
            {
              "batter": "S Bau",
              "bowler": "H Ssenyondo",
              "non_striker": "A Vala",
              "runs": {
                "batter": 1,
                "extras": 0,
                "total": 1
              }
            },
            {
              "batter": "A Vala",
              "bowler": "H Ssenyondo",
              "non_striker": "S Bau",
              "runs": {
                "batter": 4,
                "extras": 0,
                "total": 4
              }
            },
            {
              "batter": "A Vala",
              "bowler": "H Ssenyondo",
              "non_striker": "S Bau",
              "runs": {
                "batter": 1,
                "extras": 0,
                "total": 1
              }
            },
            {
              "batter": "S Bau",
              "bowler": "H Ssenyondo",
              "non_striker": "A Vala",
              "runs": {
                "batter": 1,
                "extras": 0,
                "total": 1
              }
            }
          ]
        },
        {
          "over": 15,
          "deliveries": [
            {
              "batter": "S Bau",
              "bowler": "C Kyewuta",
              "non_striker": "A Vala",
              "runs": {
                "batter": 1,
                "extras": 0,
                "total": 1
              }
            },
            {
              "batter": "A Vala",
              "bowler": "C Kyewuta",
              "non_striker": "S Bau",
              "runs": {
                "batter": 4,
                "extras": 0,
                "total": 4
              }
            },
            {
              "batter": "A Vala",
              "bowler": "C Kyewuta",
              "non_striker": "S Bau",
              "runs": {
                "batter": 4,
                "extras": 0,
                "total": 4
              }
            },
            {
              "batter": "A Vala",
              "bowler": "C Kyewuta",
              "non_striker": "S Bau",
              "runs": {
                "batter": 1,
                "extras": 0,
                "total": 1
              }
            },
            {
              "batter": "S Bau",
              "bowler": "C Kyewuta",
              "non_striker": "A Vala",
              "runs": {
                "batter": 0,
                "extras": 0,
                "total": 0
              }
            },
            {
              "batter": "S Bau",
              "bowler": "C Kyewuta",
              "non_striker": "A Vala",
              "runs": {
                "batter": 0,
                "extras": 0,
                "total": 0
              }
            }
          ]
        },
        {
          "over": 16,
          "deliveries": [
            {
              "batter": "A Vala",
              "bowler": "DM Nakrani",
              "extras": {
                "byes": 1
              },
              "non_striker": "S Bau",
              "runs": {
                "batter": 0,
                "extras": 1,
                "total": 1
              }
            },
            {
              "batter": "S Bau",
              "bowler": "DM Nakrani",
              "non_striker": "A Vala",
              "runs": {
                "batter": 6,
                "extras": 0,
                "total": 6
              }
            },
            {
              "batter": "S Bau",
              "bowler": "DM Nakrani",
              "non_striker": "A Vala",
              "runs": {
                "batter": 0,
                "extras": 0,
                "total": 0
              }
            },
            {
              "batter": "S Bau",
              "bowler": "DM Nakrani",
              "non_striker": "A Vala",
              "runs": {
                "batter": 2,
                "extras": 0,
                "total": 2
              }
            }
          ]
        }
      ],
      "powerplays": [
        {
          "from": 0.1,
          "to": 5.6,
          "type": "mandatory"
        }
      ],
      "target": {
        "overs": 20,
        "runs": 161
      }
    }
  ]
}