{
  "meta": {
    "data_version": "1.1.0",
    "created": "2022-07-12",
    "revision": 1
  },
  "info": {
    "balls_per_over": 6,
    "city": "Prague",
    "dates": [
      "2022-07-09"
    ],
    "event": {
      "name": "Central Europe Cup",
      "match_number": 3
    },
    "gender": "male",
    "match_type": "T20",
    "match_type_number": 1624,
    "officials": {
      "umpires": [
        "A Ganeshan",
        "C Tebb"
      ]
    },
    "outcome": {
      "winner": "Austria",
      "by": {
        "wickets": 4
      }
    },
    "overs": 20,
    "player_of_match": [
      "Shahil Momin"
    ],
    "players": {
      "Czech Republic": [
        "S Davizi",
        "Dylan Steyn",
        "A Ashokan",
        "S Wickramasekara",
        "Ritik Tomar",
        "Sazib Bhuiyan",
        "SJ Patel",
        "Naveed Ahmed",
        "UNGB Thenannahelage",
        "TK Lal",
        "SMK Waththage"
      ],
      "Austria": [
        "Habib Ahmadzai",
        "Mirza Ahsan",
        "Razmal Shigiwal",
        "Shahil Momin",
        "Aqib Iqbal",
        "MPS Cheema",
        "Jaweed Sadran",
        "Abdullah Akbarjan",
        "M Simpson-Parker",
        "Umair Tariq",
        "Sahel Zadran"
      ]
    },
    "registry": {
      "people": {
        "A Ashokan": "9244df4b",
        "A Ganeshan": "d72a2d32",
        "Abdullah Akbarjan": "5de198db",
        "Aqib Iqbal": "14157abf",
        "C Tebb": "5e7d78cd",
        "Dylan Steyn": "ff2b190e",
        "Habib Ahmadzai": "fa794790",
        "Jaweed Sadran": "c1f05d1d",
        "M Simpson-Parker": "fecd828e",
        "MPS Cheema": "97181d1b",
        "Mirza Ahsan": "6b74c13b",
        "Naveed Ahmed": "87609cbb",
        "Razmal Shigiwal": "60cc80ac",
        "Ritik Tomar": "6de51a8e",
        "S Davizi": "5787be00",
        "S Wickramasekara": "a9a09cb8",
        "SJ Patel": "6a091f62",
        "SMK Waththage": "0fc88c2a",
        "Sahel Zadran": "dae28050",
        "Sazib Bhuiyan": "e5464794",
        "Shahil Momin": "46821fbd",
        "TK Lal": "98dae38e",
        "UNGB Thenannahelage": "e75cb073",
        "Umair Tariq": "67ec2b09"
      }
    },
    "season": "2022",
    "team_type": "international",
    "teams": [
      "Czech Republic",
      "Austria"
    ],
    "toss": {
      "decision": "field",
      "winner": "Austria"
    },
    "venue": "Scott Page Field, Vinor"
  },
  "innings": [
    {
      "team": "Czech Republic",
      "overs": [
        {
          "over": 0,
          "deliveries": [
            {
              "batter": "S Davizi",
              "bowler": "Aqib Iqbal",
              "non_striker": "Dylan Steyn",
              "runs": {
                "batter": 0,
                "extras": 0,
                "total": 0
              }
            },
            {
              "batter": "S Davizi",
              "bowler": "Aqib Iqbal",
              "extras": {
                "wides": 1
              },
              "non_striker": "Dylan Steyn",
              "runs": {
                "batter": 0,
                "extras": 1,
                "total": 1
              }
            },
            {
              "batter": "S Davizi",
              "bowler": "Aqib Iqbal",
              "non_striker": "Dylan Steyn",
              "runs": {
                "batter": 0,
                "extras": 0,
                "total": 0
              }
            },
            {
              "batter": "S Davizi",
              "bowler": "Aqib Iqbal",
              "non_striker": "Dylan Steyn",
              "runs": {
                "batter": 0,
                "extras": 0,
                "total": 0
              }
            },
            {
              "batter": "S Davizi",
              "bowler": "Aqib Iqbal",
              "non_striker": "Dylan Steyn",
              "runs": {
                "batter": 0,
                "extras": 0,
                "total": 0
              }
            },
            {
              "batter": "S Davizi",
              "bowler": "Aqib Iqbal",
              "extras": {
                "wides": 1
              },
              "non_striker": "Dylan Steyn",
              "runs": {
                "batter": 0,
                "extras": 1,
                "total": 1
              }
            },
            {
              "batter": "S Davizi",
              "bowler": "Aqib Iqbal",
              "non_striker": "Dylan Steyn",
              "runs": {
                "batter": 4,
                "extras": 0,
                "total": 4
              }
            },
            {
              "batter": "S Davizi",
              "bowler": "Aqib Iqbal",
              "non_striker": "Dylan Steyn",
              "runs": {
                "batter": 0,
                "extras": 0,
                "total": 0
              }
            }
          ]
        },
        {
          "over": 1,
          "deliveries": [
            {
              "batter": "Dylan Steyn",
              "bowler": "Sahel Zadran",
              "non_striker": "S Davizi",
              "runs": {
                "batter": 1,
                "extras": 0,
                "total": 1
              }
            },
            {
              "batter": "S Davizi",
              "bowler": "Sahel Zadran",
              "non_striker": "Dylan Steyn",
              "runs": {
                "batter": 1,
                "extras": 0,
                "total": 1
              }
            },
            {
              "batter": "Dylan Steyn",
              "bowler": "Sahel Zadran",
              "non_striker": "S Davizi",
              "runs": {
                "batter": 4,
                "extras": 0,
                "total": 4
              }
            },
            {
              "batter": "Dylan Steyn",
              "bowler": "Sahel Zadran",
              "non_striker": "S Davizi",
              "runs": {
                "batter": 0,
                "extras": 0,
                "total": 0
              }
            },
            {
              "batter": "Dylan Steyn",
              "bowler": "Sahel Zadran",
              "non_striker": "S Davizi",
              "runs": {
                "batter": 4,
                "extras": 0,
                "total": 4
              }
            },
            {
              "batter": "Dylan Steyn",
              "bowler": "Sahel Zadran",
              "non_striker": "S Davizi",
              "runs": {
                "batter": 0,
                "extras": 0,
                "total": 0
              }
            }
          ]
        },
        {
          "over": 2,
          "deliveries": [
            {
              "batter": "S Davizi",
              "bowler": "Aqib Iqbal",
              "non_striker": "Dylan Steyn",
              "runs": {
                "batter": 1,
                "extras": 0,
                "total": 1
              }
            },
            {
              "batter": "Dylan Steyn",
              "bowler": "Aqib Iqbal",
              "non_striker": "S Davizi",
              "runs": {
                "batter": 1,
                "extras": 0,
                "total": 1
              }
            },
            {
              "batter": "S Davizi",
              "bowler": "Aqib Iqbal",
              "non_striker": "Dylan Steyn",
              "runs": {
                "batter": 4,
                "extras": 0,
                "total": 4
              }
            },
            {
              "batter": "S Davizi",
              "bowler": "Aqib Iqbal",
              "non_striker": "Dylan Steyn",
              "runs": {
                "batter": 2,
                "extras": 0,
                "total": 2
              }
            },
            {
              "batter": "S Davizi",
              "bowler": "Aqib Iqbal",
              "non_striker": "Dylan Steyn",
              "runs": {
                "batter": 0,
                "extras": 0,
                "total": 0
              }
            },
            {
              "batter": "S Davizi",
              "bowler": "Aqib Iqbal",
              "extras": {
                "wides": 1
              },
              "non_striker": "Dylan Steyn",
              "runs": {
                "batter": 0,
                "extras": 1,
                "total": 1
              }
            },
            {
              "batter": "S Davizi",
              "bowler": "Aqib Iqbal",
              "non_striker": "Dylan Steyn",
              "runs": {
                "batter": 2,
                "extras": 0,
                "total": 2
              }
            }
          ]
        },
        {
          "over": 3,
          "deliveries": [
            {
              "batter": "Dylan Steyn",
              "bowler": "Sahel Zadran",
              "non_striker": "S Davizi",
              "runs": {
                "batter": 0,
                "extras": 0,
                "total": 0
              }
            },
            {
              "batter": "Dylan Steyn",
              "bowler": "Sahel Zadran",
              "non_striker": "S Davizi",
              "runs": {
                "batter": 0,
                "extras": 0,
                "total": 0
              }
            },
            {
              "batter": "Dylan Steyn",
              "bowler": "Sahel Zadran",
              "non_striker": "S Davizi",
              "runs": {
                "batter": 0,
                "extras": 0,
                "total": 0
              }
            },
            {
              "batter": "Dylan Steyn",
              "bowler": "Sahel Zadran",
              "non_striker": "S Davizi",
              "runs": {
                "batter": 0,
                "extras": 0,
                "total": 0
              }
            },
            {
              "batter": "Dylan Steyn",
              "bowler": "Sahel Zadran",
              "non_striker": "S Davizi",
              "runs": {
                "batter": 4,
                "extras": 0,
                "total": 4
              }
            },
            {
              "batter": "Dylan Steyn",
              "bowler": "Sahel Zadran",
              "non_striker": "S Davizi",
              "runs": {
                "batter": 0,
                "extras": 0,
                "total": 0
              }
            }
          ]
        },
        {
          "over": 4,
          "deliveries": [
            {
              "batter": "S Davizi",
              "bowler": "Umair Tariq",
              "non_striker": "Dylan Steyn",
              "runs": {
                "batter": 4,
                "extras": 0,
                "total": 4
              }
            },
            {
              "batter": "S Davizi",
              "bowler": "Umair Tariq",
              "non_striker": "Dylan Steyn",
              "runs": {
                "batter": 1,
                "extras": 0,
                "total": 1
              }
            },
            {
              "batter": "Dylan Steyn",
              "bowler": "Umair Tariq",
              "non_striker": "S Davizi",
              "runs": {
                "batter": 0,
                "extras": 0,
                "total": 0
              }
            },
            {
              "batter": "Dylan Steyn",
              "bowler": "Umair Tariq",
              "non_striker": "S Davizi",
              "runs": {
                "batter": 4,
                "extras": 0,
                "total": 4
              }
            },
            {
              "batter": "Dylan Steyn",
              "bowler": "Umair Tariq",
              "extras": {
                "legbyes": 1
              },
              "non_striker": "S Davizi",
              "runs": {
                "batter": 0,
                "extras": 1,
                "total": 1
              }
            },
            {
              "batter": "S Davizi",
              "bowler": "Umair Tariq",
              "non_striker": "Dylan Steyn",
              "runs": {
                "batter": 4,
                "extras": 0,
                "total": 4
              }
            }
          ]
        },
        {
          "over": 5,
          "deliveries": [
            {
              "batter": "Dylan Steyn",
              "bowler": "Sahel Zadran",
              "non_striker": "S Davizi",
              "runs": {
                "batter": 6,
                "extras": 0,
                "total": 6
              }
            },
            {
              "batter": "Dylan Steyn",
              "bowler": "Sahel Zadran",
              "non_striker": "S Davizi",
              "runs": {
                "batter": 1,
                "extras": 0,
                "total": 1
              }
            },
            {
              "batter": "S Davizi",
              "bowler": "Sahel Zadran",
              "non_striker": "Dylan Steyn",
              "runs": {
                "batter": 0,
                "extras": 0,
                "total": 0
              }
            },
            {
              "batter": "S Davizi",
              "bowler": "Sahel Zadran",
              "extras": {
                "legbyes": 1
              },
              "non_striker": "Dylan Steyn",
              "runs": {
                "batter": 0,
                "extras": 1,
                "total": 1
              }
            },
            {
              "batter": "Dylan Steyn",
              "bowler": "Sahel Zadran",
              "non_striker": "S Davizi",
              "runs": {
                "batter": 0,
                "extras": 0,
                "total": 0
              },
              "wickets": [
                {
                  "player_out": "Dylan Steyn",
                  "fielders": [
                    {
                      "name": "Umair Tariq"
                    }
                  ],
                  "kind": "caught"
                }
              ]
            },
            {
              "batter": "S Davizi",
              "bowler": "Sahel Zadran",
              "non_striker": "A Ashokan",
              "runs": {
                "batter": 0,
                "extras": 0,
                "total": 0
              }
            }
          ]
        },
        {
          "over": 6,
          "deliveries": [
            {
              "batter": "A Ashokan",
              "bowler": "Shahil Momin",
              "non_striker": "S Davizi",
              "runs": {
                "batter": 1,
                "extras": 0,
                "total": 1
              }
            },
            {
              "batter": "S Davizi",
              "bowler": "Shahil Momin",
              "non_striker": "A Ashokan",
              "runs": {
                "batter": 0,
                "extras": 0,
                "total": 0
              }
            },
            {
              "batter": "S Davizi",
              "bowler": "Shahil Momin",
              "non_striker": "A Ashokan",
              "runs": {
                "batter": 4,
                "extras": 0,
                "total": 4
              }
            },
            {
              "batter": "S Davizi",
              "bowler": "Shahil Momin",
              "non_striker": "A Ashokan",
              "runs": {
                "batter": 1,
                "extras": 0,
                "total": 1
              }
            },
            {
              "batter": "A Ashokan",
              "bowler": "Shahil Momin",
              "non_striker": "S Davizi",
              "runs": {
                "batter": 1,
                "extras": 0,
                "total": 1
              }
            },
            {
              "batter": "S Davizi",
              "bowler": "Shahil Momin",
              "non_striker": "A Ashokan",
              "runs": {
                "batter": 0,
                "extras": 0,
                "total": 0
              }
            }
          ]
        },
        {
          "over": 7,
          "deliveries": [
            {
              "batter": "A Ashokan",
              "bowler": "Abdullah Akbarjan",
              "non_striker": "S Davizi",
              "runs": {
                "batter": 1,
                "extras": 0,
                "total": 1
              }
            },
            {
              "batter": "S Davizi",
              "bowler": "Abdullah Akbarjan",
              "non_striker": "A Ashokan",
              "runs": {
                "batter": 0,
                "extras": 0,
                "total": 0
              }
            },
            {
              "batter": "S Davizi",
              "bowler": "Abdullah Akbarjan",
              "non_striker": "A Ashokan",
              "runs": {
                "batter": 1,
                "extras": 0,
                "total": 1
              }
            },
            {
              "batter": "A Ashokan",
              "bowler": "Abdullah Akbarjan",
              "non_striker": "S Davizi",
              "runs": {
                "batter": 0,
                "extras": 0,
                "total": 0
              }
            },
            {
              "batter": "A Ashokan",
              "bowler": "Abdullah Akbarjan",
              "non_striker": "S Davizi",
              "runs": {
                "batter": 1,
                "extras": 0,
                "total": 1
              }
            },
            {
              "batter": "S Davizi",
              "bowler": "Abdullah Akbarjan",
              "non_striker": "A Ashokan",
              "runs": {
                "batter": 1,
                "extras": 0,
                "total": 1
              }
            }
          ]
        },
        {
          "over": 8,
          "deliveries": [
            {
              "batter": "S Davizi",
              "bowler": "Shahil Momin",
              "non_striker": "A Ashokan",
              "runs": {
                "batter": 6,
                "extras": 0,
                "total": 6
              }
            },
            {
              "batter": "S Davizi",
              "bowler": "Shahil Momin",
              "non_striker": "A Ashokan",
              "runs": {
                "batter": 0,
                "extras": 0,
                "total": 0
              }
            },
            {
              "batter": "S Davizi",
              "bowler": "Shahil Momin",
              "non_striker": "A Ashokan",
              "runs": {
                "batter": 0,
                "extras": 0,
                "total": 0
              }
            },
            {
              "batter": "S Davizi",
              "bowler": "Shahil Momin",
              "non_striker": "A Ashokan",
              "runs": {
                "batter": 0,
                "extras": 0,
                "total": 0
              }
            },
            {
              "batter": "S Davizi",
              "bowler": "Shahil Momin",
              "non_striker": "A Ashokan",
              "runs": {
                "batter": 1,
                "extras": 0,
                "total": 1
              }
            },
            {
              "batter": "A Ashokan",
              "bowler": "Shahil Momin",
              "non_striker": "S Davizi",
              "runs": {
                "batter": 1,
                "extras": 0,
                "total": 1
              }
            }
          ]
        },
        {
          "over": 9,
          "deliveries": [
            {
              "batter": "A Ashokan",
              "bowler": "Abdullah Akbarjan",
              "non_striker": "S Davizi",
              "runs": {
                "batter": 1,
                "extras": 0,
                "total": 1
              }
            },
            {
              "batter": "S Davizi",
              "bowler": "Abdullah Akbarjan",
              "non_striker": "A Ashokan",
              "runs": {
                "batter": 4,
                "extras": 0,
                "total": 4
              }
            },
            {
              "batter": "S Davizi",
              "bowler": "Abdullah Akbarjan",
              "non_striker": "A Ashokan",
              "runs": {
                "batter": 1,
                "extras": 0,
                "total": 1
              }
            },
            {
              "batter": "A Ashokan",
              "bowler": "Abdullah Akbarjan",
              "non_striker": "S Davizi",
              "runs": {
                "batter": 0,
                "extras": 0,
                "total": 0
              }
            },
            {
              "batter": "A Ashokan",
              "bowler": "Abdullah Akbarjan",
              "non_striker": "S Davizi",
              "runs": {
                "batter": 1,
                "extras": 0,
                "total": 1
              }
            },
            {
              "batter": "S Davizi",
              "bowler": "Abdullah Akbarjan",
              "non_striker": "A Ashokan",
              "runs": {
                "batter": 1,
                "extras": 0,
                "total": 1
              }
            }
          ]
        },
        {
          "over": 10,
          "deliveries": [
            {
              "batter": "S Davizi",
              "bowler": "Jaweed Sadran",
              "non_striker": "A Ashokan",
              "runs": {
                "batter": 4,
                "extras": 0,
                "total": 4
              }
            },
            {
              "batter": "S Davizi",
              "bowler": "Jaweed Sadran",
              "non_striker": "A Ashokan",
              "runs": {
                "batter": 0,
                "extras": 0,
                "total": 0
              }
            },
            {
              "batter": "S Davizi",
              "bowler": "Jaweed Sadran",
              "extras": {
                "noballs": 1
              },
              "non_striker": "A Ashokan",
              "runs": {
                "batter": 6,
                "extras": 1,
                "total": 7
              }
            },
            {
              "batter": "S Davizi",
              "bowler": "Jaweed Sadran",
              "non_striker": "A Ashokan",
              "runs": {
                "batter": 4,
                "extras": 0,
                "total": 4
              }
            },
            {
              "batter": "S Davizi",
              "bowler": "Jaweed Sadran",
              "non_striker": "A Ashokan",
              "runs": {
                "batter": 1,
                "extras": 0,
                "total": 1
              }
            },
            {
              "batter": "A Ashokan",
              "bowler": "Jaweed Sadran",
              "extras": {
                "legbyes": 1
              },
              "non_striker": "S Davizi",
              "runs": {
                "batter": 0,
                "extras": 1,
                "total": 1
              }
            },
            {
              "batter": "S Davizi",
              "bowler": "Jaweed Sadran",
              "non_striker": "A Ashokan",
              "runs": {
                "batter": 4,
                "extras": 0,
                "total": 4
              }
            }
          ]
        },
        {
          "over": 11,
          "deliveries": [
            {
              "batter": "A Ashokan",
              "bowler": "Abdullah Akbarjan",
              "non_striker": "S Davizi",
              "runs": {
                "batter": 0,
                "extras": 0,
                "total": 0
              }
            },
            {
              "batter": "A Ashokan",
              "bowler": "Abdullah Akbarjan",
              "non_striker": "S Davizi",
              "runs": {
                "batter": 6,
                "extras": 0,
                "total": 6
              }
            },
            {
              "batter": "A Ashokan",
              "bowler": "Abdullah Akbarjan",
              "extras": {
                "wides": 4
              },
              "non_striker": "S Davizi",
              "runs": {
                "batter": 0,
                "extras": 4,
                "total": 4
              }
            },
            {
              "batter": "S Davizi",
              "bowler": "Abdullah Akbarjan",
              "non_striker": "A Ashokan",
              "runs": {
                "batter": 1,
                "extras": 0,
                "total": 1
              }
            },
            {
              "batter": "A Ashokan",
              "bowler": "Abdullah Akbarjan",
              "non_striker": "S Davizi",
              "runs": {
                "batter": 0,
                "extras": 0,
                "total": 0
              },
              "wickets": [
                {
                  "player_out": "A Ashokan",
                  "kind": "bowled"
                }
              ]
            },
            {
              "batter": "S Wickramasekara",
              "bowler": "Abdullah Akbarjan",
              "non_striker": "S Davizi",
              "runs": {
                "batter": 0,
                "extras": 0,
                "total": 0
              }
            },
            {
              "batter": "S Wickramasekara",
              "bowler": "Abdullah Akbarjan",
              "non_striker": "S Davizi",
              "runs": {
                "batter": 0,
                "extras": 0,
                "total": 0
              }
            }
          ]
        },
        {
          "over": 12,
          "deliveries": [
            {
              "batter": "S Davizi",
              "bowler": "Shahil Momin",
              "non_striker": "S Wickramasekara",
              "runs": {
                "batter": 0,
                "extras": 0,
                "total": 0
              }
            },
            {
              "batter": "S Davizi",
              "bowler": "Shahil Momin",
              "non_striker": "S Wickramasekara",
              "runs": {
                "batter": 1,
                "extras": 0,
                "total": 1
              }
            },
            {
              "batter": "S Wickramasekara",
              "bowler": "Shahil Momin",
              "non_striker": "S Davizi",
              "runs": {
                "batter": 0,
                "extras": 0,
                "total": 0
              },
              "wickets": [
                {
                  "player_out": "S Wickramasekara",
                  "kind": "bowled"
                }
              ]
            },
            {
              "batter": "Ritik Tomar",
              "bowler": "Shahil Momin",
              "non_striker": "S Davizi",
              "runs": {
                "batter": 1,
                "extras": 0,
                "total": 1
              }
            },
            {
              "batter": "S Davizi",
              "bowler": "Shahil Momin",
              "non_striker": "Ritik Tomar",
              "runs": {
                "batter": 1,
                "extras": 0,
                "total": 1
              }
            },
            {
              "batter": "Ritik Tomar",
              "bowler": "Shahil Momin",
              "non_striker": "S Davizi",
              "runs": {
                "batter": 0,
                "extras": 0,
                "total": 0
              }
            }
          ]
        },
        {
          "over": 13,
          "deliveries": [
            {
              "batter": "S Davizi",
              "bowler": "Abdullah Akbarjan",
              "non_striker": "Ritik Tomar",
              "runs": {
                "batter": 0,
                "extras": 0,
                "total": 0
              }
            },
            {
              "batter": "S Davizi",
              "bowler": "Abdullah Akbarjan",
              "non_striker": "Ritik Tomar",
              "runs": {
                "batter": 1,
                "extras": 0,
                "total": 1
              }
            },
            {
              "batter": "Ritik Tomar",
              "bowler": "Abdullah Akbarjan",
              "extras": {
                "wides": 1
              },
              "non_striker": "S Davizi",
              "runs": {
                "batter": 0,
                "extras": 1,
                "total": 1
              }
            },
            {
              "batter": "Ritik Tomar",
              "bowler": "Abdullah Akbarjan",
              "extras": {
                "legbyes": 1
              },
              "non_striker": "S Davizi",
              "runs": {
                "batter": 0,
                "extras": 1,
                "total": 1
              }
            },
            {
              "batter": "S Davizi",
              "bowler": "Abdullah Akbarjan",
              "non_striker": "Ritik Tomar",
              "runs": {
                "batter": 1,
                "extras": 0,
                "total": 1
              }
            },
            {
              "batter": "Ritik Tomar",
              "bowler": "Abdullah Akbarjan",
              "non_striker": "S Davizi",
              "runs": {
                "batter": 2,
                "extras": 0,
                "total": 2
              }
            },
            {
              "batter": "Ritik Tomar",
              "bowler": "Abdullah Akbarjan",
              "non_striker": "S Davizi",
              "runs": {
                "batter": 0,
                "extras": 0,
                "total": 0
              },
              "wickets": [
                {
                  "player_out": "Ritik Tomar",
                  "kind": "bowled"
                }
              ]
            }
          ]
        },
        {
          "over": 14,
          "deliveries": [
            {
              "batter": "S Davizi",
              "bowler": "Shahil Momin",
              "non_striker": "Sazib Bhuiyan",
              "runs": {
                "batter": 0,
                "extras": 0,
                "total": 0
              }
            },
            {
              "batter": "S Davizi",
              "bowler": "Shahil Momin",
              "non_striker": "Sazib Bhuiyan",
              "runs": {
                "batter": 2,
                "extras": 0,
                "total": 2
              }
            },
            {
              "batter": "S Davizi",
              "bowler": "Shahil Momin",
              "non_striker": "Sazib Bhuiyan",
              "runs": {
                "batter": 1,
                "extras": 0,
                "total": 1
              }
            },
            {
              "batter": "Sazib Bhuiyan",
              "bowler": "Shahil Momin",
              "non_striker": "S Davizi",
              "runs": {
                "batter": 0,
                "extras": 0,
                "total": 0
              }
            },
            {
              "batter": "Sazib Bhuiyan",
              "bowler": "Shahil Momin",
              "non_striker": "S Davizi",
              "runs": {
                "batter": 0,
                "extras": 0,
                "total": 0
              }
            },
            {
              "batter": "Sazib Bhuiyan",
              "bowler": "Shahil Momin",
              "non_striker": "S Davizi",
              "runs": {
                "batter": 0,
                "extras": 0,
                "total": 0
              }
            }
          ]
        },
        {
          "over": 15,
          "deliveries": [
            {
              "batter": "S Davizi",
              "bowler": "Sahel Zadran",
              "non_striker": "Sazib Bhuiyan",
              "runs": {
                "batter": 2,
                "extras": 0,
                "total": 2
              }
            },
            {
              "batter": "S Davizi",
              "bowler": "Sahel Zadran",
              "non_striker": "Sazib Bhuiyan",
              "runs": {
                "batter": 4,
                "extras": 0,
                "total": 4
              }
            },
            {
              "batter": "S Davizi",
              "bowler": "Sahel Zadran",
              "non_striker": "Sazib Bhuiyan",
              "runs": {
                "batter": 0,
                "extras": 0,
                "total": 0
              }
            },
            {
              "batter": "S Davizi",
              "bowler": "Sahel Zadran",
              "non_striker": "Sazib Bhuiyan",
              "runs": {
                "batter": 2,
                "extras": 0,
                "total": 2
              }
            },
            {
              "batter": "S Davizi",
              "bowler": "Sahel Zadran",
              "non_striker": "Sazib Bhuiyan",
              "runs": {
                "batter": 4,
                "extras": 0,
                "total": 4
              }
            },
            {
              "batter": "S Davizi",
              "bowler": "Sahel Zadran",
              "extras": {
                "byes": 1
              },
              "non_striker": "Sazib Bhuiyan",
              "runs": {
                "batter": 0,
                "extras": 1,
                "total": 1
              }
            }
          ]
        },
        {
          "over": 16,
          "deliveries": [
            {
              "batter": "S Davizi",
              "bowler": "Aqib Iqbal",
              "non_striker": "Sazib Bhuiyan",
              "runs": {
                "batter": 1,
                "extras": 0,
                "total": 1
              }
            },
            {
              "batter": "Sazib Bhuiyan",
              "bowler": "Aqib Iqbal",
              "non_striker": "S Davizi",
              "runs": {
                "batter": 1,
                "extras": 0,
                "total": 1
              }
            },
            {
              "batter": "S Davizi",
              "bowler": "Aqib Iqbal",
              "non_striker": "Sazib Bhuiyan",
              "runs": {
                "batter": 2,
                "extras": 0,
                "total": 2
              }
            },
            {
              "batter": "S Davizi",
              "bowler": "Aqib Iqbal",
              "non_striker": "Sazib Bhuiyan",
              "runs": {
                "batter": 2,
                "extras": 0,
                "total": 2
              }
            },
            {
              "batter": "S Davizi",
              "bowler": "Aqib Iqbal",
              "non_striker": "Sazib Bhuiyan",
              "runs": {
                "batter": 1,
                "extras": 0,
                "total": 1
              }
            },
            {
              "batter": "Sazib Bhuiyan",
              "bowler": "Aqib Iqbal",
              "non_striker": "S Davizi",
              "runs": {
                "batter": 2,
                "extras": 0,
                "total": 2
              }
            }
          ]
        },
        {
          "over": 17,
          "deliveries": [
            {
              "batter": "S Davizi",
              "bowler": "Jaweed Sadran",
              "non_striker": "Sazib Bhuiyan",
              "runs": {
                "batter": 0,
                "extras": 0,
                "total": 0
              }
            },
            {
              "batter": "S Davizi",
              "bowler": "Jaweed Sadran",
              "non_striker": "Sazib Bhuiyan",
              "runs": {
                "batter": 4,
                "extras": 0,
                "total": 4
              }
            },
            {
              "batter": "S Davizi",
              "bowler": "Jaweed Sadran",
              "extras": {
                "wides": 1
              },
              "non_striker": "Sazib Bhuiyan",
              "runs": {
                "batter": 0,
                "extras": 1,
                "total": 1
              }
            },
            {
              "batter": "S Davizi",
              "bowler": "Jaweed Sadran",
              "non_striker": "Sazib Bhuiyan",
              "runs": {
                "batter": 4,
                "extras": 0,
                "total": 4
              }
            },
            {
              "batter": "S Davizi",
              "bowler": "Jaweed Sadran",
              "non_striker": "Sazib Bhuiyan",
              "runs": {
                "batter": 1,
                "extras": 0,
                "total": 1
              }
            },
            {
              "batter": "Sazib Bhuiyan",
              "bowler": "Jaweed Sadran",
              "non_striker": "S Davizi",
              "runs": {
                "batter": 1,
                "extras": 0,
                "total": 1
              }
            },
            {
              "batter": "S Davizi",
              "bowler": "Jaweed Sadran",
              "non_striker": "Sazib Bhuiyan",
              "runs": {
                "batter": 0,
                "extras": 0,
                "total": 0
              }
            }
          ]
        },
        {
          "over": 18,
          "deliveries": [
            {
              "batter": "Sazib Bhuiyan",
              "bowler": "Aqib Iqbal",
              "non_striker": "S Davizi",
              "runs": {
                "batter": 0,
                "extras": 0,
                "total": 0
              },
              "wickets": [
                {
                  "player_out": "Sazib Bhuiyan",
                  "fielders": [
                    {
                      "name": "M Simpson-Parker"
                    }
                  ],
                  "kind": "caught"
                }
              ]
            },
            {
              "batter": "S Davizi",
              "bowler": "Aqib Iqbal",
              "non_striker": "SJ Patel",
              "runs": {
                "batter": 1,
                "extras": 0,
                "total": 1
              }
            },
            {
              "batter": "SJ Patel",
              "bowler": "Aqib Iqbal",
              "non_striker": "S Davizi",
              "runs": {
                "batter": 0,
                "extras": 0,
                "total": 0
              },
              "wickets": [
                {
                  "player_out": "SJ Patel",
                  "fielders": [
                    {
                      "name": "M Simpson-Parker"
                    }
                  ],
                  "kind": "caught"
                }
              ]
            },
            {
              "batter": "S Davizi",
              "bowler": "Aqib Iqbal",
              "non_striker": "Naveed Ahmed",
              "runs": {
                "batter": 1,
                "extras": 0,
                "total": 1
              }
            },
            {
              "batter": "Naveed Ahmed",
              "bowler": "Aqib Iqbal",
              "extras": {
                "byes": 4
              },
              "non_striker": "S Davizi",
              "runs": {
                "batter": 0,
                "extras": 4,
                "total": 4
              }
            },
            {
              "batter": "Naveed Ahmed",
              "bowler": "Aqib Iqbal",
              "non_striker": "S Davizi",
              "runs": {
                "batter": 0,
                "extras": 0,
                "total": 0
              }
            }
          ]
        },
        {
          "over": 19,
          "deliveries": [
            {
              "batter": "S Davizi",
              "bowler": "Jaweed Sadran",
              "non_striker": "Naveed Ahmed",
              "runs": {
                "batter": 4,
                "extras": 0,
                "total": 4
              }
            },
            {
              "batter": "S Davizi",
              "bowler": "Jaweed Sadran",
              "non_striker": "Naveed Ahmed",
              "runs": {
                "batter": 0,
                "extras": 0,
                "total": 0
              }
            },
            {
              "batter": "S Davizi",
              "bowler": "Jaweed Sadran",
              "non_striker": "Naveed Ahmed",
              "runs": {
                "batter": 1,
                "extras": 0,
                "total": 1
              }
            },
            {
              "batter": "Naveed Ahmed",
              "bowler": "Jaweed Sadran",
              "extras": {
                "wides": 5
              },
              "non_striker": "S Davizi",
              "runs": {
                "batter": 0,
                "extras": 5,
                "total": 5
              }
            },
            {
              "batter": "Naveed Ahmed",
              "bowler": "Jaweed Sadran",
              "non_striker": "S Davizi",
              "runs": {
                "batter": 1,
                "extras": 0,
                "total": 1
              }
            },
            {
              "batter": "S Davizi",
              "bowler": "Jaweed Sadran",
              "non_striker": "Naveed Ahmed",
              "runs": {
                "batter": 6,
                "extras": 0,
                "total": 6
              }
            },
            {
              "batter": "S Davizi",
              "bowler": "Jaweed Sadran",
              "extras": {
                "wides": 1
              },
              "non_striker": "Naveed Ahmed",
              "runs": {
                "batter": 0,
                "extras": 1,
                "total": 1
              }
            },
            {
              "batter": "S Davizi",
              "bowler": "Jaweed Sadran",
              "non_striker": "Naveed Ahmed",
              "runs": {
                "batter": 1,
                "extras": 0,
                "total": 1
              }
            }
          ]
        }
      ],
      "powerplays": [
        {
          "from": 0.1,
          "to": 5.6,
          "type": "mandatory"
        }
      ]
    },
    {
      "team": "Austria",
      "overs": [
        {
          "over": 0,
          "deliveries": [
            {
              "batter": "Habib Ahmadzai",
              "bowler": "SMK Waththage",
              "non_striker": "Mirza Ahsan",
              "runs": {
                "batter": 2,
                "extras": 0,
                "total": 2
              }
            },
            {
              "batter": "Habib Ahmadzai",
              "bowler": "SMK Waththage",
              "extras": {
                "wides": 1
              },
              "non_striker": "Mirza Ahsan",
              "runs": {
                "batter": 0,
                "extras": 1,
                "total": 1
              }
            },
            {
              "batter": "Habib Ahmadzai",
              "bowler": "SMK Waththage",
              "extras": {
                "wides": 1
              },
              "non_striker": "Mirza Ahsan",
              "runs": {
                "batter": 0,
                "extras": 1,
                "total": 1
              }
            },
            {
              "batter": "Habib Ahmadzai",
              "bowler": "SMK Waththage",
              "non_striker": "Mirza Ahsan",
              "runs": {
                "batter": 0,
                "extras": 0,
                "total": 0
              }
            },
            {
              "batter": "Habib Ahmadzai",
              "bowler": "SMK Waththage",
              "non_striker": "Mirza Ahsan",
              "runs": {
                "batter": 4,
                "extras": 0,
                "total": 4
              }
            },
            {
              "batter": "Habib Ahmadzai",
              "bowler": "SMK Waththage",
              "non_striker": "Mirza Ahsan",
              "runs": {
                "batter": 1,
                "extras": 0,
                "total": 1
              }
            },
            {
              "batter": "Mirza Ahsan",
              "bowler": "SMK Waththage",
              "extras": {
                "legbyes": 1
              },
              "non_striker": "Habib Ahmadzai",
              "runs": {
                "batter": 0,
                "extras": 1,
                "total": 1
              }
            },
            {
              "batter": "Habib Ahmadzai",
              "bowler": "SMK Waththage",
              "non_striker": "Mirza Ahsan",
              "runs": {
                "batter": 1,
                "extras": 0,
                "total": 1
              }
            }
          ]
        },
        {
          "over": 1,
          "deliveries": [
            {
              "batter": "Habib Ahmadzai",
              "bowler": "TK Lal",
              "non_striker": "Mirza Ahsan",
              "runs": {
                "batter": 0,
                "extras": 0,
                "total": 0
              }
            },
            {
              "batter": "Habib Ahmadzai",
              "bowler": "TK Lal",
              "non_striker": "Mirza Ahsan",
              "runs": {
                "batter": 0,
                "extras": 0,
                "total": 0
              }
            },
            {
              "batter": "Habib Ahmadzai",
              "bowler": "TK Lal",
              "non_striker": "Mirza Ahsan",
              "runs": {
                "batter": 1,
                "extras": 0,
                "total": 1
              }
            },
            {
              "batter": "Mirza Ahsan",
              "bowler": "TK Lal",
              "non_striker": "Habib Ahmadzai",
              "runs": {
                "batter": 4,
                "extras": 0,
                "total": 4
              }
            },
            {
              "batter": "Mirza Ahsan",
              "bowler": "TK Lal",
              "non_striker": "Habib Ahmadzai",
              "runs": {
                "batter": 1,
                "extras": 0,
                "total": 1
              }
            },
            {
              "batter": "Habib Ahmadzai",
              "bowler": "TK Lal",
              "non_striker": "Mirza Ahsan",
              "runs": {
                "batter": 0,
                "extras": 0,
                "total": 0
              }
            }
          ]
        },
        {
          "over": 2,
          "deliveries": [
            {
              "batter": "Mirza Ahsan",
              "bowler": "SMK Waththage",
              "non_striker": "Habib Ahmadzai",
              "runs": {
                "batter": 2,
                "extras": 0,
                "total": 2
              }
            },
            {
              "batter": "Mirza Ahsan",
              "bowler": "SMK Waththage",
              "extras": {
                "wides": 1
              },
              "non_striker": "Habib Ahmadzai",
              "runs": {
                "batter": 0,
                "extras": 1,
                "total": 1
              }
            },
            {
              "batter": "Mirza Ahsan",
              "bowler": "SMK Waththage",
              "non_striker": "Habib Ahmadzai",
              "runs": {
                "batter": 2,
                "extras": 0,
                "total": 2
              }
            },
            {
              "batter": "Mirza Ahsan",
              "bowler": "SMK Waththage",
              "extras": {
                "legbyes": 1
              },
              "non_striker": "Habib Ahmadzai",
              "runs": {
                "batter": 0,
                "extras": 1,
                "total": 1
              }
            },
            {
              "batter": "Habib Ahmadzai",
              "bowler": "SMK Waththage",
              "non_striker": "Mirza Ahsan",
              "runs": {
                "batter": 0,
                "extras": 0,
                "total": 0
              },
              "wickets": [
                {
                  "player_out": "Habib Ahmadzai",
                  "fielders": [
                    {
                      "name": "Dylan Steyn"
                    }
                  ],
                  "kind": "caught"
                }
              ]
            },
            {
              "batter": "Razmal Shigiwal",
              "bowler": "SMK Waththage",
              "non_striker": "Mirza Ahsan",
              "runs": {
                "batter": 1,
                "extras": 0,
                "total": 1
              }
            },
            {
              "batter": "Mirza Ahsan",
              "bowler": "SMK Waththage",
              "non_striker": "Razmal Shigiwal",
              "runs": {
                "batter": 4,
                "extras": 0,
                "total": 4
              }
            }
          ]
        },
        {
          "over": 3,
          "deliveries": [
            {
              "batter": "Razmal Shigiwal",
              "bowler": "TK Lal",
              "non_striker": "Mirza Ahsan",
              "runs": {
                "batter": 0,
                "extras": 0,
                "total": 0
              }
            },
            {
              "batter": "Razmal Shigiwal",
              "bowler": "TK Lal",
              "non_striker": "Mirza Ahsan",
              "runs": {
                "batter": 0,
                "extras": 0,
                "total": 0
              }
            },
            {
              "batter": "Razmal Shigiwal",
              "bowler": "TK Lal",
              "non_striker": "Mirza Ahsan",
              "runs": {
                "batter": 0,
                "extras": 0,
                "total": 0
              }
            },
            {
              "batter": "Razmal Shigiwal",
              "bowler": "TK Lal",
              "non_striker": "Mirza Ahsan",
              "runs": {
                "batter": 2,
                "extras": 0,
                "total": 2
              }
            },
            {
              "batter": "Razmal Shigiwal",
              "bowler": "TK Lal",
              "extras": {
                "wides": 1
              },
              "non_striker": "Mirza Ahsan",
              "runs": {
                "batter": 0,
                "extras": 1,
                "total": 1
              }
            },
            {
              "batter": "Razmal Shigiwal",
              "bowler": "TK Lal",
              "non_striker": "Mirza Ahsan",
              "runs": {
                "batter": 1,
                "extras": 0,
                "total": 1
              }
            },
            {
              "batter": "Mirza Ahsan",
              "bowler": "TK Lal",
              "non_striker": "Razmal Shigiwal",
              "runs": {
                "batter": 4,
                "extras": 0,
                "total": 4
              }
            }
          ]
        },
        {
          "over": 4,
          "deliveries": [
            {
              "batter": "Razmal Shigiwal",
              "bowler": "S Wickramasekara",
              "non_striker": "Mirza Ahsan",
              "runs": {
                "batter": 6,
                "extras": 0,
                "total": 6
              }
            },
            {
              "batter": "Razmal Shigiwal",
              "bowler": "S Wickramasekara",
              "non_striker": "Mirza Ahsan",
              "runs": {
                "batter": 1,
                "extras": 0,
                "total": 1
              }
            },
            {
              "batter": "Mirza Ahsan",
              "bowler": "S Wickramasekara",
              "non_striker": "Razmal Shigiwal",
              "runs": {
                "batter": 0,
                "extras": 0,
                "total": 0
              }
            },
            {
              "batter": "Mirza Ahsan",
              "bowler": "S Wickramasekara",
              "non_striker": "Razmal Shigiwal",
              "runs": {
                "batter": 1,
                "extras": 0,
                "total": 1
              }
            },
            {
              "batter": "Razmal Shigiwal",
              "bowler": "S Wickramasekara",
              "non_striker": "Mirza Ahsan",
              "runs": {
                "batter": 0,
                "extras": 0,
                "total": 0
              }
            },
            {
              "batter": "Razmal Shigiwal",
              "bowler": "S Wickramasekara",
              "non_striker": "Mirza Ahsan",
              "runs": {
                "batter": 0,
                "extras": 0,
                "total": 0
              }
            }
          ]
        },
        {
          "over": 5,
          "deliveries": [
            {
              "batter": "Mirza Ahsan",
              "bowler": "TK Lal",
              "non_striker": "Razmal Shigiwal",
              "runs": {
                "batter": 2,
                "extras": 0,
                "total": 2
              }
            },
            {
              "batter": "Mirza Ahsan",
              "bowler": "TK Lal",
              "non_striker": "Razmal Shigiwal",
              "runs": {
                "batter": 4,
                "extras": 0,
                "total": 4
              }
            },
            {
              "batter": "Mirza Ahsan",
              "bowler": "TK Lal",
              "non_striker": "Razmal Shigiwal",
              "runs": {
                "batter": 0,
                "extras": 0,
                "total": 0
              }
            },
            {
              "batter": "Mirza Ahsan",
              "bowler": "TK Lal",
              "non_striker": "Razmal Shigiwal",
              "runs": {
                "batter": 6,
                "extras": 0,
                "total": 6
              }
            },
            {
              "batter": "Mirza Ahsan",
              "bowler": "TK Lal",
              "non_striker": "Razmal Shigiwal",
              "runs": {
                "batter": 0,
                "extras": 0,
                "total": 0
              }
            },
            {
              "batter": "Mirza Ahsan",
              "bowler": "TK Lal",
              "non_striker": "Razmal Shigiwal",
              "runs": {
                "batter": 1,
                "extras": 0,
                "total": 1
              }
            }
          ]
        },
        {
          "over": 6,
          "deliveries": [
            {
              "batter": "Mirza Ahsan",
              "bowler": "Sazib Bhuiyan",
              "non_striker": "Razmal Shigiwal",
              "runs": {
                "batter": 1,
                "extras": 0,
                "total": 1
              }
            },
            {
              "batter": "Razmal Shigiwal",
              "bowler": "Sazib Bhuiyan",
              "non_striker": "Mirza Ahsan",
              "runs": {
                "batter": 1,
                "extras": 0,
                "total": 1
              }
            },
            {
              "batter": "Mirza Ahsan",
              "bowler": "Sazib Bhuiyan",
              "non_striker": "Razmal Shigiwal",
              "runs": {
                "batter": 4,
                "extras": 0,
                "total": 4
              }
            },
            {
              "batter": "Mirza Ahsan",
              "bowler": "Sazib Bhuiyan",
              "non_striker": "Razmal Shigiwal",
              "runs": {
                "batter": 1,
                "extras": 0,
                "total": 1
              }
            },
            {
              "batter": "Razmal Shigiwal",
              "bowler": "Sazib Bhuiyan",
              "non_striker": "Mirza Ahsan",
              "runs": {
                "batter": 0,
                "extras": 0,
                "total": 0
              }
            },
            {
              "batter": "Razmal Shigiwal",
              "bowler": "Sazib Bhuiyan",
              "non_striker": "Mirza Ahsan",
              "runs": {
                "batter": 1,
                "extras": 0,
                "total": 1
              }
            }
          ]
        },
        {
          "over": 7,
          "deliveries": [
            {
              "batter": "Razmal Shigiwal",
              "bowler": "S Wickramasekara",
              "non_striker": "Mirza Ahsan",
              "runs": {
                "batter": 4,
                "extras": 0,
                "total": 4
              }
            },
            {
              "batter": "Razmal Shigiwal",
              "bowler": "S Wickramasekara",
              "non_striker": "Mirza Ahsan",
              "runs": {
                "batter": 1,
                "extras": 0,
                "total": 1
              }
            },
            {
              "batter": "Mirza Ahsan",
              "bowler": "S Wickramasekara",
              "non_striker": "Razmal Shigiwal",
              "runs": {
                "batter": 1,
                "extras": 0,
                "total": 1
              }
            },
            {
              "batter": "Razmal Shigiwal",
              "bowler": "S Wickramasekara",
              "non_striker": "Mirza Ahsan",
              "runs": {
                "batter": 4,
                "extras": 0,
                "total": 4
              }
            },
            {
              "batter": "Razmal Shigiwal",
              "bowler": "S Wickramasekara",
              "non_striker": "Mirza Ahsan",
              "runs": {
                "batter": 1,
                "extras": 0,
                "total": 1
              }
            },
            {
              "batter": "Mirza Ahsan",
              "bowler": "S Wickramasekara",
              "non_striker": "Razmal Shigiwal",
              "runs": {
                "batter": 1,
                "extras": 0,
                "total": 1
              }
            }
          ]
        },
        {
          "over": 8,
          "deliveries": [
            {
              "batter": "Mirza Ahsan",
              "bowler": "Sazib Bhuiyan",
              "non_striker": "Razmal Shigiwal",
              "runs": {
                "batter": 4,
                "extras": 0,
                "total": 4
              }
            },
            {
              "batter": "Mirza Ahsan",
              "bowler": "Sazib Bhuiyan",
              "extras": {
                "wides": 1
              },
              "non_striker": "Razmal Shigiwal",
              "runs": {
                "batter": 0,
                "extras": 1,
                "total": 1
              }
            },
            {
              "batter": "Mirza Ahsan",
              "bowler": "Sazib Bhuiyan",
              "non_striker": "Razmal Shigiwal",
              "runs": {
                "batter": 6,
                "extras": 0,
                "total": 6
              }
            },
            {
              "batter": "Mirza Ahsan",
              "bowler": "Sazib Bhuiyan",
              "non_striker": "Razmal Shigiwal",
              "runs": {
                "batter": 6,
                "extras": 0,
                "total": 6
              }
            },
            {
              "batter": "Mirza Ahsan",
              "bowler": "Sazib Bhuiyan",
              "extras": {
                "wides": 1
              },
              "non_striker": "Razmal Shigiwal",
              "runs": {
                "batter": 0,
                "extras": 1,
                "total": 1
              }
            },
            {
              "batter": "Mirza Ahsan",
              "bowler": "Sazib Bhuiyan",
              "non_striker": "Razmal Shigiwal",
              "runs": {
                "batter": 0,
                "extras": 0,
                "total": 0
              }
            },
            {
              "batter": "Mirza Ahsan",
              "bowler": "Sazib Bhuiyan",
              "extras": {
                "wides": 1
              },
              "non_striker": "Razmal Shigiwal",
              "runs": {
                "batter": 0,
                "extras": 1,
                "total": 1
              }
            },
            {
              "batter": "Mirza Ahsan",
              "bowler": "Sazib Bhuiyan",
              "extras": {
                "wides": 1
              },
              "non_striker": "Razmal Shigiwal",
              "runs": {
                "batter": 0,
                "extras": 1,
                "total": 1
              }
            },
            {
              "batter": "Mirza Ahsan",
              "bowler": "Sazib Bhuiyan",
              "non_striker": "Razmal Shigiwal",
              "runs": {
                "batter": 0,
                "extras": 0,
                "total": 0
              }
            },
            {
              "batter": "Mirza Ahsan",
              "bowler": "Sazib Bhuiyan",
              "non_striker": "Razmal Shigiwal",
              "runs": {
                "batter": 2,
                "extras": 0,
                "total": 2
              }
            }
          ]
        },
        {
          "over": 9,
          "deliveries": [
            {
              "batter": "Razmal Shigiwal",
              "bowler": "Naveed Ahmed",
              "non_striker": "Mirza Ahsan",
              "runs": {
                "batter": 1,
                "extras": 0,
                "total": 1
              }
            },
            {
              "batter": "Mirza Ahsan",
              "bowler": "Naveed Ahmed",
              "non_striker": "Razmal Shigiwal",
              "runs": {
                "batter": 0,
                "extras": 0,
                "total": 0
              },
              "wickets": [
                {
                  "player_out": "Mirza Ahsan",
                  "fielders": [
                    {
                      "name": "A Ashokan"
                    }
                  ],
                  "kind": "caught"
                }
              ]
            },
            {
              "batter": "Razmal Shigiwal",
              "bowler": "Naveed Ahmed",
              "non_striker": "Shahil Momin",
              "runs": {
                "batter": 1,
                "extras": 0,
                "total": 1
              }
            },
            {
              "batter": "Shahil Momin",
              "bowler": "Naveed Ahmed",
              "non_striker": "Razmal Shigiwal",
              "runs": {
                "batter": 0,
                "extras": 0,
                "total": 0
              }
            },
            {
              "batter": "Shahil Momin",
              "bowler": "Naveed Ahmed",
              "non_striker": "Razmal Shigiwal",
              "runs": {
                "batter": 1,
                "extras": 0,
                "total": 1
              }
            },
            {
              "batter": "Razmal Shigiwal",
              "bowler": "Naveed Ahmed",
              "non_striker": "Shahil Momin",
              "runs": {
                "batter": 0,
                "extras": 0,
                "total": 0
              }
            }
          ]
        },
        {
          "over": 10,
          "deliveries": [
            {
              "batter": "Shahil Momin",
              "bowler": "A Ashokan",
              "non_striker": "Razmal Shigiwal",
              "runs": {
                "batter": 1,
                "extras": 0,
                "total": 1
              }
            },
            {
              "batter": "Razmal Shigiwal",
              "bowler": "A Ashokan",
              "non_striker": "Shahil Momin",
              "runs": {
                "batter": 1,
                "extras": 0,
                "total": 1
              }
            },
            {
              "batter": "Shahil Momin",
              "bowler": "A Ashokan",
              "non_striker": "Razmal Shigiwal",
              "runs": {
                "batter": 2,
                "extras": 0,
                "total": 2
              }
            },
            {
              "batter": "Shahil Momin",
              "bowler": "A Ashokan",
              "non_striker": "Razmal Shigiwal",
              "runs": {
                "batter": 1,
                "extras": 0,
                "total": 1
              }
            },
            {
              "batter": "Razmal Shigiwal",
              "bowler": "A Ashokan",
              "non_striker": "Shahil Momin",
              "runs": {
                "batter": 1,
                "extras": 0,
                "total": 1
              }
            },
            {
              "batter": "Shahil Momin",
              "bowler": "A Ashokan",
              "non_striker": "Razmal Shigiwal",
              "runs": {
                "batter": 2,
                "extras": 0,
                "total": 2
              }
            }
          ]
        },
        {
          "over": 11,
          "deliveries": [
            {
              "batter": "Razmal Shigiwal",
              "bowler": "Naveed Ahmed",
              "non_striker": "Shahil Momin",
              "runs": {
                "batter": 1,
                "extras": 0,
                "total": 1
              }
            },
            {
              "batter": "Shahil Momin",
              "bowler": "Naveed Ahmed",
              "non_striker": "Razmal Shigiwal",
              "runs": {
                "batter": 1,
                "extras": 0,
                "total": 1
              }
            },
            {
              "batter": "Razmal Shigiwal",
              "bowler": "Naveed Ahmed",
              "non_striker": "Shahil Momin",
              "runs": {
                "batter": 0,
                "extras": 0,
                "total": 0
              }
            },
            {
              "batter": "Razmal Shigiwal",
              "bowler": "Naveed Ahmed",
              "non_striker": "Shahil Momin",
              "runs": {
                "batter": 6,
                "extras": 0,
                "total": 6
              }
            },
            {
              "batter": "Razmal Shigiwal",
              "bowler": "Naveed Ahmed",
              "non_striker": "Shahil Momin",
              "runs": {
                "batter": 1,
                "extras": 0,
                "total": 1
              }
            },
            {
              "batter": "Shahil Momin",
              "bowler": "Naveed Ahmed",
              "non_striker": "Razmal Shigiwal",
              "runs": {
                "batter": 0,
                "extras": 0,
                "total": 0
              }
            }
          ]
        },
        {
          "over": 12,
          "deliveries": [
            {
              "batter": "Razmal Shigiwal",
              "bowler": "A Ashokan",
              "non_striker": "Shahil Momin",
              "runs": {
                "batter": 1,
                "extras": 0,
                "total": 1
              }
            },
            {
              "batter": "Shahil Momin",
              "bowler": "A Ashokan",
              "non_striker": "Razmal Shigiwal",
              "runs": {
                "batter": 2,
                "extras": 0,
                "total": 2
              }
            },
            {
              "batter": "Shahil Momin",
              "bowler": "A Ashokan",
              "non_striker": "Razmal Shigiwal",
              "runs": {
                "batter": 1,
                "extras": 0,
                "total": 1
              }
            },
            {
              "batter": "Razmal Shigiwal",
              "bowler": "A Ashokan",
              "non_striker": "Shahil Momin",
              "runs": {
                "batter": 6,
                "extras": 0,
                "total": 6
              }
            },
            {
              "batter": "Razmal Shigiwal",
              "bowler": "A Ashokan",
              "non_striker": "Shahil Momin",
              "runs": {
                "batter": 1,
                "extras": 0,
                "total": 1
              }
            },
            {
              "batter": "Shahil Momin",
              "bowler": "A Ashokan",
              "non_striker": "Razmal Shigiwal",
              "runs": {
                "batter": 1,
                "extras": 0,
                "total": 1
              }
            }
          ]
        },
        {
          "over": 13,
          "deliveries": [
            {
              "batter": "Shahil Momin",
              "bowler": "Naveed Ahmed",
              "non_striker": "Razmal Shigiwal",
              "runs": {
                "batter": 1,
                "extras": 0,
                "total": 1
              }
            },
            {
              "batter": "Razmal Shigiwal",
              "bowler": "Naveed Ahmed",
              "non_striker": "Shahil Momin",
              "runs": {
                "batter": 1,
                "extras": 0,
                "total": 1
              }
            },
            {
              "batter": "Shahil Momin",
              "bowler": "Naveed Ahmed",
              "non_striker": "Razmal Shigiwal",
              "runs": {
                "batter": 1,
                "extras": 0,
                "total": 1
              }
            },
            {
              "batter": "Razmal Shigiwal",
              "bowler": "Naveed Ahmed",
              "non_striker": "Shahil Momin",
              "runs": {
                "batter": 2,
                "extras": 0,
                "total": 2
              }
            },
            {
              "batter": "Razmal Shigiwal",
              "bowler": "Naveed Ahmed",
              "non_striker": "Shahil Momin",
              "runs": {
                "batter": 0,
                "extras": 0,
                "total": 0
              },
              "wickets": [
                {
                  "player_out": "Razmal Shigiwal",
                  "fielders": [
                    {
                      "name": "SJ Patel"
                    }
                  ],
                  "kind": "caught"
                }
              ]
            },
            {
              "batter": "Shahil Momin",
              "bowler": "Naveed Ahmed",
              "non_striker": "Aqib Iqbal",
              "runs": {
                "batter": 0,
                "extras": 0,
                "total": 0
              }
            }
          ]
        },
        {
          "over": 14,
          "deliveries": [
            {
              "batter": "Aqib Iqbal",
              "bowler": "A Ashokan",
              "non_striker": "Shahil Momin",
              "runs": {
                "batter": 1,
                "extras": 0,
                "total": 1
              }
            },
            {
              "batter": "Shahil Momin",
              "bowler": "A Ashokan",
              "non_striker": "Aqib Iqbal",
              "runs": {
                "batter": 2,
                "extras": 0,
                "total": 2
              }
            },
            {
              "batter": "Shahil Momin",
              "bowler": "A Ashokan",
              "non_striker": "Aqib Iqbal",
              "runs": {
                "batter": 1,
                "extras": 0,
                "total": 1
              }
            },
            {
              "batter": "Aqib Iqbal",
              "bowler": "A Ashokan",
              "non_striker": "Shahil Momin",
              "runs": {
                "batter": 0,
                "extras": 0,
                "total": 0
              }
            },
            {
              "batter": "Aqib Iqbal",
              "bowler": "A Ashokan",
              "non_striker": "Shahil Momin",
              "runs": {
                "batter": 0,
                "extras": 0,
                "total": 0
              }
            },
            {
              "batter": "Aqib Iqbal",
              "bowler": "A Ashokan",
              "non_striker": "Shahil Momin",
              "runs": {
                "batter": 2,
                "extras": 0,
                "total": 2
              }
            }
          ]
        },
        {
          "over": 15,
          "deliveries": [
            {
              "batter": "Shahil Momin",
              "bowler": "Naveed Ahmed",
              "non_striker": "Aqib Iqbal",
              "runs": {
                "batter": 1,
                "extras": 0,
                "total": 1
              }
            },
            {
              "batter": "Aqib Iqbal",
              "bowler": "Naveed Ahmed",
              "non_striker": "Shahil Momin",
              "runs": {
                "batter": 1,
                "extras": 0,
                "total": 1
              }
            },
            {
              "batter": "Shahil Momin",
              "bowler": "Naveed Ahmed",
              "non_striker": "Aqib Iqbal",
              "runs": {
                "batter": 0,
                "extras": 0,
                "total": 0
              }
            },
            {
              "batter": "Shahil Momin",
              "bowler": "Naveed Ahmed",
              "non_striker": "Aqib Iqbal",
              "runs": {
                "batter": 2,
                "extras": 0,
                "total": 2
              }
            },
            {
              "batter": "Shahil Momin",
              "bowler": "Naveed Ahmed",
              "non_striker": "Aqib Iqbal",
              "runs": {
                "batter": 1,
                "extras": 0,
                "total": 1
              }
            },
            {
              "batter": "Aqib Iqbal",
              "bowler": "Naveed Ahmed",
              "non_striker": "Shahil Momin",
              "runs": {
                "batter": 0,
                "extras": 0,
                "total": 0
              }
            }
          ]
        },
        {
          "over": 16,
          "deliveries": [
            {
              "batter": "Shahil Momin",
              "bowler": "A Ashokan",
              "non_striker": "Aqib Iqbal",
              "runs": {
                "batter": 4,
                "extras": 0,
                "total": 4
              }
            },
            {
              "batter": "Shahil Momin",
              "bowler": "A Ashokan",
              "non_striker": "Aqib Iqbal",
              "runs": {
                "batter": 1,
                "extras": 0,
                "total": 1
              }
            },
            {
              "batter": "Aqib Iqbal",
              "bowler": "A Ashokan",
              "non_striker": "Shahil Momin",
              "runs": {
                "batter": 1,
                "extras": 0,
                "total": 1
              }
            },
            {
              "batter": "Shahil Momin",
              "bowler": "A Ashokan",
              "non_striker": "Aqib Iqbal",
              "runs": {
                "batter": 2,
                "extras": 0,
                "total": 2
              }
            },
            {
              "batter": "Shahil Momin",
              "bowler": "A Ashokan",
              "non_striker": "Aqib Iqbal",
              "runs": {
                "batter": 2,
                "extras": 0,
                "total": 2
              }
            },
            {
              "batter": "Shahil Momin",
              "bowler": "A Ashokan",
              "non_striker": "Aqib Iqbal",
              "runs": {
                "batter": 1,
                "extras": 0,
                "total": 1
              }
            }
          ]
        },
        {
          "over": 17,
          "deliveries": [
            {
              "batter": "Shahil Momin",
              "bowler": "TK Lal",
              "non_striker": "Aqib Iqbal",
              "runs": {
                "batter": 1,
                "extras": 0,
                "total": 1
              }
            },
            {
              "batter": "Aqib Iqbal",
              "bowler": "TK Lal",
              "non_striker": "Shahil Momin",
              "runs": {
                "batter": 2,
                "extras": 0,
                "total": 2
              }
            },
            {
              "batter": "Aqib Iqbal",
              "bowler": "TK Lal",
              "non_striker": "Shahil Momin",
              "runs": {
                "batter": 0,
                "extras": 0,
                "total": 0
              },
              "wickets": [
                {
                  "player_out": "Aqib Iqbal",
                  "kind": "bowled"
                }
              ]
            },
            {
              "batter": "MPS Cheema",
              "bowler": "TK Lal",
              "non_striker": "Shahil Momin",
              "runs": {
                "batter": 4,
                "extras": 0,
                "total": 4
              }
            },
            {
              "batter": "MPS Cheema",
              "bowler": "TK Lal",
              "non_striker": "Shahil Momin",
              "runs": {
                "batter": 0,
                "extras": 0,
                "total": 0
              }
            },
            {
              "batter": "MPS Cheema",
              "bowler": "TK Lal",
              "non_striker": "Shahil Momin",
              "runs": {
                "batter": 0,
                "extras": 0,
                "total": 0
              },
              "wickets": [
                {
                  "player_out": "MPS Cheema",
                  "fielders": [
                    {
                      "name": "UNGB Thenannahelage"
                    }
                  ],
                  "kind": "stumped"
                }
              ]
            }
          ]
        },
        {
          "over": 18,
          "deliveries": [
            {
              "batter": "Shahil Momin",
              "bowler": "Ritik Tomar",
              "non_striker": "Jaweed Sadran",
              "runs": {
                "batter": 4,
                "extras": 0,
                "total": 4
              }
            },
            {
              "batter": "Shahil Momin",
              "bowler": "Ritik Tomar",
              "non_striker": "Jaweed Sadran",
              "runs": {
                "batter": 2,
                "extras": 0,
                "total": 2
              }
            },
            {
              "batter": "Shahil Momin",
              "bowler": "Ritik Tomar",
              "non_striker": "Jaweed Sadran",
              "runs": {
                "batter": 4,
                "extras": 0,
                "total": 4
              }
            },
            {
              "batter": "Shahil Momin",
              "bowler": "Ritik Tomar",
              "non_striker": "Jaweed Sadran",
              "runs": {
                "batter": 1,
                "extras": 0,
                "total": 1
              }
            },
            {
              "batter": "Jaweed Sadran",
              "bowler": "Ritik Tomar",
              "non_striker": "Shahil Momin",
              "runs": {
                "batter": 1,
                "extras": 0,
                "total": 1
              }
            },
            {
              "batter": "Shahil Momin",
              "bowler": "Ritik Tomar",
              "non_striker": "Jaweed Sadran",
              "runs": {
                "batter": 4,
                "extras": 0,
                "total": 4
              }
            }
          ]
        },
        {
          "over": 19,
          "deliveries": [
            {
              "batter": "Jaweed Sadran",
              "bowler": "S Wickramasekara",
              "non_striker": "Shahil Momin",
              "runs": {
                "batter": 0,
                "extras": 0,
                "total": 0
              },
              "wickets": [
                {
                  "player_out": "Jaweed Sadran",
                  "kind": "bowled"
                }
              ]
            },
            {
              "batter": "Abdullah Akbarjan",
              "bowler": "S Wickramasekara",
              "extras": {
                "legbyes": 1
              },
              "non_striker": "Shahil Momin",
              "runs": {
                "batter": 0,
                "extras": 1,
                "total": 1
              }
            },
            {
              "batter": "Shahil Momin",
              "bowler": "S Wickramasekara",
              "non_striker": "Abdullah Akbarjan",
              "runs": {
                "batter": 0,
                "extras": 0,
                "total": 0
              }
            },
            {
              "batter": "Shahil Momin",
              "bowler": "S Wickramasekara",
              "non_striker": "Abdullah Akbarjan",
              "runs": {
                "batter": 1,
                "extras": 0,
                "total": 1
              }
            }
          ]
        }
      ],
      "powerplays": [
        {
          "from": 0.1,
          "to": 5.6,
          "type": "mandatory"
        }
      ],
      "target": {
        "overs": 20,
        "runs": 183
      }
    }
  ]
}