{
  "meta": {
    "data_version": "1.1.0",
    "created": "2022-09-27",
    "revision": 2
  },
  "info": {
    "balls_per_over": 6,
    "city": "Karachi",
    "dates": [
      "2022-09-23"
    ],
    "event": {
      "name": "England tour of Pakistan",
      "match_number": 3
    },
    "gender": "male",
    "match_type": "T20",
    "match_type_number": 1795,
    "officials": {
      "match_referees": [
        "Muhammad Javed"
      ],
      "reserve_umpires": [
        "Asif Yaqoob"
      ],
      "tv_umpires": [
        "Rashid Riaz"
      ],
      "umpires": [
        "Aleem Dar",
        "Faisal Afridi"
      ]
    },
    "outcome": {
      "winner": "England",
      "by": {
        "runs": 63
      }
    },
    "overs": 20,
    "player_of_match": [
      "HC Brook"
    ],
    "players": {
      "England": [
        "PD Salt",
        "WG Jacks",
        "DJ Malan",
        "BM Duckett",
        "HC Brook",
        "MM Ali",
        "SM Curran",
        "LA Dawson",
        "AU Rashid",
        "MA Wood",
        "RJW Topley"
      ],
      "Pakistan": [
        "Mohammad Rizwan",
        "Babar Azam",
        "Haider Ali",
        "Shan Masood",
        "Iftikhar Ahmed",
        "Khushdil Shah",
        "Mohammad Nawaz",
        "Usman Qadir",
        "Haris Rauf",
        "Mohammad Hasnain",
        "Shahnawaz Dhani"
      ]
    },
    "registry": {
      "people": {
        "AU Rashid": "249d60c9",
        "Aleem Dar": "f02778d1",
        "Asif Yaqoob": "6b35790c",
        "BM Duckett": "5f26f677",
        "Babar Azam": "8a75e999",
        "DJ Malan": "ad9c32a2",
        "Faisal Afridi": "ed0bc503",
        "HC Brook": "4ae1755b",
        "Haider Ali": "c13e34f4",
        "Haris Rauf": "24bb1c2f",
        "Iftikhar Ahmed": "29e253dd",
        "Khushdil Shah": "fce581b5",
        "LA Dawson": "4a461c24",
        "MA Wood": "8d92a2c3",
        "MM Ali": "bb351c23",
        "Mohammad Hasnain": "8596fe80",
        "Mohammad Nawaz": "3086f7a4",
        "Mohammad Rizwan": "2f26ac1a",
        "Muhammad Javed": "bde2d0ea",
        "PD Salt": "3d284ca3",
        "RJW Topley": "8db7f47f",
        "Rashid Riaz": "fb82725e",
        "SM Curran": "e94915e6",
        "Shahnawaz Dhani": "7ccbb09f",
        "Shan Masood": "6843a783",
        "Usman Qadir": "33742f04",
        "WG Jacks": "9caf69a1"
      }
    },
    "season": "2022",
    "team_type": "international",
    "teams": [
      "England",
      "Pakistan"
    ],
    "toss": {
      "decision": "field",
      "winner": "Pakistan"
    },
    "venue": "National Stadium, Karachi"
  },
  "innings": [
    {
      "team": "England",
      "overs": [
        {
          "over": 0,
          "deliveries": [
            {
              "batter": "PD Salt",
              "bowler": "Mohammad Hasnain",
              "non_striker": "WG Jacks",
              "runs": {
                "batter": 1,
                "extras": 0,
                "total": 1
              }
            },
            {
              "batter": "WG Jacks",
              "bowler": "Mohammad Hasnain",
              "non_striker": "PD Salt",
              "runs": {
                "batter": 1,
                "extras": 0,
                "total": 1
              }
            },
            {
              "batter": "PD Salt",
              "bowler": "Mohammad Hasnain",
              "non_striker": "WG Jacks",
              "runs": {
                "batter": 1,
                "extras": 0,
                "total": 1
              }
            },
            {
              "batter": "WG Jacks",
              "bowler": "Mohammad Hasnain",
              "non_striker": "PD Salt",
              "runs": {
                "batter": 0,
                "extras": 0,
                "total": 0
              }
            },
            {
              "batter": "WG Jacks",
              "bowler": "Mohammad Hasnain",
              "non_striker": "PD Salt",
              "runs": {
                "batter": 0,
                "extras": 0,
                "total": 0
              }
            },
            {
              "batter": "WG Jacks",
              "bowler": "Mohammad Hasnain",
              "non_striker": "PD Salt",
              "runs": {
                "batter": 4,
                "extras": 0,
                "total": 4
              }
            }
          ]
        },
        {
          "over": 1,
          "deliveries": [
            {
              "batter": "PD Salt",
              "bowler": "Mohammad Nawaz",
              "non_striker": "WG Jacks",
              "runs": {
                "batter": 4,
                "extras": 0,
                "total": 4
              }
            },
            {
              "batter": "PD Salt",
              "bowler": "Mohammad Nawaz",
              "non_striker": "WG Jacks",
              "runs": {
                "batter": 1,
                "extras": 0,
                "total": 1
              }
            },
            {
              "batter": "WG Jacks",
              "bowler": "Mohammad Nawaz",
              "non_striker": "PD Salt",
              "runs": {
                "batter": 1,
                "extras": 0,
                "total": 1
              }
            },
            {
              "batter": "PD Salt",
              "bowler": "Mohammad Nawaz",
              "non_striker": "WG Jacks",
              "runs": {
                "batter": 1,
                "extras": 0,
                "total": 1
              }
            },
            {
              "batter": "WG Jacks",
              "bowler": "Mohammad Nawaz",
              "non_striker": "PD Salt",
              "runs": {
                "batter": 0,
                "extras": 0,
                "total": 0
              }
            },
            {
              "batter": "WG Jacks",
              "bowler": "Mohammad Nawaz",
              "non_striker": "PD Salt",
              "runs": {
                "batter": 4,
                "extras": 0,
                "total": 4
              }
            }
          ]
        },
        {
          "over": 2,
          "deliveries": [
            {
              "batter": "PD Salt",
              "bowler": "Mohammad Hasnain",
              "non_striker": "WG Jacks",
              "runs": {
                "batter": 0,
                "extras": 0,
                "total": 0
              },
              "wickets": [
                {
                  "player_out": "PD Salt",
                  "fielders": [
                    {
                      "name": "Mohammad Nawaz"
                    }
                  ],
                  "kind": "caught"
                }
              ]
            },
            {
              "batter": "WG Jacks",
              "bowler": "Mohammad Hasnain",
              "non_striker": "DJ Malan",
              "runs": {
                "batter": 1,
                "extras": 0,
                "total": 1
              }
            },
            {
              "batter": "DJ Malan",
              "bowler": "Mohammad Hasnain",
              "extras": {
                "wides": 1
              },
              "non_striker": "WG Jacks",
              "runs": {
                "batter": 0,
                "extras": 1,
                "total": 1
              }
            },
            {
              "batter": "DJ Malan",
              "bowler": "Mohammad Hasnain",
              "non_striker": "WG Jacks",
              "runs": {
                "batter": 0,
                "extras": 0,
                "total": 0
              }
            },
            {
              "batter": "DJ Malan",
              "bowler": "Mohammad Hasnain",
              "non_striker": "WG Jacks",
              "runs": {
                "batter": 1,
                "extras": 0,
                "total": 1
              }
            },
            {
              "batter": "WG Jacks",
              "bowler": "Mohammad Hasnain",
              "non_striker": "DJ Malan",
              "runs": {
                "batter": 0,
                "extras": 0,
                "total": 0
              }
            },
            {
              "batter": "WG Jacks",
              "bowler": "Mohammad Hasnain",
              "non_striker": "DJ Malan",
              "runs": {
                "batter": 0,
                "extras": 0,
                "total": 0
              }
            }
          ]
        },
        {
          "over": 3,
          "deliveries": [
            {
              "batter": "DJ Malan",
              "bowler": "Shahnawaz Dhani",
              "non_striker": "WG Jacks",
              "runs": {
                "batter": 4,
                "extras": 0,
                "total": 4
              }
            },
            {
              "batter": "DJ Malan",
              "bowler": "Shahnawaz Dhani",
              "non_striker": "WG Jacks",
              "runs": {
                "batter": 0,
                "extras": 0,
                "total": 0
              }
            },
            {
              "batter": "DJ Malan",
              "bowler": "Shahnawaz Dhani",
              "non_striker": "WG Jacks",
              "runs": {
                "batter": 0,
                "extras": 0,
                "total": 0
              }
            },
            {
              "batter": "DJ Malan",
              "bowler": "Shahnawaz Dhani",
              "non_striker": "WG Jacks",
              "runs": {
                "batter": 3,
                "extras": 0,
                "total": 3
              }
            },
            {
              "batter": "WG Jacks",
              "bowler": "Shahnawaz Dhani",
              "non_striker": "DJ Malan",
              "runs": {
                "batter": 4,
                "extras": 0,
                "total": 4
              }
            },
            {
              "batter": "WG Jacks",
              "bowler": "Shahnawaz Dhani",
              "non_striker": "DJ Malan",
              "runs": {
                "batter": 4,
                "extras": 0,
                "total": 4
              }
            }
          ]
        },
        {
          "over": 4,
          "deliveries": [
            {
              "batter": "DJ Malan",
              "bowler": "Haris Rauf",
              "non_striker": "WG Jacks",
              "runs": {
                "batter": 0,
                "extras": 0,
                "total": 0
              }
            },
            {
              "batter": "DJ Malan",
              "bowler": "Haris Rauf",
              "non_striker": "WG Jacks",
              "runs": {
                "batter": 0,
                "extras": 0,
                "total": 0
              }
            },
            {
              "batter": "DJ Malan",
              "bowler": "Haris Rauf",
              "non_striker": "WG Jacks",
              "runs": {
                "batter": 0,
                "extras": 0,
                "total": 0
              }
            },
            {
              "batter": "DJ Malan",
              "bowler": "Haris Rauf",
              "extras": {
                "legbyes": 1
              },
              "non_striker": "WG Jacks",
              "runs": {
                "batter": 0,
                "extras": 1,
                "total": 1
              }
            },
            {
              "batter": "WG Jacks",
              "bowler": "Haris Rauf",
              "non_striker": "DJ Malan",
              "runs": {
                "batter": 4,
                "extras": 0,
                "total": 4
              }
            },
            {
              "batter": "WG Jacks",
              "bowler": "Haris Rauf",
              "non_striker": "DJ Malan",
              "runs": {
                "batter": 4,
                "extras": 0,
                "total": 4
              }
            }
          ]
        },
        {
          "over": 5,
          "deliveries": [
            {
              "batter": "DJ Malan",
              "bowler": "Shahnawaz Dhani",
              "non_striker": "WG Jacks",
              "runs": {
                "batter": 0,
                "extras": 0,
                "total": 0
              }
            },
            {
              "batter": "DJ Malan",
              "bowler": "Shahnawaz Dhani",
              "non_striker": "WG Jacks",
              "runs": {
                "batter": 1,
                "extras": 0,
                "total": 1
              }
            },
            {
              "batter": "WG Jacks",
              "bowler": "Shahnawaz Dhani",
              "non_striker": "DJ Malan",
              "runs": {
                "batter": 1,
                "extras": 0,
                "total": 1
              }
            },
            {
              "batter": "DJ Malan",
              "bowler": "Shahnawaz Dhani",
              "extras": {
                "wides": 1
              },
              "non_striker": "WG Jacks",
              "runs": {
                "batter": 0,
                "extras": 1,
                "total": 1
              }
            },
            {
              "batter": "DJ Malan",
              "bowler": "Shahnawaz Dhani",
              "non_striker": "WG Jacks",
              "runs": {
                "batter": 1,
                "extras": 0,
                "total": 1
              }
            },
            {
              "batter": "WG Jacks",
              "bowler": "Shahnawaz Dhani",
              "non_striker": "DJ Malan",
              "runs": {
                "batter": 4,
                "extras": 0,
                "total": 4
              }
            },
            {
              "batter": "WG Jacks",
              "bowler": "Shahnawaz Dhani",
              "non_striker": "DJ Malan",
              "runs": {
                "batter": 4,
                "extras": 0,
                "total": 4
              }
            }
          ]
        },
        {
          "over": 6,
          "deliveries": [
            {
              "batter": "DJ Malan",
              "bowler": "Usman Qadir",
              "non_striker": "WG Jacks",
              "runs": {
                "batter": 4,
                "extras": 0,
                "total": 4
              }
            },
            {
              "batter": "DJ Malan",
              "bowler": "Usman Qadir",
              "non_striker": "WG Jacks",
              "runs": {
                "batter": 0,
                "extras": 0,
                "total": 0
              },
              "wickets": [
                {
                  "player_out": "DJ Malan",
                  "fielders": [
                    {
                      "name": "Haider Ali"
                    }
                  ],
                  "kind": "caught"
                }
              ]
            },
            {
              "batter": "BM Duckett",
              "bowler": "Usman Qadir",
              "non_striker": "WG Jacks",
              "runs": {
                "batter": 4,
                "extras": 0,
                "total": 4
              }
            },
            {
              "batter": "BM Duckett",
              "bowler": "Usman Qadir",
              "non_striker": "WG Jacks",
              "runs": {
                "batter": 1,
                "extras": 0,
                "total": 1
              }
            },
            {
              "batter": "WG Jacks",
              "bowler": "Usman Qadir",
              "non_striker": "BM Duckett",
              "runs": {
                "batter": 1,
                "extras": 0,
                "total": 1
              }
            },
            {
              "batter": "BM Duckett",
              "bowler": "Usman Qadir",
              "non_striker": "WG Jacks",
              "runs": {
                "batter": 4,
                "extras": 0,
                "total": 4
              }
            }
          ]
        },
        {
          "over": 7,
          "deliveries": [
            {
              "batter": "WG Jacks",
              "bowler": "Mohammad Nawaz",
              "non_striker": "BM Duckett",
              "runs": {
                "batter": 1,
                "extras": 0,
                "total": 1
              }
            },
            {
              "batter": "BM Duckett",
              "bowler": "Mohammad Nawaz",
              "non_striker": "WG Jacks",
              "runs": {
                "batter": 1,
                "extras": 0,
                "total": 1
              }
            },
            {
              "batter": "WG Jacks",
              "bowler": "Mohammad Nawaz",
              "non_striker": "BM Duckett",
              "runs": {
                "batter": 1,
                "extras": 0,
                "total": 1
              }
            },
            {
              "batter": "BM Duckett",
              "bowler": "Mohammad Nawaz",
              "non_striker": "WG Jacks",
              "runs": {
                "batter": 1,
                "extras": 0,
                "total": 1
              }
            },
            {
              "batter": "WG Jacks",
              "bowler": "Mohammad Nawaz",
              "non_striker": "BM Duckett",
              "runs": {
                "batter": 1,
                "extras": 0,
                "total": 1
              }
            },
            {
              "batter": "BM Duckett",
              "bowler": "Mohammad Nawaz",
              "non_striker": "WG Jacks",
              "runs": {
                "batter": 1,
                "extras": 0,
                "total": 1
              }
            }
          ]
        },
        {
          "over": 8,
          "deliveries": [
            {
              "batter": "BM Duckett",
              "bowler": "Usman Qadir",
              "non_striker": "WG Jacks",
              "runs": {
                "batter": 4,
                "extras": 0,
                "total": 4
              }
            },
            {
              "batter": "BM Duckett",
              "bowler": "Usman Qadir",
              "non_striker": "WG Jacks",
              "runs": {
                "batter": 1,
                "extras": 0,
                "total": 1
              }
            },
            {
              "batter": "WG Jacks",
              "bowler": "Usman Qadir",
              "non_striker": "BM Duckett",
              "runs": {
                "batter": 0,
                "extras": 0,
                "total": 0
              },
              "wickets": [
                {
                  "player_out": "WG Jacks",
                  "fielders": [
                    {
                      "name": "Mohammad Nawaz"
                    }
                  ],
                  "kind": "caught"
                }
              ]
            },
            {
              "batter": "HC Brook",
              "bowler": "Usman Qadir",
              "non_striker": "BM Duckett",
              "runs": {
                "batter": 1,
                "extras": 0,
                "total": 1
              }
            },
            {
              "batter": "BM Duckett",
              "bowler": "Usman Qadir",
              "non_striker": "HC Brook",
              "runs": {
                "batter": 0,
                "extras": 0,
                "total": 0
              }
            },
            {
              "batter": "BM Duckett",
              "bowler": "Usman Qadir",
              "non_striker": "HC Brook",
              "runs": {
                "batter": 1,
                "extras": 0,
                "total": 1
              }
            }
          ]
        },
        {
          "over": 9,
          "deliveries": [
            {
              "batter": "BM Duckett",
              "bowler": "Mohammad Nawaz",
              "non_striker": "HC Brook",
              "runs": {
                "batter": 0,
                "extras": 0,
                "total": 0
              }
            },
            {
              "batter": "BM Duckett",
              "bowler": "Mohammad Nawaz",
              "non_striker": "HC Brook",
              "runs": {
                "batter": 1,
                "extras": 0,
                "total": 1
              }
            },
            {
              "batter": "HC Brook",
              "bowler": "Mohammad Nawaz",
              "non_striker": "BM Duckett",
              "runs": {
                "batter": 0,
                "extras": 0,
                "total": 0
              }
            },
            {
              "batter": "HC Brook",
              "bowler": "Mohammad Nawaz",
              "non_striker": "BM Duckett",
              "runs": {
                "batter": 1,
                "extras": 0,
                "total": 1
              }
            },
            {
              "batter": "BM Duckett",
              "bowler": "Mohammad Nawaz",
              "non_striker": "HC Brook",
              "runs": {
                "batter": 2,
                "extras": 0,
                "total": 2
              }
            },
            {
              "batter": "BM Duckett",
              "bowler": "Mohammad Nawaz",
              "non_striker": "HC Brook",
              "runs": {
                "batter": 1,
                "extras": 0,
                "total": 1
              }
            }
          ]
        },
        {
          "over": 10,
          "deliveries": [
            {
              "batter": "BM Duckett",
              "bowler": "Usman Qadir",
              "non_striker": "HC Brook",
              "runs": {
                "batter": 1,
                "extras": 0,
                "total": 1
              }
            },
            {
              "batter": "HC Brook",
              "bowler": "Usman Qadir",
              "non_striker": "BM Duckett",
              "runs": {
                "batter": 0,
                "extras": 0,
                "total": 0
              }
            },
            {
              "batter": "HC Brook",
              "bowler": "Usman Qadir",
              "non_striker": "BM Duckett",
              "runs": {
                "batter": 6,
                "extras": 0,
                "total": 6
              }
            },
            {
              "batter": "HC Brook",
              "bowler": "Usman Qadir",
              "non_striker": "BM Duckett",
              "runs": {
                "batter": 1,
                "extras": 0,
                "total": 1
              }
            },
            {
              "batter": "BM Duckett",
              "bowler": "Usman Qadir",
              "non_striker": "HC Brook",
              "runs": {
                "batter": 1,
                "extras": 0,
                "total": 1
              }
            },
            {
              "batter": "HC Brook",
              "bowler": "Usman Qadir",
              "non_striker": "BM Duckett",
              "runs": {
                "batter": 6,
                "extras": 0,
                "total": 6
              }
            }
          ]
        },
        {
          "over": 11,
          "deliveries": [
            {
              "batter": "BM Duckett",
              "bowler": "Mohammad Nawaz",
              "non_striker": "HC Brook",
              "runs": {
                "batter": 1,
                "extras": 0,
                "total": 1
              }
            },
            {
              "batter": "HC Brook",
              "bowler": "Mohammad Nawaz",
              "non_striker": "BM Duckett",
              "runs": {
                "batter": 1,
                "extras": 0,
                "total": 1
              }
            },
            {
              "batter": "BM Duckett",
              "bowler": "Mohammad Nawaz",
              "non_striker": "HC Brook",
              "runs": {
                "batter": 4,
                "extras": 0,
                "total": 4
              }
            },
            {
              "batter": "BM Duckett",
              "bowler": "Mohammad Nawaz",
              "non_striker": "HC Brook",
              "runs": {
                "batter": 4,
                "extras": 0,
                "total": 4
              }
            },
            {
              "batter": "BM Duckett",
              "bowler": "Mohammad Nawaz",
              "non_striker": "HC Brook",
              "runs": {
                "batter": 1,
                "extras": 0,
                "total": 1
              }
            },
            {
              "batter": "HC Brook",
              "bowler": "Mohammad Nawaz",
              "non_striker": "BM Duckett",
              "runs": {
                "batter": 1,
                "extras": 0,
                "total": 1
              }
            }
          ]
        },
        {
          "over": 12,
          "deliveries": [
            {
              "batter": "HC Brook",
              "bowler": "Usman Qadir",
              "non_striker": "BM Duckett",
              "runs": {
                "batter": 1,
                "extras": 0,
                "total": 1
              }
            },
            {
              "batter": "BM Duckett",
              "bowler": "Usman Qadir",
              "non_striker": "HC Brook",
              "runs": {
                "batter": 4,
                "extras": 0,
                "total": 4
              }
            },
            {
              "batter": "BM Duckett",
              "bowler": "Usman Qadir",
              "non_striker": "HC Brook",
              "runs": {
                "batter": 1,
                "extras": 0,
                "total": 1
              }
            },
            {
              "batter": "HC Brook",
              "bowler": "Usman Qadir",
              "non_striker": "BM Duckett",
              "runs": {
                "batter": 1,
                "extras": 0,
                "total": 1
              }
            },
            {
              "batter": "BM Duckett",
              "bowler": "Usman Qadir",
              "non_striker": "HC Brook",
              "runs": {
                "batter": 1,
                "extras": 0,
                "total": 1
              }
            },
            {
              "batter": "HC Brook",
              "bowler": "Usman Qadir",
              "non_striker": "BM Duckett",
              "runs": {
                "batter": 4,
                "extras": 0,
                "total": 4
              }
            }
          ]
        },
        {
          "over": 13,
          "deliveries": [
            {
              "batter": "BM Duckett",
              "bowler": "Haris Rauf",
              "non_striker": "HC Brook",
              "runs": {
                "batter": 1,
                "extras": 0,
                "total": 1
              }
            },
            {
              "batter": "HC Brook",
              "bowler": "Haris Rauf",
              "non_striker": "BM Duckett",
              "runs": {
                "batter": 6,
                "extras": 0,
                "total": 6
              }
            },
            {
              "batter": "HC Brook",
              "bowler": "Haris Rauf",
              "non_striker": "BM Duckett",
              "runs": {
                "batter": 1,
                "extras": 0,
                "total": 1
              }
            },
            {
              "batter": "BM Duckett",
              "bowler": "Haris Rauf",
              "non_striker": "HC Brook",
              "runs": {
                "batter": 1,
                "extras": 0,
                "total": 1
              }
            },
            {
              "batter": "HC Brook",
              "bowler": "Haris Rauf",
              "non_striker": "BM Duckett",
              "runs": {
                "batter": 1,
                "extras": 0,
                "total": 1
              }
            },
            {
              "batter": "BM Duckett",
              "bowler": "Haris Rauf",
              "non_striker": "HC Brook",
              "runs": {
                "batter": 1,
                "extras": 0,
                "total": 1
              }
            }
          ]
        },
        {
          "over": 14,
          "deliveries": [
            {
              "batter": "BM Duckett",
              "bowler": "Mohammad Hasnain",
              "non_striker": "HC Brook",
              "runs": {
                "batter": 4,
                "extras": 0,
                "total": 4
              }
            },
            {
              "batter": "BM Duckett",
              "bowler": "Mohammad Hasnain",
              "non_striker": "HC Brook",
              "runs": {
                "batter": 1,
                "extras": 0,
                "total": 1
              }
            },
            {
              "batter": "HC Brook",
              "bowler": "Mohammad Hasnain",
              "non_striker": "BM Duckett",
              "runs": {
                "batter": 1,
                "extras": 0,
                "total": 1
              }
            },
            {
              "batter": "BM Duckett",
              "bowler": "Mohammad Hasnain",
              "non_striker": "HC Brook",
              "runs": {
                "batter": 1,
                "extras": 0,
                "total": 1
              }
            },
            {
              "batter": "HC Brook",
              "bowler": "Mohammad Hasnain",
              "extras": {
                "wides": 1
              },
              "non_striker": "BM Duckett",
              "runs": {
                "batter": 0,
                "extras": 1,
                "total": 1
              }
            },
            {
              "batter": "HC Brook",
              "bowler": "Mohammad Hasnain",
              "non_striker": "BM Duckett",
              "runs": {
                "batter": 4,
                "extras": 0,
                "total": 4
              }
            },
            {
              "batter": "HC Brook",
              "bowler": "Mohammad Hasnain",
              "non_striker": "BM Duckett",
              "runs": {
                "batter": 1,
                "extras": 0,
                "total": 1
              }
            }
          ]
        },
        {
          "over": 15,
          "deliveries": [
            {
              "batter": "HC Brook",
              "bowler": "Shahnawaz Dhani",
              "non_striker": "BM Duckett",
              "runs": {
                "batter": 2,
                "extras": 0,
                "total": 2
              }
            },
            {
              "batter": "HC Brook",
              "bowler": "Shahnawaz Dhani",
              "non_striker": "BM Duckett",
              "runs": {
                "batter": 0,
                "extras": 0,
                "total": 0
              }
            },
            {
              "batter": "HC Brook",
              "bowler": "Shahnawaz Dhani",
              "non_striker": "BM Duckett",
              "runs": {
                "batter": 4,
                "extras": 0,
                "total": 4
              }
            },
            {
              "batter": "HC Brook",
              "bowler": "Shahnawaz Dhani",
              "non_striker": "BM Duckett",
              "runs": {
                "batter": 0,
                "extras": 0,
                "total": 0
              }
            },
            {
              "batter": "HC Brook",
              "bowler": "Shahnawaz Dhani",
              "non_striker": "BM Duckett",
              "runs": {
                "batter": 6,
                "extras": 0,
                "total": 6
              }
            },
            {
              "batter": "HC Brook",
              "bowler": "Shahnawaz Dhani",
              "non_striker": "BM Duckett",
              "runs": {
                "batter": 4,
                "extras": 0,
                "total": 4
              }
            }
          ]
        },
        {
          "over": 16,
          "deliveries": [
            {
              "batter": "BM Duckett",
              "bowler": "Haris Rauf",
              "non_striker": "HC Brook",
              "runs": {
                "batter": 0,
                "extras": 0,
                "total": 0
              }
            },
            {
              "batter": "BM Duckett",
              "bowler": "Haris Rauf",
              "non_striker": "HC Brook",
              "runs": {
                "batter": 1,
                "extras": 0,
                "total": 1
              }
            },
            {
              "batter": "HC Brook",
              "bowler": "Haris Rauf",
              "extras": {
                "wides": 2
              },
              "non_striker": "BM Duckett",
              "runs": {
                "batter": 0,
                "extras": 2,
                "total": 2
              }
            },
            {
              "batter": "BM Duckett",
              "bowler": "Haris Rauf",
              "non_striker": "HC Brook",
              "runs": {
                "batter": 1,
                "extras": 0,
                "total": 1
              }
            },
            {
              "batter": "HC Brook",
              "bowler": "Haris Rauf",
              "non_striker": "BM Duckett",
              "runs": {
                "batter": 0,
                "extras": 0,
                "total": 0
              }
            },
            {
              "batter": "HC Brook",
              "bowler": "Haris Rauf",
              "non_striker": "BM Duckett",
              "runs": {
                "batter": 4,
                "extras": 0,
                "total": 4
              }
            },
            {
              "batter": "HC Brook",
              "bowler": "Haris Rauf",
              "non_striker": "BM Duckett",
              "runs": {
                "batter": 2,
                "extras": 0,
                "total": 2
              }
            }
          ]
        },
        {
          "over": 17,
          "deliveries": [
            {
              "batter": "BM Duckett",
              "bowler": "Mohammad Hasnain",
              "non_striker": "HC Brook",
              "runs": {
                "batter": 6,
                "extras": 0,
                "total": 6
              }
            },
            {
              "batter": "BM Duckett",
              "bowler": "Mohammad Hasnain",
              "non_striker": "HC Brook",
              "runs": {
                "batter": 2,
                "extras": 0,
                "total": 2
              }
            },
            {
              "batter": "BM Duckett",
              "bowler": "Mohammad Hasnain",
              "non_striker": "HC Brook",
              "runs": {
                "batter": 1,
                "extras": 0,
                "total": 1
              }
            },
            {
              "batter": "HC Brook",
              "bowler": "Mohammad Hasnain",
              "extras": {
                "legbyes": 1
              },
              "non_striker": "BM Duckett",
              "runs": {
                "batter": 0,
                "extras": 1,
                "total": 1
              }
            },
            {
              "batter": "BM Duckett",
              "bowler": "Mohammad Hasnain",
              "non_striker": "HC Brook",
              "runs": {
                "batter": 0,
                "extras": 0,
                "total": 0
              }
            },
            {
              "batter": "BM Duckett",
              "bowler": "Mohammad Hasnain",
              "non_striker": "HC Brook",
              "runs": {
                "batter": 4,
                "extras": 0,
                "total": 4
              }
            }
          ]
        },
        {
          "over": 18,
          "deliveries": [
            {
              "batter": "HC Brook",
              "bowler": "Shahnawaz Dhani",
              "non_striker": "BM Duckett",
              "runs": {
                "batter": 4,
                "extras": 0,
                "total": 4
              }
            },
            {
              "batter": "HC Brook",
              "bowler": "Shahnawaz Dhani",
              "extras": {
                "wides": 1
              },
              "non_striker": "BM Duckett",
              "runs": {
                "batter": 0,
                "extras": 1,
                "total": 1
              }
            },
            {
              "batter": "HC Brook",
              "bowler": "Shahnawaz Dhani",
              "non_striker": "BM Duckett",
              "runs": {
                "batter": 2,
                "extras": 0,
                "total": 2
              }
            },
            {
              "batter": "HC Brook",
              "bowler": "Shahnawaz Dhani",
              "non_striker": "BM Duckett",
              "runs": {
                "batter": 6,
                "extras": 0,
                "total": 6
              }
            },
            {
              "batter": "HC Brook",
              "bowler": "Shahnawaz Dhani",
              "non_striker": "BM Duckett",
              "runs": {
                "batter": 4,
                "extras": 0,
                "total": 4
              }
            },
            {
              "batter": "HC Brook",
              "bowler": "Shahnawaz Dhani",
              "non_striker": "BM Duckett",
              "runs": {
                "batter": 1,
                "extras": 0,
                "total": 1
              }
            },
            {
              "batter": "BM Duckett",
              "bowler": "Shahnawaz Dhani",
              "non_striker": "HC Brook",
              "runs": {
                "batter": 1,
                "extras": 0,
                "total": 1
              }
            }
          ]
        },
        {
          "over": 19,
          "deliveries": [
            {
              "batter": "BM Duckett",
              "bowler": "Haris Rauf",
              "non_striker": "HC Brook",
              "runs": {
                "batter": 0,
                "extras": 0,
                "total": 0
              }
            },
            {
              "batter": "BM Duckett",
              "bowler": "Haris Rauf",
              "non_striker": "HC Brook",
              "runs": {
                "batter": 1,
                "extras": 0,
                "total": 1
              }
            },
            {
              "batter": "HC Brook",
              "bowler": "Haris Rauf",
              "non_striker": "BM Duckett",
              "runs": {
                "batter": 4,
                "extras": 0,
                "total": 4
              }
            },
            {
              "batter": "HC Brook",
              "bowler": "Haris Rauf",
              "non_striker": "BM Duckett",
              "runs": {
                "batter": 1,
                "extras": 0,
                "total": 1
              }
            },
            {
              "batter": "BM Duckett",
              "bowler": "Haris Rauf",
              "non_striker": "HC Brook",
              "runs": {
                "batter": 2,
                "extras": 0,
                "total": 2
              }
            },
            {
              "batter": "BM Duckett",
              "bowler": "Haris Rauf",
              "non_striker": "HC Brook",
              "runs": {
                "batter": 2,
                "extras": 0,
                "total": 2
              }
            }
          ]
        }
      ],
      "powerplays": [
        {
          "from": 0.1,
          "to": 5.7,
          "type": "mandatory"
        }
      ]
    },
    {
      "team": "Pakistan",
      "overs": [
        {
          "over": 0,
          "deliveries": [
            {
              "batter": "Mohammad Rizwan",
              "bowler": "LA Dawson",
              "non_striker": "Babar Azam",
              "runs": {
                "batter": 0,
                "extras": 0,
                "total": 0
              }
            },
            {
              "batter": "Mohammad Rizwan",
              "bowler": "LA Dawson",
              "non_striker": "Babar Azam",
              "runs": {
                "batter": 1,
                "extras": 0,
                "total": 1
              }
            },
            {
              "batter": "Babar Azam",
              "bowler": "LA Dawson",
              "non_striker": "Mohammad Rizwan",
              "runs": {
                "batter": 1,
                "extras": 0,
                "total": 1
              }
            },
            {
              "batter": "Mohammad Rizwan",
              "bowler": "LA Dawson",
              "non_striker": "Babar Azam",
              "runs": {
                "batter": 4,
                "extras": 0,
                "total": 4
              }
            },
            {
              "batter": "Mohammad Rizwan",
              "bowler": "LA Dawson",
              "non_striker": "Babar Azam",
              "runs": {
                "batter": 0,
                "extras": 0,
                "total": 0
              }
            },
            {
              "batter": "Mohammad Rizwan",
              "bowler": "LA Dawson",
              "non_striker": "Babar Azam",
              "runs": {
                "batter": 1,
                "extras": 0,
                "total": 1
              }
            }
          ]
        },
        {
          "over": 1,
          "deliveries": [
            {
              "batter": "Mohammad Rizwan",
              "bowler": "RJW Topley",
              "non_striker": "Babar Azam",
              "runs": {
                "batter": 0,
                "extras": 0,
                "total": 0
              }
            },
            {
              "batter": "Mohammad Rizwan",
              "bowler": "RJW Topley",
              "non_striker": "Babar Azam",
              "runs": {
                "batter": 0,
                "extras": 0,
                "total": 0
              }
            },
            {
              "batter": "Mohammad Rizwan",
              "bowler": "RJW Topley",
              "non_striker": "Babar Azam",
              "runs": {
                "batter": 1,
                "extras": 0,
                "total": 1
              }
            },
            {
              "batter": "Babar Azam",
              "bowler": "RJW Topley",
              "non_striker": "Mohammad Rizwan",
              "runs": {
                "batter": 2,
                "extras": 0,
                "total": 2
              }
            },
            {
              "batter": "Babar Azam",
              "bowler": "RJW Topley",
              "non_striker": "Mohammad Rizwan",
              "runs": {
                "batter": 1,
                "extras": 0,
                "total": 1
              }
            },
            {
              "batter": "Mohammad Rizwan",
              "bowler": "RJW Topley",
              "extras": {
                "legbyes": 1
              },
              "non_striker": "Babar Azam",
              "runs": {
                "batter": 0,
                "extras": 1,
                "total": 1
              }
            }
          ]
        },
        {
          "over": 2,
          "deliveries": [
            {
              "batter": "Mohammad Rizwan",
              "bowler": "MA Wood",
              "extras": {
                "legbyes": 1
              },
              "non_striker": "Babar Azam",
              "runs": {
                "batter": 0,
                "extras": 1,
                "total": 1
              }
            },
            {
              "batter": "Babar Azam",
              "bowler": "MA Wood",
              "non_striker": "Mohammad Rizwan",
              "runs": {
                "batter": 4,
                "extras": 0,
                "total": 4
              }
            },
            {
              "batter": "Babar Azam",
              "bowler": "MA Wood",
              "non_striker": "Mohammad Rizwan",
              "runs": {
                "batter": 0,
                "extras": 0,
                "total": 0
              }
            },
            {
              "batter": "Babar Azam",
              "bowler": "MA Wood",
              "non_striker": "Mohammad Rizwan",
              "runs": {
                "batter": 0,
                "extras": 0,
                "total": 0
              },
              "wickets": [
                {
                  "player_out": "Babar Azam",
                  "fielders": [
                    {
                      "name": "RJW Topley"
                    }
                  ],
                  "kind": "caught"
                }
              ]
            },
            {
              "batter": "Haider Ali",
              "bowler": "MA Wood",
              "non_striker": "Mohammad Rizwan",
              "runs": {
                "batter": 0,
                "extras": 0,
                "total": 0
              }
            },
            {
              "batter": "Haider Ali",
              "bowler": "MA Wood",
              "non_striker": "Mohammad Rizwan",
              "runs": {
                "batter": 1,
                "extras": 0,
                "total": 1
              }
            }
          ]
        },
        {
          "over": 3,
          "deliveries": [
            {
              "batter": "Haider Ali",
              "bowler": "RJW Topley",
              "non_striker": "Mohammad Rizwan",
              "runs": {
                "batter": 1,
                "extras": 0,
                "total": 1
              }
            },
            {
              "batter": "Mohammad Rizwan",
              "bowler": "RJW Topley",
              "non_striker": "Haider Ali",
              "runs": {
                "batter": 1,
                "extras": 0,
                "total": 1
              }
            },
            {
              "batter": "Haider Ali",
              "bowler": "RJW Topley",
              "non_striker": "Mohammad Rizwan",
              "runs": {
                "batter": 1,
                "extras": 0,
                "total": 1
              }
            },
            {
              "batter": "Mohammad Rizwan",
              "bowler": "RJW Topley",
              "non_striker": "Haider Ali",
              "runs": {
                "batter": 0,
                "extras": 0,
                "total": 0
              }
            },
            {
              "batter": "Mohammad Rizwan",
              "bowler": "RJW Topley",
              "non_striker": "Haider Ali",
              "runs": {
                "batter": 0,
                "extras": 0,
                "total": 0
              }
            },
            {
              "batter": "Mohammad Rizwan",
              "bowler": "RJW Topley",
              "non_striker": "Haider Ali",
              "runs": {
                "batter": 0,
                "extras": 0,
                "total": 0
              },
              "wickets": [
                {
                  "player_out": "Mohammad Rizwan",
                  "kind": "bowled"
                }
              ]
            }
          ]
        },
        {
          "over": 4,
          "deliveries": [
            {
              "batter": "Haider Ali",
              "bowler": "MA Wood",
              "non_striker": "Shan Masood",
              "runs": {
                "batter": 0,
                "extras": 0,
                "total": 0
              },
              "wickets": [
                {
                  "player_out": "Haider Ali",
                  "fielders": [
                    {
                      "name": "AU Rashid"
                    }
                  ],
                  "kind": "caught"
                }
              ]
            },
            {
              "batter": "Iftikhar Ahmed",
              "bowler": "MA Wood",
              "non_striker": "Shan Masood",
              "runs": {
                "batter": 0,
                "extras": 0,
                "total": 0
              }
            },
            {
              "batter": "Iftikhar Ahmed",
              "bowler": "MA Wood",
              "non_striker": "Shan Masood",
              "runs": {
                "batter": 0,
                "extras": 0,
                "total": 0
              }
            },
            {
              "batter": "Iftikhar Ahmed",
              "bowler": "MA Wood",
              "non_striker": "Shan Masood",
              "runs": {
                "batter": 1,
                "extras": 0,
                "total": 1
              }
            },
            {
              "batter": "Shan Masood",
              "bowler": "MA Wood",
              "non_striker": "Iftikhar Ahmed",
              "runs": {
                "batter": 1,
                "extras": 0,
                "total": 1
              }
            },
            {
              "batter": "Iftikhar Ahmed",
              "bowler": "MA Wood",
              "non_striker": "Shan Masood",
              "runs": {
                "batter": 1,
                "extras": 0,
                "total": 1
              }
            }
          ]
        },
        {
          "over": 5,
          "deliveries": [
            {
              "batter": "Iftikhar Ahmed",
              "bowler": "SM Curran",
              "non_striker": "Shan Masood",
              "runs": {
                "batter": 0,
                "extras": 0,
                "total": 0
              }
            },
            {
              "batter": "Iftikhar Ahmed",
              "bowler": "SM Curran",
              "non_striker": "Shan Masood",
              "runs": {
                "batter": 4,
                "extras": 0,
                "total": 4
              }
            },
            {
              "batter": "Iftikhar Ahmed",
              "bowler": "SM Curran",
              "non_striker": "Shan Masood",
              "runs": {
                "batter": 0,
                "extras": 0,
                "total": 0
              },
              "wickets": [
                {
                  "player_out": "Iftikhar Ahmed",
                  "fielders": [
                    {
                      "name": "RJW Topley"
                    }
                  ],
                  "kind": "caught"
                }
              ]
            },
            {
              "batter": "Khushdil Shah",
              "bowler": "SM Curran",
              "non_striker": "Shan Masood",
              "runs": {
                "batter": 0,
                "extras": 0,
                "total": 0
              }
            },
            {
              "batter": "Khushdil Shah",
              "bowler": "SM Curran",
              "non_striker": "Shan Masood",
              "runs": {
                "batter": 0,
                "extras": 0,
                "total": 0
              }
            },
            {
              "batter": "Khushdil Shah",
              "bowler": "SM Curran",
              "non_striker": "Shan Masood",
              "runs": {
                "batter": 1,
                "extras": 0,
                "total": 1
              }
            }
          ]
        },
        {
          "over": 6,
          "deliveries": [
            {
              "batter": "Khushdil Shah",
              "bowler": "AU Rashid",
              "non_striker": "Shan Masood",
              "runs": {
                "batter": 0,
                "extras": 0,
                "total": 0
              }
            },
            {
              "batter": "Khushdil Shah",
              "bowler": "AU Rashid",
              "non_striker": "Shan Masood",
              "runs": {
                "batter": 1,
                "extras": 0,
                "total": 1
              }
            },
            {
              "batter": "Shan Masood",
              "bowler": "AU Rashid",
              "non_striker": "Khushdil Shah",
              "runs": {
                "batter": 0,
                "extras": 0,
                "total": 0
              }
            },
            {
              "batter": "Shan Masood",
              "bowler": "AU Rashid",
              "non_striker": "Khushdil Shah",
              "runs": {
                "batter": 0,
                "extras": 0,
                "total": 0
              }
            },
            {
              "batter": "Shan Masood",
              "bowler": "AU Rashid",
              "non_striker": "Khushdil Shah",
              "runs": {
                "batter": 1,
                "extras": 0,
                "total": 1
              }
            },
            {
              "batter": "Khushdil Shah",
              "bowler": "AU Rashid",
              "non_striker": "Shan Masood",
              "runs": {
                "batter": 4,
                "extras": 0,
                "total": 4
              }
            }
          ]
        },
        {
          "over": 7,
          "deliveries": [
            {
              "batter": "Shan Masood",
              "bowler": "MM Ali",
              "non_striker": "Khushdil Shah",
              "runs": {
                "batter": 1,
                "extras": 0,
                "total": 1
              }
            },
            {
              "batter": "Khushdil Shah",
              "bowler": "MM Ali",
              "non_striker": "Shan Masood",
              "runs": {
                "batter": 0,
                "extras": 0,
                "total": 0
              }
            },
            {
              "batter": "Khushdil Shah",
              "bowler": "MM Ali",
              "non_striker": "Shan Masood",
              "runs": {
                "batter": 1,
                "extras": 0,
                "total": 1
              }
            },
            {
              "batter": "Shan Masood",
              "bowler": "MM Ali",
              "non_striker": "Khushdil Shah",
              "runs": {
                "batter": 1,
                "extras": 0,
                "total": 1
              }
            },
            {
              "batter": "Khushdil Shah",
              "bowler": "MM Ali",
              "non_striker": "Shan Masood",
              "runs": {
                "batter": 6,
                "extras": 0,
                "total": 6
              }
            },
            {
              "batter": "Khushdil Shah",
              "bowler": "MM Ali",
              "non_striker": "Shan Masood",
              "runs": {
                "batter": 2,
                "extras": 0,
                "total": 2
              }
            }
          ]
        },
        {
          "over": 8,
          "deliveries": [
            {
              "batter": "Shan Masood",
              "bowler": "AU Rashid",
              "non_striker": "Khushdil Shah",
              "runs": {
                "batter": 2,
                "extras": 0,
                "total": 2
              }
            },
            {
              "batter": "Shan Masood",
              "bowler": "AU Rashid",
              "non_striker": "Khushdil Shah",
              "runs": {
                "batter": 4,
                "extras": 0,
                "total": 4
              }
            },
            {
              "batter": "Shan Masood",
              "bowler": "AU Rashid",
              "non_striker": "Khushdil Shah",
              "runs": {
                "batter": 6,
                "extras": 0,
                "total": 6
              }
            },
            {
              "batter": "Shan Masood",
              "bowler": "AU Rashid",
              "non_striker": "Khushdil Shah",
              "runs": {
                "batter": 1,
                "extras": 0,
                "total": 1
              }
            },
            {
              "batter": "Khushdil Shah",
              "bowler": "AU Rashid",
              "non_striker": "Shan Masood",
              "runs": {
                "batter": 0,
                "extras": 0,
                "total": 0
              }
            },
            {
              "batter": "Khushdil Shah",
              "bowler": "AU Rashid",
              "non_striker": "Shan Masood",
              "runs": {
                "batter": 1,
                "extras": 0,
                "total": 1
              }
            }
          ]
        },
        {
          "over": 9,
          "deliveries": [
            {
              "batter": "Khushdil Shah",
              "bowler": "SM Curran",
              "non_striker": "Shan Masood",
              "runs": {
                "batter": 1,
                "extras": 0,
                "total": 1
              }
            },
            {
              "batter": "Shan Masood",
              "bowler": "SM Curran",
              "non_striker": "Khushdil Shah",
              "runs": {
                "batter": 2,
                "extras": 0,
                "total": 2
              }
            },
            {
              "batter": "Shan Masood",
              "bowler": "SM Curran",
              "non_striker": "Khushdil Shah",
              "runs": {
                "batter": 1,
                "extras": 0,
                "total": 1
              }
            },
            {
              "batter": "Khushdil Shah",
              "bowler": "SM Curran",
              "non_striker": "Shan Masood",
              "runs": {
                "batter": 6,
                "extras": 0,
                "total": 6
              }
            },
            {
              "batter": "Khushdil Shah",
              "bowler": "SM Curran",
              "non_striker": "Shan Masood",
              "runs": {
                "batter": 1,
                "extras": 0,
                "total": 1
              }
            },
            {
              "batter": "Shan Masood",
              "bowler": "SM Curran",
              "non_striker": "Khushdil Shah",
              "runs": {
                "batter": 4,
                "extras": 0,
                "total": 4
              }
            }
          ]
        },
        {
          "over": 10,
          "deliveries": [
            {
              "batter": "Khushdil Shah",
              "bowler": "MM Ali",
              "non_striker": "Shan Masood",
              "runs": {
                "batter": 1,
                "extras": 0,
                "total": 1
              }
            },
            {
              "batter": "Shan Masood",
              "bowler": "MM Ali",
              "non_striker": "Khushdil Shah",
              "runs": {
                "batter": 1,
                "extras": 0,
                "total": 1
              }
            },
            {
              "batter": "Khushdil Shah",
              "bowler": "MM Ali",
              "non_striker": "Shan Masood",
              "runs": {
                "batter": 1,
                "extras": 0,
                "total": 1
              }
            },
            {
              "batter": "Shan Masood",
              "bowler": "MM Ali",
              "extras": {
                "legbyes": 1
              },
              "non_striker": "Khushdil Shah",
              "runs": {
                "batter": 0,
                "extras": 1,
                "total": 1
              }
            },
            {
              "batter": "Khushdil Shah",
              "bowler": "MM Ali",
              "non_striker": "Shan Masood",
              "runs": {
                "batter": 1,
                "extras": 0,
                "total": 1
              }
            },
            {
              "batter": "Shan Masood",
              "bowler": "MM Ali",
              "non_striker": "Khushdil Shah",
              "runs": {
                "batter": 6,
                "extras": 0,
                "total": 6
              }
            }
          ]
        },
        {
          "over": 11,
          "deliveries": [
            {
              "batter": "Khushdil Shah",
              "bowler": "AU Rashid",
              "non_striker": "Shan Masood",
              "runs": {
                "batter": 1,
                "extras": 0,
                "total": 1
              }
            },
            {
              "batter": "Shan Masood",
              "bowler": "AU Rashid",
              "non_striker": "Khushdil Shah",
              "runs": {
                "batter": 1,
                "extras": 0,
                "total": 1
              }
            },
            {
              "batter": "Khushdil Shah",
              "bowler": "AU Rashid",
              "non_striker": "Shan Masood",
              "runs": {
                "batter": 1,
                "extras": 0,
                "total": 1
              }
            },
            {
              "batter": "Shan Masood",
              "bowler": "AU Rashid",
              "extras": {
                "legbyes": 1
              },
              "non_striker": "Khushdil Shah",
              "runs": {
                "batter": 0,
                "extras": 1,
                "total": 1
              }
            },
            {
              "batter": "Khushdil Shah",
              "bowler": "AU Rashid",
              "non_striker": "Shan Masood",
              "runs": {
                "batter": 0,
                "extras": 0,
                "total": 0
              },
              "wickets": [
                {
                  "player_out": "Khushdil Shah",
                  "fielders": [
                    {
                      "name": "HC Brook"
                    }
                  ],
                  "kind": "caught"
                }
              ]
            },
            {
              "batter": "Shan Masood",
              "bowler": "AU Rashid",
              "non_striker": "Mohammad Nawaz",
              "runs": {
                "batter": 1,
                "extras": 0,
                "total": 1
              }
            }
          ]
        },
        {
          "over": 12,
          "deliveries": [
            {
              "batter": "Shan Masood",
              "bowler": "MM Ali",
              "non_striker": "Mohammad Nawaz",
              "runs": {
                "batter": 4,
                "extras": 0,
                "total": 4
              }
            },
            {
              "batter": "Shan Masood",
              "bowler": "MM Ali",
              "non_striker": "Mohammad Nawaz",
              "runs": {
                "batter": 1,
                "extras": 0,
                "total": 1
              }
            },
            {
              "batter": "Mohammad Nawaz",
              "bowler": "MM Ali",
              "non_striker": "Shan Masood",
              "runs": {
                "batter": 0,
                "extras": 0,
                "total": 0
              }
            },
            {
              "batter": "Mohammad Nawaz",
              "bowler": "MM Ali",
              "non_striker": "Shan Masood",
              "runs": {
                "batter": 1,
                "extras": 0,
                "total": 1
              }
            },
            {
              "batter": "Shan Masood",
              "bowler": "MM Ali",
              "extras": {
                "noballs": 1
              },
              "non_striker": "Mohammad Nawaz",
              "runs": {
                "batter": 1,
                "extras": 1,
                "total": 2
              }
            },
            {
              "batter": "Mohammad Nawaz",
              "bowler": "MM Ali",
              "non_striker": "Shan Masood",
              "runs": {
                "batter": 0,
                "extras": 0,
                "total": 0
              }
            },
            {
              "batter": "Mohammad Nawaz",
              "bowler": "MM Ali",
              "non_striker": "Shan Masood",
              "runs": {
                "batter": 1,
                "extras": 0,
                "total": 1
              }
            }
          ]
        },
        {
          "over": 13,
          "deliveries": [
            {
              "batter": "Mohammad Nawaz",
              "bowler": "SM Curran",
              "non_striker": "Shan Masood",
              "runs": {
                "batter": 0,
                "extras": 0,
                "total": 0
              }
            },
            {
              "batter": "Mohammad Nawaz",
              "bowler": "SM Curran",
              "non_striker": "Shan Masood",
              "runs": {
                "batter": 1,
                "extras": 0,
                "total": 1
              }
            },
            {
              "batter": "Shan Masood",
              "bowler": "SM Curran",
              "non_striker": "Mohammad Nawaz",
              "runs": {
                "batter": 1,
                "extras": 0,
                "total": 1
              }
            },
            {
              "batter": "Mohammad Nawaz",
              "bowler": "SM Curran",
              "non_striker": "Shan Masood",
              "runs": {
                "batter": 1,
                "extras": 0,
                "total": 1
              }
            },
            {
              "batter": "Shan Masood",
              "bowler": "SM Curran",
              "non_striker": "Mohammad Nawaz",
              "runs": {
                "batter": 1,
                "extras": 0,
                "total": 1
              }
            },
            {
              "batter": "Mohammad Nawaz",
              "bowler": "SM Curran",
              "non_striker": "Shan Masood",
              "runs": {
                "batter": 1,
                "extras": 0,
                "total": 1
              }
            }
          ]
        },
        {
          "over": 14,
          "deliveries": [
            {
              "batter": "Mohammad Nawaz",
              "bowler": "MA Wood",
              "non_striker": "Shan Masood",
              "runs": {
                "batter": 0,
                "extras": 0,
                "total": 0
              }
            },
            {
              "batter": "Mohammad Nawaz",
              "bowler": "MA Wood",
              "non_striker": "Shan Masood",
              "runs": {
                "batter": 2,
                "extras": 0,
                "total": 2
              }
            },
            {
              "batter": "Mohammad Nawaz",
              "bowler": "MA Wood",
              "non_striker": "Shan Masood",
              "runs": {
                "batter": 4,
                "extras": 0,
                "total": 4
              }
            },
            {
              "batter": "Mohammad Nawaz",
              "bowler": "MA Wood",
              "non_striker": "Shan Masood",
              "runs": {
                "batter": 0,
                "extras": 0,
                "total": 0
              }
            },
            {
              "batter": "Mohammad Nawaz",
              "bowler": "MA Wood",
              "non_striker": "Shan Masood",
              "runs": {
                "batter": 0,
                "extras": 0,
                "total": 0
              }
            },
            {
              "batter": "Mohammad Nawaz",
              "bowler": "MA Wood",
              "non_striker": "Shan Masood",
              "runs": {
                "batter": 4,
                "extras": 0,
                "total": 4
              }
            }
          ]
        },
        {
          "over": 15,
          "deliveries": [
            {
              "batter": "Shan Masood",
              "bowler": "SM Curran",
              "extras": {
                "wides": 1
              },
              "non_striker": "Mohammad Nawaz",
              "runs": {
                "batter": 0,
                "extras": 1,
                "total": 1
              }
            },
            {
              "batter": "Shan Masood",
              "bowler": "SM Curran",
              "non_striker": "Mohammad Nawaz",
              "runs": {
                "batter": 0,
                "extras": 0,
                "total": 0
              }
            },
            {
              "batter": "Shan Masood",
              "bowler": "SM Curran",
              "non_striker": "Mohammad Nawaz",
              "runs": {
                "batter": 2,
                "extras": 0,
                "total": 2
              }
            },
            {
              "batter": "Shan Masood",
              "bowler": "SM Curran",
              "extras": {
                "wides": 1
              },
              "non_striker": "Mohammad Nawaz",
              "runs": {
                "batter": 0,
                "extras": 1,
                "total": 1
              }
            },
            {
              "batter": "Shan Masood",
              "bowler": "SM Curran",
              "non_striker": "Mohammad Nawaz",
              "runs": {
                "batter": 1,
                "extras": 0,
                "total": 1
              }
            },
            {
              "batter": "Mohammad Nawaz",
              "bowler": "SM Curran",
              "non_striker": "Shan Masood",
              "runs": {
                "batter": 1,
                "extras": 0,
                "total": 1
              }
            },
            {
              "batter": "Shan Masood",
              "bowler": "SM Curran",
              "non_striker": "Mohammad Nawaz",
              "runs": {
                "batter": 6,
                "extras": 0,
                "total": 6
              }
            },
            {
              "batter": "Shan Masood",
              "bowler": "SM Curran",
              "non_striker": "Mohammad Nawaz",
              "runs": {
                "batter": 0,
                "extras": 0,
                "total": 0
              }
            }
          ]
        },
        {
          "over": 16,
          "deliveries": [
            {
              "batter": "Mohammad Nawaz",
              "bowler": "RJW Topley",
              "non_striker": "Shan Masood",
              "runs": {
                "batter": 1,
                "extras": 0,
                "total": 1
              }
            },
            {
              "batter": "Shan Masood",
              "bowler": "RJW Topley",
              "non_striker": "Mohammad Nawaz",
              "runs": {
                "batter": 2,
                "extras": 0,
                "total": 2
              }
            },
            {
              "batter": "Shan Masood",
              "bowler": "RJW Topley",
              "non_striker": "Mohammad Nawaz",
              "runs": {
                "batter": 1,
                "extras": 0,
                "total": 1
              }
            },
            {
              "batter": "Mohammad Nawaz",
              "bowler": "RJW Topley",
              "non_striker": "Shan Masood",
              "runs": {
                "batter": 0,
                "extras": 0,
                "total": 0
              }
            },
            {
              "batter": "Mohammad Nawaz",
              "bowler": "RJW Topley",
              "non_striker": "Shan Masood",
              "runs": {
                "batter": 1,
                "extras": 0,
                "total": 1
              }
            },
            {
              "batter": "Shan Masood",
              "bowler": "RJW Topley",
              "non_striker": "Mohammad Nawaz",
              "runs": {
                "batter": 1,
                "extras": 0,
                "total": 1
              }
            }
          ]
        },
        {
          "over": 17,
          "deliveries": [
            {
              "batter": "Shan Masood",
              "bowler": "AU Rashid",
              "non_striker": "Mohammad Nawaz",
              "review": {
                "by": "England",
                "umpire": "Aleem Dar",
                "batter": "Shan Masood",
                "decision": "struck down"
              },
              "runs": {
                "batter": 1,
                "extras": 0,
                "total": 1
              }
            },
            {
              "batter": "Mohammad Nawaz",
              "bowler": "AU Rashid",
              "non_striker": "Shan Masood",
              "runs": {
                "batter": 1,
                "extras": 0,
                "total": 1
              }
            },
            {
              "batter": "Shan Masood",
              "bowler": "AU Rashid",
              "non_striker": "Mohammad Nawaz",
              "runs": {
                "batter": 6,
                "extras": 0,
                "total": 6
              }
            },
            {
              "batter": "Shan Masood",
              "bowler": "AU Rashid",
              "extras": {
                "legbyes": 1
              },
              "non_striker": "Mohammad Nawaz",
              "runs": {
                "batter": 0,
                "extras": 1,
                "total": 1
              }
            },
            {
              "batter": "Mohammad Nawaz",
              "bowler": "AU Rashid",
              "non_striker": "Shan Masood",
              "runs": {
                "batter": 0,
                "extras": 0,
                "total": 0
              }
            },
            {
              "batter": "Mohammad Nawaz",
              "bowler": "AU Rashid",
              "non_striker": "Shan Masood",
              "runs": {
                "batter": 0,
                "extras": 0,
                "total": 0
              },
              "wickets": [
                {
                  "player_out": "Mohammad Nawaz",
                  "fielders": [
                    {
                      "name": "HC Brook"
                    }
                  ],
                  "kind": "caught"
                }
              ]
            }
          ]
        },
        {
          "over": 18,
          "deliveries": [
            {
              "batter": "Shan Masood",
              "bowler": "MA Wood",
              "non_striker": "Usman Qadir",
              "runs": {
                "batter": 1,
                "extras": 0,
                "total": 1
              }
            },
            {
              "batter": "Usman Qadir",
              "bowler": "MA Wood",
              "non_striker": "Shan Masood",
              "runs": {
                "batter": 0,
                "extras": 0,
                "total": 0
              },
              "wickets": [
                {
                  "player_out": "Usman Qadir",
                  "fielders": [
                    {
                      "name": "MM Ali"
                    }
                  ],
                  "kind": "run out"
                }
              ]
            },
            {
              "batter": "Shan Masood",
              "bowler": "MA Wood",
              "extras": {
                "wides": 1
              },
              "non_striker": "Haris Rauf",
              "runs": {
                "batter": 0,
                "extras": 1,
                "total": 1
              }
            },
            {
              "batter": "Shan Masood",
              "bowler": "MA Wood",
              "extras": {
                "legbyes": 1
              },
              "non_striker": "Haris Rauf",
              "runs": {
                "batter": 0,
                "extras": 1,
                "total": 1
              }
            },
            {
              "batter": "Haris Rauf",
              "bowler": "MA Wood",
              "non_striker": "Shan Masood",
              "runs": {
                "batter": 4,
                "extras": 0,
                "total": 4
              }
            },
            {
              "batter": "Haris Rauf",
              "bowler": "MA Wood",
              "non_striker": "Shan Masood",
              "runs": {
                "batter": 0,
                "extras": 0,
                "total": 0
              },
              "wickets": [
                {
                  "player_out": "Haris Rauf",
                  "fielders": [
                    {
                      "name": "SM Curran"
                    }
                  ],
                  "kind": "caught"
                }
              ]
            },
            {
              "batter": "Mohammad Hasnain",
              "bowler": "MA Wood",
              "non_striker": "Shan Masood",
              "runs": {
                "batter": 0,
                "extras": 0,
                "total": 0
              }
            }
          ]
        },
        {
          "over": 19,
          "deliveries": [
            {
              "batter": "Shan Masood",
              "bowler": "RJW Topley",
              "non_striker": "Mohammad Hasnain",
              "runs": {
                "batter": 1,
                "extras": 0,
                "total": 1
              }
            },
            {
              "batter": "Mohammad Hasnain",
              "bowler": "RJW Topley",
              "non_striker": "Shan Masood",
              "runs": {
                "batter": 1,
                "extras": 0,
                "total": 1
              }
            },
            {
              "batter": "Shan Masood",
              "bowler": "RJW Topley",
              "non_striker": "Mohammad Hasnain",
              "runs": {
                "batter": 1,
                "extras": 0,
                "total": 1
              }
            },
            {
              "batter": "Mohammad Hasnain",
              "bowler": "RJW Topley",
              "non_striker": "Shan Masood",
              "runs": {
                "batter": 1,
                "extras": 0,
                "total": 1
              }
            },
            {
              "batter": "Shan Masood",
              "bowler": "RJW Topley",
              "non_striker": "Mohammad Hasnain",
              "runs": {
                "batter": 1,
                "extras": 0,
                "total": 1
              }
            },
            {
              "batter": "Mohammad Hasnain",
              "bowler": "RJW Topley",
              "non_striker": "Shan Masood",
              "runs": {
                "batter": 4,
                "extras": 0,
                "total": 4
              }
            }
          ]
        }
      ],
      "powerplays": [
        {
          "from": 0.1,
          "to": 5.6,
          "type": "mandatory"
        }
      ],
      "target": {
        "overs": 20,
        "runs": 222
      }
    }
  ]
}