{
  "meta": {
    "data_version": "1.1.0",
    "created": "2022-09-15",
    "revision": 1
  },
  "info": {
    "balls_per_over": 6,
    "city": "Benoni",
    "dates": [
      "2022-09-15"
    ],
    "event": {
      "name": "Africa Cricket Association Cup",
      "match_number": 1,
      "group": "A"
    },
    "gender": "male",
    "match_type": "T20",
    "match_type_number": 1776,
    "missing": [
      "player_of_match",
      "umpires"
    ],
    "outcome": {
      "winner": "Uganda",
      "by": {
        "wickets": 7
      }
    },
    "overs": 20,
    "players": {
      "Botswana": [
        "R Nehonde",
        "S Kollery",
        "K Motlanka",
        "V Balakrishnan",
        "Z Abbasi",
        "V Mbazo",
        "I Master",
        "B Maphosa",
        "P Silas",
        "M Mooketsi",
        "D Maisuria"
      ],
      "Uganda": [
        "S Sesazi",
        "B Masaba",
        "K Waiswa",
        "Riazat Ali Shah",
        "AR Ramjani",
        "D Muhumuza",
        "F Achelam",
        "P Murungi",
        "J Miyaji",
        "F Nsubuga",
        "C Kyewuta"
      ]
    },
    "registry": {
      "people": {
        "AR Ramjani": "30d8136b",
        "B Maphosa": "20d948ae",
        "B Masaba": "f33cfd25",
        "C Kyewuta": "395695ce",
        "D Maisuria": "a96b36af",
        "D Muhumuza": "7636b587",
        "F Achelam": "b6b3ee6e",
        "F Nsubuga": "87e33d07",
        "I Master": "90ddee48",
        "J Miyaji": "414d8a10",
        "K Motlanka": "21549344",
        "K Waiswa": "a3a275ec",
        "M Mooketsi": "008a024c",
        "P Murungi": "fbdc5ab1",
        "P Silas": "9f2e1944",
        "R Nehonde": "4393e047",
        "Riazat Ali Shah": "269cc4ff",
        "S Kollery": "d1d8b6a2",
        "S Sesazi": "c2c975f9",
        "V Balakrishnan": "0c1da0c4",
        "V Mbazo": "a2317d14",
        "Z Abbasi": "5d9ebb3c"
      }
    },
    "season": "2022",
    "team_type": "international",
    "teams": [
      "Botswana",
      "Uganda"
    ],
    "toss": {
      "decision": "field",
      "winner": "Uganda"
    },
    "venue": "Willowmoore Park, Benoni"
  },
  "innings": [
    {
      "team": "Botswana",
      "overs": [
        {
          "over": 0,
          "deliveries": [
            {
              "batter": "R Nehonde",
              "bowler": "C Kyewuta",
              "non_striker": "S Kollery",
              "runs": {
                "batter": 4,
                "extras": 0,
                "total": 4
              }
            },
            {
              "batter": "R Nehonde",
              "bowler": "C Kyewuta",
              "non_striker": "S Kollery",
              "runs": {
                "batter": 0,
                "extras": 0,
                "total": 0
              }
            },
            {
              "batter": "R Nehonde",
              "bowler": "C Kyewuta",
              "non_striker": "S Kollery",
              "runs": {
                "batter": 0,
                "extras": 0,
                "total": 0
              }
            },
            {
              "batter": "R Nehonde",
              "bowler": "C Kyewuta",
              "non_striker": "S Kollery",
              "runs": {
                "batter": 0,
                "extras": 0,
                "total": 0
              }
            },
            {
              "batter": "R Nehonde",
              "bowler": "C Kyewuta",
              "non_striker": "S Kollery",
              "runs": {
                "batter": 0,
                "extras": 0,
                "total": 0
              }
            },
            {
              "batter": "R Nehonde",
              "bowler": "C Kyewuta",
              "non_striker": "S Kollery",
              "runs": {
                "batter": 1,
                "extras": 0,
                "total": 1
              }
            }
          ]
        },
        {
          "over": 1,
          "deliveries": [
            {
              "batter": "R Nehonde",
              "bowler": "J Miyaji",
              "non_striker": "S Kollery",
              "runs": {
                "batter": 1,
                "extras": 0,
                "total": 1
              }
            },
            {
              "batter": "S Kollery",
              "bowler": "J Miyaji",
              "non_striker": "R Nehonde",
              "runs": {
                "batter": 0,
                "extras": 0,
                "total": 0
              }
            },
            {
              "batter": "S Kollery",
              "bowler": "J Miyaji",
              "non_striker": "R Nehonde",
              "runs": {
                "batter": 0,
                "extras": 0,
                "total": 0
              }
            },
            {
              "batter": "S Kollery",
              "bowler": "J Miyaji",
              "extras": {
                "legbyes": 1
              },
              "non_striker": "R Nehonde",
              "runs": {
                "batter": 0,
                "extras": 1,
                "total": 1
              }
            },
            {
              "batter": "R Nehonde",
              "bowler": "J Miyaji",
              "extras": {
                "wides": 1
              },
              "non_striker": "S Kollery",
              "runs": {
                "batter": 0,
                "extras": 1,
                "total": 1
              }
            },
            {
              "batter": "R Nehonde",
              "bowler": "J Miyaji",
              "non_striker": "S Kollery",
              "runs": {
                "batter": 0,
                "extras": 0,
                "total": 0
              },
              "wickets": [
                {
                  "player_out": "R Nehonde",
                  "fielders": [
                    {
                      "name": "F Nsubuga"
                    }
                  ],
                  "kind": "caught"
                }
              ]
            },
            {
              "batter": "S Kollery",
              "bowler": "J Miyaji",
              "non_striker": "K Motlanka",
              "runs": {
                "batter": 1,
                "extras": 0,
                "total": 1
              }
            }
          ]
        },
        {
          "over": 2,
          "deliveries": [
            {
              "batter": "S Kollery",
              "bowler": "C Kyewuta",
              "non_striker": "K Motlanka",
              "runs": {
                "batter": 0,
                "extras": 0,
                "total": 0
              }
            },
            {
              "batter": "S Kollery",
              "bowler": "C Kyewuta",
              "non_striker": "K Motlanka",
              "runs": {
                "batter": 0,
                "extras": 0,
                "total": 0
              }
            },
            {
              "batter": "S Kollery",
              "bowler": "C Kyewuta",
              "non_striker": "K Motlanka",
              "runs": {
                "batter": 0,
                "extras": 0,
                "total": 0
              }
            },
            {
              "batter": "S Kollery",
              "bowler": "C Kyewuta",
              "non_striker": "K Motlanka",
              "runs": {
                "batter": 0,
                "extras": 0,
                "total": 0
              }
            },
            {
              "batter": "S Kollery",
              "bowler": "C Kyewuta",
              "non_striker": "K Motlanka",
              "runs": {
                "batter": 0,
                "extras": 0,
                "total": 0
              }
            },
            {
              "batter": "S Kollery",
              "bowler": "C Kyewuta",
              "non_striker": "K Motlanka",
              "runs": {
                "batter": 0,
                "extras": 0,
                "total": 0
              }
            }
          ]
        },
        {
          "over": 3,
          "deliveries": [
            {
              "batter": "K Motlanka",
              "bowler": "J Miyaji",
              "non_striker": "S Kollery",
              "runs": {
                "batter": 0,
                "extras": 0,
                "total": 0
              }
            },
            {
              "batter": "K Motlanka",
              "bowler": "J Miyaji",
              "non_striker": "S Kollery",
              "runs": {
                "batter": 4,
                "extras": 0,
                "total": 4
              }
            },
            {
              "batter": "K Motlanka",
              "bowler": "J Miyaji",
              "non_striker": "S Kollery",
              "runs": {
                "batter": 1,
                "extras": 0,
                "total": 1
              }
            },
            {
              "batter": "S Kollery",
              "bowler": "J Miyaji",
              "non_striker": "K Motlanka",
              "runs": {
                "batter": 0,
                "extras": 0,
                "total": 0
              }
            },
            {
              "batter": "S Kollery",
              "bowler": "J Miyaji",
              "non_striker": "K Motlanka",
              "runs": {
                "batter": 0,
                "extras": 0,
                "total": 0
              }
            },
            {
              "batter": "S Kollery",
              "bowler": "J Miyaji",
              "non_striker": "K Motlanka",
              "runs": {
                "batter": 0,
                "extras": 0,
                "total": 0
              }
            }
          ]
        },
        {
          "over": 4,
          "deliveries": [
            {
              "batter": "K Motlanka",
              "bowler": "F Nsubuga",
              "non_striker": "S Kollery",
              "runs": {
                "batter": 0,
                "extras": 0,
                "total": 0
              }
            },
            {
              "batter": "K Motlanka",
              "bowler": "F Nsubuga",
              "non_striker": "S Kollery",
              "runs": {
                "batter": 1,
                "extras": 0,
                "total": 1
              }
            },
            {
              "batter": "S Kollery",
              "bowler": "F Nsubuga",
              "non_striker": "K Motlanka",
              "runs": {
                "batter": 0,
                "extras": 0,
                "total": 0
              }
            },
            {
              "batter": "S Kollery",
              "bowler": "F Nsubuga",
              "non_striker": "K Motlanka",
              "runs": {
                "batter": 4,
                "extras": 0,
                "total": 4
              }
            },
            {
              "batter": "S Kollery",
              "bowler": "F Nsubuga",
              "non_striker": "K Motlanka",
              "runs": {
                "batter": 1,
                "extras": 0,
                "total": 1
              }
            },
            {
              "batter": "K Motlanka",
              "bowler": "F Nsubuga",
              "non_striker": "S Kollery",
              "runs": {
                "batter": 0,
                "extras": 0,
                "total": 0
              }
            }
          ]
        },
        {
          "over": 5,
          "deliveries": [
            {
              "batter": "S Kollery",
              "bowler": "Riazat Ali Shah",
              "non_striker": "K Motlanka",
              "runs": {
                "batter": 0,
                "extras": 0,
                "total": 0
              }
            },
            {
              "batter": "S Kollery",
              "bowler": "Riazat Ali Shah",
              "non_striker": "K Motlanka",
              "runs": {
                "batter": 0,
                "extras": 0,
                "total": 0
              }
            },
            {
              "batter": "S Kollery",
              "bowler": "Riazat Ali Shah",
              "non_striker": "K Motlanka",
              "runs": {
                "batter": 4,
                "extras": 0,
                "total": 4
              }
            },
            {
              "batter": "S Kollery",
              "bowler": "Riazat Ali Shah",
              "non_striker": "K Motlanka",
              "runs": {
                "batter": 1,
                "extras": 0,
                "total": 1
              }
            },
            {
              "batter": "K Motlanka",
              "bowler": "Riazat Ali Shah",
              "extras": {
                "wides": 1
              },
              "non_striker": "S Kollery",
              "runs": {
                "batter": 0,
                "extras": 1,
                "total": 1
              }
            },
            {
              "batter": "K Motlanka",
              "bowler": "Riazat Ali Shah",
              "non_striker": "S Kollery",
              "runs": {
                "batter": 0,
                "extras": 0,
                "total": 0
              }
            },
            {
              "batter": "K Motlanka",
              "bowler": "Riazat Ali Shah",
              "non_striker": "S Kollery",
              "runs": {
                "batter": 0,
                "extras": 0,
                "total": 0
              }
            }
          ]
        },
        {
          "over": 6,
          "deliveries": [
            {
              "batter": "S Kollery",
              "bowler": "F Nsubuga",
              "non_striker": "K Motlanka",
              "runs": {
                "batter": 1,
                "extras": 0,
                "total": 1
              }
            },
            {
              "batter": "K Motlanka",
              "bowler": "F Nsubuga",
              "non_striker": "S Kollery",
              "runs": {
                "batter": 0,
                "extras": 0,
                "total": 0
              }
            },
            {
              "batter": "K Motlanka",
              "bowler": "F Nsubuga",
              "non_striker": "S Kollery",
              "runs": {
                "batter": 0,
                "extras": 0,
                "total": 0
              }
            },
            {
              "batter": "K Motlanka",
              "bowler": "F Nsubuga",
              "non_striker": "S Kollery",
              "runs": {
                "batter": 0,
                "extras": 0,
                "total": 0
              },
              "wickets": [
                {
                  "player_out": "K Motlanka",
                  "kind": "bowled"
                }
              ]
            },
            {
              "batter": "V Balakrishnan",
              "bowler": "F Nsubuga",
              "non_striker": "S Kollery",
              "runs": {
                "batter": 1,
                "extras": 0,
                "total": 1
              }
            },
            {
              "batter": "S Kollery",
              "bowler": "F Nsubuga",
              "non_striker": "V Balakrishnan",
              "runs": {
                "batter": 0,
                "extras": 0,
                "total": 0
              }
            }
          ]
        },
        {
          "over": 7,
          "deliveries": [
            {
              "batter": "V Balakrishnan",
              "bowler": "Riazat Ali Shah",
              "non_striker": "S Kollery",
              "runs": {
                "batter": 0,
                "extras": 0,
                "total": 0
              }
            },
            {
              "batter": "V Balakrishnan",
              "bowler": "Riazat Ali Shah",
              "non_striker": "S Kollery",
              "runs": {
                "batter": 1,
                "extras": 0,
                "total": 1
              }
            },
            {
              "batter": "S Kollery",
              "bowler": "Riazat Ali Shah",
              "non_striker": "V Balakrishnan",
              "runs": {
                "batter": 0,
                "extras": 0,
                "total": 0
              }
            },
            {
              "batter": "S Kollery",
              "bowler": "Riazat Ali Shah",
              "non_striker": "V Balakrishnan",
              "runs": {
                "batter": 1,
                "extras": 0,
                "total": 1
              }
            },
            {
              "batter": "V Balakrishnan",
              "bowler": "Riazat Ali Shah",
              "non_striker": "S Kollery",
              "runs": {
                "batter": 1,
                "extras": 0,
                "total": 1
              }
            },
            {
              "batter": "S Kollery",
              "bowler": "Riazat Ali Shah",
              "non_striker": "V Balakrishnan",
              "runs": {
                "batter": 1,
                "extras": 0,
                "total": 1
              }
            }
          ]
        },
        {
          "over": 8,
          "deliveries": [
            {
              "batter": "S Kollery",
              "bowler": "F Nsubuga",
              "non_striker": "V Balakrishnan",
              "runs": {
                "batter": 4,
                "extras": 0,
                "total": 4
              }
            },
            {
              "batter": "S Kollery",
              "bowler": "F Nsubuga",
              "non_striker": "V Balakrishnan",
              "runs": {
                "batter": 0,
                "extras": 0,
                "total": 0
              }
            },
            {
              "batter": "S Kollery",
              "bowler": "F Nsubuga",
              "non_striker": "V Balakrishnan",
              "runs": {
                "batter": 0,
                "extras": 0,
                "total": 0
              }
            },
            {
              "batter": "S Kollery",
              "bowler": "F Nsubuga",
              "non_striker": "V Balakrishnan",
              "runs": {
                "batter": 1,
                "extras": 0,
                "total": 1
              }
            },
            {
              "batter": "V Balakrishnan",
              "bowler": "F Nsubuga",
              "non_striker": "S Kollery",
              "runs": {
                "batter": 0,
                "extras": 0,
                "total": 0
              }
            },
            {
              "batter": "V Balakrishnan",
              "bowler": "F Nsubuga",
              "non_striker": "S Kollery",
              "runs": {
                "batter": 4,
                "extras": 0,
                "total": 4
              }
            }
          ]
        },
        {
          "over": 9,
          "deliveries": [
            {
              "batter": "S Kollery",
              "bowler": "Riazat Ali Shah",
              "non_striker": "V Balakrishnan",
              "runs": {
                "batter": 0,
                "extras": 0,
                "total": 0
              }
            },
            {
              "batter": "S Kollery",
              "bowler": "Riazat Ali Shah",
              "extras": {
                "legbyes": 1
              },
              "non_striker": "V Balakrishnan",
              "runs": {
                "batter": 0,
                "extras": 1,
                "total": 1
              }
            },
            {
              "batter": "V Balakrishnan",
              "bowler": "Riazat Ali Shah",
              "non_striker": "S Kollery",
              "runs": {
                "batter": 1,
                "extras": 0,
                "total": 1
              }
            },
            {
              "batter": "S Kollery",
              "bowler": "Riazat Ali Shah",
              "non_striker": "V Balakrishnan",
              "runs": {
                "batter": 0,
                "extras": 0,
                "total": 0
              }
            },
            {
              "batter": "S Kollery",
              "bowler": "Riazat Ali Shah",
              "non_striker": "V Balakrishnan",
              "runs": {
                "batter": 2,
                "extras": 0,
                "total": 2
              }
            },
            {
              "batter": "S Kollery",
              "bowler": "Riazat Ali Shah",
              "non_striker": "V Balakrishnan",
              "runs": {
                "batter": 0,
                "extras": 0,
                "total": 0
              }
            }
          ]
        },
        {
          "over": 10,
          "deliveries": [
            {
              "batter": "V Balakrishnan",
              "bowler": "AR Ramjani",
              "non_striker": "S Kollery",
              "runs": {
                "batter": 1,
                "extras": 0,
                "total": 1
              }
            },
            {
              "batter": "S Kollery",
              "bowler": "AR Ramjani",
              "non_striker": "V Balakrishnan",
              "runs": {
                "batter": 4,
                "extras": 0,
                "total": 4
              }
            },
            {
              "batter": "S Kollery",
              "bowler": "AR Ramjani",
              "non_striker": "V Balakrishnan",
              "runs": {
                "batter": 1,
                "extras": 0,
                "total": 1
              }
            },
            {
              "batter": "V Balakrishnan",
              "bowler": "AR Ramjani",
              "non_striker": "S Kollery",
              "runs": {
                "batter": 0,
                "extras": 0,
                "total": 0
              },
              "wickets": [
                {
                  "player_out": "V Balakrishnan",
                  "kind": "lbw"
                }
              ]
            },
            {
              "batter": "Z Abbasi",
              "bowler": "AR Ramjani",
              "non_striker": "S Kollery",
              "runs": {
                "batter": 0,
                "extras": 0,
                "total": 0
              }
            },
            {
              "batter": "Z Abbasi",
              "bowler": "AR Ramjani",
              "non_striker": "S Kollery",
              "runs": {
                "batter": 0,
                "extras": 0,
                "total": 0
              }
            }
          ]
        },
        {
          "over": 11,
          "deliveries": [
            {
              "batter": "S Kollery",
              "bowler": "B Masaba",
              "non_striker": "Z Abbasi",
              "runs": {
                "batter": 0,
                "extras": 0,
                "total": 0
              }
            },
            {
              "batter": "S Kollery",
              "bowler": "B Masaba",
              "non_striker": "Z Abbasi",
              "runs": {
                "batter": 1,
                "extras": 0,
                "total": 1
              }
            },
            {
              "batter": "Z Abbasi",
              "bowler": "B Masaba",
              "non_striker": "S Kollery",
              "runs": {
                "batter": 1,
                "extras": 0,
                "total": 1
              }
            },
            {
              "batter": "S Kollery",
              "bowler": "B Masaba",
              "non_striker": "Z Abbasi",
              "runs": {
                "batter": 1,
                "extras": 0,
                "total": 1
              }
            },
            {
              "batter": "Z Abbasi",
              "bowler": "B Masaba",
              "non_striker": "S Kollery",
              "runs": {
                "batter": 1,
                "extras": 0,
                "total": 1
              }
            },
            {
              "batter": "S Kollery",
              "bowler": "B Masaba",
              "non_striker": "Z Abbasi",
              "runs": {
                "batter": 1,
                "extras": 0,
                "total": 1
              }
            }
          ]
        },
        {
          "over": 12,
          "deliveries": [
            {
              "batter": "S Kollery",
              "bowler": "AR Ramjani",
              "non_striker": "Z Abbasi",
              "runs": {
                "batter": 0,
                "extras": 0,
                "total": 0
              },
              "wickets": [
                {
                  "player_out": "S Kollery",
                  "kind": "caught and bowled"
                }
              ]
            },
            {
              "batter": "V Mbazo",
              "bowler": "AR Ramjani",
              "non_striker": "Z Abbasi",
              "runs": {
                "batter": 0,
                "extras": 0,
                "total": 0
              },
              "wickets": [
                {
                  "player_out": "V Mbazo",
                  "kind": "lbw"
                }
              ]
            },
            {
              "batter": "I Master",
              "bowler": "AR Ramjani",
              "non_striker": "Z Abbasi",
              "runs": {
                "batter": 0,
                "extras": 0,
                "total": 0
              }
            },
            {
              "batter": "I Master",
              "bowler": "AR Ramjani",
              "non_striker": "Z Abbasi",
              "runs": {
                "batter": 0,
                "extras": 0,
                "total": 0
              }
            },
            {
              "batter": "I Master",
              "bowler": "AR Ramjani",
              "non_striker": "Z Abbasi",
              "runs": {
                "batter": 0,
                "extras": 0,
                "total": 0
              }
            },
            {
              "batter": "I Master",
              "bowler": "AR Ramjani",
              "non_striker": "Z Abbasi",
              "runs": {
                "batter": 0,
                "extras": 0,
                "total": 0
              }
            }
          ]
        },
        {
          "over": 13,
          "deliveries": [
            {
              "batter": "Z Abbasi",
              "bowler": "B Masaba",
              "non_striker": "I Master",
              "runs": {
                "batter": 2,
                "extras": 0,
                "total": 2
              }
            },
            {
              "batter": "Z Abbasi",
              "bowler": "B Masaba",
              "non_striker": "I Master",
              "runs": {
                "batter": 0,
                "extras": 0,
                "total": 0
              },
              "wickets": [
                {
                  "player_out": "Z Abbasi",
                  "fielders": [
                    {
                      "name": "F Achelam"
                    }
                  ],
                  "kind": "caught"
                }
              ]
            },
            {
              "batter": "B Maphosa",
              "bowler": "B Masaba",
              "non_striker": "I Master",
              "runs": {
                "batter": 0,
                "extras": 0,
                "total": 0
              }
            },
            {
              "batter": "B Maphosa",
              "bowler": "B Masaba",
              "non_striker": "I Master",
              "runs": {
                "batter": 0,
                "extras": 0,
                "total": 0
              }
            },
            {
              "batter": "B Maphosa",
              "bowler": "B Masaba",
              "non_striker": "I Master",
              "runs": {
                "batter": 2,
                "extras": 0,
                "total": 2
              }
            },
            {
              "batter": "B Maphosa",
              "bowler": "B Masaba",
              "non_striker": "I Master",
              "runs": {
                "batter": 0,
                "extras": 0,
                "total": 0
              }
            }
          ]
        },
        {
          "over": 14,
          "deliveries": [
            {
              "batter": "I Master",
              "bowler": "AR Ramjani",
              "non_striker": "B Maphosa",
              "runs": {
                "batter": 1,
                "extras": 0,
                "total": 1
              }
            },
            {
              "batter": "B Maphosa",
              "bowler": "AR Ramjani",
              "non_striker": "I Master",
              "runs": {
                "batter": 0,
                "extras": 0,
                "total": 0
              }
            },
            {
              "batter": "B Maphosa",
              "bowler": "AR Ramjani",
              "non_striker": "I Master",
              "runs": {
                "batter": 0,
                "extras": 0,
                "total": 0
              }
            },
            {
              "batter": "B Maphosa",
              "bowler": "AR Ramjani",
              "non_striker": "I Master",
              "runs": {
                "batter": 0,
                "extras": 0,
                "total": 0
              }
            },
            {
              "batter": "B Maphosa",
              "bowler": "AR Ramjani",
              "non_striker": "I Master",
              "runs": {
                "batter": 1,
                "extras": 0,
                "total": 1
              }
            },
            {
              "batter": "I Master",
              "bowler": "AR Ramjani",
              "non_striker": "B Maphosa",
              "runs": {
                "batter": 0,
                "extras": 0,
                "total": 0
              },
              "wickets": [
                {
                  "player_out": "I Master",
                  "kind": "lbw"
                }
              ]
            }
          ]
        },
        {
          "over": 15,
          "deliveries": [
            {
              "batter": "B Maphosa",
              "bowler": "F Nsubuga",
              "non_striker": "P Silas",
              "runs": {
                "batter": 1,
                "extras": 0,
                "total": 1
              }
            },
            {
              "batter": "P Silas",
              "bowler": "F Nsubuga",
              "non_striker": "B Maphosa",
              "runs": {
                "batter": 1,
                "extras": 0,
                "total": 1
              }
            },
            {
              "batter": "B Maphosa",
              "bowler": "F Nsubuga",
              "non_striker": "P Silas",
              "runs": {
                "batter": 1,
                "extras": 0,
                "total": 1
              }
            },
            {
              "batter": "P Silas",
              "bowler": "F Nsubuga",
              "non_striker": "B Maphosa",
              "runs": {
                "batter": 1,
                "extras": 0,
                "total": 1
              }
            },
            {
              "batter": "B Maphosa",
              "bowler": "F Nsubuga",
              "non_striker": "P Silas",
              "runs": {
                "batter": 0,
                "extras": 0,
                "total": 0
              }
            },
            {
              "batter": "B Maphosa",
              "bowler": "F Nsubuga",
              "non_striker": "P Silas",
              "runs": {
                "batter": 1,
                "extras": 0,
                "total": 1
              }
            }
          ]
        },
        {
          "over": 16,
          "deliveries": [
            {
              "batter": "B Maphosa",
              "bowler": "AR Ramjani",
              "non_striker": "P Silas",
              "runs": {
                "batter": 0,
                "extras": 0,
                "total": 0
              }
            },
            {
              "batter": "B Maphosa",
              "bowler": "AR Ramjani",
              "non_striker": "P Silas",
              "runs": {
                "batter": 6,
                "extras": 0,
                "total": 6
              }
            },
            {
              "batter": "B Maphosa",
              "bowler": "AR Ramjani",
              "non_striker": "P Silas",
              "runs": {
                "batter": 2,
                "extras": 0,
                "total": 2
              }
            },
            {
              "batter": "B Maphosa",
              "bowler": "AR Ramjani",
              "non_striker": "P Silas",
              "runs": {
                "batter": 1,
                "extras": 0,
                "total": 1
              }
            },
            {
              "batter": "P Silas",
              "bowler": "AR Ramjani",
              "non_striker": "B Maphosa",
              "runs": {
                "batter": 0,
                "extras": 0,
                "total": 0
              }
            },
            {
              "batter": "P Silas",
              "bowler": "AR Ramjani",
              "non_striker": "B Maphosa",
              "runs": {
                "batter": 0,
                "extras": 0,
                "total": 0
              }
            }
          ]
        },
        {
          "over": 17,
          "deliveries": [
            {
              "batter": "B Maphosa",
              "bowler": "C Kyewuta",
              "non_striker": "P Silas",
              "runs": {
                "batter": 1,
                "extras": 0,
                "total": 1
              }
            },
            {
              "batter": "P Silas",
              "bowler": "C Kyewuta",
              "non_striker": "B Maphosa",
              "runs": {
                "batter": 1,
                "extras": 0,
                "total": 1
              }
            },
            {
              "batter": "B Maphosa",
              "bowler": "C Kyewuta",
              "non_striker": "P Silas",
              "runs": {
                "batter": 1,
                "extras": 0,
                "total": 1
              }
            },
            {
              "batter": "P Silas",
              "bowler": "C Kyewuta",
              "non_striker": "B Maphosa",
              "runs": {
                "batter": 0,
                "extras": 0,
                "total": 0
              }
            },
            {
              "batter": "P Silas",
              "bowler": "C Kyewuta",
              "non_striker": "B Maphosa",
              "runs": {
                "batter": 2,
                "extras": 0,
                "total": 2
              }
            },
            {
              "batter": "P Silas",
              "bowler": "C Kyewuta",
              "non_striker": "B Maphosa",
              "runs": {
                "batter": 4,
                "extras": 0,
                "total": 4
              }
            }
          ]
        },
        {
          "over": 18,
          "deliveries": [
            {
              "batter": "B Maphosa",
              "bowler": "J Miyaji",
              "non_striker": "P Silas",
              "runs": {
                "batter": 1,
                "extras": 0,
                "total": 1
              }
            },
            {
              "batter": "P Silas",
              "bowler": "J Miyaji",
              "non_striker": "B Maphosa",
              "runs": {
                "batter": 2,
                "extras": 0,
                "total": 2
              }
            },
            {
              "batter": "P Silas",
              "bowler": "J Miyaji",
              "non_striker": "B Maphosa",
              "runs": {
                "batter": 0,
                "extras": 0,
                "total": 0
              }
            },
            {
              "batter": "P Silas",
              "bowler": "J Miyaji",
              "non_striker": "B Maphosa",
              "runs": {
                "batter": 4,
                "extras": 0,
                "total": 4
              }
            },
            {
              "batter": "P Silas",
              "bowler": "J Miyaji",
              "non_striker": "B Maphosa",
              "runs": {
                "batter": 4,
                "extras": 0,
                "total": 4
              }
            },
            {
              "batter": "P Silas",
              "bowler": "J Miyaji",
              "non_striker": "B Maphosa",
              "runs": {
                "batter": 2,
                "extras": 0,
                "total": 2
              }
            }
          ]
        },
        {
          "over": 19,
          "deliveries": [
            {
              "batter": "B Maphosa",
              "bowler": "C Kyewuta",
              "non_striker": "P Silas",
              "runs": {
                "batter": 0,
                "extras": 0,
                "total": 0
              },
              "wickets": [
                {
                  "player_out": "B Maphosa",
                  "kind": "bowled"
                }
              ]
            },
            {
              "batter": "M Mooketsi",
              "bowler": "C Kyewuta",
              "non_striker": "P Silas",
              "runs": {
                "batter": 2,
                "extras": 0,
                "total": 2
              }
            },
            {
              "batter": "M Mooketsi",
              "bowler": "C Kyewuta",
              "non_striker": "P Silas",
              "runs": {
                "batter": 0,
                "extras": 0,
                "total": 0
              }
            },
            {
              "batter": "M Mooketsi",
              "bowler": "C Kyewuta",
              "non_striker": "P Silas",
              "runs": {
                "batter": 0,
                "extras": 0,
                "total": 0
              }
            },
            {
              "batter": "M Mooketsi",
              "bowler": "C Kyewuta",
              "non_striker": "P Silas",
              "runs": {
                "batter": 2,
                "extras": 0,
                "total": 2
              }
            },
            {
              "batter": "M Mooketsi",
              "bowler": "C Kyewuta",
              "non_striker": "P Silas",
              "runs": {
                "batter": 1,
                "extras": 0,
                "total": 1
              }
            }
          ]
        }
      ],
      "powerplays": [
        {
          "from": 0.1,
          "to": 5.7,
          "type": "mandatory"
        }
      ]
    },
    {
      "team": "Uganda",
      "overs": [
        {
          "over": 0,
          "deliveries": [
            {
              "batter": "S Sesazi",
              "bowler": "M Mooketsi",
              "non_striker": "B Masaba",
              "runs": {
                "batter": 0,
                "extras": 0,
                "total": 0
              }
            },
            {
              "batter": "S Sesazi",
              "bowler": "M Mooketsi",
              "non_striker": "B Masaba",
              "runs": {
                "batter": 0,
                "extras": 0,
                "total": 0
              }
            },
            {
              "batter": "S Sesazi",
              "bowler": "M Mooketsi",
              "non_striker": "B Masaba",
              "runs": {
                "batter": 0,
                "extras": 0,
                "total": 0
              }
            },
            {
              "batter": "S Sesazi",
              "bowler": "M Mooketsi",
              "non_striker": "B Masaba",
              "runs": {
                "batter": 4,
                "extras": 0,
                "total": 4
              }
            },
            {
              "batter": "S Sesazi",
              "bowler": "M Mooketsi",
              "non_striker": "B Masaba",
              "runs": {
                "batter": 0,
                "extras": 0,
                "total": 0
              }
            },
            {
              "batter": "S Sesazi",
              "bowler": "M Mooketsi",
              "non_striker": "B Masaba",
              "runs": {
                "batter": 0,
                "extras": 0,
                "total": 0
              }
            }
          ]
        },
        {
          "over": 1,
          "deliveries": [
            {
              "batter": "B Masaba",
              "bowler": "B Maphosa",
              "non_striker": "S Sesazi",
              "runs": {
                "batter": 0,
                "extras": 0,
                "total": 0
              }
            },
            {
              "batter": "B Masaba",
              "bowler": "B Maphosa",
              "non_striker": "S Sesazi",
              "runs": {
                "batter": 0,
                "extras": 0,
                "total": 0
              }
            },
            {
              "batter": "B Masaba",
              "bowler": "B Maphosa",
              "non_striker": "S Sesazi",
              "runs": {
                "batter": 2,
                "extras": 0,
                "total": 2
              }
            },
            {
              "batter": "B Masaba",
              "bowler": "B Maphosa",
              "non_striker": "S Sesazi",
              "runs": {
                "batter": 0,
                "extras": 0,
                "total": 0
              }
            },
            {
              "batter": "B Masaba",
              "bowler": "B Maphosa",
              "non_striker": "S Sesazi",
              "runs": {
                "batter": 0,
                "extras": 0,
                "total": 0
              }
            },
            {
              "batter": "B Masaba",
              "bowler": "B Maphosa",
              "non_striker": "S Sesazi",
              "runs": {
                "batter": 0,
                "extras": 0,
                "total": 0
              }
            }
          ]
        },
        {
          "over": 2,
          "deliveries": [
            {
              "batter": "S Sesazi",
              "bowler": "M Mooketsi",
              "non_striker": "B Masaba",
              "runs": {
                "batter": 0,
                "extras": 0,
                "total": 0
              }
            },
            {
              "batter": "S Sesazi",
              "bowler": "M Mooketsi",
              "non_striker": "B Masaba",
              "runs": {
                "batter": 1,
                "extras": 0,
                "total": 1
              }
            },
            {
              "batter": "B Masaba",
              "bowler": "M Mooketsi",
              "non_striker": "S Sesazi",
              "runs": {
                "batter": 0,
                "extras": 0,
                "total": 0
              }
            },
            {
              "batter": "B Masaba",
              "bowler": "M Mooketsi",
              "non_striker": "S Sesazi",
              "runs": {
                "batter": 0,
                "extras": 0,
                "total": 0
              }
            },
            {
              "batter": "B Masaba",
              "bowler": "M Mooketsi",
              "non_striker": "S Sesazi",
              "runs": {
                "batter": 0,
                "extras": 0,
                "total": 0
              }
            },
            {
              "batter": "B Masaba",
              "bowler": "M Mooketsi",
              "non_striker": "S Sesazi",
              "runs": {
                "batter": 4,
                "extras": 0,
                "total": 4
              }
            }
          ]
        },
        {
          "over": 3,
          "deliveries": [
            {
              "batter": "S Sesazi",
              "bowler": "B Maphosa",
              "non_striker": "B Masaba",
              "runs": {
                "batter": 0,
                "extras": 0,
                "total": 0
              }
            },
            {
              "batter": "S Sesazi",
              "bowler": "B Maphosa",
              "non_striker": "B Masaba",
              "runs": {
                "batter": 1,
                "extras": 0,
                "total": 1
              }
            },
            {
              "batter": "B Masaba",
              "bowler": "B Maphosa",
              "non_striker": "S Sesazi",
              "runs": {
                "batter": 1,
                "extras": 0,
                "total": 1
              }
            },
            {
              "batter": "S Sesazi",
              "bowler": "B Maphosa",
              "non_striker": "B Masaba",
              "runs": {
                "batter": 1,
                "extras": 0,
                "total": 1
              }
            },
            {
              "batter": "B Masaba",
              "bowler": "B Maphosa",
              "extras": {
                "wides": 1
              },
              "non_striker": "S Sesazi",
              "runs": {
                "batter": 0,
                "extras": 1,
                "total": 1
              }
            },
            {
              "batter": "B Masaba",
              "bowler": "B Maphosa",
              "non_striker": "S Sesazi",
              "runs": {
                "batter": 0,
                "extras": 0,
                "total": 0
              }
            },
            {
              "batter": "B Masaba",
              "bowler": "B Maphosa",
              "non_striker": "S Sesazi",
              "runs": {
                "batter": 4,
                "extras": 0,
                "total": 4
              }
            }
          ]
        },
        {
          "over": 4,
          "deliveries": [
            {
              "batter": "S Sesazi",
              "bowler": "M Mooketsi",
              "non_striker": "B Masaba",
              "runs": {
                "batter": 4,
                "extras": 0,
                "total": 4
              }
            },
            {
              "batter": "S Sesazi",
              "bowler": "M Mooketsi",
              "non_striker": "B Masaba",
              "runs": {
                "batter": 2,
                "extras": 0,
                "total": 2
              }
            },
            {
              "batter": "S Sesazi",
              "bowler": "M Mooketsi",
              "non_striker": "B Masaba",
              "runs": {
                "batter": 0,
                "extras": 0,
                "total": 0
              }
            },
            {
              "batter": "S Sesazi",
              "bowler": "M Mooketsi",
              "non_striker": "B Masaba",
              "runs": {
                "batter": 0,
                "extras": 0,
                "total": 0
              }
            },
            {
              "batter": "S Sesazi",
              "bowler": "M Mooketsi",
              "non_striker": "B Masaba",
              "runs": {
                "batter": 4,
                "extras": 0,
                "total": 4
              }
            },
            {
              "batter": "S Sesazi",
              "bowler": "M Mooketsi",
              "non_striker": "B Masaba",
              "runs": {
                "batter": 0,
                "extras": 0,
                "total": 0
              }
            }
          ]
        },
        {
          "over": 5,
          "deliveries": [
            {
              "batter": "B Masaba",
              "bowler": "B Maphosa",
              "non_striker": "S Sesazi",
              "runs": {
                "batter": 0,
                "extras": 0,
                "total": 0
              }
            },
            {
              "batter": "B Masaba",
              "bowler": "B Maphosa",
              "non_striker": "S Sesazi",
              "runs": {
                "batter": 4,
                "extras": 0,
                "total": 4
              }
            },
            {
              "batter": "B Masaba",
              "bowler": "B Maphosa",
              "non_striker": "S Sesazi",
              "runs": {
                "batter": 0,
                "extras": 0,
                "total": 0
              }
            },
            {
              "batter": "B Masaba",
              "bowler": "B Maphosa",
              "non_striker": "S Sesazi",
              "runs": {
                "batter": 0,
                "extras": 0,
                "total": 0
              },
              "wickets": [
                {
                  "player_out": "B Masaba",
                  "fielders": [
                    {
                      "name": "R Nehonde"
                    }
                  ],
                  "kind": "caught"
                }
              ]
            },
            {
              "batter": "K Waiswa",
              "bowler": "B Maphosa",
              "non_striker": "S Sesazi",
              "runs": {
                "batter": 0,
                "extras": 0,
                "total": 0
              }
            },
            {
              "batter": "K Waiswa",
              "bowler": "B Maphosa",
              "non_striker": "S Sesazi",
              "runs": {
                "batter": 0,
                "extras": 0,
                "total": 0
              }
            }
          ]
        },
        {
          "over": 6,
          "deliveries": [
            {
              "batter": "S Sesazi",
              "bowler": "D Maisuria",
              "non_striker": "K Waiswa",
              "runs": {
                "batter": 1,
                "extras": 0,
                "total": 1
              }
            },
            {
              "batter": "K Waiswa",
              "bowler": "D Maisuria",
              "non_striker": "S Sesazi",
              "runs": {
                "batter": 0,
                "extras": 0,
                "total": 0
              }
            },
            {
              "batter": "K Waiswa",
              "bowler": "D Maisuria",
              "non_striker": "S Sesazi",
              "runs": {
                "batter": 0,
                "extras": 0,
                "total": 0
              }
            },
            {
              "batter": "K Waiswa",
              "bowler": "D Maisuria",
              "non_striker": "S Sesazi",
              "runs": {
                "batter": 1,
                "extras": 0,
                "total": 1
              }
            },
            {
              "batter": "S Sesazi",
              "bowler": "D Maisuria",
              "non_striker": "K Waiswa",
              "runs": {
                "batter": 0,
                "extras": 0,
                "total": 0
              }
            },
            {
              "batter": "S Sesazi",
              "bowler": "D Maisuria",
              "non_striker": "K Waiswa",
              "runs": {
                "batter": 1,
                "extras": 0,
                "total": 1
              }
            }
          ]
        },
        {
          "over": 7,
          "deliveries": [
            {
              "batter": "S Sesazi",
              "bowler": "M Mooketsi",
              "non_striker": "K Waiswa",
              "runs": {
                "batter": 1,
                "extras": 0,
                "total": 1
              }
            },
            {
              "batter": "K Waiswa",
              "bowler": "M Mooketsi",
              "non_striker": "S Sesazi",
              "runs": {
                "batter": 1,
                "extras": 0,
                "total": 1
              }
            },
            {
              "batter": "S Sesazi",
              "bowler": "M Mooketsi",
              "non_striker": "K Waiswa",
              "runs": {
                "batter": 0,
                "extras": 0,
                "total": 0
              }
            },
            {
              "batter": "S Sesazi",
              "bowler": "M Mooketsi",
              "non_striker": "K Waiswa",
              "runs": {
                "batter": 1,
                "extras": 0,
                "total": 1
              }
            },
            {
              "batter": "K Waiswa",
              "bowler": "M Mooketsi",
              "non_striker": "S Sesazi",
              "runs": {
                "batter": 0,
                "extras": 0,
                "total": 0
              }
            },
            {
              "batter": "K Waiswa",
              "bowler": "M Mooketsi",
              "non_striker": "S Sesazi",
              "runs": {
                "batter": 1,
                "extras": 0,
                "total": 1
              }
            }
          ]
        },
        {
          "over": 8,
          "deliveries": [
            {
              "batter": "K Waiswa",
              "bowler": "D Maisuria",
              "non_striker": "S Sesazi",
              "runs": {
                "batter": 0,
                "extras": 0,
                "total": 0
              }
            },
            {
              "batter": "K Waiswa",
              "bowler": "D Maisuria",
              "non_striker": "S Sesazi",
              "runs": {
                "batter": 0,
                "extras": 0,
                "total": 0
              }
            },
            {
              "batter": "K Waiswa",
              "bowler": "D Maisuria",
              "non_striker": "S Sesazi",
              "runs": {
                "batter": 0,
                "extras": 0,
                "total": 0
              }
            },
            {
              "batter": "K Waiswa",
              "bowler": "D Maisuria",
              "non_striker": "S Sesazi",
              "runs": {
                "batter": 4,
                "extras": 0,
                "total": 4
              }
            },
            {
              "batter": "K Waiswa",
              "bowler": "D Maisuria",
              "non_striker": "S Sesazi",
              "runs": {
                "batter": 0,
                "extras": 0,
                "total": 0
              }
            },
            {
              "batter": "K Waiswa",
              "bowler": "D Maisuria",
              "non_striker": "S Sesazi",
              "runs": {
                "batter": 0,
                "extras": 0,
                "total": 0
              }
            }
          ]
        },
        {
          "over": 9,
          "deliveries": [
            {
              "batter": "S Sesazi",
              "bowler": "R Nehonde",
              "non_striker": "K Waiswa",
              "runs": {
                "batter": 0,
                "extras": 0,
                "total": 0
              }
            },
            {
              "batter": "S Sesazi",
              "bowler": "R Nehonde",
              "extras": {
                "wides": 1
              },
              "non_striker": "K Waiswa",
              "runs": {
                "batter": 0,
                "extras": 1,
                "total": 1
              }
            },
            {
              "batter": "S Sesazi",
              "bowler": "R Nehonde",
              "non_striker": "K Waiswa",
              "runs": {
                "batter": 0,
                "extras": 0,
                "total": 0
              }
            },
            {
              "batter": "S Sesazi",
              "bowler": "R Nehonde",
              "non_striker": "K Waiswa",
              "runs": {
                "batter": 1,
                "extras": 0,
                "total": 1
              }
            },
            {
              "batter": "K Waiswa",
              "bowler": "R Nehonde",
              "non_striker": "S Sesazi",
              "runs": {
                "batter": 0,
                "extras": 0,
                "total": 0
              }
            },
            {
              "batter": "K Waiswa",
              "bowler": "R Nehonde",
              "non_striker": "S Sesazi",
              "runs": {
                "batter": 0,
                "extras": 0,
                "total": 0
              },
              "wickets": [
                {
                  "player_out": "K Waiswa",
                  "fielders": [
                    {
                      "name": "M Mooketsi"
                    }
                  ],
                  "kind": "caught"
                }
              ]
            },
            {
              "batter": "Riazat Ali Shah",
              "bowler": "R Nehonde",
              "non_striker": "S Sesazi",
              "runs": {
                "batter": 1,
                "extras": 0,
                "total": 1
              }
            }
          ]
        },
        {
          "over": 10,
          "deliveries": [
            {
              "batter": "Riazat Ali Shah",
              "bowler": "D Maisuria",
              "non_striker": "S Sesazi",
              "runs": {
                "batter": 1,
                "extras": 0,
                "total": 1
              }
            },
            {
              "batter": "S Sesazi",
              "bowler": "D Maisuria",
              "non_striker": "Riazat Ali Shah",
              "runs": {
                "batter": 1,
                "extras": 0,
                "total": 1
              }
            },
            {
              "batter": "Riazat Ali Shah",
              "bowler": "D Maisuria",
              "non_striker": "S Sesazi",
              "runs": {
                "batter": 1,
                "extras": 0,
                "total": 1
              }
            },
            {
              "batter": "S Sesazi",
              "bowler": "D Maisuria",
              "non_striker": "Riazat Ali Shah",
              "runs": {
                "batter": 1,
                "extras": 0,
                "total": 1
              }
            },
            {
              "batter": "Riazat Ali Shah",
              "bowler": "D Maisuria",
              "non_striker": "S Sesazi",
              "runs": {
                "batter": 1,
                "extras": 0,
                "total": 1
              }
            },
            {
              "batter": "S Sesazi",
              "bowler": "D Maisuria",
              "non_striker": "Riazat Ali Shah",
              "runs": {
                "batter": 1,
                "extras": 0,
                "total": 1
              }
            }
          ]
        },
        {
          "over": 11,
          "deliveries": [
            {
              "batter": "S Sesazi",
              "bowler": "R Nehonde",
              "non_striker": "Riazat Ali Shah",
              "runs": {
                "batter": 0,
                "extras": 0,
                "total": 0
              }
            },
            {
              "batter": "S Sesazi",
              "bowler": "R Nehonde",
              "non_striker": "Riazat Ali Shah",
              "runs": {
                "batter": 0,
                "extras": 0,
                "total": 0
              }
            },
            {
              "batter": "S Sesazi",
              "bowler": "R Nehonde",
              "non_striker": "Riazat Ali Shah",
              "runs": {
                "batter": 6,
                "extras": 0,
                "total": 6
              }
            },
            {
              "batter": "S Sesazi",
              "bowler": "R Nehonde",
              "non_striker": "Riazat Ali Shah",
              "runs": {
                "batter": 1,
                "extras": 0,
                "total": 1
              }
            },
            {
              "batter": "Riazat Ali Shah",
              "bowler": "R Nehonde",
              "non_striker": "S Sesazi",
              "runs": {
                "batter": 0,
                "extras": 0,
                "total": 0
              }
            },
            {
              "batter": "Riazat Ali Shah",
              "bowler": "R Nehonde",
              "non_striker": "S Sesazi",
              "runs": {
                "batter": 0,
                "extras": 0,
                "total": 0
              }
            }
          ]
        },
        {
          "over": 12,
          "deliveries": [
            {
              "batter": "S Sesazi",
              "bowler": "S Kollery",
              "non_striker": "Riazat Ali Shah",
              "runs": {
                "batter": 1,
                "extras": 0,
                "total": 1
              }
            },
            {
              "batter": "Riazat Ali Shah",
              "bowler": "S Kollery",
              "non_striker": "S Sesazi",
              "runs": {
                "batter": 4,
                "extras": 0,
                "total": 4
              }
            },
            {
              "batter": "Riazat Ali Shah",
              "bowler": "S Kollery",
              "non_striker": "S Sesazi",
              "runs": {
                "batter": 0,
                "extras": 0,
                "total": 0
              }
            },
            {
              "batter": "Riazat Ali Shah",
              "bowler": "S Kollery",
              "non_striker": "S Sesazi",
              "runs": {
                "batter": 1,
                "extras": 0,
                "total": 1
              }
            },
            {
              "batter": "S Sesazi",
              "bowler": "S Kollery",
              "non_striker": "Riazat Ali Shah",
              "runs": {
                "batter": 1,
                "extras": 0,
                "total": 1
              }
            },
            {
              "batter": "Riazat Ali Shah",
              "bowler": "S Kollery",
              "non_striker": "S Sesazi",
              "runs": {
                "batter": 0,
                "extras": 0,
                "total": 0
              }
            }
          ]
        },
        {
          "over": 13,
          "deliveries": [
            {
              "batter": "S Sesazi",
              "bowler": "R Nehonde",
              "non_striker": "Riazat Ali Shah",
              "runs": {
                "batter": 1,
                "extras": 0,
                "total": 1
              }
            },
            {
              "batter": "Riazat Ali Shah",
              "bowler": "R Nehonde",
              "extras": {
                "wides": 1
              },
              "non_striker": "S Sesazi",
              "runs": {
                "batter": 0,
                "extras": 1,
                "total": 1
              }
            },
            {
              "batter": "Riazat Ali Shah",
              "bowler": "R Nehonde",
              "non_striker": "S Sesazi",
              "runs": {
                "batter": 0,
                "extras": 0,
                "total": 0
              }
            },
            {
              "batter": "Riazat Ali Shah",
              "bowler": "R Nehonde",
              "non_striker": "S Sesazi",
              "runs": {
                "batter": 0,
                "extras": 0,
                "total": 0
              }
            },
            {
              "batter": "Riazat Ali Shah",
              "bowler": "R Nehonde",
              "non_striker": "S Sesazi",
              "runs": {
                "batter": 1,
                "extras": 0,
                "total": 1
              }
            },
            {
              "batter": "S Sesazi",
              "bowler": "R Nehonde",
              "non_striker": "Riazat Ali Shah",
              "runs": {
                "batter": 1,
                "extras": 0,
                "total": 1
              }
            },
            {
              "batter": "Riazat Ali Shah",
              "bowler": "R Nehonde",
              "non_striker": "S Sesazi",
              "runs": {
                "batter": 1,
                "extras": 0,
                "total": 1
              }
            }
          ]
        },
        {
          "over": 14,
          "deliveries": [
            {
              "batter": "Riazat Ali Shah",
              "bowler": "S Kollery",
              "non_striker": "S Sesazi",
              "runs": {
                "batter": 2,
                "extras": 0,
                "total": 2
              }
            },
            {
              "batter": "Riazat Ali Shah",
              "bowler": "S Kollery",
              "non_striker": "S Sesazi",
              "runs": {
                "batter": 4,
                "extras": 0,
                "total": 4
              }
            },
            {
              "batter": "Riazat Ali Shah",
              "bowler": "S Kollery",
              "non_striker": "S Sesazi",
              "runs": {
                "batter": 0,
                "extras": 0,
                "total": 0
              }
            },
            {
              "batter": "Riazat Ali Shah",
              "bowler": "S Kollery",
              "non_striker": "S Sesazi",
              "runs": {
                "batter": 0,
                "extras": 0,
                "total": 0
              }
            },
            {
              "batter": "Riazat Ali Shah",
              "bowler": "S Kollery",
              "non_striker": "S Sesazi",
              "runs": {
                "batter": 1,
                "extras": 0,
                "total": 1
              }
            },
            {
              "batter": "S Sesazi",
              "bowler": "S Kollery",
              "non_striker": "Riazat Ali Shah",
              "runs": {
                "batter": 1,
                "extras": 0,
                "total": 1
              }
            }
          ]
        },
        {
          "over": 15,
          "deliveries": [
            {
              "batter": "S Sesazi",
              "bowler": "R Nehonde",
              "non_striker": "Riazat Ali Shah",
              "runs": {
                "batter": 0,
                "extras": 0,
                "total": 0
              },
              "wickets": [
                {
                  "player_out": "S Sesazi",
                  "fielders": [
                    {
                      "name": "I Master"
                    }
                  ],
                  "kind": "caught"
                }
              ]
            },
            {
              "batter": "Riazat Ali Shah",
              "bowler": "R Nehonde",
              "non_striker": "AR Ramjani",
              "runs": {
                "batter": 1,
                "extras": 0,
                "total": 1
              }
            },
            {
              "batter": "AR Ramjani",
              "bowler": "R Nehonde",
              "non_striker": "Riazat Ali Shah",
              "runs": {
                "batter": 1,
                "extras": 0,
                "total": 1
              }
            },
            {
              "batter": "Riazat Ali Shah",
              "bowler": "R Nehonde",
              "non_striker": "AR Ramjani",
              "runs": {
                "batter": 0,
                "extras": 0,
                "total": 0
              }
            },
            {
              "batter": "Riazat Ali Shah",
              "bowler": "R Nehonde",
              "non_striker": "AR Ramjani",
              "runs": {
                "batter": 4,
                "extras": 0,
                "total": 4
              }
            },
            {
              "batter": "Riazat Ali Shah",
              "bowler": "R Nehonde",
              "non_striker": "AR Ramjani",
              "runs": {
                "batter": 1,
                "extras": 0,
                "total": 1
              }
            }
          ]
        },
        {
          "over": 16,
          "deliveries": [
            {
              "batter": "Riazat Ali Shah",
              "bowler": "D Maisuria",
              "non_striker": "AR Ramjani",
              "runs": {
                "batter": 1,
                "extras": 0,
                "total": 1
              }
            },
            {
              "batter": "AR Ramjani",
              "bowler": "D Maisuria",
              "non_striker": "Riazat Ali Shah",
              "runs": {
                "batter": 2,
                "extras": 0,
                "total": 2
              }
            },
            {
              "batter": "AR Ramjani",
              "bowler": "D Maisuria",
              "non_striker": "Riazat Ali Shah",
              "runs": {
                "batter": 0,
                "extras": 0,
                "total": 0
              }
            },
            {
              "batter": "AR Ramjani",
              "bowler": "D Maisuria",
              "non_striker": "Riazat Ali Shah",
              "runs": {
                "batter": 1,
                "extras": 0,
                "total": 1
              }
            },
            {
              "batter": "Riazat Ali Shah",
              "bowler": "D Maisuria",
              "non_striker": "AR Ramjani",
              "runs": {
                "batter": 1,
                "extras": 0,
                "total": 1
              }
            },
            {
              "batter": "AR Ramjani",
              "bowler": "D Maisuria",
              "non_striker": "Riazat Ali Shah",
              "runs": {
                "batter": 1,
                "extras": 0,
                "total": 1
              }
            }
          ]
        },
        {
          "over": 17,
          "deliveries": [
            {
              "batter": "AR Ramjani",
              "bowler": "I Master",
              "non_striker": "Riazat Ali Shah",
              "runs": {
                "batter": 1,
                "extras": 0,
                "total": 1
              }
            },
            {
              "batter": "Riazat Ali Shah",
              "bowler": "I Master",
              "non_striker": "AR Ramjani",
              "runs": {
                "batter": 4,
                "extras": 0,
                "total": 4
              }
            },
            {
              "batter": "Riazat Ali Shah",
              "bowler": "I Master",
              "non_striker": "AR Ramjani",
              "runs": {
                "batter": 1,
                "extras": 0,
                "total": 1
              }
            },
            {
              "batter": "AR Ramjani",
              "bowler": "I Master",
              "non_striker": "Riazat Ali Shah",
              "runs": {
                "batter": 1,
                "extras": 0,
                "total": 1
              }
            },
            {
              "batter": "Riazat Ali Shah",
              "bowler": "I Master",
              "non_striker": "AR Ramjani",
              "runs": {
                "batter": 1,
                "extras": 0,
                "total": 1
              }
            },
            {
              "batter": "AR Ramjani",
              "bowler": "I Master",
              "non_striker": "Riazat Ali Shah",
              "runs": {
                "batter": 1,
                "extras": 0,
                "total": 1
              }
            }
          ]
        },
        {
          "over": 18,
          "deliveries": [
            {
              "batter": "AR Ramjani",
              "bowler": "V Balakrishnan",
              "non_striker": "Riazat Ali Shah",
              "runs": {
                "batter": 1,
                "extras": 0,
                "total": 1
              }
            },
            {
              "batter": "Riazat Ali Shah",
              "bowler": "V Balakrishnan",
              "non_striker": "AR Ramjani",
              "runs": {
                "batter": 4,
                "extras": 0,
                "total": 4
              }
            }
          ]
        }
      ],
      "powerplays": [
        {
          "from": 0.1,
          "to": 5.6,
          "type": "mandatory"
        }
      ],
      "target": {
        "overs": 20,
        "runs": 104
      }
    }
  ]
}