{
  "meta": {
    "data_version": "1.1.0",
    "created": "2022-12-05",
    "revision": 2
  },
  "info": {
    "balls_per_over": 6,
    "city": "Kigali City",
    "dates": [
      "2022-12-04"
    ],
    "event": {
      "name": "ICC Men's T20 World Cup Sub Regional Africa Qualifier",
      "match_number": 10
    },
    "gender": "male",
    "match_type": "T20",
    "match_type_number": 1933,
    "officials": {
      "match_referees": [
        "SA Fritz"
      ],
      "reserve_umpires": [
        "R D'Mello"
      ],
      "umpires": [
        "Lauren Agenbag",
        "S Kintu"
      ]
    },
    "outcome": {
      "winner": "Nigeria",
      "by": {
        "runs": 118
      }
    },
    "overs": 20,
    "player_of_match": [
      "A Shreshta"
    ],
    "players": {
      "Nigeria": [
        "Sulaimon Runsewe",
        "A Shreshta",
        "JO Adedeji",
        "CN Onwuzulike",
        "IO Okpe",
        "P Useni",
        "SA Okpe",
        "AE Isesele",
        "R Abdulkareem",
        "P Aho",
        "C Udekwe"
      ],
      "Eswatini": [
        "T Sandeep",
        "C Forbes",
        "Adil Butt",
        "Naeem Gull",
        "Umair Qasim",
        "W Dlamini",
        "H Rashid",
        "Eric Phiri",
        "M Jele",
        "D Polpitiya",
        "M Magagula"
      ]
    },
    "registry": {
      "people": {
        "A Shreshta": "4e9af8f6",
        "AE Isesele": "5249f9c4",
        "Adil Butt": "fde53ec1",
        "C Forbes": "8a9e3cd0",
        "C Udekwe": "74a578d0",
        "CN Onwuzulike": "715dbf27",
        "D Polpitiya": "b7062209",
        "Eric Phiri": "b6355062",
        "H Rashid": "725c73f2",
        "IO Okpe": "1c5c3dce",
        "JO Adedeji": "abee08c7",
        "Lauren Agenbag": "40849abd",
        "M Jele": "1a8cedc8",
        "M Magagula": "7a787b98",
        "Naeem Gull": "4c49c917",
        "P Aho": "2e392afa",
        "P Useni": "71fa64d6",
        "R Abdulkareem": "b9e07e44",
        "R D'Mello": "f3c22863",
        "S Kintu": "ff387f93",
        "SA Fritz": "d15e60c8",
        "SA Okpe": "681f522f",
        "Sulaimon Runsewe": "c25d26dc",
        "T Sandeep": "b794a78d",
        "Umair Qasim": "e086735b",
        "W Dlamini": "d2ac882a"
      }
    },
    "season": "2022/23",
    "team_type": "international",
    "teams": [
      "Nigeria",
      "Eswatini"
    ],
    "toss": {
      "decision": "field",
      "winner": "Eswatini"
    },
    "venue": "Integrated Polytechnic Regional Centre"
  },
  "innings": [
    {
      "team": "Nigeria",
      "overs": [
        {
          "over": 0,
          "deliveries": [
            {
              "batter": "Sulaimon Runsewe",
              "bowler": "Adil Butt",
              "non_striker": "A Shreshta",
              "runs": {
                "batter": 0,
                "extras": 0,
                "total": 0
              }
            },
            {
              "batter": "Sulaimon Runsewe",
              "bowler": "Adil Butt",
              "non_striker": "A Shreshta",
              "runs": {
                "batter": 0,
                "extras": 0,
                "total": 0
              }
            },
            {
              "batter": "Sulaimon Runsewe",
              "bowler": "Adil Butt",
              "non_striker": "A Shreshta",
              "runs": {
                "batter": 4,
                "extras": 0,
                "total": 4
              }
            },
            {
              "batter": "Sulaimon Runsewe",
              "bowler": "Adil Butt",
              "extras": {
                "wides": 1
              },
              "non_striker": "A Shreshta",
              "runs": {
                "batter": 0,
                "extras": 1,
                "total": 1
              }
            },
            {
              "batter": "Sulaimon Runsewe",
              "bowler": "Adil Butt",
              "non_striker": "A Shreshta",
              "runs": {
                "batter": 0,
                "extras": 0,
                "total": 0
              }
            },
            {
              "batter": "Sulaimon Runsewe",
              "bowler": "Adil Butt",
              "non_striker": "A Shreshta",
              "runs": {
                "batter": 0,
                "extras": 0,
                "total": 0
              }
            },
            {
              "batter": "Sulaimon Runsewe",
              "bowler": "Adil Butt",
              "non_striker": "A Shreshta",
              "runs": {
                "batter": 1,
                "extras": 0,
                "total": 1
              }
            }
          ]
        },
        {
          "over": 1,
          "deliveries": [
            {
              "batter": "Sulaimon Runsewe",
              "bowler": "D Polpitiya",
              "non_striker": "A Shreshta",
              "runs": {
                "batter": 1,
                "extras": 0,
                "total": 1
              }
            },
            {
              "batter": "A Shreshta",
              "bowler": "D Polpitiya",
              "non_striker": "Sulaimon Runsewe",
              "runs": {
                "batter": 0,
                "extras": 0,
                "total": 0
              }
            },
            {
              "batter": "A Shreshta",
              "bowler": "D Polpitiya",
              "non_striker": "Sulaimon Runsewe",
              "runs": {
                "batter": 1,
                "extras": 0,
                "total": 1
              }
            },
            {
              "batter": "Sulaimon Runsewe",
              "bowler": "D Polpitiya",
              "non_striker": "A Shreshta",
              "runs": {
                "batter": 1,
                "extras": 0,
                "total": 1
              }
            },
            {
              "batter": "A Shreshta",
              "bowler": "D Polpitiya",
              "non_striker": "Sulaimon Runsewe",
              "runs": {
                "batter": 0,
                "extras": 0,
                "total": 0
              }
            },
            {
              "batter": "A Shreshta",
              "bowler": "D Polpitiya",
              "non_striker": "Sulaimon Runsewe",
              "runs": {
                "batter": 4,
                "extras": 0,
                "total": 4
              }
            }
          ]
        },
        {
          "over": 2,
          "deliveries": [
            {
              "batter": "Sulaimon Runsewe",
              "bowler": "Adil Butt",
              "non_striker": "A Shreshta",
              "runs": {
                "batter": 4,
                "extras": 0,
                "total": 4
              }
            },
            {
              "batter": "Sulaimon Runsewe",
              "bowler": "Adil Butt",
              "non_striker": "A Shreshta",
              "runs": {
                "batter": 2,
                "extras": 0,
                "total": 2
              }
            },
            {
              "batter": "Sulaimon Runsewe",
              "bowler": "Adil Butt",
              "non_striker": "A Shreshta",
              "runs": {
                "batter": 4,
                "extras": 0,
                "total": 4
              }
            },
            {
              "batter": "Sulaimon Runsewe",
              "bowler": "Adil Butt",
              "non_striker": "A Shreshta",
              "runs": {
                "batter": 0,
                "extras": 0,
                "total": 0
              }
            },
            {
              "batter": "Sulaimon Runsewe",
              "bowler": "Adil Butt",
              "non_striker": "A Shreshta",
              "runs": {
                "batter": 4,
                "extras": 0,
                "total": 4
              }
            },
            {
              "batter": "Sulaimon Runsewe",
              "bowler": "Adil Butt",
              "non_striker": "A Shreshta",
              "runs": {
                "batter": 0,
                "extras": 0,
                "total": 0
              }
            }
          ]
        },
        {
          "over": 3,
          "deliveries": [
            {
              "batter": "A Shreshta",
              "bowler": "D Polpitiya",
              "non_striker": "Sulaimon Runsewe",
              "runs": {
                "batter": 2,
                "extras": 0,
                "total": 2
              }
            },
            {
              "batter": "A Shreshta",
              "bowler": "D Polpitiya",
              "non_striker": "Sulaimon Runsewe",
              "runs": {
                "batter": 4,
                "extras": 0,
                "total": 4
              }
            },
            {
              "batter": "A Shreshta",
              "bowler": "D Polpitiya",
              "non_striker": "Sulaimon Runsewe",
              "runs": {
                "batter": 4,
                "extras": 0,
                "total": 4
              }
            },
            {
              "batter": "A Shreshta",
              "bowler": "D Polpitiya",
              "extras": {
                "byes": 4
              },
              "non_striker": "Sulaimon Runsewe",
              "runs": {
                "batter": 0,
                "extras": 4,
                "total": 4
              }
            },
            {
              "batter": "A Shreshta",
              "bowler": "D Polpitiya",
              "non_striker": "Sulaimon Runsewe",
              "runs": {
                "batter": 3,
                "extras": 0,
                "total": 3
              }
            },
            {
              "batter": "Sulaimon Runsewe",
              "bowler": "D Polpitiya",
              "extras": {
                "byes": 4
              },
              "non_striker": "A Shreshta",
              "runs": {
                "batter": 0,
                "extras": 4,
                "total": 4
              }
            }
          ]
        },
        {
          "over": 4,
          "deliveries": [
            {
              "batter": "A Shreshta",
              "bowler": "Umair Qasim",
              "extras": {
                "wides": 4
              },
              "non_striker": "Sulaimon Runsewe",
              "runs": {
                "batter": 0,
                "extras": 4,
                "total": 4
              }
            },
            {
              "batter": "Sulaimon Runsewe",
              "bowler": "Umair Qasim",
              "non_striker": "A Shreshta",
              "runs": {
                "batter": 0,
                "extras": 0,
                "total": 0
              }
            },
            {
              "batter": "Sulaimon Runsewe",
              "bowler": "Umair Qasim",
              "non_striker": "A Shreshta",
              "runs": {
                "batter": 2,
                "extras": 0,
                "total": 2
              }
            },
            {
              "batter": "Sulaimon Runsewe",
              "bowler": "Umair Qasim",
              "non_striker": "A Shreshta",
              "runs": {
                "batter": 0,
                "extras": 0,
                "total": 0
              }
            },
            {
              "batter": "Sulaimon Runsewe",
              "bowler": "Umair Qasim",
              "non_striker": "A Shreshta",
              "runs": {
                "batter": 4,
                "extras": 0,
                "total": 4
              }
            },
            {
              "batter": "Sulaimon Runsewe",
              "bowler": "Umair Qasim",
              "non_striker": "A Shreshta",
              "runs": {
                "batter": 1,
                "extras": 0,
                "total": 1
              }
            },
            {
              "batter": "A Shreshta",
              "bowler": "Umair Qasim",
              "non_striker": "Sulaimon Runsewe",
              "runs": {
                "batter": 1,
                "extras": 0,
                "total": 1
              }
            }
          ]
        },
        {
          "over": 5,
          "deliveries": [
            {
              "batter": "A Shreshta",
              "bowler": "D Polpitiya",
              "non_striker": "Sulaimon Runsewe",
              "runs": {
                "batter": 0,
                "extras": 0,
                "total": 0
              }
            },
            {
              "batter": "A Shreshta",
              "bowler": "D Polpitiya",
              "non_striker": "Sulaimon Runsewe",
              "runs": {
                "batter": 1,
                "extras": 0,
                "total": 1
              }
            },
            {
              "batter": "Sulaimon Runsewe",
              "bowler": "D Polpitiya",
              "non_striker": "A Shreshta",
              "runs": {
                "batter": 0,
                "extras": 0,
                "total": 0
              }
            },
            {
              "batter": "Sulaimon Runsewe",
              "bowler": "D Polpitiya",
              "non_striker": "A Shreshta",
              "runs": {
                "batter": 1,
                "extras": 0,
                "total": 1
              }
            },
            {
              "batter": "A Shreshta",
              "bowler": "D Polpitiya",
              "non_striker": "Sulaimon Runsewe",
              "runs": {
                "batter": 4,
                "extras": 0,
                "total": 4
              }
            },
            {
              "batter": "A Shreshta",
              "bowler": "D Polpitiya",
              "non_striker": "Sulaimon Runsewe",
              "runs": {
                "batter": 0,
                "extras": 0,
                "total": 0
              }
            }
          ]
        },
        {
          "over": 6,
          "deliveries": [
            {
              "batter": "Sulaimon Runsewe",
              "bowler": "Umair Qasim",
              "non_striker": "A Shreshta",
              "runs": {
                "batter": 1,
                "extras": 0,
                "total": 1
              }
            },
            {
              "batter": "A Shreshta",
              "bowler": "Umair Qasim",
              "non_striker": "Sulaimon Runsewe",
              "runs": {
                "batter": 0,
                "extras": 0,
                "total": 0
              }
            },
            {
              "batter": "A Shreshta",
              "bowler": "Umair Qasim",
              "non_striker": "Sulaimon Runsewe",
              "runs": {
                "batter": 1,
                "extras": 0,
                "total": 1
              }
            },
            {
              "batter": "Sulaimon Runsewe",
              "bowler": "Umair Qasim",
              "non_striker": "A Shreshta",
              "runs": {
                "batter": 1,
                "extras": 0,
                "total": 1
              }
            },
            {
              "batter": "A Shreshta",
              "bowler": "Umair Qasim",
              "non_striker": "Sulaimon Runsewe",
              "runs": {
                "batter": 4,
                "extras": 0,
                "total": 4
              }
            },
            {
              "batter": "A Shreshta",
              "bowler": "Umair Qasim",
              "non_striker": "Sulaimon Runsewe",
              "runs": {
                "batter": 1,
                "extras": 0,
                "total": 1
              }
            }
          ]
        },
        {
          "over": 7,
          "deliveries": [
            {
              "batter": "A Shreshta",
              "bowler": "D Polpitiya",
              "non_striker": "Sulaimon Runsewe",
              "runs": {
                "batter": 1,
                "extras": 0,
                "total": 1
              }
            },
            {
              "batter": "Sulaimon Runsewe",
              "bowler": "D Polpitiya",
              "non_striker": "A Shreshta",
              "runs": {
                "batter": 0,
                "extras": 0,
                "total": 0
              },
              "wickets": [
                {
                  "player_out": "Sulaimon Runsewe",
                  "kind": "bowled"
                }
              ]
            },
            {
              "batter": "JO Adedeji",
              "bowler": "D Polpitiya",
              "non_striker": "A Shreshta",
              "runs": {
                "batter": 0,
                "extras": 0,
                "total": 0
              }
            },
            {
              "batter": "JO Adedeji",
              "bowler": "D Polpitiya",
              "non_striker": "A Shreshta",
              "runs": {
                "batter": 1,
                "extras": 0,
                "total": 1
              }
            },
            {
              "batter": "A Shreshta",
              "bowler": "D Polpitiya",
              "extras": {
                "wides": 1
              },
              "non_striker": "JO Adedeji",
              "runs": {
                "batter": 0,
                "extras": 1,
                "total": 1
              }
            },
            {
              "batter": "A Shreshta",
              "bowler": "D Polpitiya",
              "non_striker": "JO Adedeji",
              "runs": {
                "batter": 4,
                "extras": 0,
                "total": 4
              }
            },
            {
              "batter": "A Shreshta",
              "bowler": "D Polpitiya",
              "non_striker": "JO Adedeji",
              "runs": {
                "batter": 0,
                "extras": 0,
                "total": 0
              }
            }
          ]
        },
        {
          "over": 8,
          "deliveries": [
            {
              "batter": "JO Adedeji",
              "bowler": "Umair Qasim",
              "non_striker": "A Shreshta",
              "runs": {
                "batter": 1,
                "extras": 0,
                "total": 1
              }
            },
            {
              "batter": "A Shreshta",
              "bowler": "Umair Qasim",
              "non_striker": "JO Adedeji",
              "runs": {
                "batter": 1,
                "extras": 0,
                "total": 1
              }
            },
            {
              "batter": "JO Adedeji",
              "bowler": "Umair Qasim",
              "extras": {
                "wides": 1
              },
              "non_striker": "A Shreshta",
              "runs": {
                "batter": 0,
                "extras": 1,
                "total": 1
              }
            },
            {
              "batter": "JO Adedeji",
              "bowler": "Umair Qasim",
              "extras": {
                "wides": 5
              },
              "non_striker": "A Shreshta",
              "runs": {
                "batter": 0,
                "extras": 5,
                "total": 5
              }
            },
            {
              "batter": "JO Adedeji",
              "bowler": "Umair Qasim",
              "non_striker": "A Shreshta",
              "runs": {
                "batter": 1,
                "extras": 0,
                "total": 1
              }
            },
            {
              "batter": "A Shreshta",
              "bowler": "Umair Qasim",
              "non_striker": "JO Adedeji",
              "runs": {
                "batter": 1,
                "extras": 0,
                "total": 1
              }
            },
            {
              "batter": "JO Adedeji",
              "bowler": "Umair Qasim",
              "non_striker": "A Shreshta",
              "runs": {
                "batter": 0,
                "extras": 0,
                "total": 0
              }
            },
            {
              "batter": "JO Adedeji",
              "bowler": "Umair Qasim",
              "non_striker": "A Shreshta",
              "runs": {
                "batter": 0,
                "extras": 0,
                "total": 0
              }
            }
          ]
        },
        {
          "over": 9,
          "deliveries": [
            {
              "batter": "A Shreshta",
              "bowler": "H Rashid",
              "non_striker": "JO Adedeji",
              "runs": {
                "batter": 0,
                "extras": 0,
                "total": 0
              }
            },
            {
              "batter": "A Shreshta",
              "bowler": "H Rashid",
              "extras": {
                "wides": 1
              },
              "non_striker": "JO Adedeji",
              "runs": {
                "batter": 0,
                "extras": 1,
                "total": 1
              }
            },
            {
              "batter": "A Shreshta",
              "bowler": "H Rashid",
              "non_striker": "JO Adedeji",
              "runs": {
                "batter": 0,
                "extras": 0,
                "total": 0
              }
            },
            {
              "batter": "A Shreshta",
              "bowler": "H Rashid",
              "non_striker": "JO Adedeji",
              "runs": {
                "batter": 2,
                "extras": 0,
                "total": 2
              }
            },
            {
              "batter": "A Shreshta",
              "bowler": "H Rashid",
              "non_striker": "JO Adedeji",
              "runs": {
                "batter": 1,
                "extras": 0,
                "total": 1
              }
            },
            {
              "batter": "JO Adedeji",
              "bowler": "H Rashid",
              "non_striker": "A Shreshta",
              "runs": {
                "batter": 1,
                "extras": 0,
                "total": 1
              }
            },
            {
              "batter": "A Shreshta",
              "bowler": "H Rashid",
              "non_striker": "JO Adedeji",
              "runs": {
                "batter": 1,
                "extras": 0,
                "total": 1
              }
            }
          ]
        },
        {
          "over": 10,
          "deliveries": [
            {
              "batter": "A Shreshta",
              "bowler": "Umair Qasim",
              "non_striker": "JO Adedeji",
              "runs": {
                "batter": 2,
                "extras": 0,
                "total": 2
              }
            },
            {
              "batter": "A Shreshta",
              "bowler": "Umair Qasim",
              "non_striker": "JO Adedeji",
              "runs": {
                "batter": 1,
                "extras": 0,
                "total": 1
              }
            },
            {
              "batter": "JO Adedeji",
              "bowler": "Umair Qasim",
              "non_striker": "A Shreshta",
              "runs": {
                "batter": 0,
                "extras": 0,
                "total": 0
              }
            },
            {
              "batter": "JO Adedeji",
              "bowler": "Umair Qasim",
              "non_striker": "A Shreshta",
              "runs": {
                "batter": 1,
                "extras": 0,
                "total": 1
              }
            },
            {
              "batter": "A Shreshta",
              "bowler": "Umair Qasim",
              "non_striker": "JO Adedeji",
              "runs": {
                "batter": 2,
                "extras": 0,
                "total": 2
              }
            },
            {
              "batter": "A Shreshta",
              "bowler": "Umair Qasim",
              "non_striker": "JO Adedeji",
              "runs": {
                "batter": 1,
                "extras": 0,
                "total": 1
              }
            }
          ]
        },
        {
          "over": 11,
          "deliveries": [
            {
              "batter": "A Shreshta",
              "bowler": "H Rashid",
              "non_striker": "JO Adedeji",
              "runs": {
                "batter": 1,
                "extras": 0,
                "total": 1
              }
            },
            {
              "batter": "JO Adedeji",
              "bowler": "H Rashid",
              "non_striker": "A Shreshta",
              "runs": {
                "batter": 0,
                "extras": 0,
                "total": 0
              }
            },
            {
              "batter": "JO Adedeji",
              "bowler": "H Rashid",
              "non_striker": "A Shreshta",
              "runs": {
                "batter": 0,
                "extras": 0,
                "total": 0
              }
            },
            {
              "batter": "JO Adedeji",
              "bowler": "H Rashid",
              "non_striker": "A Shreshta",
              "runs": {
                "batter": 1,
                "extras": 0,
                "total": 1
              }
            },
            {
              "batter": "A Shreshta",
              "bowler": "H Rashid",
              "non_striker": "JO Adedeji",
              "runs": {
                "batter": 0,
                "extras": 0,
                "total": 0
              }
            },
            {
              "batter": "A Shreshta",
              "bowler": "H Rashid",
              "non_striker": "JO Adedeji",
              "runs": {
                "batter": 1,
                "extras": 0,
                "total": 1
              }
            }
          ]
        },
        {
          "over": 12,
          "deliveries": [
            {
              "batter": "A Shreshta",
              "bowler": "M Magagula",
              "non_striker": "JO Adedeji",
              "runs": {
                "batter": 1,
                "extras": 0,
                "total": 1
              }
            },
            {
              "batter": "JO Adedeji",
              "bowler": "M Magagula",
              "non_striker": "A Shreshta",
              "runs": {
                "batter": 0,
                "extras": 0,
                "total": 0
              }
            },
            {
              "batter": "JO Adedeji",
              "bowler": "M Magagula",
              "non_striker": "A Shreshta",
              "runs": {
                "batter": 4,
                "extras": 0,
                "total": 4
              }
            },
            {
              "batter": "JO Adedeji",
              "bowler": "M Magagula",
              "extras": {
                "wides": 2
              },
              "non_striker": "A Shreshta",
              "runs": {
                "batter": 0,
                "extras": 2,
                "total": 2
              }
            },
            {
              "batter": "A Shreshta",
              "bowler": "M Magagula",
              "non_striker": "JO Adedeji",
              "runs": {
                "batter": 2,
                "extras": 0,
                "total": 2
              }
            },
            {
              "batter": "A Shreshta",
              "bowler": "M Magagula",
              "non_striker": "JO Adedeji",
              "runs": {
                "batter": 2,
                "extras": 0,
                "total": 2
              }
            },
            {
              "batter": "A Shreshta",
              "bowler": "M Magagula",
              "extras": {
                "legbyes": 1
              },
              "non_striker": "JO Adedeji",
              "runs": {
                "batter": 0,
                "extras": 1,
                "total": 1
              }
            }
          ]
        },
        {
          "over": 13,
          "deliveries": [
            {
              "batter": "A Shreshta",
              "bowler": "H Rashid",
              "non_striker": "JO Adedeji",
              "runs": {
                "batter": 4,
                "extras": 0,
                "total": 4
              }
            },
            {
              "batter": "A Shreshta",
              "bowler": "H Rashid",
              "non_striker": "JO Adedeji",
              "runs": {
                "batter": 1,
                "extras": 0,
                "total": 1
              }
            },
            {
              "batter": "JO Adedeji",
              "bowler": "H Rashid",
              "non_striker": "A Shreshta",
              "runs": {
                "batter": 2,
                "extras": 0,
                "total": 2
              }
            },
            {
              "batter": "JO Adedeji",
              "bowler": "H Rashid",
              "non_striker": "A Shreshta",
              "runs": {
                "batter": 0,
                "extras": 0,
                "total": 0
              }
            },
            {
              "batter": "JO Adedeji",
              "bowler": "H Rashid",
              "non_striker": "A Shreshta",
              "runs": {
                "batter": 2,
                "extras": 0,
                "total": 2
              }
            },
            {
              "batter": "JO Adedeji",
              "bowler": "H Rashid",
              "non_striker": "A Shreshta",
              "runs": {
                "batter": 0,
                "extras": 0,
                "total": 0
              }
            }
          ]
        },
        {
          "over": 14,
          "deliveries": [
            {
              "batter": "A Shreshta",
              "bowler": "M Magagula",
              "non_striker": "JO Adedeji",
              "runs": {
                "batter": 1,
                "extras": 0,
                "total": 1
              }
            },
            {
              "batter": "JO Adedeji",
              "bowler": "M Magagula",
              "non_striker": "A Shreshta",
              "runs": {
                "batter": 0,
                "extras": 0,
                "total": 0
              },
              "wickets": [
                {
                  "player_out": "JO Adedeji",
                  "fielders": [
                    {
                      "name": "Umair Qasim"
                    }
                  ],
                  "kind": "caught"
                }
              ]
            },
            {
              "batter": "CN Onwuzulike",
              "bowler": "M Magagula",
              "non_striker": "A Shreshta",
              "runs": {
                "batter": 4,
                "extras": 0,
                "total": 4
              }
            },
            {
              "batter": "CN Onwuzulike",
              "bowler": "M Magagula",
              "extras": {
                "wides": 1
              },
              "non_striker": "A Shreshta",
              "runs": {
                "batter": 0,
                "extras": 1,
                "total": 1
              }
            },
            {
              "batter": "CN Onwuzulike",
              "bowler": "M Magagula",
              "non_striker": "A Shreshta",
              "runs": {
                "batter": 4,
                "extras": 0,
                "total": 4
              }
            },
            {
              "batter": "CN Onwuzulike",
              "bowler": "M Magagula",
              "non_striker": "A Shreshta",
              "runs": {
                "batter": 0,
                "extras": 0,
                "total": 0
              },
              "wickets": [
                {
                  "player_out": "CN Onwuzulike",
                  "fielders": [
                    {
                      "name": "Adil Butt"
                    }
                  ],
                  "kind": "caught"
                }
              ]
            },
            {
              "batter": "IO Okpe",
              "bowler": "M Magagula",
              "non_striker": "A Shreshta",
              "runs": {
                "batter": 0,
                "extras": 0,
                "total": 0
              }
            }
          ]
        },
        {
          "over": 15,
          "deliveries": [
            {
              "batter": "A Shreshta",
              "bowler": "H Rashid",
              "non_striker": "IO Okpe",
              "runs": {
                "batter": 2,
                "extras": 0,
                "total": 2
              }
            },
            {
              "batter": "A Shreshta",
              "bowler": "H Rashid",
              "non_striker": "IO Okpe",
              "runs": {
                "batter": 1,
                "extras": 0,
                "total": 1
              }
            },
            {
              "batter": "IO Okpe",
              "bowler": "H Rashid",
              "non_striker": "A Shreshta",
              "runs": {
                "batter": 2,
                "extras": 0,
                "total": 2
              }
            },
            {
              "batter": "IO Okpe",
              "bowler": "H Rashid",
              "non_striker": "A Shreshta",
              "runs": {
                "batter": 1,
                "extras": 0,
                "total": 1
              }
            },
            {
              "batter": "A Shreshta",
              "bowler": "H Rashid",
              "non_striker": "IO Okpe",
              "runs": {
                "batter": 1,
                "extras": 0,
                "total": 1
              }
            },
            {
              "batter": "IO Okpe",
              "bowler": "H Rashid",
              "non_striker": "A Shreshta",
              "runs": {
                "batter": 6,
                "extras": 0,
                "total": 6
              }
            }
          ]
        },
        {
          "over": 16,
          "deliveries": [
            {
              "batter": "A Shreshta",
              "bowler": "M Magagula",
              "non_striker": "IO Okpe",
              "runs": {
                "batter": 6,
                "extras": 0,
                "total": 6
              }
            },
            {
              "batter": "A Shreshta",
              "bowler": "M Magagula",
              "extras": {
                "wides": 3
              },
              "non_striker": "IO Okpe",
              "runs": {
                "batter": 0,
                "extras": 3,
                "total": 3
              }
            },
            {
              "batter": "A Shreshta",
              "bowler": "M Magagula",
              "non_striker": "IO Okpe",
              "runs": {
                "batter": 2,
                "extras": 0,
                "total": 2
              }
            },
            {
              "batter": "A Shreshta",
              "bowler": "M Magagula",
              "non_striker": "IO Okpe",
              "runs": {
                "batter": 4,
                "extras": 0,
                "total": 4
              }
            },
            {
              "batter": "A Shreshta",
              "bowler": "M Magagula",
              "non_striker": "IO Okpe",
              "runs": {
                "batter": 0,
                "extras": 0,
                "total": 0
              },
              "wickets": [
                {
                  "player_out": "A Shreshta",
                  "kind": "bowled"
                }
              ]
            },
            {
              "batter": "P Useni",
              "bowler": "M Magagula",
              "non_striker": "IO Okpe",
              "runs": {
                "batter": 3,
                "extras": 0,
                "total": 3
              }
            },
            {
              "batter": "IO Okpe",
              "bowler": "M Magagula",
              "non_striker": "P Useni",
              "runs": {
                "batter": 2,
                "extras": 0,
                "total": 2
              }
            }
          ]
        },
        {
          "over": 17,
          "deliveries": [
            {
              "batter": "P Useni",
              "bowler": "Adil Butt",
              "non_striker": "IO Okpe",
              "runs": {
                "batter": 4,
                "extras": 0,
                "total": 4
              }
            },
            {
              "batter": "P Useni",
              "bowler": "Adil Butt",
              "non_striker": "IO Okpe",
              "runs": {
                "batter": 2,
                "extras": 0,
                "total": 2
              }
            },
            {
              "batter": "P Useni",
              "bowler": "Adil Butt",
              "non_striker": "IO Okpe",
              "runs": {
                "batter": 0,
                "extras": 0,
                "total": 0
              },
              "wickets": [
                {
                  "player_out": "P Useni",
                  "kind": "bowled"
                }
              ]
            },
            {
              "batter": "SA Okpe",
              "bowler": "Adil Butt",
              "extras": {
                "legbyes": 1
              },
              "non_striker": "IO Okpe",
              "runs": {
                "batter": 0,
                "extras": 1,
                "total": 1
              }
            },
            {
              "batter": "IO Okpe",
              "bowler": "Adil Butt",
              "non_striker": "SA Okpe",
              "runs": {
                "batter": 4,
                "extras": 0,
                "total": 4
              }
            },
            {
              "batter": "IO Okpe",
              "bowler": "Adil Butt",
              "non_striker": "SA Okpe",
              "runs": {
                "batter": 4,
                "extras": 0,
                "total": 4
              }
            }
          ]
        },
        {
          "over": 18,
          "deliveries": [
            {
              "batter": "SA Okpe",
              "bowler": "M Magagula",
              "non_striker": "IO Okpe",
              "runs": {
                "batter": 1,
                "extras": 0,
                "total": 1
              }
            },
            {
              "batter": "IO Okpe",
              "bowler": "M Magagula",
              "non_striker": "SA Okpe",
              "runs": {
                "batter": 2,
                "extras": 0,
                "total": 2
              }
            },
            {
              "batter": "IO Okpe",
              "bowler": "M Magagula",
              "non_striker": "SA Okpe",
              "runs": {
                "batter": 6,
                "extras": 0,
                "total": 6
              }
            },
            {
              "batter": "IO Okpe",
              "bowler": "M Magagula",
              "non_striker": "SA Okpe",
              "runs": {
                "batter": 6,
                "extras": 0,
                "total": 6
              }
            },
            {
              "batter": "IO Okpe",
              "bowler": "M Magagula",
              "non_striker": "SA Okpe",
              "runs": {
                "batter": 2,
                "extras": 0,
                "total": 2
              }
            },
            {
              "batter": "IO Okpe",
              "bowler": "M Magagula",
              "non_striker": "SA Okpe",
              "runs": {
                "batter": 4,
                "extras": 0,
                "total": 4
              }
            }
          ]
        },
        {
          "over": 19,
          "deliveries": [
            {
              "batter": "SA Okpe",
              "bowler": "Adil Butt",
              "non_striker": "IO Okpe",
              "runs": {
                "batter": 0,
                "extras": 0,
                "total": 0
              },
              "wickets": [
                {
                  "player_out": "SA Okpe",
                  "fielders": [
                    {
                      "name": "Adil Butt"
                    }
                  ],
                  "kind": "run out"
                }
              ]
            },
            {
              "batter": "IO Okpe",
              "bowler": "Adil Butt",
              "non_striker": "AE Isesele",
              "runs": {
                "batter": 2,
                "extras": 0,
                "total": 2
              }
            },
            {
              "batter": "IO Okpe",
              "bowler": "Adil Butt",
              "non_striker": "AE Isesele",
              "runs": {
                "batter": 4,
                "extras": 0,
                "total": 4
              }
            },
            {
              "batter": "IO Okpe",
              "bowler": "Adil Butt",
              "non_striker": "AE Isesele",
              "runs": {
                "batter": 2,
                "extras": 0,
                "total": 2
              }
            },
            {
              "batter": "IO Okpe",
              "bowler": "Adil Butt",
              "non_striker": "AE Isesele",
              "runs": {
                "batter": 6,
                "extras": 0,
                "total": 6
              }
            },
            {
              "batter": "IO Okpe",
              "bowler": "Adil Butt",
              "non_striker": "AE Isesele",
              "runs": {
                "batter": 0,
                "extras": 0,
                "total": 0
              },
              "wickets": [
                {
                  "player_out": "IO Okpe",
                  "kind": "bowled"
                }
              ]
            }
          ]
        }
      ],
      "powerplays": [
        {
          "from": 0.1,
          "to": 5.6,
          "type": "mandatory"
        }
      ]
    },
    {
      "team": "Eswatini",
      "overs": [
        {
          "over": 0,
          "deliveries": [
            {
              "batter": "T Sandeep",
              "bowler": "P Aho",
              "non_striker": "C Forbes",
              "runs": {
                "batter": 1,
                "extras": 0,
                "total": 1
              }
            },
            {
              "batter": "C Forbes",
              "bowler": "P Aho",
              "non_striker": "T Sandeep",
              "runs": {
                "batter": 0,
                "extras": 0,
                "total": 0
              }
            },
            {
              "batter": "C Forbes",
              "bowler": "P Aho",
              "non_striker": "T Sandeep",
              "runs": {
                "batter": 0,
                "extras": 0,
                "total": 0
              }
            },
            {
              "batter": "C Forbes",
              "bowler": "P Aho",
              "non_striker": "T Sandeep",
              "runs": {
                "batter": 0,
                "extras": 0,
                "total": 0
              }
            },
            {
              "batter": "C Forbes",
              "bowler": "P Aho",
              "non_striker": "T Sandeep",
              "runs": {
                "batter": 0,
                "extras": 0,
                "total": 0
              }
            },
            {
              "batter": "C Forbes",
              "bowler": "P Aho",
              "non_striker": "T Sandeep",
              "runs": {
                "batter": 0,
                "extras": 0,
                "total": 0
              }
            }
          ]
        },
        {
          "over": 1,
          "deliveries": [
            {
              "batter": "T Sandeep",
              "bowler": "P Useni",
              "non_striker": "C Forbes",
              "runs": {
                "batter": 0,
                "extras": 0,
                "total": 0
              }
            },
            {
              "batter": "T Sandeep",
              "bowler": "P Useni",
              "non_striker": "C Forbes",
              "runs": {
                "batter": 0,
                "extras": 0,
                "total": 0
              }
            },
            {
              "batter": "T Sandeep",
              "bowler": "P Useni",
              "non_striker": "C Forbes",
              "runs": {
                "batter": 0,
                "extras": 0,
                "total": 0
              }
            },
            {
              "batter": "T Sandeep",
              "bowler": "P Useni",
              "non_striker": "C Forbes",
              "runs": {
                "batter": 2,
                "extras": 0,
                "total": 2
              }
            },
            {
              "batter": "T Sandeep",
              "bowler": "P Useni",
              "non_striker": "C Forbes",
              "runs": {
                "batter": 0,
                "extras": 0,
                "total": 0
              },
              "wickets": [
                {
                  "player_out": "T Sandeep",
                  "fielders": [
                    {
                      "name": "A Shreshta"
                    }
                  ],
                  "kind": "caught"
                }
              ]
            },
            {
              "batter": "Adil Butt",
              "bowler": "P Useni",
              "non_striker": "C Forbes",
              "runs": {
                "batter": 0,
                "extras": 0,
                "total": 0
              }
            }
          ]
        },
        {
          "over": 2,
          "deliveries": [
            {
              "batter": "C Forbes",
              "bowler": "P Aho",
              "non_striker": "Adil Butt",
              "runs": {
                "batter": 4,
                "extras": 0,
                "total": 4
              }
            },
            {
              "batter": "C Forbes",
              "bowler": "P Aho",
              "extras": {
                "byes": 4
              },
              "non_striker": "Adil Butt",
              "runs": {
                "batter": 0,
                "extras": 4,
                "total": 4
              }
            },
            {
              "batter": "C Forbes",
              "bowler": "P Aho",
              "non_striker": "Adil Butt",
              "runs": {
                "batter": 0,
                "extras": 0,
                "total": 0
              }
            },
            {
              "batter": "C Forbes",
              "bowler": "P Aho",
              "non_striker": "Adil Butt",
              "runs": {
                "batter": 1,
                "extras": 0,
                "total": 1
              }
            },
            {
              "batter": "Adil Butt",
              "bowler": "P Aho",
              "non_striker": "C Forbes",
              "runs": {
                "batter": 1,
                "extras": 0,
                "total": 1
              }
            },
            {
              "batter": "C Forbes",
              "bowler": "P Aho",
              "non_striker": "Adil Butt",
              "runs": {
                "batter": 0,
                "extras": 0,
                "total": 0
              }
            }
          ]
        },
        {
          "over": 3,
          "deliveries": [
            {
              "batter": "Adil Butt",
              "bowler": "P Useni",
              "non_striker": "C Forbes",
              "runs": {
                "batter": 0,
                "extras": 0,
                "total": 0
              }
            },
            {
              "batter": "Adil Butt",
              "bowler": "P Useni",
              "non_striker": "C Forbes",
              "runs": {
                "batter": 0,
                "extras": 0,
                "total": 0
              }
            },
            {
              "batter": "Adil Butt",
              "bowler": "P Useni",
              "non_striker": "C Forbes",
              "runs": {
                "batter": 0,
                "extras": 0,
                "total": 0
              }
            },
            {
              "batter": "Adil Butt",
              "bowler": "P Useni",
              "non_striker": "C Forbes",
              "runs": {
                "batter": 0,
                "extras": 0,
                "total": 0
              }
            },
            {
              "batter": "Adil Butt",
              "bowler": "P Useni",
              "non_striker": "C Forbes",
              "runs": {
                "batter": 0,
                "extras": 0,
                "total": 0
              }
            },
            {
              "batter": "Adil Butt",
              "bowler": "P Useni",
              "non_striker": "C Forbes",
              "runs": {
                "batter": 1,
                "extras": 0,
                "total": 1
              }
            }
          ]
        },
        {
          "over": 4,
          "deliveries": [
            {
              "batter": "Adil Butt",
              "bowler": "C Udekwe",
              "non_striker": "C Forbes",
              "runs": {
                "batter": 4,
                "extras": 0,
                "total": 4
              }
            },
            {
              "batter": "Adil Butt",
              "bowler": "C Udekwe",
              "non_striker": "C Forbes",
              "runs": {
                "batter": 1,
                "extras": 0,
                "total": 1
              }
            },
            {
              "batter": "C Forbes",
              "bowler": "C Udekwe",
              "non_striker": "Adil Butt",
              "runs": {
                "batter": 0,
                "extras": 0,
                "total": 0
              }
            },
            {
              "batter": "C Forbes",
              "bowler": "C Udekwe",
              "extras": {
                "wides": 5
              },
              "non_striker": "Adil Butt",
              "runs": {
                "batter": 0,
                "extras": 5,
                "total": 5
              }
            },
            {
              "batter": "C Forbes",
              "bowler": "C Udekwe",
              "non_striker": "Adil Butt",
              "runs": {
                "batter": 0,
                "extras": 0,
                "total": 0
              }
            },
            {
              "batter": "C Forbes",
              "bowler": "C Udekwe",
              "non_striker": "Adil Butt",
              "runs": {
                "batter": 2,
                "extras": 0,
                "total": 2
              }
            },
            {
              "batter": "C Forbes",
              "bowler": "C Udekwe",
              "non_striker": "Adil Butt",
              "runs": {
                "batter": 0,
                "extras": 0,
                "total": 0
              }
            }
          ]
        },
        {
          "over": 5,
          "deliveries": [
            {
              "batter": "Adil Butt",
              "bowler": "P Useni",
              "non_striker": "C Forbes",
              "runs": {
                "batter": 0,
                "extras": 0,
                "total": 0
              }
            },
            {
              "batter": "Adil Butt",
              "bowler": "P Useni",
              "non_striker": "C Forbes",
              "runs": {
                "batter": 4,
                "extras": 0,
                "total": 4
              }
            },
            {
              "batter": "Adil Butt",
              "bowler": "P Useni",
              "non_striker": "C Forbes",
              "runs": {
                "batter": 4,
                "extras": 0,
                "total": 4
              }
            },
            {
              "batter": "Adil Butt",
              "bowler": "P Useni",
              "non_striker": "C Forbes",
              "runs": {
                "batter": 1,
                "extras": 0,
                "total": 1
              }
            },
            {
              "batter": "C Forbes",
              "bowler": "P Useni",
              "non_striker": "Adil Butt",
              "runs": {
                "batter": 0,
                "extras": 0,
                "total": 0
              }
            },
            {
              "batter": "C Forbes",
              "bowler": "P Useni",
              "non_striker": "Adil Butt",
              "runs": {
                "batter": 4,
                "extras": 0,
                "total": 4
              }
            }
          ]
        },
        {
          "over": 6,
          "deliveries": [
            {
              "batter": "Adil Butt",
              "bowler": "C Udekwe",
              "non_striker": "C Forbes",
              "runs": {
                "batter": 0,
                "extras": 0,
                "total": 0
              }
            },
            {
              "batter": "Adil Butt",
              "bowler": "C Udekwe",
              "non_striker": "C Forbes",
              "runs": {
                "batter": 4,
                "extras": 0,
                "total": 4
              }
            },
            {
              "batter": "Adil Butt",
              "bowler": "C Udekwe",
              "non_striker": "C Forbes",
              "runs": {
                "batter": 1,
                "extras": 0,
                "total": 1
              }
            },
            {
              "batter": "C Forbes",
              "bowler": "C Udekwe",
              "non_striker": "Adil Butt",
              "runs": {
                "batter": 0,
                "extras": 0,
                "total": 0
              }
            },
            {
              "batter": "C Forbes",
              "bowler": "C Udekwe",
              "non_striker": "Adil Butt",
              "runs": {
                "batter": 1,
                "extras": 0,
                "total": 1
              }
            },
            {
              "batter": "Adil Butt",
              "bowler": "C Udekwe",
              "non_striker": "C Forbes",
              "runs": {
                "batter": 4,
                "extras": 0,
                "total": 4
              }
            }
          ]
        },
        {
          "over": 7,
          "deliveries": [
            {
              "batter": "C Forbes",
              "bowler": "IO Okpe",
              "non_striker": "Adil Butt",
              "runs": {
                "batter": 1,
                "extras": 0,
                "total": 1
              }
            },
            {
              "batter": "Adil Butt",
              "bowler": "IO Okpe",
              "non_striker": "C Forbes",
              "runs": {
                "batter": 4,
                "extras": 0,
                "total": 4
              }
            },
            {
              "batter": "Adil Butt",
              "bowler": "IO Okpe",
              "non_striker": "C Forbes",
              "runs": {
                "batter": 0,
                "extras": 0,
                "total": 0
              }
            },
            {
              "batter": "Adil Butt",
              "bowler": "IO Okpe",
              "non_striker": "C Forbes",
              "runs": {
                "batter": 1,
                "extras": 0,
                "total": 1
              }
            },
            {
              "batter": "C Forbes",
              "bowler": "IO Okpe",
              "non_striker": "Adil Butt",
              "runs": {
                "batter": 0,
                "extras": 0,
                "total": 0
              }
            },
            {
              "batter": "C Forbes",
              "bowler": "IO Okpe",
              "non_striker": "Adil Butt",
              "runs": {
                "batter": 1,
                "extras": 0,
                "total": 1
              }
            }
          ]
        },
        {
          "over": 8,
          "deliveries": [
            {
              "batter": "C Forbes",
              "bowler": "SA Okpe",
              "non_striker": "Adil Butt",
              "runs": {
                "batter": 1,
                "extras": 0,
                "total": 1
              }
            },
            {
              "batter": "Adil Butt",
              "bowler": "SA Okpe",
              "non_striker": "C Forbes",
              "runs": {
                "batter": 0,
                "extras": 0,
                "total": 0
              }
            },
            {
              "batter": "Adil Butt",
              "bowler": "SA Okpe",
              "non_striker": "C Forbes",
              "runs": {
                "batter": 1,
                "extras": 0,
                "total": 1
              }
            },
            {
              "batter": "C Forbes",
              "bowler": "SA Okpe",
              "non_striker": "Adil Butt",
              "runs": {
                "batter": 1,
                "extras": 0,
                "total": 1
              }
            },
            {
              "batter": "Adil Butt",
              "bowler": "SA Okpe",
              "non_striker": "C Forbes",
              "runs": {
                "batter": 0,
                "extras": 0,
                "total": 0
              }
            },
            {
              "batter": "Adil Butt",
              "bowler": "SA Okpe",
              "non_striker": "C Forbes",
              "runs": {
                "batter": 1,
                "extras": 0,
                "total": 1
              }
            }
          ]
        },
        {
          "over": 9,
          "deliveries": [
            {
              "batter": "Adil Butt",
              "bowler": "IO Okpe",
              "non_striker": "C Forbes",
              "runs": {
                "batter": 1,
                "extras": 0,
                "total": 1
              }
            },
            {
              "batter": "C Forbes",
              "bowler": "IO Okpe",
              "non_striker": "Adil Butt",
              "runs": {
                "batter": 0,
                "extras": 0,
                "total": 0
              }
            },
            {
              "batter": "C Forbes",
              "bowler": "IO Okpe",
              "non_striker": "Adil Butt",
              "runs": {
                "batter": 0,
                "extras": 0,
                "total": 0
              }
            },
            {
              "batter": "C Forbes",
              "bowler": "IO Okpe",
              "non_striker": "Adil Butt",
              "runs": {
                "batter": 0,
                "extras": 0,
                "total": 0
              },
              "wickets": [
                {
                  "player_out": "C Forbes",
                  "fielders": [
                    {
                      "name": "A Shreshta"
                    }
                  ],
                  "kind": "caught"
                }
              ]
            },
            {
              "batter": "Naeem Gull",
              "bowler": "IO Okpe",
              "non_striker": "Adil Butt",
              "runs": {
                "batter": 1,
                "extras": 0,
                "total": 1
              }
            },
            {
              "batter": "Adil Butt",
              "bowler": "IO Okpe",
              "non_striker": "Naeem Gull",
              "runs": {
                "batter": 1,
                "extras": 0,
                "total": 1
              }
            }
          ]
        },
        {
          "over": 10,
          "deliveries": [
            {
              "batter": "Adil Butt",
              "bowler": "SA Okpe",
              "non_striker": "Naeem Gull",
              "runs": {
                "batter": 4,
                "extras": 0,
                "total": 4
              }
            },
            {
              "batter": "Adil Butt",
              "bowler": "SA Okpe",
              "non_striker": "Naeem Gull",
              "runs": {
                "batter": 4,
                "extras": 0,
                "total": 4
              }
            },
            {
              "batter": "Adil Butt",
              "bowler": "SA Okpe",
              "non_striker": "Naeem Gull",
              "runs": {
                "batter": 0,
                "extras": 0,
                "total": 0
              }
            },
            {
              "batter": "Adil Butt",
              "bowler": "SA Okpe",
              "non_striker": "Naeem Gull",
              "runs": {
                "batter": 0,
                "extras": 0,
                "total": 0
              }
            },
            {
              "batter": "Adil Butt",
              "bowler": "SA Okpe",
              "non_striker": "Naeem Gull",
              "runs": {
                "batter": 2,
                "extras": 0,
                "total": 2
              }
            },
            {
              "batter": "Adil Butt",
              "bowler": "SA Okpe",
              "non_striker": "Naeem Gull",
              "runs": {
                "batter": 0,
                "extras": 0,
                "total": 0
              }
            }
          ]
        },
        {
          "over": 11,
          "deliveries": [
            {
              "batter": "Naeem Gull",
              "bowler": "P Aho",
              "non_striker": "Adil Butt",
              "runs": {
                "batter": 0,
                "extras": 0,
                "total": 0
              }
            },
            {
              "batter": "Naeem Gull",
              "bowler": "P Aho",
              "non_striker": "Adil Butt",
              "runs": {
                "batter": 0,
                "extras": 0,
                "total": 0
              }
            },
            {
              "batter": "Naeem Gull",
              "bowler": "P Aho",
              "non_striker": "Adil Butt",
              "runs": {
                "batter": 0,
                "extras": 0,
                "total": 0
              }
            },
            {
              "batter": "Naeem Gull",
              "bowler": "P Aho",
              "non_striker": "Adil Butt",
              "runs": {
                "batter": 0,
                "extras": 0,
                "total": 0
              }
            },
            {
              "batter": "Naeem Gull",
              "bowler": "P Aho",
              "non_striker": "Adil Butt",
              "runs": {
                "batter": 0,
                "extras": 0,
                "total": 0
              }
            },
            {
              "batter": "Naeem Gull",
              "bowler": "P Aho",
              "non_striker": "Adil Butt",
              "runs": {
                "batter": 1,
                "extras": 0,
                "total": 1
              }
            }
          ]
        },
        {
          "over": 12,
          "deliveries": [
            {
              "batter": "Naeem Gull",
              "bowler": "R Abdulkareem",
              "non_striker": "Adil Butt",
              "runs": {
                "batter": 1,
                "extras": 0,
                "total": 1
              }
            },
            {
              "batter": "Adil Butt",
              "bowler": "R Abdulkareem",
              "non_striker": "Naeem Gull",
              "runs": {
                "batter": 1,
                "extras": 0,
                "total": 1
              }
            },
            {
              "batter": "Naeem Gull",
              "bowler": "R Abdulkareem",
              "non_striker": "Adil Butt",
              "runs": {
                "batter": 0,
                "extras": 0,
                "total": 0
              }
            },
            {
              "batter": "Naeem Gull",
              "bowler": "R Abdulkareem",
              "non_striker": "Adil Butt",
              "runs": {
                "batter": 0,
                "extras": 0,
                "total": 0
              }
            },
            {
              "batter": "Naeem Gull",
              "bowler": "R Abdulkareem",
              "non_striker": "Adil Butt",
              "runs": {
                "batter": 0,
                "extras": 0,
                "total": 0
              }
            },
            {
              "batter": "Naeem Gull",
              "bowler": "R Abdulkareem",
              "non_striker": "Adil Butt",
              "runs": {
                "batter": 0,
                "extras": 0,
                "total": 0
              }
            }
          ]
        },
        {
          "over": 13,
          "deliveries": [
            {
              "batter": "Adil Butt",
              "bowler": "C Udekwe",
              "non_striker": "Naeem Gull",
              "runs": {
                "batter": 0,
                "extras": 0,
                "total": 0
              }
            },
            {
              "batter": "Adil Butt",
              "bowler": "C Udekwe",
              "non_striker": "Naeem Gull",
              "runs": {
                "batter": 4,
                "extras": 0,
                "total": 4
              }
            },
            {
              "batter": "Adil Butt",
              "bowler": "C Udekwe",
              "non_striker": "Naeem Gull",
              "runs": {
                "batter": 1,
                "extras": 0,
                "total": 1
              }
            },
            {
              "batter": "Naeem Gull",
              "bowler": "C Udekwe",
              "non_striker": "Adil Butt",
              "runs": {
                "batter": 0,
                "extras": 0,
                "total": 0
              }
            },
            {
              "batter": "Naeem Gull",
              "bowler": "C Udekwe",
              "non_striker": "Adil Butt",
              "runs": {
                "batter": 0,
                "extras": 0,
                "total": 0
              }
            },
            {
              "batter": "Naeem Gull",
              "bowler": "C Udekwe",
              "non_striker": "Adil Butt",
              "runs": {
                "batter": 4,
                "extras": 0,
                "total": 4
              }
            }
          ]
        },
        {
          "over": 14,
          "deliveries": [
            {
              "batter": "Adil Butt",
              "bowler": "R Abdulkareem",
              "non_striker": "Naeem Gull",
              "runs": {
                "batter": 0,
                "extras": 0,
                "total": 0
              }
            },
            {
              "batter": "Adil Butt",
              "bowler": "R Abdulkareem",
              "non_striker": "Naeem Gull",
              "runs": {
                "batter": 0,
                "extras": 0,
                "total": 0
              },
              "wickets": [
                {
                  "player_out": "Adil Butt",
                  "kind": "lbw"
                }
              ]
            },
            {
              "batter": "Umair Qasim",
              "bowler": "R Abdulkareem",
              "non_striker": "Naeem Gull",
              "runs": {
                "batter": 1,
                "extras": 0,
                "total": 1
              }
            },
            {
              "batter": "Naeem Gull",
              "bowler": "R Abdulkareem",
              "non_striker": "Umair Qasim",
              "runs": {
                "batter": 0,
                "extras": 0,
                "total": 0
              }
            },
            {
              "batter": "Naeem Gull",
              "bowler": "R Abdulkareem",
              "non_striker": "Umair Qasim",
              "runs": {
                "batter": 4,
                "extras": 0,
                "total": 4
              }
            },
            {
              "batter": "Naeem Gull",
              "bowler": "R Abdulkareem",
              "non_striker": "Umair Qasim",
              "runs": {
                "batter": 0,
                "extras": 0,
                "total": 0
              }
            }
          ]
        },
        {
          "over": 15,
          "deliveries": [
            {
              "batter": "Umair Qasim",
              "bowler": "IO Okpe",
              "non_striker": "Naeem Gull",
              "runs": {
                "batter": 0,
                "extras": 0,
                "total": 0
              }
            },
            {
              "batter": "Umair Qasim",
              "bowler": "IO Okpe",
              "non_striker": "Naeem Gull",
              "runs": {
                "batter": 1,
                "extras": 0,
                "total": 1
              }
            },
            {
              "batter": "Naeem Gull",
              "bowler": "IO Okpe",
              "extras": {
                "noballs": 1
              },
              "non_striker": "Umair Qasim",
              "runs": {
                "batter": 0,
                "extras": 1,
                "total": 1
              }
            },
            {
              "batter": "Naeem Gull",
              "bowler": "IO Okpe",
              "non_striker": "Umair Qasim",
              "runs": {
                "batter": 1,
                "extras": 0,
                "total": 1
              }
            },
            {
              "batter": "Umair Qasim",
              "bowler": "IO Okpe",
              "non_striker": "Naeem Gull",
              "runs": {
                "batter": 1,
                "extras": 0,
                "total": 1
              }
            },
            {
              "batter": "Naeem Gull",
              "bowler": "IO Okpe",
              "non_striker": "Umair Qasim",
              "runs": {
                "batter": 0,
                "extras": 0,
                "total": 0
              }
            },
            {
              "batter": "Naeem Gull",
              "bowler": "IO Okpe",
              "non_striker": "Umair Qasim",
              "runs": {
                "batter": 0,
                "extras": 0,
                "total": 0
              }
            }
          ]
        },
        {
          "over": 16,
          "deliveries": [
            {
              "batter": "Umair Qasim",
              "bowler": "R Abdulkareem",
              "non_striker": "Naeem Gull",
              "runs": {
                "batter": 0,
                "extras": 0,
                "total": 0
              }
            },
            {
              "batter": "Umair Qasim",
              "bowler": "R Abdulkareem",
              "non_striker": "Naeem Gull",
              "runs": {
                "batter": 0,
                "extras": 0,
                "total": 0
              },
              "wickets": [
                {
                  "player_out": "Umair Qasim",
                  "fielders": [
                    {
                      "name": "A Shreshta"
                    }
                  ],
                  "kind": "stumped"
                }
              ]
            },
            {
              "batter": "W Dlamini",
              "bowler": "R Abdulkareem",
              "non_striker": "Naeem Gull",
              "runs": {
                "batter": 1,
                "extras": 0,
                "total": 1
              }
            },
            {
              "batter": "Naeem Gull",
              "bowler": "R Abdulkareem",
              "non_striker": "W Dlamini",
              "runs": {
                "batter": 0,
                "extras": 0,
                "total": 0
              },
              "wickets": [
                {
                  "player_out": "Naeem Gull",
                  "kind": "bowled"
                }
              ]
            },
            {
              "batter": "H Rashid",
              "bowler": "R Abdulkareem",
              "non_striker": "W Dlamini",
              "runs": {
                "batter": 0,
                "extras": 0,
                "total": 0
              }
            },
            {
              "batter": "H Rashid",
              "bowler": "R Abdulkareem",
              "non_striker": "W Dlamini",
              "runs": {
                "batter": 0,
                "extras": 0,
                "total": 0
              }
            }
          ]
        },
        {
          "over": 17,
          "deliveries": [
            {
              "batter": "W Dlamini",
              "bowler": "P Useni",
              "non_striker": "H Rashid",
              "runs": {
                "batter": 0,
                "extras": 0,
                "total": 0
              }
            },
            {
              "batter": "W Dlamini",
              "bowler": "P Useni",
              "non_striker": "H Rashid",
              "runs": {
                "batter": 1,
                "extras": 0,
                "total": 1
              }
            },
            {
              "batter": "H Rashid",
              "bowler": "P Useni",
              "non_striker": "W Dlamini",
              "runs": {
                "batter": 0,
                "extras": 0,
                "total": 0
              },
              "wickets": [
                {
                  "player_out": "H Rashid",
                  "kind": "bowled"
                }
              ]
            },
            {
              "batter": "Eric Phiri",
              "bowler": "P Useni",
              "non_striker": "W Dlamini",
              "runs": {
                "batter": 0,
                "extras": 0,
                "total": 0
              }
            },
            {
              "batter": "Eric Phiri",
              "bowler": "P Useni",
              "non_striker": "W Dlamini",
              "runs": {
                "batter": 0,
                "extras": 0,
                "total": 0
              }
            },
            {
              "batter": "Eric Phiri",
              "bowler": "P Useni",
              "extras": {
                "legbyes": 1
              },
              "non_striker": "W Dlamini",
              "runs": {
                "batter": 0,
                "extras": 1,
                "total": 1
              }
            }
          ]
        },
        {
          "over": 18,
          "deliveries": [
            {
              "batter": "Eric Phiri",
              "bowler": "P Aho",
              "non_striker": "W Dlamini",
              "runs": {
                "batter": 2,
                "extras": 0,
                "total": 2
              }
            },
            {
              "batter": "Eric Phiri",
              "bowler": "P Aho",
              "non_striker": "W Dlamini",
              "runs": {
                "batter": 1,
                "extras": 0,
                "total": 1
              }
            },
            {
              "batter": "W Dlamini",
              "bowler": "P Aho",
              "non_striker": "Eric Phiri",
              "runs": {
                "batter": 0,
                "extras": 0,
                "total": 0
              }
            },
            {
              "batter": "W Dlamini",
              "bowler": "P Aho",
              "non_striker": "Eric Phiri",
              "runs": {
                "batter": 0,
                "extras": 0,
                "total": 0
              },
              "wickets": [
                {
                  "player_out": "W Dlamini",
                  "kind": "bowled"
                }
              ]
            },
            {
              "batter": "M Jele",
              "bowler": "P Aho",
              "non_striker": "Eric Phiri",
              "runs": {
                "batter": 2,
                "extras": 0,
                "total": 2
              }
            },
            {
              "batter": "M Jele",
              "bowler": "P Aho",
              "non_striker": "Eric Phiri",
              "runs": {
                "batter": 0,
                "extras": 0,
                "total": 0
              }
            }
          ]
        },
        {
          "over": 19,
          "deliveries": [
            {
              "batter": "Eric Phiri",
              "bowler": "IO Okpe",
              "non_striker": "M Jele",
              "runs": {
                "batter": 1,
                "extras": 0,
                "total": 1
              },
              "wickets": [
                {
                  "player_out": "Eric Phiri",
                  "fielders": [
                    {
                      "name": "A Shreshta"
                    },
                    {
                      "name": "JO Adedeji"
                    }
                  ],
                  "kind": "run out"
                }
              ]
            },
            {
              "batter": "D Polpitiya",
              "bowler": "IO Okpe",
              "non_striker": "M Jele",
              "runs": {
                "batter": 0,
                "extras": 0,
                "total": 0
              },
              "wickets": [
                {
                  "player_out": "D Polpitiya",
                  "kind": "bowled"
                }
              ]
            },
            {
              "batter": "M Magagula",
              "bowler": "IO Okpe",
              "non_striker": "M Jele",
              "runs": {
                "batter": 0,
                "extras": 0,
                "total": 0
              }
            },
            {
              "batter": "M Magagula",
              "bowler": "IO Okpe",
              "non_striker": "M Jele",
              "runs": {
                "batter": 0,
                "extras": 0,
                "total": 0
              }
            },
            {
              "batter": "M Magagula",
              "bowler": "IO Okpe",
              "non_striker": "M Jele",
              "runs": {
                "batter": 0,
                "extras": 0,
                "total": 0
              }
            },
            {
              "batter": "M Magagula",
              "bowler": "IO Okpe",
              "non_striker": "M Jele",
              "runs": {
                "batter": 0,
                "extras": 0,
                "total": 0
              }
            }
          ]
        }
      ],
      "powerplays": [
        {
          "from": 0.1,
          "to": 5.6,
          "type": "mandatory"
        }
      ],
      "target": {
        "overs": 20,
        "runs": 222
      }
    }
  ]
}