{
  "meta": {
    "data_version": "1.1.0",
    "created": "2022-11-21",
    "revision": 2
  },
  "info": {
    "balls_per_over": 6,
    "city": "Al Amarat",
    "dates": [
      "2022-11-19"
    ],
    "event": {
      "name": "Desert Cup T20I Series",
      "match_number": 10
    },
    "gender": "male",
    "match_type": "T20",
    "match_type_number": 1897,
    "officials": {
      "match_referees": [
        "Hanoz Iqbal"
      ],
      "tv_umpires": [
        "Azad KR"
      ],
      "umpires": [
        "Harikrishna Pillai",
        "Rahul Asher"
      ]
    },
    "outcome": {
      "winner": "Oman",
      "by": {
        "runs": 106
      }
    },
    "overs": 20,
    "player_of_match": [
      "Zeeshan Maqsood"
    ],
    "players": {
      "Oman": [
        "KH Prajapati",
        "Jatinder Singh",
        "Shoaib Khan",
        "Zeeshan Maqsood",
        "Mohammad Nadeem",
        "Rafiullah",
        "Sandeep Goud",
        "Bilal Khan",
        "Kaleemullah",
        "S Shrivastava",
        "Suraj Kumar"
      ],
      "Bahrain": [
        "DK Mathias",
        "Sarfaraz Ali",
        "Imran Anwar",
        "Sohail Ahmed",
        "Ahmer Bin Nisar",
        "Haider Butt",
        "Danish Jasnaik",
        "S Veerapathiran",
        "Sachin Kumar",
        "Rizwan Butt",
        "Imran Khan"
      ]
    },
    "registry": {
      "people": {
        "Ahmer Bin Nisar": "afbc53ba",
        "Azad KR": "d620b86a",
        "Bilal Khan": "dcdb87f2",
        "DK Mathias": "bec5cab9",
        "Danish Jasnaik": "d24ad3e5",
        "Haider Butt": "14fd10b5",
        "Hanoz Iqbal": "28f14bf7",
        "Harikrishna Pillai": "ed918c90",
        "Imran Anwar": "a9a18e3e",
        "Imran Khan": "da3b91fd",
        "Jatinder Singh": "b80dd12c",
        "KH Prajapati": "c4e73ff1",
        "Kaleemullah": "72253b87",
        "Mohammad Nadeem": "c5d7b244",
        "Rafiullah": "369cc49c",
        "Rahul Asher": "4956b0bf",
        "Rizwan Butt": "e741ed8f",
        "S Shrivastava": "ac166f77",
        "S Veerapathiran": "1e569fb0",
        "Sachin Kumar": "b76b2d25",
        "Sandeep Goud": "4e1c9f6e",
        "Sarfaraz Ali": "db95ddeb",
        "Shoaib Khan": "21afb939",
        "Sohail Ahmed": "4db71b2e",
        "Suraj Kumar": "bb9d73d8",
        "Zeeshan Maqsood": "34464143"
      }
    },
    "season": "2022/23",
    "team_type": "international",
    "teams": [
      "Oman",
      "Bahrain"
    ],
    "toss": {
      "decision": "field",
      "winner": "Bahrain"
    },
    "venue": "Al Amerat Cricket Ground Oman Cricket (Ministry Turf 1)"
  },
  "innings": [
    {
      "team": "Oman",
      "overs": [
        {
          "over": 0,
          "deliveries": [
            {
              "batter": "KH Prajapati",
              "bowler": "Imran Khan",
              "non_striker": "Jatinder Singh",
              "runs": {
                "batter": 0,
                "extras": 0,
                "total": 0
              }
            },
            {
              "batter": "KH Prajapati",
              "bowler": "Imran Khan",
              "non_striker": "Jatinder Singh",
              "runs": {
                "batter": 4,
                "extras": 0,
                "total": 4
              }
            },
            {
              "batter": "KH Prajapati",
              "bowler": "Imran Khan",
              "non_striker": "Jatinder Singh",
              "runs": {
                "batter": 4,
                "extras": 0,
                "total": 4
              }
            },
            {
              "batter": "KH Prajapati",
              "bowler": "Imran Khan",
              "non_striker": "Jatinder Singh",
              "runs": {
                "batter": 0,
                "extras": 0,
                "total": 0
              }
            },
            {
              "batter": "KH Prajapati",
              "bowler": "Imran Khan",
              "non_striker": "Jatinder Singh",
              "runs": {
                "batter": 0,
                "extras": 0,
                "total": 0
              }
            },
            {
              "batter": "KH Prajapati",
              "bowler": "Imran Khan",
              "non_striker": "Jatinder Singh",
              "runs": {
                "batter": 0,
                "extras": 0,
                "total": 0
              }
            }
          ]
        },
        {
          "over": 1,
          "deliveries": [
            {
              "batter": "Jatinder Singh",
              "bowler": "Rizwan Butt",
              "non_striker": "KH Prajapati",
              "runs": {
                "batter": 2,
                "extras": 0,
                "total": 2
              }
            },
            {
              "batter": "Jatinder Singh",
              "bowler": "Rizwan Butt",
              "non_striker": "KH Prajapati",
              "runs": {
                "batter": 0,
                "extras": 0,
                "total": 0
              }
            },
            {
              "batter": "Jatinder Singh",
              "bowler": "Rizwan Butt",
              "non_striker": "KH Prajapati",
              "runs": {
                "batter": 0,
                "extras": 0,
                "total": 0
              }
            },
            {
              "batter": "Jatinder Singh",
              "bowler": "Rizwan Butt",
              "non_striker": "KH Prajapati",
              "runs": {
                "batter": 4,
                "extras": 0,
                "total": 4
              }
            },
            {
              "batter": "Jatinder Singh",
              "bowler": "Rizwan Butt",
              "non_striker": "KH Prajapati",
              "runs": {
                "batter": 0,
                "extras": 0,
                "total": 0
              }
            },
            {
              "batter": "Jatinder Singh",
              "bowler": "Rizwan Butt",
              "non_striker": "KH Prajapati",
              "runs": {
                "batter": 0,
                "extras": 0,
                "total": 0
              }
            }
          ]
        },
        {
          "over": 2,
          "deliveries": [
            {
              "batter": "KH Prajapati",
              "bowler": "Imran Khan",
              "non_striker": "Jatinder Singh",
              "runs": {
                "batter": 0,
                "extras": 0,
                "total": 0
              }
            },
            {
              "batter": "KH Prajapati",
              "bowler": "Imran Khan",
              "non_striker": "Jatinder Singh",
              "runs": {
                "batter": 4,
                "extras": 0,
                "total": 4
              }
            },
            {
              "batter": "KH Prajapati",
              "bowler": "Imran Khan",
              "non_striker": "Jatinder Singh",
              "runs": {
                "batter": 1,
                "extras": 0,
                "total": 1
              }
            },
            {
              "batter": "Jatinder Singh",
              "bowler": "Imran Khan",
              "non_striker": "KH Prajapati",
              "runs": {
                "batter": 0,
                "extras": 0,
                "total": 0
              }
            },
            {
              "batter": "Jatinder Singh",
              "bowler": "Imran Khan",
              "non_striker": "KH Prajapati",
              "runs": {
                "batter": 1,
                "extras": 0,
                "total": 1
              }
            },
            {
              "batter": "KH Prajapati",
              "bowler": "Imran Khan",
              "non_striker": "Jatinder Singh",
              "runs": {
                "batter": 0,
                "extras": 0,
                "total": 0
              }
            }
          ]
        },
        {
          "over": 3,
          "deliveries": [
            {
              "batter": "Jatinder Singh",
              "bowler": "S Veerapathiran",
              "non_striker": "KH Prajapati",
              "runs": {
                "batter": 1,
                "extras": 0,
                "total": 1
              }
            },
            {
              "batter": "KH Prajapati",
              "bowler": "S Veerapathiran",
              "non_striker": "Jatinder Singh",
              "runs": {
                "batter": 0,
                "extras": 0,
                "total": 0
              },
              "wickets": [
                {
                  "player_out": "KH Prajapati",
                  "fielders": [
                    {
                      "name": "Haider Butt"
                    }
                  ],
                  "kind": "caught"
                }
              ]
            },
            {
              "batter": "Shoaib Khan",
              "bowler": "S Veerapathiran",
              "non_striker": "Jatinder Singh",
              "runs": {
                "batter": 1,
                "extras": 0,
                "total": 1
              }
            },
            {
              "batter": "Jatinder Singh",
              "bowler": "S Veerapathiran",
              "non_striker": "Shoaib Khan",
              "runs": {
                "batter": 1,
                "extras": 0,
                "total": 1
              }
            },
            {
              "batter": "Shoaib Khan",
              "bowler": "S Veerapathiran",
              "non_striker": "Jatinder Singh",
              "runs": {
                "batter": 4,
                "extras": 0,
                "total": 4
              }
            },
            {
              "batter": "Shoaib Khan",
              "bowler": "S Veerapathiran",
              "non_striker": "Jatinder Singh",
              "runs": {
                "batter": 0,
                "extras": 0,
                "total": 0
              }
            }
          ]
        },
        {
          "over": 4,
          "deliveries": [
            {
              "batter": "Jatinder Singh",
              "bowler": "Rizwan Butt",
              "non_striker": "Shoaib Khan",
              "runs": {
                "batter": 0,
                "extras": 0,
                "total": 0
              }
            },
            {
              "batter": "Jatinder Singh",
              "bowler": "Rizwan Butt",
              "non_striker": "Shoaib Khan",
              "runs": {
                "batter": 4,
                "extras": 0,
                "total": 4
              }
            },
            {
              "batter": "Jatinder Singh",
              "bowler": "Rizwan Butt",
              "non_striker": "Shoaib Khan",
              "runs": {
                "batter": 4,
                "extras": 0,
                "total": 4
              }
            },
            {
              "batter": "Jatinder Singh",
              "bowler": "Rizwan Butt",
              "non_striker": "Shoaib Khan",
              "runs": {
                "batter": 1,
                "extras": 0,
                "total": 1
              }
            },
            {
              "batter": "Shoaib Khan",
              "bowler": "Rizwan Butt",
              "non_striker": "Jatinder Singh",
              "runs": {
                "batter": 4,
                "extras": 0,
                "total": 4
              }
            },
            {
              "batter": "Shoaib Khan",
              "bowler": "Rizwan Butt",
              "non_striker": "Jatinder Singh",
              "runs": {
                "batter": 1,
                "extras": 0,
                "total": 1
              }
            }
          ]
        },
        {
          "over": 5,
          "deliveries": [
            {
              "batter": "Shoaib Khan",
              "bowler": "S Veerapathiran",
              "non_striker": "Jatinder Singh",
              "runs": {
                "batter": 2,
                "extras": 0,
                "total": 2
              }
            },
            {
              "batter": "Shoaib Khan",
              "bowler": "S Veerapathiran",
              "non_striker": "Jatinder Singh",
              "runs": {
                "batter": 0,
                "extras": 0,
                "total": 0
              }
            },
            {
              "batter": "Shoaib Khan",
              "bowler": "S Veerapathiran",
              "non_striker": "Jatinder Singh",
              "runs": {
                "batter": 6,
                "extras": 0,
                "total": 6
              }
            },
            {
              "batter": "Shoaib Khan",
              "bowler": "S Veerapathiran",
              "non_striker": "Jatinder Singh",
              "runs": {
                "batter": 0,
                "extras": 0,
                "total": 0
              }
            },
            {
              "batter": "Shoaib Khan",
              "bowler": "S Veerapathiran",
              "non_striker": "Jatinder Singh",
              "runs": {
                "batter": 0,
                "extras": 0,
                "total": 0
              },
              "wickets": [
                {
                  "player_out": "Shoaib Khan",
                  "fielders": [
                    {
                      "name": "Sarfaraz Ali"
                    }
                  ],
                  "kind": "caught"
                }
              ]
            },
            {
              "batter": "Zeeshan Maqsood",
              "bowler": "S Veerapathiran",
              "non_striker": "Jatinder Singh",
              "runs": {
                "batter": 4,
                "extras": 0,
                "total": 4
              }
            }
          ]
        },
        {
          "over": 6,
          "deliveries": [
            {
              "batter": "Jatinder Singh",
              "bowler": "Imran Anwar",
              "non_striker": "Zeeshan Maqsood",
              "runs": {
                "batter": 1,
                "extras": 0,
                "total": 1
              }
            },
            {
              "batter": "Zeeshan Maqsood",
              "bowler": "Imran Anwar",
              "non_striker": "Jatinder Singh",
              "runs": {
                "batter": 1,
                "extras": 0,
                "total": 1
              }
            },
            {
              "batter": "Jatinder Singh",
              "bowler": "Imran Anwar",
              "non_striker": "Zeeshan Maqsood",
              "runs": {
                "batter": 1,
                "extras": 0,
                "total": 1
              }
            },
            {
              "batter": "Zeeshan Maqsood",
              "bowler": "Imran Anwar",
              "non_striker": "Jatinder Singh",
              "runs": {
                "batter": 2,
                "extras": 0,
                "total": 2
              }
            },
            {
              "batter": "Zeeshan Maqsood",
              "bowler": "Imran Anwar",
              "non_striker": "Jatinder Singh",
              "runs": {
                "batter": 4,
                "extras": 0,
                "total": 4
              }
            },
            {
              "batter": "Zeeshan Maqsood",
              "bowler": "Imran Anwar",
              "non_striker": "Jatinder Singh",
              "runs": {
                "batter": 0,
                "extras": 0,
                "total": 0
              }
            }
          ]
        },
        {
          "over": 7,
          "deliveries": [
            {
              "batter": "Jatinder Singh",
              "bowler": "DK Mathias",
              "non_striker": "Zeeshan Maqsood",
              "runs": {
                "batter": 1,
                "extras": 0,
                "total": 1
              }
            },
            {
              "batter": "Zeeshan Maqsood",
              "bowler": "DK Mathias",
              "non_striker": "Jatinder Singh",
              "runs": {
                "batter": 1,
                "extras": 0,
                "total": 1
              }
            },
            {
              "batter": "Jatinder Singh",
              "bowler": "DK Mathias",
              "non_striker": "Zeeshan Maqsood",
              "runs": {
                "batter": 4,
                "extras": 0,
                "total": 4
              }
            },
            {
              "batter": "Jatinder Singh",
              "bowler": "DK Mathias",
              "non_striker": "Zeeshan Maqsood",
              "runs": {
                "batter": 2,
                "extras": 0,
                "total": 2
              }
            },
            {
              "batter": "Jatinder Singh",
              "bowler": "DK Mathias",
              "non_striker": "Zeeshan Maqsood",
              "runs": {
                "batter": 1,
                "extras": 0,
                "total": 1
              }
            },
            {
              "batter": "Zeeshan Maqsood",
              "bowler": "DK Mathias",
              "non_striker": "Jatinder Singh",
              "runs": {
                "batter": 0,
                "extras": 0,
                "total": 0
              }
            }
          ]
        },
        {
          "over": 8,
          "deliveries": [
            {
              "batter": "Jatinder Singh",
              "bowler": "Imran Anwar",
              "non_striker": "Zeeshan Maqsood",
              "runs": {
                "batter": 0,
                "extras": 0,
                "total": 0
              },
              "wickets": [
                {
                  "player_out": "Jatinder Singh",
                  "fielders": [
                    {
                      "name": "Haider Butt"
                    }
                  ],
                  "kind": "caught"
                }
              ]
            },
            {
              "batter": "Mohammad Nadeem",
              "bowler": "Imran Anwar",
              "non_striker": "Zeeshan Maqsood",
              "runs": {
                "batter": 1,
                "extras": 0,
                "total": 1
              }
            },
            {
              "batter": "Zeeshan Maqsood",
              "bowler": "Imran Anwar",
              "non_striker": "Mohammad Nadeem",
              "runs": {
                "batter": 1,
                "extras": 0,
                "total": 1
              }
            },
            {
              "batter": "Mohammad Nadeem",
              "bowler": "Imran Anwar",
              "non_striker": "Zeeshan Maqsood",
              "runs": {
                "batter": 1,
                "extras": 0,
                "total": 1
              }
            },
            {
              "batter": "Zeeshan Maqsood",
              "bowler": "Imran Anwar",
              "non_striker": "Mohammad Nadeem",
              "runs": {
                "batter": 4,
                "extras": 0,
                "total": 4
              }
            },
            {
              "batter": "Zeeshan Maqsood",
              "bowler": "Imran Anwar",
              "non_striker": "Mohammad Nadeem",
              "runs": {
                "batter": 4,
                "extras": 0,
                "total": 4
              }
            }
          ]
        },
        {
          "over": 9,
          "deliveries": [
            {
              "batter": "Mohammad Nadeem",
              "bowler": "DK Mathias",
              "non_striker": "Zeeshan Maqsood",
              "runs": {
                "batter": 1,
                "extras": 0,
                "total": 1
              }
            },
            {
              "batter": "Zeeshan Maqsood",
              "bowler": "DK Mathias",
              "non_striker": "Mohammad Nadeem",
              "runs": {
                "batter": 1,
                "extras": 0,
                "total": 1
              }
            },
            {
              "batter": "Mohammad Nadeem",
              "bowler": "DK Mathias",
              "non_striker": "Zeeshan Maqsood",
              "runs": {
                "batter": 2,
                "extras": 0,
                "total": 2
              }
            },
            {
              "batter": "Mohammad Nadeem",
              "bowler": "DK Mathias",
              "non_striker": "Zeeshan Maqsood",
              "runs": {
                "batter": 1,
                "extras": 0,
                "total": 1
              }
            },
            {
              "batter": "Zeeshan Maqsood",
              "bowler": "DK Mathias",
              "non_striker": "Mohammad Nadeem",
              "runs": {
                "batter": 0,
                "extras": 0,
                "total": 0
              }
            },
            {
              "batter": "Zeeshan Maqsood",
              "bowler": "DK Mathias",
              "non_striker": "Mohammad Nadeem",
              "runs": {
                "batter": 1,
                "extras": 0,
                "total": 1
              }
            }
          ]
        },
        {
          "over": 10,
          "deliveries": [
            {
              "batter": "Zeeshan Maqsood",
              "bowler": "Imran Anwar",
              "non_striker": "Mohammad Nadeem",
              "runs": {
                "batter": 1,
                "extras": 0,
                "total": 1
              }
            },
            {
              "batter": "Mohammad Nadeem",
              "bowler": "Imran Anwar",
              "non_striker": "Zeeshan Maqsood",
              "runs": {
                "batter": 1,
                "extras": 0,
                "total": 1
              }
            },
            {
              "batter": "Zeeshan Maqsood",
              "bowler": "Imran Anwar",
              "non_striker": "Mohammad Nadeem",
              "runs": {
                "batter": 0,
                "extras": 0,
                "total": 0
              }
            },
            {
              "batter": "Zeeshan Maqsood",
              "bowler": "Imran Anwar",
              "non_striker": "Mohammad Nadeem",
              "runs": {
                "batter": 1,
                "extras": 0,
                "total": 1
              }
            },
            {
              "batter": "Mohammad Nadeem",
              "bowler": "Imran Anwar",
              "non_striker": "Zeeshan Maqsood",
              "runs": {
                "batter": 2,
                "extras": 0,
                "total": 2
              }
            },
            {
              "batter": "Mohammad Nadeem",
              "bowler": "Imran Anwar",
              "non_striker": "Zeeshan Maqsood",
              "runs": {
                "batter": 1,
                "extras": 0,
                "total": 1
              }
            }
          ]
        },
        {
          "over": 11,
          "deliveries": [
            {
              "batter": "Mohammad Nadeem",
              "bowler": "Sachin Kumar",
              "non_striker": "Zeeshan Maqsood",
              "runs": {
                "batter": 1,
                "extras": 0,
                "total": 1
              }
            },
            {
              "batter": "Zeeshan Maqsood",
              "bowler": "Sachin Kumar",
              "non_striker": "Mohammad Nadeem",
              "runs": {
                "batter": 6,
                "extras": 0,
                "total": 6
              }
            },
            {
              "batter": "Zeeshan Maqsood",
              "bowler": "Sachin Kumar",
              "non_striker": "Mohammad Nadeem",
              "runs": {
                "batter": 4,
                "extras": 0,
                "total": 4
              }
            },
            {
              "batter": "Zeeshan Maqsood",
              "bowler": "Sachin Kumar",
              "non_striker": "Mohammad Nadeem",
              "runs": {
                "batter": 1,
                "extras": 0,
                "total": 1
              }
            },
            {
              "batter": "Mohammad Nadeem",
              "bowler": "Sachin Kumar",
              "non_striker": "Zeeshan Maqsood",
              "runs": {
                "batter": 1,
                "extras": 0,
                "total": 1
              }
            },
            {
              "batter": "Zeeshan Maqsood",
              "bowler": "Sachin Kumar",
              "non_striker": "Mohammad Nadeem",
              "runs": {
                "batter": 0,
                "extras": 0,
                "total": 0
              }
            }
          ]
        },
        {
          "over": 12,
          "deliveries": [
            {
              "batter": "Mohammad Nadeem",
              "bowler": "Imran Anwar",
              "non_striker": "Zeeshan Maqsood",
              "runs": {
                "batter": 6,
                "extras": 0,
                "total": 6
              }
            },
            {
              "batter": "Mohammad Nadeem",
              "bowler": "Imran Anwar",
              "non_striker": "Zeeshan Maqsood",
              "runs": {
                "batter": 1,
                "extras": 0,
                "total": 1
              }
            },
            {
              "batter": "Zeeshan Maqsood",
              "bowler": "Imran Anwar",
              "non_striker": "Mohammad Nadeem",
              "runs": {
                "batter": 1,
                "extras": 0,
                "total": 1
              }
            },
            {
              "batter": "Mohammad Nadeem",
              "bowler": "Imran Anwar",
              "non_striker": "Zeeshan Maqsood",
              "runs": {
                "batter": 1,
                "extras": 0,
                "total": 1
              }
            },
            {
              "batter": "Zeeshan Maqsood",
              "bowler": "Imran Anwar",
              "non_striker": "Mohammad Nadeem",
              "runs": {
                "batter": 1,
                "extras": 0,
                "total": 1
              }
            },
            {
              "batter": "Mohammad Nadeem",
              "bowler": "Imran Anwar",
              "non_striker": "Zeeshan Maqsood",
              "runs": {
                "batter": 0,
                "extras": 0,
                "total": 0
              }
            }
          ]
        },
        {
          "over": 13,
          "deliveries": [
            {
              "batter": "Zeeshan Maqsood",
              "bowler": "Sarfaraz Ali",
              "non_striker": "Mohammad Nadeem",
              "runs": {
                "batter": 1,
                "extras": 0,
                "total": 1
              }
            },
            {
              "batter": "Mohammad Nadeem",
              "bowler": "Sarfaraz Ali",
              "non_striker": "Zeeshan Maqsood",
              "runs": {
                "batter": 2,
                "extras": 0,
                "total": 2
              }
            },
            {
              "batter": "Mohammad Nadeem",
              "bowler": "Sarfaraz Ali",
              "non_striker": "Zeeshan Maqsood",
              "runs": {
                "batter": 1,
                "extras": 0,
                "total": 1
              }
            },
            {
              "batter": "Zeeshan Maqsood",
              "bowler": "Sarfaraz Ali",
              "non_striker": "Mohammad Nadeem",
              "runs": {
                "batter": 1,
                "extras": 0,
                "total": 1
              }
            },
            {
              "batter": "Mohammad Nadeem",
              "bowler": "Sarfaraz Ali",
              "non_striker": "Zeeshan Maqsood",
              "runs": {
                "batter": 1,
                "extras": 0,
                "total": 1
              }
            },
            {
              "batter": "Zeeshan Maqsood",
              "bowler": "Sarfaraz Ali",
              "non_striker": "Mohammad Nadeem",
              "runs": {
                "batter": 6,
                "extras": 0,
                "total": 6
              }
            }
          ]
        },
        {
          "over": 14,
          "deliveries": [
            {
              "batter": "Mohammad Nadeem",
              "bowler": "S Veerapathiran",
              "non_striker": "Zeeshan Maqsood",
              "runs": {
                "batter": 6,
                "extras": 0,
                "total": 6
              }
            },
            {
              "batter": "Mohammad Nadeem",
              "bowler": "S Veerapathiran",
              "non_striker": "Zeeshan Maqsood",
              "runs": {
                "batter": 0,
                "extras": 0,
                "total": 0
              },
              "wickets": [
                {
                  "player_out": "Mohammad Nadeem",
                  "fielders": [
                    {
                      "name": "Ahmer Bin Nisar"
                    }
                  ],
                  "kind": "caught"
                }
              ]
            },
            {
              "batter": "Rafiullah",
              "bowler": "S Veerapathiran",
              "non_striker": "Zeeshan Maqsood",
              "runs": {
                "batter": 1,
                "extras": 0,
                "total": 1
              }
            },
            {
              "batter": "Zeeshan Maqsood",
              "bowler": "S Veerapathiran",
              "non_striker": "Rafiullah",
              "runs": {
                "batter": 2,
                "extras": 0,
                "total": 2
              }
            },
            {
              "batter": "Zeeshan Maqsood",
              "bowler": "S Veerapathiran",
              "non_striker": "Rafiullah",
              "runs": {
                "batter": 0,
                "extras": 0,
                "total": 0
              }
            },
            {
              "batter": "Zeeshan Maqsood",
              "bowler": "S Veerapathiran",
              "non_striker": "Rafiullah",
              "runs": {
                "batter": 1,
                "extras": 0,
                "total": 1
              }
            }
          ]
        },
        {
          "over": 15,
          "deliveries": [
            {
              "batter": "Zeeshan Maqsood",
              "bowler": "Imran Khan",
              "non_striker": "Rafiullah",
              "runs": {
                "batter": 0,
                "extras": 0,
                "total": 0
              }
            },
            {
              "batter": "Zeeshan Maqsood",
              "bowler": "Imran Khan",
              "non_striker": "Rafiullah",
              "runs": {
                "batter": 1,
                "extras": 0,
                "total": 1
              }
            },
            {
              "batter": "Rafiullah",
              "bowler": "Imran Khan",
              "non_striker": "Zeeshan Maqsood",
              "runs": {
                "batter": 6,
                "extras": 0,
                "total": 6
              }
            },
            {
              "batter": "Rafiullah",
              "bowler": "Imran Khan",
              "extras": {
                "wides": 1
              },
              "non_striker": "Zeeshan Maqsood",
              "runs": {
                "batter": 0,
                "extras": 1,
                "total": 1
              }
            },
            {
              "batter": "Rafiullah",
              "bowler": "Imran Khan",
              "extras": {
                "byes": 2
              },
              "non_striker": "Zeeshan Maqsood",
              "runs": {
                "batter": 0,
                "extras": 2,
                "total": 2
              }
            },
            {
              "batter": "Rafiullah",
              "bowler": "Imran Khan",
              "non_striker": "Zeeshan Maqsood",
              "runs": {
                "batter": 0,
                "extras": 0,
                "total": 0
              }
            },
            {
              "batter": "Rafiullah",
              "bowler": "Imran Khan",
              "non_striker": "Zeeshan Maqsood",
              "runs": {
                "batter": 0,
                "extras": 0,
                "total": 0
              }
            }
          ]
        },
        {
          "over": 16,
          "deliveries": [
            {
              "batter": "Zeeshan Maqsood",
              "bowler": "S Veerapathiran",
              "non_striker": "Rafiullah",
              "runs": {
                "batter": 4,
                "extras": 0,
                "total": 4
              }
            },
            {
              "batter": "Zeeshan Maqsood",
              "bowler": "S Veerapathiran",
              "non_striker": "Rafiullah",
              "runs": {
                "batter": 1,
                "extras": 0,
                "total": 1
              }
            },
            {
              "batter": "Rafiullah",
              "bowler": "S Veerapathiran",
              "non_striker": "Zeeshan Maqsood",
              "runs": {
                "batter": 1,
                "extras": 0,
                "total": 1
              }
            },
            {
              "batter": "Zeeshan Maqsood",
              "bowler": "S Veerapathiran",
              "non_striker": "Rafiullah",
              "runs": {
                "batter": 1,
                "extras": 0,
                "total": 1
              }
            },
            {
              "batter": "Rafiullah",
              "bowler": "S Veerapathiran",
              "non_striker": "Zeeshan Maqsood",
              "runs": {
                "batter": 6,
                "extras": 0,
                "total": 6
              }
            },
            {
              "batter": "Rafiullah",
              "bowler": "S Veerapathiran",
              "non_striker": "Zeeshan Maqsood",
              "runs": {
                "batter": 1,
                "extras": 0,
                "total": 1
              }
            }
          ]
        },
        {
          "over": 17,
          "deliveries": [
            {
              "batter": "Rafiullah",
              "bowler": "Rizwan Butt",
              "non_striker": "Zeeshan Maqsood",
              "runs": {
                "batter": 2,
                "extras": 0,
                "total": 2
              }
            },
            {
              "batter": "Rafiullah",
              "bowler": "Rizwan Butt",
              "non_striker": "Zeeshan Maqsood",
              "runs": {
                "batter": 6,
                "extras": 0,
                "total": 6
              }
            },
            {
              "batter": "Rafiullah",
              "bowler": "Rizwan Butt",
              "non_striker": "Zeeshan Maqsood",
              "runs": {
                "batter": 0,
                "extras": 0,
                "total": 0
              }
            },
            {
              "batter": "Rafiullah",
              "bowler": "Rizwan Butt",
              "non_striker": "Zeeshan Maqsood",
              "runs": {
                "batter": 1,
                "extras": 0,
                "total": 1
              }
            },
            {
              "batter": "Zeeshan Maqsood",
              "bowler": "Rizwan Butt",
              "non_striker": "Rafiullah",
              "runs": {
                "batter": 6,
                "extras": 0,
                "total": 6
              }
            },
            {
              "batter": "Zeeshan Maqsood",
              "bowler": "Rizwan Butt",
              "non_striker": "Rafiullah",
              "runs": {
                "batter": 6,
                "extras": 0,
                "total": 6
              }
            }
          ]
        },
        {
          "over": 18,
          "deliveries": [
            {
              "batter": "Rafiullah",
              "bowler": "Imran Khan",
              "non_striker": "Zeeshan Maqsood",
              "runs": {
                "batter": 1,
                "extras": 0,
                "total": 1
              }
            },
            {
              "batter": "Zeeshan Maqsood",
              "bowler": "Imran Khan",
              "non_striker": "Rafiullah",
              "runs": {
                "batter": 6,
                "extras": 0,
                "total": 6
              }
            },
            {
              "batter": "Zeeshan Maqsood",
              "bowler": "Imran Khan",
              "non_striker": "Rafiullah",
              "runs": {
                "batter": 6,
                "extras": 0,
                "total": 6
              }
            },
            {
              "batter": "Zeeshan Maqsood",
              "bowler": "Imran Khan",
              "non_striker": "Rafiullah",
              "runs": {
                "batter": 0,
                "extras": 0,
                "total": 0
              }
            },
            {
              "batter": "Zeeshan Maqsood",
              "bowler": "Imran Khan",
              "non_striker": "Rafiullah",
              "runs": {
                "batter": 4,
                "extras": 0,
                "total": 4
              }
            },
            {
              "batter": "Zeeshan Maqsood",
              "bowler": "Imran Khan",
              "non_striker": "Rafiullah",
              "runs": {
                "batter": 6,
                "extras": 0,
                "total": 6
              }
            }
          ]
        },
        {
          "over": 19,
          "deliveries": [
            {
              "batter": "Rafiullah",
              "bowler": "Rizwan Butt",
              "non_striker": "Zeeshan Maqsood",
              "runs": {
                "batter": 0,
                "extras": 0,
                "total": 0
              },
              "wickets": [
                {
                  "player_out": "Rafiullah",
                  "fielders": [
                    {
                      "name": "S Veerapathiran"
                    }
                  ],
                  "kind": "caught"
                }
              ]
            },
            {
              "batter": "Sandeep Goud",
              "bowler": "Rizwan Butt",
              "extras": {
                "byes": 1
              },
              "non_striker": "Zeeshan Maqsood",
              "runs": {
                "batter": 0,
                "extras": 1,
                "total": 1
              }
            },
            {
              "batter": "Zeeshan Maqsood",
              "bowler": "Rizwan Butt",
              "non_striker": "Sandeep Goud",
              "runs": {
                "batter": 6,
                "extras": 0,
                "total": 6
              }
            },
            {
              "batter": "Zeeshan Maqsood",
              "bowler": "Rizwan Butt",
              "non_striker": "Sandeep Goud",
              "runs": {
                "batter": 0,
                "extras": 0,
                "total": 0
              }
            },
            {
              "batter": "Zeeshan Maqsood",
              "bowler": "Rizwan Butt",
              "non_striker": "Sandeep Goud",
              "runs": {
                "batter": 0,
                "extras": 0,
                "total": 0
              }
            },
            {
              "batter": "Zeeshan Maqsood",
              "bowler": "Rizwan Butt",
              "non_striker": "Sandeep Goud",
              "runs": {
                "batter": 6,
                "extras": 0,
                "total": 6
              }
            }
          ]
        }
      ],
      "powerplays": [
        {
          "from": 0.1,
          "to": 5.6,
          "type": "mandatory"
        }
      ]
    },
    {
      "team": "Bahrain",
      "overs": [
        {
          "over": 0,
          "deliveries": [
            {
              "batter": "DK Mathias",
              "bowler": "Bilal Khan",
              "non_striker": "Sarfaraz Ali",
              "runs": {
                "batter": 0,
                "extras": 0,
                "total": 0
              }
            },
            {
              "batter": "DK Mathias",
              "bowler": "Bilal Khan",
              "non_striker": "Sarfaraz Ali",
              "runs": {
                "batter": 0,
                "extras": 0,
                "total": 0
              }
            },
            {
              "batter": "DK Mathias",
              "bowler": "Bilal Khan",
              "non_striker": "Sarfaraz Ali",
              "runs": {
                "batter": 0,
                "extras": 0,
                "total": 0
              }
            },
            {
              "batter": "DK Mathias",
              "bowler": "Bilal Khan",
              "non_striker": "Sarfaraz Ali",
              "runs": {
                "batter": 1,
                "extras": 0,
                "total": 1
              }
            },
            {
              "batter": "Sarfaraz Ali",
              "bowler": "Bilal Khan",
              "non_striker": "DK Mathias",
              "runs": {
                "batter": 0,
                "extras": 0,
                "total": 0
              }
            },
            {
              "batter": "Sarfaraz Ali",
              "bowler": "Bilal Khan",
              "non_striker": "DK Mathias",
              "runs": {
                "batter": 0,
                "extras": 0,
                "total": 0
              }
            }
          ]
        },
        {
          "over": 1,
          "deliveries": [
            {
              "batter": "DK Mathias",
              "bowler": "Kaleemullah",
              "non_striker": "Sarfaraz Ali",
              "runs": {
                "batter": 0,
                "extras": 0,
                "total": 0
              }
            },
            {
              "batter": "DK Mathias",
              "bowler": "Kaleemullah",
              "non_striker": "Sarfaraz Ali",
              "runs": {
                "batter": 0,
                "extras": 0,
                "total": 0
              }
            },
            {
              "batter": "DK Mathias",
              "bowler": "Kaleemullah",
              "non_striker": "Sarfaraz Ali",
              "runs": {
                "batter": 0,
                "extras": 0,
                "total": 0
              }
            },
            {
              "batter": "DK Mathias",
              "bowler": "Kaleemullah",
              "non_striker": "Sarfaraz Ali",
              "runs": {
                "batter": 0,
                "extras": 0,
                "total": 0
              }
            },
            {
              "batter": "DK Mathias",
              "bowler": "Kaleemullah",
              "non_striker": "Sarfaraz Ali",
              "runs": {
                "batter": 1,
                "extras": 0,
                "total": 1
              }
            },
            {
              "batter": "Sarfaraz Ali",
              "bowler": "Kaleemullah",
              "non_striker": "DK Mathias",
              "runs": {
                "batter": 4,
                "extras": 0,
                "total": 4
              }
            }
          ]
        },
        {
          "over": 2,
          "deliveries": [
            {
              "batter": "DK Mathias",
              "bowler": "Bilal Khan",
              "non_striker": "Sarfaraz Ali",
              "runs": {
                "batter": 0,
                "extras": 0,
                "total": 0
              }
            },
            {
              "batter": "DK Mathias",
              "bowler": "Bilal Khan",
              "non_striker": "Sarfaraz Ali",
              "runs": {
                "batter": 0,
                "extras": 0,
                "total": 0
              }
            },
            {
              "batter": "DK Mathias",
              "bowler": "Bilal Khan",
              "non_striker": "Sarfaraz Ali",
              "runs": {
                "batter": 1,
                "extras": 0,
                "total": 1
              }
            },
            {
              "batter": "Sarfaraz Ali",
              "bowler": "Bilal Khan",
              "non_striker": "DK Mathias",
              "runs": {
                "batter": 0,
                "extras": 0,
                "total": 0
              }
            },
            {
              "batter": "Sarfaraz Ali",
              "bowler": "Bilal Khan",
              "non_striker": "DK Mathias",
              "runs": {
                "batter": 0,
                "extras": 0,
                "total": 0
              },
              "wickets": [
                {
                  "player_out": "Sarfaraz Ali",
                  "kind": "bowled"
                }
              ]
            },
            {
              "batter": "Imran Anwar",
              "bowler": "Bilal Khan",
              "non_striker": "DK Mathias",
              "runs": {
                "batter": 1,
                "extras": 0,
                "total": 1
              }
            }
          ]
        },
        {
          "over": 3,
          "deliveries": [
            {
              "batter": "Imran Anwar",
              "bowler": "Kaleemullah",
              "non_striker": "DK Mathias",
              "runs": {
                "batter": 0,
                "extras": 0,
                "total": 0
              }
            },
            {
              "batter": "Imran Anwar",
              "bowler": "Kaleemullah",
              "extras": {
                "wides": 1
              },
              "non_striker": "DK Mathias",
              "runs": {
                "batter": 0,
                "extras": 1,
                "total": 1
              }
            },
            {
              "batter": "Imran Anwar",
              "bowler": "Kaleemullah",
              "extras": {
                "legbyes": 4
              },
              "non_striker": "DK Mathias",
              "runs": {
                "batter": 0,
                "extras": 4,
                "total": 4
              }
            },
            {
              "batter": "Imran Anwar",
              "bowler": "Kaleemullah",
              "non_striker": "DK Mathias",
              "runs": {
                "batter": 6,
                "extras": 0,
                "total": 6
              }
            },
            {
              "batter": "Imran Anwar",
              "bowler": "Kaleemullah",
              "non_striker": "DK Mathias",
              "runs": {
                "batter": 4,
                "extras": 0,
                "total": 4
              }
            },
            {
              "batter": "Imran Anwar",
              "bowler": "Kaleemullah",
              "non_striker": "DK Mathias",
              "runs": {
                "batter": 6,
                "extras": 0,
                "total": 6
              }
            },
            {
              "batter": "Imran Anwar",
              "bowler": "Kaleemullah",
              "extras": {
                "wides": 1
              },
              "non_striker": "DK Mathias",
              "runs": {
                "batter": 0,
                "extras": 1,
                "total": 1
              }
            },
            {
              "batter": "Imran Anwar",
              "bowler": "Kaleemullah",
              "non_striker": "DK Mathias",
              "runs": {
                "batter": 0,
                "extras": 0,
                "total": 0
              }
            }
          ]
        },
        {
          "over": 4,
          "deliveries": [
            {
              "batter": "DK Mathias",
              "bowler": "Rafiullah",
              "non_striker": "Imran Anwar",
              "runs": {
                "batter": 0,
                "extras": 0,
                "total": 0
              }
            },
            {
              "batter": "DK Mathias",
              "bowler": "Rafiullah",
              "non_striker": "Imran Anwar",
              "runs": {
                "batter": 2,
                "extras": 0,
                "total": 2
              }
            },
            {
              "batter": "DK Mathias",
              "bowler": "Rafiullah",
              "non_striker": "Imran Anwar",
              "runs": {
                "batter": 1,
                "extras": 0,
                "total": 1
              }
            },
            {
              "batter": "Imran Anwar",
              "bowler": "Rafiullah",
              "non_striker": "DK Mathias",
              "runs": {
                "batter": 4,
                "extras": 0,
                "total": 4
              }
            },
            {
              "batter": "Imran Anwar",
              "bowler": "Rafiullah",
              "non_striker": "DK Mathias",
              "runs": {
                "batter": 1,
                "extras": 0,
                "total": 1
              }
            },
            {
              "batter": "DK Mathias",
              "bowler": "Rafiullah",
              "non_striker": "Imran Anwar",
              "runs": {
                "batter": 4,
                "extras": 0,
                "total": 4
              }
            }
          ]
        },
        {
          "over": 5,
          "deliveries": [
            {
              "batter": "Imran Anwar",
              "bowler": "Mohammad Nadeem",
              "extras": {
                "legbyes": 1
              },
              "non_striker": "DK Mathias",
              "runs": {
                "batter": 0,
                "extras": 1,
                "total": 1
              }
            },
            {
              "batter": "DK Mathias",
              "bowler": "Mohammad Nadeem",
              "non_striker": "Imran Anwar",
              "runs": {
                "batter": 0,
                "extras": 0,
                "total": 0
              }
            },
            {
              "batter": "DK Mathias",
              "bowler": "Mohammad Nadeem",
              "non_striker": "Imran Anwar",
              "runs": {
                "batter": 2,
                "extras": 0,
                "total": 2
              }
            },
            {
              "batter": "DK Mathias",
              "bowler": "Mohammad Nadeem",
              "non_striker": "Imran Anwar",
              "runs": {
                "batter": 6,
                "extras": 0,
                "total": 6
              }
            },
            {
              "batter": "DK Mathias",
              "bowler": "Mohammad Nadeem",
              "non_striker": "Imran Anwar",
              "runs": {
                "batter": 4,
                "extras": 0,
                "total": 4
              }
            },
            {
              "batter": "DK Mathias",
              "bowler": "Mohammad Nadeem",
              "non_striker": "Imran Anwar",
              "runs": {
                "batter": 1,
                "extras": 0,
                "total": 1
              }
            }
          ]
        },
        {
          "over": 6,
          "deliveries": [
            {
              "batter": "DK Mathias",
              "bowler": "Rafiullah",
              "non_striker": "Imran Anwar",
              "runs": {
                "batter": 2,
                "extras": 0,
                "total": 2
              }
            },
            {
              "batter": "DK Mathias",
              "bowler": "Rafiullah",
              "non_striker": "Imran Anwar",
              "runs": {
                "batter": 1,
                "extras": 0,
                "total": 1
              }
            },
            {
              "batter": "Imran Anwar",
              "bowler": "Rafiullah",
              "non_striker": "DK Mathias",
              "runs": {
                "batter": 0,
                "extras": 0,
                "total": 0
              }
            },
            {
              "batter": "Imran Anwar",
              "bowler": "Rafiullah",
              "extras": {
                "wides": 1
              },
              "non_striker": "DK Mathias",
              "runs": {
                "batter": 0,
                "extras": 1,
                "total": 1
              }
            },
            {
              "batter": "Imran Anwar",
              "bowler": "Rafiullah",
              "non_striker": "DK Mathias",
              "runs": {
                "batter": 0,
                "extras": 0,
                "total": 0
              }
            },
            {
              "batter": "Imran Anwar",
              "bowler": "Rafiullah",
              "non_striker": "DK Mathias",
              "runs": {
                "batter": 0,
                "extras": 0,
                "total": 0
              },
              "wickets": [
                {
                  "player_out": "Imran Anwar",
                  "fielders": [
                    {
                      "name": "KH Prajapati"
                    }
                  ],
                  "kind": "caught"
                }
              ]
            },
            {
              "batter": "Sohail Ahmed",
              "bowler": "Rafiullah",
              "non_striker": "DK Mathias",
              "runs": {
                "batter": 0,
                "extras": 0,
                "total": 0
              },
              "wickets": [
                {
                  "player_out": "Sohail Ahmed",
                  "fielders": [
                    {
                      "name": "Sandeep Goud"
                    }
                  ],
                  "kind": "caught"
                }
              ]
            }
          ]
        },
        {
          "over": 7,
          "deliveries": [
            {
              "batter": "DK Mathias",
              "bowler": "Zeeshan Maqsood",
              "non_striker": "Ahmer Bin Nisar",
              "runs": {
                "batter": 0,
                "extras": 0,
                "total": 0
              }
            },
            {
              "batter": "DK Mathias",
              "bowler": "Zeeshan Maqsood",
              "non_striker": "Ahmer Bin Nisar",
              "runs": {
                "batter": 6,
                "extras": 0,
                "total": 6
              }
            },
            {
              "batter": "DK Mathias",
              "bowler": "Zeeshan Maqsood",
              "non_striker": "Ahmer Bin Nisar",
              "runs": {
                "batter": 1,
                "extras": 0,
                "total": 1
              }
            },
            {
              "batter": "Ahmer Bin Nisar",
              "bowler": "Zeeshan Maqsood",
              "non_striker": "DK Mathias",
              "runs": {
                "batter": 0,
                "extras": 0,
                "total": 0
              }
            },
            {
              "batter": "Ahmer Bin Nisar",
              "bowler": "Zeeshan Maqsood",
              "non_striker": "DK Mathias",
              "runs": {
                "batter": 6,
                "extras": 0,
                "total": 6
              }
            },
            {
              "batter": "Ahmer Bin Nisar",
              "bowler": "Zeeshan Maqsood",
              "non_striker": "DK Mathias",
              "runs": {
                "batter": 1,
                "extras": 0,
                "total": 1
              }
            }
          ]
        },
        {
          "over": 8,
          "deliveries": [
            {
              "batter": "Ahmer Bin Nisar",
              "bowler": "Rafiullah",
              "non_striker": "DK Mathias",
              "runs": {
                "batter": 0,
                "extras": 0,
                "total": 0
              }
            },
            {
              "batter": "Ahmer Bin Nisar",
              "bowler": "Rafiullah",
              "non_striker": "DK Mathias",
              "runs": {
                "batter": 0,
                "extras": 0,
                "total": 0
              }
            },
            {
              "batter": "Ahmer Bin Nisar",
              "bowler": "Rafiullah",
              "non_striker": "DK Mathias",
              "runs": {
                "batter": 0,
                "extras": 0,
                "total": 0
              }
            },
            {
              "batter": "Ahmer Bin Nisar",
              "bowler": "Rafiullah",
              "non_striker": "DK Mathias",
              "runs": {
                "batter": 0,
                "extras": 0,
                "total": 0
              }
            },
            {
              "batter": "Ahmer Bin Nisar",
              "bowler": "Rafiullah",
              "non_striker": "DK Mathias",
              "runs": {
                "batter": 4,
                "extras": 0,
                "total": 4
              }
            },
            {
              "batter": "Ahmer Bin Nisar",
              "bowler": "Rafiullah",
              "non_striker": "DK Mathias",
              "runs": {
                "batter": 1,
                "extras": 0,
                "total": 1
              }
            }
          ]
        },
        {
          "over": 9,
          "deliveries": [
            {
              "batter": "Ahmer Bin Nisar",
              "bowler": "S Shrivastava",
              "non_striker": "DK Mathias",
              "runs": {
                "batter": 0,
                "extras": 0,
                "total": 0
              }
            },
            {
              "batter": "Ahmer Bin Nisar",
              "bowler": "S Shrivastava",
              "non_striker": "DK Mathias",
              "runs": {
                "batter": 1,
                "extras": 0,
                "total": 1
              }
            },
            {
              "batter": "DK Mathias",
              "bowler": "S Shrivastava",
              "non_striker": "Ahmer Bin Nisar",
              "runs": {
                "batter": 1,
                "extras": 0,
                "total": 1
              }
            },
            {
              "batter": "Ahmer Bin Nisar",
              "bowler": "S Shrivastava",
              "non_striker": "DK Mathias",
              "runs": {
                "batter": 1,
                "extras": 0,
                "total": 1
              }
            },
            {
              "batter": "DK Mathias",
              "bowler": "S Shrivastava",
              "non_striker": "Ahmer Bin Nisar",
              "runs": {
                "batter": 1,
                "extras": 0,
                "total": 1
              }
            },
            {
              "batter": "Ahmer Bin Nisar",
              "bowler": "S Shrivastava",
              "non_striker": "DK Mathias",
              "runs": {
                "batter": 1,
                "extras": 0,
                "total": 1
              }
            }
          ]
        },
        {
          "over": 10,
          "deliveries": [
            {
              "batter": "Ahmer Bin Nisar",
              "bowler": "Sandeep Goud",
              "non_striker": "DK Mathias",
              "runs": {
                "batter": 4,
                "extras": 0,
                "total": 4
              }
            },
            {
              "batter": "Ahmer Bin Nisar",
              "bowler": "Sandeep Goud",
              "non_striker": "DK Mathias",
              "runs": {
                "batter": 0,
                "extras": 0,
                "total": 0
              }
            },
            {
              "batter": "Ahmer Bin Nisar",
              "bowler": "Sandeep Goud",
              "non_striker": "DK Mathias",
              "runs": {
                "batter": 1,
                "extras": 0,
                "total": 1
              }
            },
            {
              "batter": "DK Mathias",
              "bowler": "Sandeep Goud",
              "non_striker": "Ahmer Bin Nisar",
              "runs": {
                "batter": 1,
                "extras": 0,
                "total": 1
              }
            },
            {
              "batter": "Ahmer Bin Nisar",
              "bowler": "Sandeep Goud",
              "non_striker": "DK Mathias",
              "runs": {
                "batter": 0,
                "extras": 0,
                "total": 0
              }
            },
            {
              "batter": "Ahmer Bin Nisar",
              "bowler": "Sandeep Goud",
              "non_striker": "DK Mathias",
              "runs": {
                "batter": 2,
                "extras": 0,
                "total": 2
              }
            }
          ]
        },
        {
          "over": 11,
          "deliveries": [
            {
              "batter": "DK Mathias",
              "bowler": "S Shrivastava",
              "non_striker": "Ahmer Bin Nisar",
              "runs": {
                "batter": 1,
                "extras": 0,
                "total": 1
              }
            },
            {
              "batter": "Ahmer Bin Nisar",
              "bowler": "S Shrivastava",
              "non_striker": "DK Mathias",
              "runs": {
                "batter": 1,
                "extras": 0,
                "total": 1
              }
            },
            {
              "batter": "DK Mathias",
              "bowler": "S Shrivastava",
              "non_striker": "Ahmer Bin Nisar",
              "runs": {
                "batter": 2,
                "extras": 0,
                "total": 2
              }
            },
            {
              "batter": "DK Mathias",
              "bowler": "S Shrivastava",
              "non_striker": "Ahmer Bin Nisar",
              "runs": {
                "batter": 0,
                "extras": 0,
                "total": 0
              },
              "wickets": [
                {
                  "player_out": "DK Mathias",
                  "fielders": [
                    {
                      "name": "Rafiullah"
                    }
                  ],
                  "kind": "caught"
                }
              ]
            },
            {
              "batter": "Haider Butt",
              "bowler": "S Shrivastava",
              "non_striker": "Ahmer Bin Nisar",
              "runs": {
                "batter": 0,
                "extras": 0,
                "total": 0
              }
            },
            {
              "batter": "Haider Butt",
              "bowler": "S Shrivastava",
              "non_striker": "Ahmer Bin Nisar",
              "runs": {
                "batter": 6,
                "extras": 0,
                "total": 6
              }
            }
          ]
        },
        {
          "over": 12,
          "deliveries": [
            {
              "batter": "Ahmer Bin Nisar",
              "bowler": "Sandeep Goud",
              "non_striker": "Haider Butt",
              "runs": {
                "batter": 1,
                "extras": 0,
                "total": 1
              }
            },
            {
              "batter": "Haider Butt",
              "bowler": "Sandeep Goud",
              "non_striker": "Ahmer Bin Nisar",
              "runs": {
                "batter": 4,
                "extras": 0,
                "total": 4
              }
            },
            {
              "batter": "Haider Butt",
              "bowler": "Sandeep Goud",
              "non_striker": "Ahmer Bin Nisar",
              "runs": {
                "batter": 0,
                "extras": 0,
                "total": 0
              },
              "wickets": [
                {
                  "player_out": "Haider Butt",
                  "fielders": [
                    {
                      "name": "Rafiullah"
                    }
                  ],
                  "kind": "caught"
                }
              ]
            },
            {
              "batter": "Danish Jasnaik",
              "bowler": "Sandeep Goud",
              "non_striker": "Ahmer Bin Nisar",
              "runs": {
                "batter": 1,
                "extras": 0,
                "total": 1
              }
            },
            {
              "batter": "Ahmer Bin Nisar",
              "bowler": "Sandeep Goud",
              "non_striker": "Danish Jasnaik",
              "runs": {
                "batter": 1,
                "extras": 0,
                "total": 1
              }
            },
            {
              "batter": "Danish Jasnaik",
              "bowler": "Sandeep Goud",
              "non_striker": "Ahmer Bin Nisar",
              "runs": {
                "batter": 1,
                "extras": 0,
                "total": 1
              }
            }
          ]
        },
        {
          "over": 13,
          "deliveries": [
            {
              "batter": "Danish Jasnaik",
              "bowler": "S Shrivastava",
              "non_striker": "Ahmer Bin Nisar",
              "runs": {
                "batter": 0,
                "extras": 0,
                "total": 0
              },
              "wickets": [
                {
                  "player_out": "Danish Jasnaik",
                  "fielders": [
                    {
                      "name": "Shoaib Khan"
                    }
                  ],
                  "kind": "caught"
                }
              ]
            },
            {
              "batter": "S Veerapathiran",
              "bowler": "S Shrivastava",
              "non_striker": "Ahmer Bin Nisar",
              "runs": {
                "batter": 0,
                "extras": 0,
                "total": 0
              },
              "wickets": [
                {
                  "player_out": "S Veerapathiran",
                  "kind": "bowled"
                }
              ]
            },
            {
              "batter": "Sachin Kumar",
              "bowler": "S Shrivastava",
              "non_striker": "Ahmer Bin Nisar",
              "runs": {
                "batter": 0,
                "extras": 0,
                "total": 0
              }
            },
            {
              "batter": "Sachin Kumar",
              "bowler": "S Shrivastava",
              "non_striker": "Ahmer Bin Nisar",
              "runs": {
                "batter": 0,
                "extras": 0,
                "total": 0
              },
              "wickets": [
                {
                  "player_out": "Sachin Kumar",
                  "fielders": [
                    {
                      "name": "Suraj Kumar"
                    }
                  ],
                  "kind": "caught"
                }
              ]
            },
            {
              "batter": "Rizwan Butt",
              "bowler": "S Shrivastava",
              "non_striker": "Ahmer Bin Nisar",
              "runs": {
                "batter": 1,
                "extras": 0,
                "total": 1
              }
            },
            {
              "batter": "Ahmer Bin Nisar",
              "bowler": "S Shrivastava",
              "non_striker": "Rizwan Butt",
              "runs": {
                "batter": 1,
                "extras": 0,
                "total": 1
              }
            }
          ]
        },
        {
          "over": 14,
          "deliveries": [
            {
              "batter": "Ahmer Bin Nisar",
              "bowler": "Bilal Khan",
              "non_striker": "Rizwan Butt",
              "runs": {
                "batter": 0,
                "extras": 0,
                "total": 0
              }
            },
            {
              "batter": "Ahmer Bin Nisar",
              "bowler": "Bilal Khan",
              "non_striker": "Rizwan Butt",
              "runs": {
                "batter": 1,
                "extras": 0,
                "total": 1
              }
            },
            {
              "batter": "Rizwan Butt",
              "bowler": "Bilal Khan",
              "non_striker": "Ahmer Bin Nisar",
              "runs": {
                "batter": 0,
                "extras": 0,
                "total": 0
              }
            },
            {
              "batter": "Rizwan Butt",
              "bowler": "Bilal Khan",
              "non_striker": "Ahmer Bin Nisar",
              "runs": {
                "batter": 0,
                "extras": 0,
                "total": 0
              },
              "wickets": [
                {
                  "player_out": "Rizwan Butt",
                  "fielders": [
                    {
                      "name": "Rafiullah"
                    }
                  ],
                  "kind": "caught"
                }
              ]
            },
            {
              "batter": "Imran Khan",
              "bowler": "Bilal Khan",
              "non_striker": "Ahmer Bin Nisar",
              "runs": {
                "batter": 0,
                "extras": 0,
                "total": 0
              }
            },
            {
              "batter": "Imran Khan",
              "bowler": "Bilal Khan",
              "non_striker": "Ahmer Bin Nisar",
              "runs": {
                "batter": 0,
                "extras": 0,
                "total": 0
              }
            }
          ]
        },
        {
          "over": 15,
          "deliveries": [
            {
              "batter": "Ahmer Bin Nisar",
              "bowler": "S Shrivastava",
              "non_striker": "Imran Khan",
              "runs": {
                "batter": 0,
                "extras": 0,
                "total": 0
              }
            },
            {
              "batter": "Ahmer Bin Nisar",
              "bowler": "S Shrivastava",
              "non_striker": "Imran Khan",
              "runs": {
                "batter": 0,
                "extras": 0,
                "total": 0
              }
            },
            {
              "batter": "Ahmer Bin Nisar",
              "bowler": "S Shrivastava",
              "non_striker": "Imran Khan",
              "runs": {
                "batter": 1,
                "extras": 0,
                "total": 1
              }
            },
            {
              "batter": "Imran Khan",
              "bowler": "S Shrivastava",
              "non_striker": "Ahmer Bin Nisar",
              "runs": {
                "batter": 0,
                "extras": 0,
                "total": 0
              }
            },
            {
              "batter": "Imran Khan",
              "bowler": "S Shrivastava",
              "non_striker": "Ahmer Bin Nisar",
              "runs": {
                "batter": 0,
                "extras": 0,
                "total": 0
              }
            },
            {
              "batter": "Imran Khan",
              "bowler": "S Shrivastava",
              "non_striker": "Ahmer Bin Nisar",
              "runs": {
                "batter": 0,
                "extras": 0,
                "total": 0
              },
              "wickets": [
                {
                  "player_out": "Imran Khan",
                  "kind": "bowled"
                }
              ]
            }
          ]
        }
      ],
      "powerplays": [
        {
          "from": 0.1,
          "to": 5.6,
          "type": "mandatory"
        }
      ],
      "target": {
        "overs": 20,
        "runs": 221
      }
    }
  ]
}