{
  "meta": {
    "data_version": "1.1.0",
    "created": "2022-12-22",
    "revision": 1
  },
  "info": {
    "balls_per_over": 6,
    "city": "Kigali City",
    "dates": [
      "2022-12-20"
    ],
    "event": {
      "name": "Tri-Nation T20 Cup (Rwanda)",
      "match_number": 14
    },
    "gender": "male",
    "match_type": "T20",
    "match_type_number": 1973,
    "officials": {
      "reserve_umpires": [
        "John Mayeku"
      ],
      "umpires": [
        "EH Dusabemungu",
        "Patric Makumbi"
      ]
    },
    "outcome": {
      "winner": "Uganda",
      "by": {
        "wickets": 7
      }
    },
    "overs": 20,
    "player_of_match": [
      "Bilal Hassun"
    ],
    "players": {
      "Rwanda": [
        "W Niyitanga",
        "D Ndikubwimana",
        "O Manishimwe",
        "O Tuyisenge",
        "C Rububagumya",
        "E Dusingizimana",
        "E Niyomugabo",
        "E Sebareme",
        "V Mitari",
        "M Akayezu",
        "K Irakoze"
      ],
      "Uganda": [
        "S Sesazi",
        "R Lutaaya",
        "K Waiswa",
        "CN Kakuru",
        "P Murungi",
        "J Baguma",
        "J Miyaji",
        "F Nsubuga",
        "H Ssenyondo",
        "Bilal Hassun",
        "B Masaba"
      ]
    },
    "registry": {
      "people": {
        "B Masaba": "f33cfd25",
        "Bilal Hassun": "1a9e9efe",
        "C Rububagumya": "8088632c",
        "CN Kakuru": "f6aed283",
        "D Ndikubwimana": "3cbedf51",
        "E Dusingizimana": "c15e7ba4",
        "E Niyomugabo": "2dcac6ff",
        "E Sebareme": "f99a219a",
        "EH Dusabemungu": "ba3b4b09",
        "F Nsubuga": "87e33d07",
        "H Ssenyondo": "2b7609f1",
        "I Ntirenganya": "e73f6c4b",
        "J Baguma": "8b46fc4f",
        "J Miyaji": "414d8a10",
        "John Mayeku": "9d819a32",
        "K Irakoze": "9ccb6e52",
        "K Waiswa": "a3a275ec",
        "M Akayezu": "1f3b9f8d",
        "O Manishimwe": "fb31ca49",
        "O Tuyisenge": "e6a6888f",
        "P Murungi": "fbdc5ab1",
        "Patric Makumbi": "e4c69c16",
        "R Lutaaya": "04e0cdec",
        "S Sesazi": "c2c975f9",
        "V Mitari": "3a82673c",
        "W Niyitanga": "e7631adc"
      }
    },
    "season": "2022/23",
    "team_type": "international",
    "teams": [
      "Rwanda",
      "Uganda"
    ],
    "toss": {
      "decision": "field",
      "winner": "Uganda"
    },
    "venue": "Gahanga International Cricket Stadium, Rwanda"
  },
  "innings": [
    {
      "team": "Rwanda",
      "overs": [
        {
          "over": 0,
          "deliveries": [
            {
              "batter": "W Niyitanga",
              "bowler": "F Nsubuga",
              "non_striker": "D Ndikubwimana",
              "runs": {
                "batter": 4,
                "extras": 0,
                "total": 4
              }
            },
            {
              "batter": "W Niyitanga",
              "bowler": "F Nsubuga",
              "non_striker": "D Ndikubwimana",
              "runs": {
                "batter": 0,
                "extras": 0,
                "total": 0
              }
            },
            {
              "batter": "W Niyitanga",
              "bowler": "F Nsubuga",
              "non_striker": "D Ndikubwimana",
              "runs": {
                "batter": 0,
                "extras": 0,
                "total": 0
              }
            },
            {
              "batter": "W Niyitanga",
              "bowler": "F Nsubuga",
              "non_striker": "D Ndikubwimana",
              "runs": {
                "batter": 0,
                "extras": 0,
                "total": 0
              }
            },
            {
              "batter": "W Niyitanga",
              "bowler": "F Nsubuga",
              "non_striker": "D Ndikubwimana",
              "runs": {
                "batter": 0,
                "extras": 0,
                "total": 0
              }
            },
            {
              "batter": "W Niyitanga",
              "bowler": "F Nsubuga",
              "non_striker": "D Ndikubwimana",
              "runs": {
                "batter": 0,
                "extras": 0,
                "total": 0
              }
            }
          ]
        },
        {
          "over": 1,
          "deliveries": [
            {
              "batter": "D Ndikubwimana",
              "bowler": "J Miyaji",
              "non_striker": "W Niyitanga",
              "runs": {
                "batter": 0,
                "extras": 0,
                "total": 0
              }
            },
            {
              "batter": "D Ndikubwimana",
              "bowler": "J Miyaji",
              "non_striker": "W Niyitanga",
              "runs": {
                "batter": 4,
                "extras": 0,
                "total": 4
              }
            },
            {
              "batter": "D Ndikubwimana",
              "bowler": "J Miyaji",
              "non_striker": "W Niyitanga",
              "runs": {
                "batter": 0,
                "extras": 0,
                "total": 0
              }
            },
            {
              "batter": "D Ndikubwimana",
              "bowler": "J Miyaji",
              "non_striker": "W Niyitanga",
              "runs": {
                "batter": 0,
                "extras": 0,
                "total": 0
              }
            },
            {
              "batter": "D Ndikubwimana",
              "bowler": "J Miyaji",
              "non_striker": "W Niyitanga",
              "runs": {
                "batter": 1,
                "extras": 0,
                "total": 1
              }
            },
            {
              "batter": "W Niyitanga",
              "bowler": "J Miyaji",
              "non_striker": "D Ndikubwimana",
              "runs": {
                "batter": 0,
                "extras": 0,
                "total": 0
              },
              "wickets": [
                {
                  "player_out": "W Niyitanga",
                  "fielders": [
                    {
                      "name": "P Murungi"
                    }
                  ],
                  "kind": "caught"
                }
              ]
            }
          ]
        },
        {
          "over": 2,
          "deliveries": [
            {
              "batter": "D Ndikubwimana",
              "bowler": "F Nsubuga",
              "non_striker": "O Manishimwe",
              "runs": {
                "batter": 0,
                "extras": 0,
                "total": 0
              }
            },
            {
              "batter": "D Ndikubwimana",
              "bowler": "F Nsubuga",
              "non_striker": "O Manishimwe",
              "runs": {
                "batter": 0,
                "extras": 0,
                "total": 0
              }
            },
            {
              "batter": "D Ndikubwimana",
              "bowler": "F Nsubuga",
              "non_striker": "O Manishimwe",
              "runs": {
                "batter": 0,
                "extras": 0,
                "total": 0
              }
            },
            {
              "batter": "D Ndikubwimana",
              "bowler": "F Nsubuga",
              "non_striker": "O Manishimwe",
              "runs": {
                "batter": 0,
                "extras": 0,
                "total": 0
              }
            },
            {
              "batter": "D Ndikubwimana",
              "bowler": "F Nsubuga",
              "non_striker": "O Manishimwe",
              "runs": {
                "batter": 0,
                "extras": 0,
                "total": 0
              }
            },
            {
              "batter": "D Ndikubwimana",
              "bowler": "F Nsubuga",
              "non_striker": "O Manishimwe",
              "runs": {
                "batter": 0,
                "extras": 0,
                "total": 0
              }
            }
          ]
        },
        {
          "over": 3,
          "deliveries": [
            {
              "batter": "O Manishimwe",
              "bowler": "J Miyaji",
              "non_striker": "D Ndikubwimana",
              "runs": {
                "batter": 1,
                "extras": 0,
                "total": 1
              }
            },
            {
              "batter": "D Ndikubwimana",
              "bowler": "J Miyaji",
              "non_striker": "O Manishimwe",
              "runs": {
                "batter": 1,
                "extras": 0,
                "total": 1
              }
            },
            {
              "batter": "O Manishimwe",
              "bowler": "J Miyaji",
              "extras": {
                "noballs": 1
              },
              "non_striker": "D Ndikubwimana",
              "runs": {
                "batter": 1,
                "extras": 1,
                "total": 2
              }
            },
            {
              "batter": "D Ndikubwimana",
              "bowler": "J Miyaji",
              "non_striker": "O Manishimwe",
              "runs": {
                "batter": 0,
                "extras": 0,
                "total": 0
              }
            },
            {
              "batter": "D Ndikubwimana",
              "bowler": "J Miyaji",
              "non_striker": "O Manishimwe",
              "runs": {
                "batter": 4,
                "extras": 0,
                "total": 4
              }
            },
            {
              "batter": "D Ndikubwimana",
              "bowler": "J Miyaji",
              "non_striker": "O Manishimwe",
              "runs": {
                "batter": 0,
                "extras": 0,
                "total": 0
              }
            },
            {
              "batter": "D Ndikubwimana",
              "bowler": "J Miyaji",
              "non_striker": "O Manishimwe",
              "runs": {
                "batter": 1,
                "extras": 0,
                "total": 1
              }
            }
          ]
        },
        {
          "over": 4,
          "deliveries": [
            {
              "batter": "D Ndikubwimana",
              "bowler": "F Nsubuga",
              "non_striker": "O Manishimwe",
              "runs": {
                "batter": 1,
                "extras": 0,
                "total": 1
              }
            },
            {
              "batter": "O Manishimwe",
              "bowler": "F Nsubuga",
              "non_striker": "D Ndikubwimana",
              "runs": {
                "batter": 0,
                "extras": 0,
                "total": 0
              },
              "wickets": [
                {
                  "player_out": "O Manishimwe",
                  "kind": "bowled"
                }
              ]
            },
            {
              "batter": "O Tuyisenge",
              "bowler": "F Nsubuga",
              "non_striker": "D Ndikubwimana",
              "runs": {
                "batter": 0,
                "extras": 0,
                "total": 0
              }
            },
            {
              "batter": "O Tuyisenge",
              "bowler": "F Nsubuga",
              "non_striker": "D Ndikubwimana",
              "runs": {
                "batter": 0,
                "extras": 0,
                "total": 0
              }
            },
            {
              "batter": "O Tuyisenge",
              "bowler": "F Nsubuga",
              "non_striker": "D Ndikubwimana",
              "runs": {
                "batter": 0,
                "extras": 0,
                "total": 0
              }
            },
            {
              "batter": "O Tuyisenge",
              "bowler": "F Nsubuga",
              "non_striker": "D Ndikubwimana",
              "runs": {
                "batter": 0,
                "extras": 0,
                "total": 0
              }
            }
          ]
        },
        {
          "over": 5,
          "deliveries": [
            {
              "batter": "D Ndikubwimana",
              "bowler": "H Ssenyondo",
              "non_striker": "O Tuyisenge",
              "runs": {
                "batter": 2,
                "extras": 0,
                "total": 2
              }
            },
            {
              "batter": "D Ndikubwimana",
              "bowler": "H Ssenyondo",
              "non_striker": "O Tuyisenge",
              "runs": {
                "batter": 0,
                "extras": 0,
                "total": 0
              }
            },
            {
              "batter": "D Ndikubwimana",
              "bowler": "H Ssenyondo",
              "non_striker": "O Tuyisenge",
              "runs": {
                "batter": 3,
                "extras": 0,
                "total": 3
              }
            },
            {
              "batter": "O Tuyisenge",
              "bowler": "H Ssenyondo",
              "non_striker": "D Ndikubwimana",
              "runs": {
                "batter": 0,
                "extras": 0,
                "total": 0
              }
            },
            {
              "batter": "O Tuyisenge",
              "bowler": "H Ssenyondo",
              "non_striker": "D Ndikubwimana",
              "runs": {
                "batter": 2,
                "extras": 0,
                "total": 2
              }
            },
            {
              "batter": "O Tuyisenge",
              "bowler": "H Ssenyondo",
              "non_striker": "D Ndikubwimana",
              "runs": {
                "batter": 0,
                "extras": 0,
                "total": 0
              }
            }
          ]
        },
        {
          "over": 6,
          "deliveries": [
            {
              "batter": "D Ndikubwimana",
              "bowler": "Bilal Hassun",
              "non_striker": "O Tuyisenge",
              "runs": {
                "batter": 2,
                "extras": 0,
                "total": 2
              }
            },
            {
              "batter": "D Ndikubwimana",
              "bowler": "Bilal Hassun",
              "non_striker": "O Tuyisenge",
              "runs": {
                "batter": 0,
                "extras": 0,
                "total": 0
              }
            },
            {
              "batter": "D Ndikubwimana",
              "bowler": "Bilal Hassun",
              "non_striker": "O Tuyisenge",
              "runs": {
                "batter": 0,
                "extras": 0,
                "total": 0
              }
            },
            {
              "batter": "D Ndikubwimana",
              "bowler": "Bilal Hassun",
              "non_striker": "O Tuyisenge",
              "runs": {
                "batter": 0,
                "extras": 0,
                "total": 0
              },
              "wickets": [
                {
                  "player_out": "D Ndikubwimana",
                  "fielders": [
                    {
                      "name": "K Waiswa"
                    }
                  ],
                  "kind": "caught"
                }
              ]
            },
            {
              "batter": "C Rububagumya",
              "bowler": "Bilal Hassun",
              "non_striker": "O Tuyisenge",
              "runs": {
                "batter": 0,
                "extras": 0,
                "total": 0
              }
            },
            {
              "batter": "C Rububagumya",
              "bowler": "Bilal Hassun",
              "extras": {
                "wides": 1
              },
              "non_striker": "O Tuyisenge",
              "runs": {
                "batter": 0,
                "extras": 1,
                "total": 1
              }
            },
            {
              "batter": "C Rububagumya",
              "bowler": "Bilal Hassun",
              "non_striker": "O Tuyisenge",
              "runs": {
                "batter": 0,
                "extras": 0,
                "total": 0
              },
              "wickets": [
                {
                  "player_out": "C Rububagumya",
                  "kind": "bowled"
                }
              ]
            }
          ]
        },
        {
          "over": 7,
          "deliveries": [
            {
              "batter": "O Tuyisenge",
              "bowler": "H Ssenyondo",
              "non_striker": "E Dusingizimana",
              "runs": {
                "batter": 1,
                "extras": 0,
                "total": 1
              }
            },
            {
              "batter": "E Dusingizimana",
              "bowler": "H Ssenyondo",
              "non_striker": "O Tuyisenge",
              "runs": {
                "batter": 0,
                "extras": 0,
                "total": 0
              }
            },
            {
              "batter": "E Dusingizimana",
              "bowler": "H Ssenyondo",
              "non_striker": "O Tuyisenge",
              "runs": {
                "batter": 0,
                "extras": 0,
                "total": 0
              }
            },
            {
              "batter": "E Dusingizimana",
              "bowler": "H Ssenyondo",
              "non_striker": "O Tuyisenge",
              "runs": {
                "batter": 0,
                "extras": 0,
                "total": 0
              }
            },
            {
              "batter": "E Dusingizimana",
              "bowler": "H Ssenyondo",
              "non_striker": "O Tuyisenge",
              "runs": {
                "batter": 0,
                "extras": 0,
                "total": 0
              }
            },
            {
              "batter": "E Dusingizimana",
              "bowler": "H Ssenyondo",
              "non_striker": "O Tuyisenge",
              "runs": {
                "batter": 0,
                "extras": 0,
                "total": 0
              }
            }
          ]
        },
        {
          "over": 8,
          "deliveries": [
            {
              "batter": "O Tuyisenge",
              "bowler": "Bilal Hassun",
              "non_striker": "E Dusingizimana",
              "runs": {
                "batter": 1,
                "extras": 0,
                "total": 1
              }
            },
            {
              "batter": "E Dusingizimana",
              "bowler": "Bilal Hassun",
              "non_striker": "O Tuyisenge",
              "runs": {
                "batter": 0,
                "extras": 0,
                "total": 0
              }
            },
            {
              "batter": "E Dusingizimana",
              "bowler": "Bilal Hassun",
              "non_striker": "O Tuyisenge",
              "runs": {
                "batter": 0,
                "extras": 0,
                "total": 0
              }
            },
            {
              "batter": "E Dusingizimana",
              "bowler": "Bilal Hassun",
              "non_striker": "O Tuyisenge",
              "runs": {
                "batter": 0,
                "extras": 0,
                "total": 0
              },
              "wickets": [
                {
                  "player_out": "E Dusingizimana",
                  "kind": "bowled"
                }
              ]
            },
            {
              "batter": "E Niyomugabo",
              "bowler": "Bilal Hassun",
              "non_striker": "O Tuyisenge",
              "runs": {
                "batter": 0,
                "extras": 0,
                "total": 0
              }
            },
            {
              "batter": "E Niyomugabo",
              "bowler": "Bilal Hassun",
              "non_striker": "O Tuyisenge",
              "runs": {
                "batter": 0,
                "extras": 0,
                "total": 0
              }
            }
          ]
        },
        {
          "over": 9,
          "deliveries": [
            {
              "batter": "O Tuyisenge",
              "bowler": "H Ssenyondo",
              "non_striker": "E Niyomugabo",
              "runs": {
                "batter": 0,
                "extras": 0,
                "total": 0
              }
            },
            {
              "batter": "O Tuyisenge",
              "bowler": "H Ssenyondo",
              "non_striker": "E Niyomugabo",
              "runs": {
                "batter": 0,
                "extras": 0,
                "total": 0
              }
            },
            {
              "batter": "O Tuyisenge",
              "bowler": "H Ssenyondo",
              "non_striker": "E Niyomugabo",
              "runs": {
                "batter": 1,
                "extras": 0,
                "total": 1
              }
            },
            {
              "batter": "E Niyomugabo",
              "bowler": "H Ssenyondo",
              "non_striker": "O Tuyisenge",
              "runs": {
                "batter": 0,
                "extras": 0,
                "total": 0
              }
            },
            {
              "batter": "E Niyomugabo",
              "bowler": "H Ssenyondo",
              "non_striker": "O Tuyisenge",
              "runs": {
                "batter": 0,
                "extras": 0,
                "total": 0
              }
            },
            {
              "batter": "E Niyomugabo",
              "bowler": "H Ssenyondo",
              "non_striker": "O Tuyisenge",
              "runs": {
                "batter": 0,
                "extras": 0,
                "total": 0
              }
            }
          ]
        },
        {
          "over": 10,
          "deliveries": [
            {
              "batter": "O Tuyisenge",
              "bowler": "Bilal Hassun",
              "non_striker": "E Niyomugabo",
              "runs": {
                "batter": 1,
                "extras": 0,
                "total": 1
              }
            },
            {
              "batter": "E Niyomugabo",
              "bowler": "Bilal Hassun",
              "non_striker": "O Tuyisenge",
              "runs": {
                "batter": 0,
                "extras": 0,
                "total": 0
              }
            },
            {
              "batter": "E Niyomugabo",
              "bowler": "Bilal Hassun",
              "non_striker": "O Tuyisenge",
              "runs": {
                "batter": 1,
                "extras": 0,
                "total": 1
              }
            },
            {
              "batter": "O Tuyisenge",
              "bowler": "Bilal Hassun",
              "non_striker": "E Niyomugabo",
              "runs": {
                "batter": 0,
                "extras": 0,
                "total": 0
              }
            },
            {
              "batter": "O Tuyisenge",
              "bowler": "Bilal Hassun",
              "non_striker": "E Niyomugabo",
              "runs": {
                "batter": 1,
                "extras": 0,
                "total": 1
              }
            },
            {
              "batter": "E Niyomugabo",
              "bowler": "Bilal Hassun",
              "non_striker": "O Tuyisenge",
              "runs": {
                "batter": 2,
                "extras": 0,
                "total": 2
              }
            }
          ]
        },
        {
          "over": 11,
          "deliveries": [
            {
              "batter": "O Tuyisenge",
              "bowler": "J Baguma",
              "non_striker": "E Niyomugabo",
              "runs": {
                "batter": 1,
                "extras": 0,
                "total": 1
              }
            },
            {
              "batter": "E Niyomugabo",
              "bowler": "J Baguma",
              "non_striker": "O Tuyisenge",
              "runs": {
                "batter": 0,
                "extras": 0,
                "total": 0
              }
            },
            {
              "batter": "E Niyomugabo",
              "bowler": "J Baguma",
              "extras": {
                "wides": 1
              },
              "non_striker": "O Tuyisenge",
              "runs": {
                "batter": 0,
                "extras": 1,
                "total": 1
              }
            },
            {
              "batter": "E Niyomugabo",
              "bowler": "J Baguma",
              "non_striker": "O Tuyisenge",
              "runs": {
                "batter": 1,
                "extras": 0,
                "total": 1
              }
            },
            {
              "batter": "O Tuyisenge",
              "bowler": "J Baguma",
              "non_striker": "E Niyomugabo",
              "runs": {
                "batter": 0,
                "extras": 0,
                "total": 0
              }
            },
            {
              "batter": "O Tuyisenge",
              "bowler": "J Baguma",
              "non_striker": "E Niyomugabo",
              "runs": {
                "batter": 0,
                "extras": 0,
                "total": 0
              }
            },
            {
              "batter": "O Tuyisenge",
              "bowler": "J Baguma",
              "non_striker": "E Niyomugabo",
              "runs": {
                "batter": 0,
                "extras": 0,
                "total": 0
              }
            }
          ]
        },
        {
          "over": 12,
          "deliveries": [
            {
              "batter": "E Niyomugabo",
              "bowler": "F Nsubuga",
              "non_striker": "O Tuyisenge",
              "runs": {
                "batter": 1,
                "extras": 0,
                "total": 1
              }
            },
            {
              "batter": "O Tuyisenge",
              "bowler": "F Nsubuga",
              "non_striker": "E Niyomugabo",
              "runs": {
                "batter": 0,
                "extras": 0,
                "total": 0
              }
            },
            {
              "batter": "O Tuyisenge",
              "bowler": "F Nsubuga",
              "non_striker": "E Niyomugabo",
              "runs": {
                "batter": 1,
                "extras": 0,
                "total": 1
              }
            },
            {
              "batter": "E Niyomugabo",
              "bowler": "F Nsubuga",
              "non_striker": "O Tuyisenge",
              "runs": {
                "batter": 1,
                "extras": 0,
                "total": 1
              }
            },
            {
              "batter": "O Tuyisenge",
              "bowler": "F Nsubuga",
              "non_striker": "E Niyomugabo",
              "runs": {
                "batter": 1,
                "extras": 0,
                "total": 1
              }
            },
            {
              "batter": "E Niyomugabo",
              "bowler": "F Nsubuga",
              "non_striker": "O Tuyisenge",
              "runs": {
                "batter": 0,
                "extras": 0,
                "total": 0
              },
              "wickets": [
                {
                  "player_out": "E Niyomugabo",
                  "fielders": [
                    {
                      "name": "K Waiswa"
                    }
                  ],
                  "kind": "caught"
                }
              ]
            }
          ]
        },
        {
          "over": 13,
          "deliveries": [
            {
              "batter": "O Tuyisenge",
              "bowler": "J Baguma",
              "non_striker": "E Sebareme",
              "runs": {
                "batter": 0,
                "extras": 0,
                "total": 0
              }
            },
            {
              "batter": "O Tuyisenge",
              "bowler": "J Baguma",
              "non_striker": "E Sebareme",
              "runs": {
                "batter": 2,
                "extras": 0,
                "total": 2
              }
            },
            {
              "batter": "O Tuyisenge",
              "bowler": "J Baguma",
              "non_striker": "E Sebareme",
              "runs": {
                "batter": 4,
                "extras": 0,
                "total": 4
              }
            },
            {
              "batter": "O Tuyisenge",
              "bowler": "J Baguma",
              "extras": {
                "byes": 4
              },
              "non_striker": "E Sebareme",
              "runs": {
                "batter": 0,
                "extras": 4,
                "total": 4
              }
            },
            {
              "batter": "O Tuyisenge",
              "bowler": "J Baguma",
              "non_striker": "E Sebareme",
              "runs": {
                "batter": 4,
                "extras": 0,
                "total": 4
              }
            },
            {
              "batter": "O Tuyisenge",
              "bowler": "J Baguma",
              "non_striker": "E Sebareme",
              "runs": {
                "batter": 1,
                "extras": 0,
                "total": 1
              }
            }
          ]
        },
        {
          "over": 14,
          "deliveries": [
            {
              "batter": "O Tuyisenge",
              "bowler": "H Ssenyondo",
              "non_striker": "E Sebareme",
              "runs": {
                "batter": 0,
                "extras": 0,
                "total": 0
              }
            },
            {
              "batter": "O Tuyisenge",
              "bowler": "H Ssenyondo",
              "non_striker": "E Sebareme",
              "runs": {
                "batter": 0,
                "extras": 0,
                "total": 0
              },
              "wickets": [
                {
                  "player_out": "O Tuyisenge",
                  "fielders": [
                    {
                      "name": "B Masaba"
                    }
                  ],
                  "kind": "caught"
                }
              ]
            },
            {
              "batter": "V Mitari",
              "bowler": "H Ssenyondo",
              "non_striker": "E Sebareme",
              "runs": {
                "batter": 1,
                "extras": 0,
                "total": 1
              }
            },
            {
              "batter": "E Sebareme",
              "bowler": "H Ssenyondo",
              "non_striker": "V Mitari",
              "runs": {
                "batter": 0,
                "extras": 0,
                "total": 0
              }
            },
            {
              "batter": "E Sebareme",
              "bowler": "H Ssenyondo",
              "non_striker": "V Mitari",
              "runs": {
                "batter": 0,
                "extras": 0,
                "total": 0
              },
              "wickets": [
                {
                  "player_out": "E Sebareme",
                  "kind": "lbw"
                }
              ]
            },
            {
              "batter": "M Akayezu",
              "bowler": "H Ssenyondo",
              "non_striker": "V Mitari",
              "runs": {
                "batter": 1,
                "extras": 0,
                "total": 1
              }
            }
          ]
        },
        {
          "over": 15,
          "deliveries": [
            {
              "batter": "M Akayezu",
              "bowler": "J Baguma",
              "non_striker": "V Mitari",
              "runs": {
                "batter": 0,
                "extras": 0,
                "total": 0
              }
            },
            {
              "batter": "M Akayezu",
              "bowler": "J Baguma",
              "non_striker": "V Mitari",
              "runs": {
                "batter": 4,
                "extras": 0,
                "total": 4
              }
            },
            {
              "batter": "M Akayezu",
              "bowler": "J Baguma",
              "non_striker": "V Mitari",
              "runs": {
                "batter": 0,
                "extras": 0,
                "total": 0
              }
            },
            {
              "batter": "M Akayezu",
              "bowler": "J Baguma",
              "non_striker": "V Mitari",
              "runs": {
                "batter": 0,
                "extras": 0,
                "total": 0
              }
            },
            {
              "batter": "M Akayezu",
              "bowler": "J Baguma",
              "non_striker": "V Mitari",
              "runs": {
                "batter": 0,
                "extras": 0,
                "total": 0
              }
            },
            {
              "batter": "M Akayezu",
              "bowler": "J Baguma",
              "non_striker": "V Mitari",
              "runs": {
                "batter": 1,
                "extras": 0,
                "total": 1
              }
            }
          ]
        },
        {
          "over": 16,
          "deliveries": [
            {
              "batter": "M Akayezu",
              "bowler": "J Miyaji",
              "non_striker": "V Mitari",
              "runs": {
                "batter": 0,
                "extras": 0,
                "total": 0
              },
              "wickets": [
                {
                  "player_out": "M Akayezu",
                  "kind": "bowled"
                }
              ]
            },
            {
              "batter": "K Irakoze",
              "bowler": "J Miyaji",
              "non_striker": "V Mitari",
              "runs": {
                "batter": 0,
                "extras": 0,
                "total": 0
              }
            },
            {
              "batter": "K Irakoze",
              "bowler": "J Miyaji",
              "non_striker": "V Mitari",
              "runs": {
                "batter": 0,
                "extras": 0,
                "total": 0
              }
            },
            {
              "batter": "K Irakoze",
              "bowler": "J Miyaji",
              "non_striker": "V Mitari",
              "runs": {
                "batter": 1,
                "extras": 0,
                "total": 1
              }
            },
            {
              "batter": "V Mitari",
              "bowler": "J Miyaji",
              "non_striker": "K Irakoze",
              "runs": {
                "batter": 0,
                "extras": 0,
                "total": 0
              }
            },
            {
              "batter": "V Mitari",
              "bowler": "J Miyaji",
              "non_striker": "K Irakoze",
              "runs": {
                "batter": 0,
                "extras": 0,
                "total": 0
              }
            }
          ]
        },
        {
          "over": 17,
          "deliveries": [
            {
              "batter": "K Irakoze",
              "bowler": "J Baguma",
              "non_striker": "V Mitari",
              "runs": {
                "batter": 0,
                "extras": 0,
                "total": 0
              }
            },
            {
              "batter": "K Irakoze",
              "bowler": "J Baguma",
              "non_striker": "V Mitari",
              "runs": {
                "batter": 0,
                "extras": 0,
                "total": 0
              }
            },
            {
              "batter": "K Irakoze",
              "bowler": "J Baguma",
              "non_striker": "V Mitari",
              "runs": {
                "batter": 0,
                "extras": 0,
                "total": 0
              },
              "wickets": [
                {
                  "player_out": "V Mitari",
                  "fielders": [
                    {
                      "name": "CN Kakuru"
                    },
                    {
                      "name": "Bilal Hassun"
                    }
                  ],
                  "kind": "run out"
                }
              ]
            }
          ]
        }
      ],
      "powerplays": [
        {
          "from": 0.1,
          "to": 5.6,
          "type": "mandatory"
        }
      ]
    },
    {
      "team": "Uganda",
      "overs": [
        {
          "over": 0,
          "deliveries": [
            {
              "batter": "S Sesazi",
              "bowler": "V Mitari",
              "non_striker": "R Lutaaya",
              "runs": {
                "batter": 1,
                "extras": 0,
                "total": 1
              }
            },
            {
              "batter": "R Lutaaya",
              "bowler": "V Mitari",
              "non_striker": "S Sesazi",
              "runs": {
                "batter": 1,
                "extras": 0,
                "total": 1
              }
            },
            {
              "batter": "S Sesazi",
              "bowler": "V Mitari",
              "non_striker": "R Lutaaya",
              "runs": {
                "batter": 2,
                "extras": 0,
                "total": 2
              }
            },
            {
              "batter": "S Sesazi",
              "bowler": "V Mitari",
              "non_striker": "R Lutaaya",
              "runs": {
                "batter": 4,
                "extras": 0,
                "total": 4
              }
            },
            {
              "batter": "S Sesazi",
              "bowler": "V Mitari",
              "non_striker": "R Lutaaya",
              "runs": {
                "batter": 1,
                "extras": 0,
                "total": 1
              }
            },
            {
              "batter": "R Lutaaya",
              "bowler": "V Mitari",
              "non_striker": "S Sesazi",
              "runs": {
                "batter": 4,
                "extras": 0,
                "total": 4
              }
            }
          ]
        },
        {
          "over": 1,
          "deliveries": [
            {
              "batter": "S Sesazi",
              "bowler": "K Irakoze",
              "non_striker": "R Lutaaya",
              "runs": {
                "batter": 4,
                "extras": 0,
                "total": 4
              }
            },
            {
              "batter": "S Sesazi",
              "bowler": "K Irakoze",
              "non_striker": "R Lutaaya",
              "runs": {
                "batter": 0,
                "extras": 0,
                "total": 0
              }
            },
            {
              "batter": "S Sesazi",
              "bowler": "K Irakoze",
              "non_striker": "R Lutaaya",
              "runs": {
                "batter": 4,
                "extras": 0,
                "total": 4
              }
            },
            {
              "batter": "S Sesazi",
              "bowler": "K Irakoze",
              "non_striker": "R Lutaaya",
              "runs": {
                "batter": 1,
                "extras": 0,
                "total": 1
              }
            },
            {
              "batter": "R Lutaaya",
              "bowler": "K Irakoze",
              "non_striker": "S Sesazi",
              "runs": {
                "batter": 0,
                "extras": 0,
                "total": 0
              }
            },
            {
              "batter": "R Lutaaya",
              "bowler": "K Irakoze",
              "non_striker": "S Sesazi",
              "runs": {
                "batter": 0,
                "extras": 0,
                "total": 0
              },
              "wickets": [
                {
                  "player_out": "R Lutaaya",
                  "kind": "bowled"
                }
              ]
            }
          ]
        },
        {
          "over": 2,
          "deliveries": [
            {
              "batter": "S Sesazi",
              "bowler": "E Niyomugabo",
              "non_striker": "K Waiswa",
              "runs": {
                "batter": 1,
                "extras": 0,
                "total": 1
              }
            },
            {
              "batter": "K Waiswa",
              "bowler": "E Niyomugabo",
              "non_striker": "S Sesazi",
              "runs": {
                "batter": 4,
                "extras": 0,
                "total": 4
              }
            },
            {
              "batter": "K Waiswa",
              "bowler": "E Niyomugabo",
              "non_striker": "S Sesazi",
              "runs": {
                "batter": 0,
                "extras": 0,
                "total": 0
              }
            },
            {
              "batter": "K Waiswa",
              "bowler": "E Niyomugabo",
              "non_striker": "S Sesazi",
              "runs": {
                "batter": 0,
                "extras": 0,
                "total": 0
              }
            },
            {
              "batter": "K Waiswa",
              "bowler": "E Niyomugabo",
              "non_striker": "S Sesazi",
              "runs": {
                "batter": 1,
                "extras": 0,
                "total": 1
              }
            },
            {
              "batter": "S Sesazi",
              "bowler": "E Niyomugabo",
              "non_striker": "K Waiswa",
              "runs": {
                "batter": 0,
                "extras": 0,
                "total": 0
              }
            }
          ]
        },
        {
          "over": 3,
          "deliveries": [
            {
              "batter": "K Waiswa",
              "bowler": "K Irakoze",
              "non_striker": "S Sesazi",
              "runs": {
                "batter": 0,
                "extras": 0,
                "total": 0
              }
            },
            {
              "batter": "K Waiswa",
              "bowler": "K Irakoze",
              "non_striker": "S Sesazi",
              "runs": {
                "batter": 1,
                "extras": 0,
                "total": 1
              }
            },
            {
              "batter": "S Sesazi",
              "bowler": "K Irakoze",
              "non_striker": "K Waiswa",
              "runs": {
                "batter": 0,
                "extras": 0,
                "total": 0
              },
              "wickets": [
                {
                  "player_out": "S Sesazi",
                  "fielders": [
                    {
                      "name": "D Ndikubwimana"
                    },
                    {
                      "name": "M Akayezu"
                    }
                  ],
                  "kind": "run out"
                }
              ]
            },
            {
              "batter": "CN Kakuru",
              "bowler": "K Irakoze",
              "non_striker": "K Waiswa",
              "runs": {
                "batter": 1,
                "extras": 0,
                "total": 1
              }
            },
            {
              "batter": "K Waiswa",
              "bowler": "K Irakoze",
              "non_striker": "CN Kakuru",
              "runs": {
                "batter": 0,
                "extras": 0,
                "total": 0
              }
            },
            {
              "batter": "K Waiswa",
              "bowler": "K Irakoze",
              "non_striker": "CN Kakuru",
              "runs": {
                "batter": 0,
                "extras": 0,
                "total": 0
              }
            }
          ]
        },
        {
          "over": 4,
          "deliveries": [
            {
              "batter": "CN Kakuru",
              "bowler": "E Niyomugabo",
              "non_striker": "K Waiswa",
              "runs": {
                "batter": 0,
                "extras": 0,
                "total": 0
              }
            },
            {
              "batter": "CN Kakuru",
              "bowler": "E Niyomugabo",
              "non_striker": "K Waiswa",
              "runs": {
                "batter": 1,
                "extras": 0,
                "total": 1
              }
            },
            {
              "batter": "K Waiswa",
              "bowler": "E Niyomugabo",
              "non_striker": "CN Kakuru",
              "runs": {
                "batter": 0,
                "extras": 0,
                "total": 0
              }
            },
            {
              "batter": "K Waiswa",
              "bowler": "E Niyomugabo",
              "non_striker": "CN Kakuru",
              "runs": {
                "batter": 0,
                "extras": 0,
                "total": 0
              }
            },
            {
              "batter": "K Waiswa",
              "bowler": "E Niyomugabo",
              "non_striker": "CN Kakuru",
              "runs": {
                "batter": 4,
                "extras": 0,
                "total": 4
              }
            },
            {
              "batter": "K Waiswa",
              "bowler": "E Niyomugabo",
              "non_striker": "CN Kakuru",
              "runs": {
                "batter": 1,
                "extras": 0,
                "total": 1
              }
            }
          ]
        },
        {
          "over": 5,
          "deliveries": [
            {
              "batter": "K Waiswa",
              "bowler": "K Irakoze",
              "non_striker": "CN Kakuru",
              "runs": {
                "batter": 4,
                "extras": 0,
                "total": 4
              }
            },
            {
              "batter": "K Waiswa",
              "bowler": "K Irakoze",
              "non_striker": "CN Kakuru",
              "runs": {
                "batter": 4,
                "extras": 0,
                "total": 4
              }
            },
            {
              "batter": "K Waiswa",
              "bowler": "K Irakoze",
              "non_striker": "CN Kakuru",
              "runs": {
                "batter": 1,
                "extras": 0,
                "total": 1
              }
            },
            {
              "batter": "CN Kakuru",
              "bowler": "K Irakoze",
              "non_striker": "K Waiswa",
              "runs": {
                "batter": 0,
                "extras": 0,
                "total": 0
              }
            },
            {
              "batter": "CN Kakuru",
              "bowler": "K Irakoze",
              "non_striker": "K Waiswa",
              "runs": {
                "batter": 0,
                "extras": 0,
                "total": 0
              }
            },
            {
              "batter": "CN Kakuru",
              "bowler": "K Irakoze",
              "non_striker": "K Waiswa",
              "runs": {
                "batter": 0,
                "extras": 0,
                "total": 0
              }
            }
          ]
        },
        {
          "over": 6,
          "deliveries": [
            {
              "batter": "K Waiswa",
              "bowler": "E Sebareme",
              "non_striker": "CN Kakuru",
              "runs": {
                "batter": 0,
                "extras": 0,
                "total": 0
              }
            },
            {
              "batter": "K Waiswa",
              "bowler": "E Sebareme",
              "non_striker": "CN Kakuru",
              "runs": {
                "batter": 2,
                "extras": 0,
                "total": 2
              }
            },
            {
              "batter": "K Waiswa",
              "bowler": "E Sebareme",
              "non_striker": "CN Kakuru",
              "runs": {
                "batter": 0,
                "extras": 0,
                "total": 0
              }
            },
            {
              "batter": "K Waiswa",
              "bowler": "E Sebareme",
              "non_striker": "CN Kakuru",
              "runs": {
                "batter": 0,
                "extras": 0,
                "total": 0
              }
            },
            {
              "batter": "K Waiswa",
              "bowler": "E Sebareme",
              "non_striker": "CN Kakuru",
              "runs": {
                "batter": 0,
                "extras": 0,
                "total": 0
              }
            },
            {
              "batter": "K Waiswa",
              "bowler": "E Sebareme",
              "non_striker": "CN Kakuru",
              "runs": {
                "batter": 1,
                "extras": 0,
                "total": 1
              }
            }
          ]
        },
        {
          "over": 7,
          "deliveries": [
            {
              "batter": "K Waiswa",
              "bowler": "K Irakoze",
              "non_striker": "CN Kakuru",
              "runs": {
                "batter": 4,
                "extras": 0,
                "total": 4
              }
            },
            {
              "batter": "K Waiswa",
              "bowler": "K Irakoze",
              "non_striker": "CN Kakuru",
              "runs": {
                "batter": 1,
                "extras": 0,
                "total": 1
              }
            },
            {
              "batter": "CN Kakuru",
              "bowler": "K Irakoze",
              "non_striker": "K Waiswa",
              "runs": {
                "batter": 4,
                "extras": 0,
                "total": 4
              }
            },
            {
              "batter": "CN Kakuru",
              "bowler": "K Irakoze",
              "non_striker": "K Waiswa",
              "runs": {
                "batter": 0,
                "extras": 0,
                "total": 0
              }
            },
            {
              "batter": "CN Kakuru",
              "bowler": "K Irakoze",
              "non_striker": "K Waiswa",
              "runs": {
                "batter": 4,
                "extras": 0,
                "total": 4
              }
            },
            {
              "batter": "CN Kakuru",
              "bowler": "K Irakoze",
              "non_striker": "K Waiswa",
              "runs": {
                "batter": 0,
                "extras": 0,
                "total": 0
              }
            }
          ]
        },
        {
          "over": 8,
          "deliveries": [
            {
              "batter": "K Waiswa",
              "bowler": "E Sebareme",
              "non_striker": "CN Kakuru",
              "runs": {
                "batter": 2,
                "extras": 0,
                "total": 2
              }
            },
            {
              "batter": "K Waiswa",
              "bowler": "E Sebareme",
              "non_striker": "CN Kakuru",
              "runs": {
                "batter": 0,
                "extras": 0,
                "total": 0
              },
              "wickets": [
                {
                  "player_out": "K Waiswa",
                  "fielders": [
                    {
                      "name": "I Ntirenganya",
                      "substitute": true
                    }
                  ],
                  "kind": "caught"
                }
              ]
            },
            {
              "batter": "P Murungi",
              "bowler": "E Sebareme",
              "non_striker": "CN Kakuru",
              "runs": {
                "batter": 3,
                "extras": 0,
                "total": 3
              }
            },
            {
              "batter": "CN Kakuru",
              "bowler": "E Sebareme",
              "extras": {
                "legbyes": 1
              },
              "non_striker": "P Murungi",
              "runs": {
                "batter": 0,
                "extras": 1,
                "total": 1
              }
            },
            {
              "batter": "P Murungi",
              "bowler": "E Sebareme",
              "non_striker": "CN Kakuru",
              "runs": {
                "batter": 1,
                "extras": 0,
                "total": 1
              }
            }
          ]
        }
      ],
      "powerplays": [
        {
          "from": 0.1,
          "to": 5.6,
          "type": "mandatory"
        }
      ],
      "target": {
        "overs": 20,
        "runs": 68
      }
    }
  ]
}