{
  "meta": {
    "data_version": "1.1.0",
    "created": "2023-03-11",
    "revision": 1
  },
  "info": {
    "balls_per_over": 6,
    "city": "Mong Kok",
    "dates": [
      "2023-03-11"
    ],
    "event": {
      "name": "Quadrangular Twenty20 Series (Hong Kong)",
      "match_number": 5
    },
    "gender": "male",
    "match_type": "T20",
    "match_type_number": 2019,
    "officials": {
      "match_referees": [
        "N Hemlani"
      ],
      "reserve_umpires": [
        "SJ D'Cruz"
      ],
      "umpires": [
        "Niaz Ali",
        "Tabarak Dar"
      ]
    },
    "outcome": {
      "winner": "Bahrain",
      "by": {
        "wickets": 4
      }
    },
    "overs": 20,
    "player_of_match": [
      "Imran Anwar"
    ],
    "players": {
      "Kuwait": [
        "Meet Bhavsar",
        "R Sandaruwan",
        "Adnan Idrees",
        "Usman Patel",
        "Ali Zaheer",
        "Bilal Tahir",
        "Shiraz Khan",
        "Sayed Monib",
        "MNM Aslam",
        "Shahrukh Quddus",
        "Ilyas Ahmed"
      ],
      "Bahrain": [
        "P Kurup",
        "Shahbaz Badar",
        "Imran Anwar",
        "Sohail Ahmed",
        "Haider Butt",
        "Yasser Nazir",
        "Sarfaraz Ali",
        "Junaid Aziz",
        "Rizwan Butt",
        "Abdul Majid",
        "S Veerapathiran"
      ]
    },
    "registry": {
      "people": {
        "Abdul Majid": "384cebed",
        "Adnan Idrees": "0e34c23a",
        "Ali Zaheer": "04ed04d2",
        "Bilal Tahir": "3cf06094",
        "Haider Butt": "14fd10b5",
        "Ilyas Ahmed": "42a01b52",
        "Imran Anwar": "a9a18e3e",
        "Junaid Aziz": "c39ee9e0",
        "MNM Aslam": "20481563",
        "Meet Bhavsar": "b25a3800",
        "N Hemlani": "bcc5904a",
        "Niaz Ali": "e33a357d",
        "P Kurup": "50ceaef6",
        "R Sandaruwan": "cf6acc0d",
        "Rizwan Butt": "e741ed8f",
        "S Veerapathiran": "1e569fb0",
        "SJ D'Cruz": "ed62962b",
        "Sarfaraz Ali": "db95ddeb",
        "Sayed Monib": "b9cfb0b1",
        "Shahbaz Badar": "23eedcd3",
        "Shahrukh Quddus": "a80cc0cc",
        "Shiraz Khan": "f310704c",
        "Sohail Ahmed": "4db71b2e",
        "Tabarak Dar": "2259c12d",
        "Usman Patel": "415c6ccf",
        "Yasser Nazir": "ccceaca9"
      }
    },
    "season": "2022/23",
    "team_type": "international",
    "teams": [
      "Kuwait",
      "Bahrain"
    ],
    "toss": {
      "decision": "field",
      "winner": "Bahrain"
    },
    "venue": "Mission Road Ground, Mong Kok, Hong Kong"
  },
  "innings": [
    {
      "team": "Kuwait",
      "overs": [
        {
          "over": 0,
          "deliveries": [
            {
              "batter": "Meet Bhavsar",
              "bowler": "Rizwan Butt",
              "non_striker": "R Sandaruwan",
              "runs": {
                "batter": 2,
                "extras": 0,
                "total": 2
              }
            },
            {
              "batter": "Meet Bhavsar",
              "bowler": "Rizwan Butt",
              "non_striker": "R Sandaruwan",
              "runs": {
                "batter": 0,
                "extras": 0,
                "total": 0
              }
            },
            {
              "batter": "Meet Bhavsar",
              "bowler": "Rizwan Butt",
              "non_striker": "R Sandaruwan",
              "runs": {
                "batter": 1,
                "extras": 0,
                "total": 1
              }
            },
            {
              "batter": "R Sandaruwan",
              "bowler": "Rizwan Butt",
              "non_striker": "Meet Bhavsar",
              "runs": {
                "batter": 0,
                "extras": 0,
                "total": 0
              }
            },
            {
              "batter": "R Sandaruwan",
              "bowler": "Rizwan Butt",
              "non_striker": "Meet Bhavsar",
              "runs": {
                "batter": 4,
                "extras": 0,
                "total": 4
              }
            },
            {
              "batter": "R Sandaruwan",
              "bowler": "Rizwan Butt",
              "non_striker": "Meet Bhavsar",
              "runs": {
                "batter": 1,
                "extras": 0,
                "total": 1
              }
            }
          ]
        },
        {
          "over": 1,
          "deliveries": [
            {
              "batter": "R Sandaruwan",
              "bowler": "Abdul Majid",
              "non_striker": "Meet Bhavsar",
              "runs": {
                "batter": 0,
                "extras": 0,
                "total": 0
              }
            },
            {
              "batter": "R Sandaruwan",
              "bowler": "Abdul Majid",
              "non_striker": "Meet Bhavsar",
              "runs": {
                "batter": 0,
                "extras": 0,
                "total": 0
              }
            },
            {
              "batter": "R Sandaruwan",
              "bowler": "Abdul Majid",
              "non_striker": "Meet Bhavsar",
              "runs": {
                "batter": 0,
                "extras": 0,
                "total": 0
              }
            },
            {
              "batter": "R Sandaruwan",
              "bowler": "Abdul Majid",
              "non_striker": "Meet Bhavsar",
              "runs": {
                "batter": 0,
                "extras": 0,
                "total": 0
              }
            },
            {
              "batter": "R Sandaruwan",
              "bowler": "Abdul Majid",
              "non_striker": "Meet Bhavsar",
              "runs": {
                "batter": 1,
                "extras": 0,
                "total": 1
              }
            },
            {
              "batter": "Meet Bhavsar",
              "bowler": "Abdul Majid",
              "extras": {
                "wides": 1
              },
              "non_striker": "R Sandaruwan",
              "runs": {
                "batter": 0,
                "extras": 1,
                "total": 1
              }
            },
            {
              "batter": "Meet Bhavsar",
              "bowler": "Abdul Majid",
              "non_striker": "R Sandaruwan",
              "runs": {
                "batter": 0,
                "extras": 0,
                "total": 0
              }
            }
          ]
        },
        {
          "over": 2,
          "deliveries": [
            {
              "batter": "R Sandaruwan",
              "bowler": "Rizwan Butt",
              "non_striker": "Meet Bhavsar",
              "runs": {
                "batter": 0,
                "extras": 0,
                "total": 0
              }
            },
            {
              "batter": "R Sandaruwan",
              "bowler": "Rizwan Butt",
              "non_striker": "Meet Bhavsar",
              "runs": {
                "batter": 6,
                "extras": 0,
                "total": 6
              }
            },
            {
              "batter": "R Sandaruwan",
              "bowler": "Rizwan Butt",
              "non_striker": "Meet Bhavsar",
              "runs": {
                "batter": 0,
                "extras": 0,
                "total": 0
              }
            },
            {
              "batter": "R Sandaruwan",
              "bowler": "Rizwan Butt",
              "extras": {
                "wides": 1
              },
              "non_striker": "Meet Bhavsar",
              "runs": {
                "batter": 0,
                "extras": 1,
                "total": 1
              }
            },
            {
              "batter": "R Sandaruwan",
              "bowler": "Rizwan Butt",
              "non_striker": "Meet Bhavsar",
              "runs": {
                "batter": 0,
                "extras": 0,
                "total": 0
              }
            },
            {
              "batter": "R Sandaruwan",
              "bowler": "Rizwan Butt",
              "non_striker": "Meet Bhavsar",
              "runs": {
                "batter": 0,
                "extras": 0,
                "total": 0
              }
            },
            {
              "batter": "R Sandaruwan",
              "bowler": "Rizwan Butt",
              "non_striker": "Meet Bhavsar",
              "runs": {
                "batter": 0,
                "extras": 0,
                "total": 0
              }
            }
          ]
        },
        {
          "over": 3,
          "deliveries": [
            {
              "batter": "Meet Bhavsar",
              "bowler": "Abdul Majid",
              "non_striker": "R Sandaruwan",
              "runs": {
                "batter": 1,
                "extras": 0,
                "total": 1
              }
            },
            {
              "batter": "R Sandaruwan",
              "bowler": "Abdul Majid",
              "non_striker": "Meet Bhavsar",
              "runs": {
                "batter": 1,
                "extras": 0,
                "total": 1
              }
            },
            {
              "batter": "Meet Bhavsar",
              "bowler": "Abdul Majid",
              "non_striker": "R Sandaruwan",
              "runs": {
                "batter": 0,
                "extras": 0,
                "total": 0
              }
            },
            {
              "batter": "Meet Bhavsar",
              "bowler": "Abdul Majid",
              "non_striker": "R Sandaruwan",
              "runs": {
                "batter": 0,
                "extras": 0,
                "total": 0
              }
            },
            {
              "batter": "Meet Bhavsar",
              "bowler": "Abdul Majid",
              "non_striker": "R Sandaruwan",
              "runs": {
                "batter": 0,
                "extras": 0,
                "total": 0
              }
            },
            {
              "batter": "Meet Bhavsar",
              "bowler": "Abdul Majid",
              "non_striker": "R Sandaruwan",
              "runs": {
                "batter": 0,
                "extras": 0,
                "total": 0
              }
            }
          ]
        },
        {
          "over": 4,
          "deliveries": [
            {
              "batter": "R Sandaruwan",
              "bowler": "Sarfaraz Ali",
              "non_striker": "Meet Bhavsar",
              "runs": {
                "batter": 4,
                "extras": 0,
                "total": 4
              }
            },
            {
              "batter": "R Sandaruwan",
              "bowler": "Sarfaraz Ali",
              "non_striker": "Meet Bhavsar",
              "runs": {
                "batter": 1,
                "extras": 0,
                "total": 1
              }
            },
            {
              "batter": "Meet Bhavsar",
              "bowler": "Sarfaraz Ali",
              "non_striker": "R Sandaruwan",
              "runs": {
                "batter": 0,
                "extras": 0,
                "total": 0
              }
            },
            {
              "batter": "Meet Bhavsar",
              "bowler": "Sarfaraz Ali",
              "non_striker": "R Sandaruwan",
              "runs": {
                "batter": 1,
                "extras": 0,
                "total": 1
              }
            },
            {
              "batter": "R Sandaruwan",
              "bowler": "Sarfaraz Ali",
              "non_striker": "Meet Bhavsar",
              "runs": {
                "batter": 0,
                "extras": 0,
                "total": 0
              }
            },
            {
              "batter": "R Sandaruwan",
              "bowler": "Sarfaraz Ali",
              "non_striker": "Meet Bhavsar",
              "runs": {
                "batter": 6,
                "extras": 0,
                "total": 6
              }
            }
          ]
        },
        {
          "over": 5,
          "deliveries": [
            {
              "batter": "Meet Bhavsar",
              "bowler": "S Veerapathiran",
              "non_striker": "R Sandaruwan",
              "runs": {
                "batter": 4,
                "extras": 0,
                "total": 4
              }
            },
            {
              "batter": "Meet Bhavsar",
              "bowler": "S Veerapathiran",
              "non_striker": "R Sandaruwan",
              "runs": {
                "batter": 4,
                "extras": 0,
                "total": 4
              }
            },
            {
              "batter": "Meet Bhavsar",
              "bowler": "S Veerapathiran",
              "non_striker": "R Sandaruwan",
              "runs": {
                "batter": 0,
                "extras": 0,
                "total": 0
              }
            },
            {
              "batter": "Meet Bhavsar",
              "bowler": "S Veerapathiran",
              "non_striker": "R Sandaruwan",
              "runs": {
                "batter": 0,
                "extras": 0,
                "total": 0
              }
            },
            {
              "batter": "Meet Bhavsar",
              "bowler": "S Veerapathiran",
              "non_striker": "R Sandaruwan",
              "runs": {
                "batter": 0,
                "extras": 0,
                "total": 0
              }
            },
            {
              "batter": "Meet Bhavsar",
              "bowler": "S Veerapathiran",
              "non_striker": "R Sandaruwan",
              "runs": {
                "batter": 1,
                "extras": 0,
                "total": 1
              }
            }
          ]
        },
        {
          "over": 6,
          "deliveries": [
            {
              "batter": "Meet Bhavsar",
              "bowler": "Sarfaraz Ali",
              "non_striker": "R Sandaruwan",
              "runs": {
                "batter": 0,
                "extras": 0,
                "total": 0
              }
            },
            {
              "batter": "Meet Bhavsar",
              "bowler": "Sarfaraz Ali",
              "non_striker": "R Sandaruwan",
              "runs": {
                "batter": 1,
                "extras": 0,
                "total": 1
              }
            },
            {
              "batter": "R Sandaruwan",
              "bowler": "Sarfaraz Ali",
              "non_striker": "Meet Bhavsar",
              "runs": {
                "batter": 1,
                "extras": 0,
                "total": 1
              }
            },
            {
              "batter": "Meet Bhavsar",
              "bowler": "Sarfaraz Ali",
              "non_striker": "R Sandaruwan",
              "runs": {
                "batter": 0,
                "extras": 0,
                "total": 0
              },
              "wickets": [
                {
                  "player_out": "Meet Bhavsar",
                  "fielders": [
                    {
                      "name": "S Veerapathiran"
                    }
                  ],
                  "kind": "caught"
                }
              ]
            },
            {
              "batter": "Adnan Idrees",
              "bowler": "Sarfaraz Ali",
              "non_striker": "R Sandaruwan",
              "runs": {
                "batter": 0,
                "extras": 0,
                "total": 0
              }
            },
            {
              "batter": "Adnan Idrees",
              "bowler": "Sarfaraz Ali",
              "non_striker": "R Sandaruwan",
              "runs": {
                "batter": 0,
                "extras": 0,
                "total": 0
              }
            }
          ]
        },
        {
          "over": 7,
          "deliveries": [
            {
              "batter": "R Sandaruwan",
              "bowler": "S Veerapathiran",
              "non_striker": "Adnan Idrees",
              "runs": {
                "batter": 0,
                "extras": 0,
                "total": 0
              }
            },
            {
              "batter": "R Sandaruwan",
              "bowler": "S Veerapathiran",
              "non_striker": "Adnan Idrees",
              "runs": {
                "batter": 1,
                "extras": 0,
                "total": 1
              }
            },
            {
              "batter": "Adnan Idrees",
              "bowler": "S Veerapathiran",
              "non_striker": "R Sandaruwan",
              "runs": {
                "batter": 0,
                "extras": 0,
                "total": 0
              }
            },
            {
              "batter": "Adnan Idrees",
              "bowler": "S Veerapathiran",
              "non_striker": "R Sandaruwan",
              "runs": {
                "batter": 1,
                "extras": 0,
                "total": 1
              }
            },
            {
              "batter": "R Sandaruwan",
              "bowler": "S Veerapathiran",
              "non_striker": "Adnan Idrees",
              "runs": {
                "batter": 0,
                "extras": 0,
                "total": 0
              }
            },
            {
              "batter": "R Sandaruwan",
              "bowler": "S Veerapathiran",
              "non_striker": "Adnan Idrees",
              "runs": {
                "batter": 1,
                "extras": 0,
                "total": 1
              }
            }
          ]
        },
        {
          "over": 8,
          "deliveries": [
            {
              "batter": "R Sandaruwan",
              "bowler": "Imran Anwar",
              "non_striker": "Adnan Idrees",
              "runs": {
                "batter": 2,
                "extras": 0,
                "total": 2
              }
            },
            {
              "batter": "R Sandaruwan",
              "bowler": "Imran Anwar",
              "non_striker": "Adnan Idrees",
              "runs": {
                "batter": 1,
                "extras": 0,
                "total": 1
              }
            },
            {
              "batter": "Adnan Idrees",
              "bowler": "Imran Anwar",
              "extras": {
                "legbyes": 1
              },
              "non_striker": "R Sandaruwan",
              "runs": {
                "batter": 0,
                "extras": 1,
                "total": 1
              }
            },
            {
              "batter": "R Sandaruwan",
              "bowler": "Imran Anwar",
              "non_striker": "Adnan Idrees",
              "runs": {
                "batter": 0,
                "extras": 0,
                "total": 0
              },
              "wickets": [
                {
                  "player_out": "R Sandaruwan",
                  "fielders": [
                    {
                      "name": "P Kurup"
                    }
                  ],
                  "kind": "caught"
                }
              ]
            },
            {
              "batter": "Usman Patel",
              "bowler": "Imran Anwar",
              "non_striker": "Adnan Idrees",
              "runs": {
                "batter": 0,
                "extras": 0,
                "total": 0
              }
            },
            {
              "batter": "Usman Patel",
              "bowler": "Imran Anwar",
              "non_striker": "Adnan Idrees",
              "runs": {
                "batter": 4,
                "extras": 0,
                "total": 4
              }
            }
          ]
        },
        {
          "over": 9,
          "deliveries": [
            {
              "batter": "Adnan Idrees",
              "bowler": "Abdul Majid",
              "non_striker": "Usman Patel",
              "runs": {
                "batter": 4,
                "extras": 0,
                "total": 4
              }
            },
            {
              "batter": "Adnan Idrees",
              "bowler": "Abdul Majid",
              "non_striker": "Usman Patel",
              "runs": {
                "batter": 0,
                "extras": 0,
                "total": 0
              }
            },
            {
              "batter": "Adnan Idrees",
              "bowler": "Abdul Majid",
              "non_striker": "Usman Patel",
              "runs": {
                "batter": 0,
                "extras": 0,
                "total": 0
              }
            },
            {
              "batter": "Adnan Idrees",
              "bowler": "Abdul Majid",
              "non_striker": "Usman Patel",
              "runs": {
                "batter": 1,
                "extras": 0,
                "total": 1
              }
            },
            {
              "batter": "Usman Patel",
              "bowler": "Abdul Majid",
              "non_striker": "Adnan Idrees",
              "runs": {
                "batter": 0,
                "extras": 0,
                "total": 0
              }
            },
            {
              "batter": "Usman Patel",
              "bowler": "Abdul Majid",
              "non_striker": "Adnan Idrees",
              "runs": {
                "batter": 0,
                "extras": 0,
                "total": 0
              }
            }
          ]
        },
        {
          "over": 10,
          "deliveries": [
            {
              "batter": "Adnan Idrees",
              "bowler": "Imran Anwar",
              "non_striker": "Usman Patel",
              "runs": {
                "batter": 1,
                "extras": 0,
                "total": 1
              }
            },
            {
              "batter": "Usman Patel",
              "bowler": "Imran Anwar",
              "non_striker": "Adnan Idrees",
              "runs": {
                "batter": 0,
                "extras": 0,
                "total": 0
              }
            },
            {
              "batter": "Usman Patel",
              "bowler": "Imran Anwar",
              "non_striker": "Adnan Idrees",
              "runs": {
                "batter": 0,
                "extras": 0,
                "total": 0
              },
              "wickets": [
                {
                  "player_out": "Usman Patel",
                  "fielders": [
                    {
                      "name": "Shahbaz Badar"
                    }
                  ],
                  "kind": "caught"
                }
              ]
            },
            {
              "batter": "Ali Zaheer",
              "bowler": "Imran Anwar",
              "non_striker": "Adnan Idrees",
              "runs": {
                "batter": 0,
                "extras": 0,
                "total": 0
              }
            },
            {
              "batter": "Ali Zaheer",
              "bowler": "Imran Anwar",
              "non_striker": "Adnan Idrees",
              "runs": {
                "batter": 0,
                "extras": 0,
                "total": 0
              }
            },
            {
              "batter": "Ali Zaheer",
              "bowler": "Imran Anwar",
              "non_striker": "Adnan Idrees",
              "runs": {
                "batter": 0,
                "extras": 0,
                "total": 0
              }
            }
          ]
        },
        {
          "over": 11,
          "deliveries": [
            {
              "batter": "Adnan Idrees",
              "bowler": "Abdul Majid",
              "non_striker": "Ali Zaheer",
              "runs": {
                "batter": 4,
                "extras": 0,
                "total": 4
              }
            },
            {
              "batter": "Adnan Idrees",
              "bowler": "Abdul Majid",
              "non_striker": "Ali Zaheer",
              "runs": {
                "batter": 1,
                "extras": 0,
                "total": 1
              }
            },
            {
              "batter": "Ali Zaheer",
              "bowler": "Abdul Majid",
              "non_striker": "Adnan Idrees",
              "runs": {
                "batter": 1,
                "extras": 0,
                "total": 1
              }
            },
            {
              "batter": "Adnan Idrees",
              "bowler": "Abdul Majid",
              "non_striker": "Ali Zaheer",
              "runs": {
                "batter": 1,
                "extras": 0,
                "total": 1
              }
            },
            {
              "batter": "Ali Zaheer",
              "bowler": "Abdul Majid",
              "non_striker": "Adnan Idrees",
              "runs": {
                "batter": 1,
                "extras": 0,
                "total": 1
              }
            },
            {
              "batter": "Adnan Idrees",
              "bowler": "Abdul Majid",
              "non_striker": "Ali Zaheer",
              "runs": {
                "batter": 1,
                "extras": 0,
                "total": 1
              }
            }
          ]
        },
        {
          "over": 12,
          "deliveries": [
            {
              "batter": "Adnan Idrees",
              "bowler": "Imran Anwar",
              "non_striker": "Ali Zaheer",
              "runs": {
                "batter": 4,
                "extras": 0,
                "total": 4
              }
            },
            {
              "batter": "Adnan Idrees",
              "bowler": "Imran Anwar",
              "non_striker": "Ali Zaheer",
              "runs": {
                "batter": 0,
                "extras": 0,
                "total": 0
              }
            },
            {
              "batter": "Adnan Idrees",
              "bowler": "Imran Anwar",
              "non_striker": "Ali Zaheer",
              "runs": {
                "batter": 0,
                "extras": 0,
                "total": 0
              },
              "wickets": [
                {
                  "player_out": "Adnan Idrees",
                  "fielders": [
                    {
                      "name": "Junaid Aziz"
                    }
                  ],
                  "kind": "caught"
                }
              ]
            },
            {
              "batter": "Bilal Tahir",
              "bowler": "Imran Anwar",
              "non_striker": "Ali Zaheer",
              "runs": {
                "batter": 0,
                "extras": 0,
                "total": 0
              }
            },
            {
              "batter": "Bilal Tahir",
              "bowler": "Imran Anwar",
              "non_striker": "Ali Zaheer",
              "runs": {
                "batter": 1,
                "extras": 0,
                "total": 1
              }
            },
            {
              "batter": "Ali Zaheer",
              "bowler": "Imran Anwar",
              "non_striker": "Bilal Tahir",
              "runs": {
                "batter": 1,
                "extras": 0,
                "total": 1
              }
            }
          ]
        },
        {
          "over": 13,
          "deliveries": [
            {
              "batter": "Ali Zaheer",
              "bowler": "Sarfaraz Ali",
              "non_striker": "Bilal Tahir",
              "runs": {
                "batter": 4,
                "extras": 0,
                "total": 4
              }
            },
            {
              "batter": "Ali Zaheer",
              "bowler": "Sarfaraz Ali",
              "non_striker": "Bilal Tahir",
              "runs": {
                "batter": 0,
                "extras": 0,
                "total": 0
              },
              "wickets": [
                {
                  "player_out": "Bilal Tahir",
                  "fielders": [
                    {
                      "name": "P Kurup"
                    },
                    {
                      "name": "Sarfaraz Ali"
                    }
                  ],
                  "kind": "run out"
                }
              ]
            },
            {
              "batter": "Ali Zaheer",
              "bowler": "Sarfaraz Ali",
              "non_striker": "Shiraz Khan",
              "runs": {
                "batter": 1,
                "extras": 0,
                "total": 1
              }
            },
            {
              "batter": "Shiraz Khan",
              "bowler": "Sarfaraz Ali",
              "non_striker": "Ali Zaheer",
              "runs": {
                "batter": 0,
                "extras": 0,
                "total": 0
              }
            },
            {
              "batter": "Shiraz Khan",
              "bowler": "Sarfaraz Ali",
              "non_striker": "Ali Zaheer",
              "runs": {
                "batter": 1,
                "extras": 0,
                "total": 1
              }
            },
            {
              "batter": "Ali Zaheer",
              "bowler": "Sarfaraz Ali",
              "non_striker": "Shiraz Khan",
              "runs": {
                "batter": 2,
                "extras": 0,
                "total": 2
              }
            }
          ]
        },
        {
          "over": 14,
          "deliveries": [
            {
              "batter": "Shiraz Khan",
              "bowler": "Imran Anwar",
              "non_striker": "Ali Zaheer",
              "runs": {
                "batter": 0,
                "extras": 0,
                "total": 0
              }
            },
            {
              "batter": "Shiraz Khan",
              "bowler": "Imran Anwar",
              "non_striker": "Ali Zaheer",
              "runs": {
                "batter": 0,
                "extras": 0,
                "total": 0
              }
            },
            {
              "batter": "Shiraz Khan",
              "bowler": "Imran Anwar",
              "non_striker": "Ali Zaheer",
              "runs": {
                "batter": 0,
                "extras": 0,
                "total": 0
              }
            },
            {
              "batter": "Shiraz Khan",
              "bowler": "Imran Anwar",
              "non_striker": "Ali Zaheer",
              "runs": {
                "batter": 1,
                "extras": 0,
                "total": 1
              }
            },
            {
              "batter": "Ali Zaheer",
              "bowler": "Imran Anwar",
              "non_striker": "Shiraz Khan",
              "runs": {
                "batter": 1,
                "extras": 0,
                "total": 1
              }
            },
            {
              "batter": "Shiraz Khan",
              "bowler": "Imran Anwar",
              "non_striker": "Ali Zaheer",
              "runs": {
                "batter": 6,
                "extras": 0,
                "total": 6
              }
            }
          ]
        },
        {
          "over": 15,
          "deliveries": [
            {
              "batter": "Ali Zaheer",
              "bowler": "S Veerapathiran",
              "non_striker": "Shiraz Khan",
              "runs": {
                "batter": 2,
                "extras": 0,
                "total": 2
              }
            },
            {
              "batter": "Ali Zaheer",
              "bowler": "S Veerapathiran",
              "non_striker": "Shiraz Khan",
              "runs": {
                "batter": 0,
                "extras": 0,
                "total": 0
              },
              "wickets": [
                {
                  "player_out": "Ali Zaheer",
                  "fielders": [
                    {
                      "name": "Shahbaz Badar"
                    }
                  ],
                  "kind": "caught"
                }
              ]
            },
            {
              "batter": "Sayed Monib",
              "bowler": "S Veerapathiran",
              "non_striker": "Shiraz Khan",
              "runs": {
                "batter": 1,
                "extras": 0,
                "total": 1
              }
            },
            {
              "batter": "Shiraz Khan",
              "bowler": "S Veerapathiran",
              "non_striker": "Sayed Monib",
              "runs": {
                "batter": 0,
                "extras": 0,
                "total": 0
              }
            },
            {
              "batter": "Shiraz Khan",
              "bowler": "S Veerapathiran",
              "non_striker": "Sayed Monib",
              "runs": {
                "batter": 6,
                "extras": 0,
                "total": 6
              }
            },
            {
              "batter": "Shiraz Khan",
              "bowler": "S Veerapathiran",
              "non_striker": "Sayed Monib",
              "runs": {
                "batter": 6,
                "extras": 0,
                "total": 6
              }
            }
          ]
        },
        {
          "over": 16,
          "deliveries": [
            {
              "batter": "Sayed Monib",
              "bowler": "Sarfaraz Ali",
              "non_striker": "Shiraz Khan",
              "runs": {
                "batter": 1,
                "extras": 0,
                "total": 1
              }
            },
            {
              "batter": "Shiraz Khan",
              "bowler": "Sarfaraz Ali",
              "non_striker": "Sayed Monib",
              "runs": {
                "batter": 0,
                "extras": 0,
                "total": 0
              }
            },
            {
              "batter": "Shiraz Khan",
              "bowler": "Sarfaraz Ali",
              "non_striker": "Sayed Monib",
              "runs": {
                "batter": 6,
                "extras": 0,
                "total": 6
              }
            },
            {
              "batter": "Shiraz Khan",
              "bowler": "Sarfaraz Ali",
              "non_striker": "Sayed Monib",
              "runs": {
                "batter": 4,
                "extras": 0,
                "total": 4
              }
            },
            {
              "batter": "Shiraz Khan",
              "bowler": "Sarfaraz Ali",
              "non_striker": "Sayed Monib",
              "runs": {
                "batter": 1,
                "extras": 0,
                "total": 1
              }
            },
            {
              "batter": "Sayed Monib",
              "bowler": "Sarfaraz Ali",
              "non_striker": "Shiraz Khan",
              "runs": {
                "batter": 1,
                "extras": 0,
                "total": 1
              }
            }
          ]
        },
        {
          "over": 17,
          "deliveries": [
            {
              "batter": "Sayed Monib",
              "bowler": "Rizwan Butt",
              "non_striker": "Shiraz Khan",
              "runs": {
                "batter": 1,
                "extras": 0,
                "total": 1
              }
            },
            {
              "batter": "Shiraz Khan",
              "bowler": "Rizwan Butt",
              "non_striker": "Sayed Monib",
              "runs": {
                "batter": 4,
                "extras": 0,
                "total": 4
              }
            },
            {
              "batter": "Shiraz Khan",
              "bowler": "Rizwan Butt",
              "non_striker": "Sayed Monib",
              "runs": {
                "batter": 1,
                "extras": 0,
                "total": 1
              }
            },
            {
              "batter": "Sayed Monib",
              "bowler": "Rizwan Butt",
              "non_striker": "Shiraz Khan",
              "runs": {
                "batter": 1,
                "extras": 0,
                "total": 1
              }
            },
            {
              "batter": "Shiraz Khan",
              "bowler": "Rizwan Butt",
              "non_striker": "Sayed Monib",
              "runs": {
                "batter": 0,
                "extras": 0,
                "total": 0
              }
            },
            {
              "batter": "Shiraz Khan",
              "bowler": "Rizwan Butt",
              "non_striker": "Sayed Monib",
              "runs": {
                "batter": 0,
                "extras": 0,
                "total": 0
              }
            }
          ]
        },
        {
          "over": 18,
          "deliveries": [
            {
              "batter": "Sayed Monib",
              "bowler": "S Veerapathiran",
              "non_striker": "Shiraz Khan",
              "runs": {
                "batter": 6,
                "extras": 0,
                "total": 6
              }
            },
            {
              "batter": "Sayed Monib",
              "bowler": "S Veerapathiran",
              "non_striker": "Shiraz Khan",
              "runs": {
                "batter": 4,
                "extras": 0,
                "total": 4
              }
            },
            {
              "batter": "Sayed Monib",
              "bowler": "S Veerapathiran",
              "non_striker": "Shiraz Khan",
              "runs": {
                "batter": 1,
                "extras": 0,
                "total": 1
              }
            },
            {
              "batter": "Shiraz Khan",
              "bowler": "S Veerapathiran",
              "non_striker": "Sayed Monib",
              "runs": {
                "batter": 6,
                "extras": 0,
                "total": 6
              }
            },
            {
              "batter": "Shiraz Khan",
              "bowler": "S Veerapathiran",
              "non_striker": "Sayed Monib",
              "runs": {
                "batter": 6,
                "extras": 0,
                "total": 6
              }
            },
            {
              "batter": "Shiraz Khan",
              "bowler": "S Veerapathiran",
              "non_striker": "Sayed Monib",
              "runs": {
                "batter": 1,
                "extras": 0,
                "total": 1
              }
            }
          ]
        },
        {
          "over": 19,
          "deliveries": [
            {
              "batter": "Shiraz Khan",
              "bowler": "Rizwan Butt",
              "non_striker": "Sayed Monib",
              "runs": {
                "batter": 0,
                "extras": 0,
                "total": 0
              }
            },
            {
              "batter": "Shiraz Khan",
              "bowler": "Rizwan Butt",
              "non_striker": "Sayed Monib",
              "runs": {
                "batter": 0,
                "extras": 0,
                "total": 0
              }
            },
            {
              "batter": "Shiraz Khan",
              "bowler": "Rizwan Butt",
              "non_striker": "Sayed Monib",
              "runs": {
                "batter": 1,
                "extras": 0,
                "total": 1
              }
            },
            {
              "batter": "Sayed Monib",
              "bowler": "Rizwan Butt",
              "non_striker": "Shiraz Khan",
              "runs": {
                "batter": 6,
                "extras": 0,
                "total": 6
              }
            },
            {
              "batter": "Sayed Monib",
              "bowler": "Rizwan Butt",
              "non_striker": "Shiraz Khan",
              "runs": {
                "batter": 0,
                "extras": 0,
                "total": 0
              },
              "wickets": [
                {
                  "player_out": "Sayed Monib",
                  "fielders": [
                    {
                      "name": "Junaid Aziz"
                    }
                  ],
                  "kind": "caught"
                }
              ]
            },
            {
              "batter": "MNM Aslam",
              "bowler": "Rizwan Butt",
              "non_striker": "Shiraz Khan",
              "runs": {
                "batter": 0,
                "extras": 0,
                "total": 0
              },
              "wickets": [
                {
                  "player_out": "MNM Aslam",
                  "kind": "bowled"
                }
              ]
            }
          ]
        }
      ],
      "powerplays": [
        {
          "from": 0.1,
          "to": 5.6,
          "type": "mandatory"
        }
      ]
    },
    {
      "team": "Bahrain",
      "overs": [
        {
          "over": 0,
          "deliveries": [
            {
              "batter": "P Kurup",
              "bowler": "Shahrukh Quddus",
              "non_striker": "Shahbaz Badar",
              "runs": {
                "batter": 0,
                "extras": 0,
                "total": 0
              }
            },
            {
              "batter": "P Kurup",
              "bowler": "Shahrukh Quddus",
              "non_striker": "Shahbaz Badar",
              "runs": {
                "batter": 1,
                "extras": 0,
                "total": 1
              }
            },
            {
              "batter": "Shahbaz Badar",
              "bowler": "Shahrukh Quddus",
              "extras": {
                "wides": 1
              },
              "non_striker": "P Kurup",
              "runs": {
                "batter": 0,
                "extras": 1,
                "total": 1
              }
            },
            {
              "batter": "Shahbaz Badar",
              "bowler": "Shahrukh Quddus",
              "non_striker": "P Kurup",
              "runs": {
                "batter": 2,
                "extras": 0,
                "total": 2
              }
            },
            {
              "batter": "Shahbaz Badar",
              "bowler": "Shahrukh Quddus",
              "non_striker": "P Kurup",
              "runs": {
                "batter": 0,
                "extras": 0,
                "total": 0
              }
            },
            {
              "batter": "Shahbaz Badar",
              "bowler": "Shahrukh Quddus",
              "non_striker": "P Kurup",
              "runs": {
                "batter": 0,
                "extras": 0,
                "total": 0
              }
            },
            {
              "batter": "Shahbaz Badar",
              "bowler": "Shahrukh Quddus",
              "non_striker": "P Kurup",
              "runs": {
                "batter": 1,
                "extras": 0,
                "total": 1
              }
            }
          ]
        },
        {
          "over": 1,
          "deliveries": [
            {
              "batter": "Shahbaz Badar",
              "bowler": "Ilyas Ahmed",
              "non_striker": "P Kurup",
              "runs": {
                "batter": 1,
                "extras": 0,
                "total": 1
              }
            },
            {
              "batter": "P Kurup",
              "bowler": "Ilyas Ahmed",
              "extras": {
                "wides": 1
              },
              "non_striker": "Shahbaz Badar",
              "runs": {
                "batter": 0,
                "extras": 1,
                "total": 1
              }
            },
            {
              "batter": "P Kurup",
              "bowler": "Ilyas Ahmed",
              "non_striker": "Shahbaz Badar",
              "runs": {
                "batter": 0,
                "extras": 0,
                "total": 0
              }
            },
            {
              "batter": "P Kurup",
              "bowler": "Ilyas Ahmed",
              "non_striker": "Shahbaz Badar",
              "runs": {
                "batter": 0,
                "extras": 0,
                "total": 0
              }
            },
            {
              "batter": "P Kurup",
              "bowler": "Ilyas Ahmed",
              "non_striker": "Shahbaz Badar",
              "runs": {
                "batter": 0,
                "extras": 0,
                "total": 0
              }
            },
            {
              "batter": "P Kurup",
              "bowler": "Ilyas Ahmed",
              "non_striker": "Shahbaz Badar",
              "runs": {
                "batter": 4,
                "extras": 0,
                "total": 4
              }
            },
            {
              "batter": "P Kurup",
              "bowler": "Ilyas Ahmed",
              "non_striker": "Shahbaz Badar",
              "runs": {
                "batter": 0,
                "extras": 0,
                "total": 0
              },
              "wickets": [
                {
                  "player_out": "P Kurup",
                  "fielders": [
                    {
                      "name": "R Sandaruwan"
                    }
                  ],
                  "kind": "caught"
                }
              ]
            }
          ]
        },
        {
          "over": 2,
          "deliveries": [
            {
              "batter": "Shahbaz Badar",
              "bowler": "Shahrukh Quddus",
              "non_striker": "Imran Anwar",
              "runs": {
                "batter": 0,
                "extras": 0,
                "total": 0
              }
            },
            {
              "batter": "Shahbaz Badar",
              "bowler": "Shahrukh Quddus",
              "non_striker": "Imran Anwar",
              "runs": {
                "batter": 0,
                "extras": 0,
                "total": 0
              }
            },
            {
              "batter": "Shahbaz Badar",
              "bowler": "Shahrukh Quddus",
              "non_striker": "Imran Anwar",
              "runs": {
                "batter": 1,
                "extras": 0,
                "total": 1
              }
            },
            {
              "batter": "Imran Anwar",
              "bowler": "Shahrukh Quddus",
              "non_striker": "Shahbaz Badar",
              "runs": {
                "batter": 2,
                "extras": 0,
                "total": 2
              }
            },
            {
              "batter": "Imran Anwar",
              "bowler": "Shahrukh Quddus",
              "non_striker": "Shahbaz Badar",
              "runs": {
                "batter": 0,
                "extras": 0,
                "total": 0
              }
            },
            {
              "batter": "Imran Anwar",
              "bowler": "Shahrukh Quddus",
              "non_striker": "Shahbaz Badar",
              "runs": {
                "batter": 0,
                "extras": 0,
                "total": 0
              }
            }
          ]
        },
        {
          "over": 3,
          "deliveries": [
            {
              "batter": "Shahbaz Badar",
              "bowler": "Ilyas Ahmed",
              "non_striker": "Imran Anwar",
              "runs": {
                "batter": 0,
                "extras": 0,
                "total": 0
              },
              "wickets": [
                {
                  "player_out": "Shahbaz Badar",
                  "kind": "lbw"
                }
              ]
            },
            {
              "batter": "Sohail Ahmed",
              "bowler": "Ilyas Ahmed",
              "non_striker": "Imran Anwar",
              "runs": {
                "batter": 0,
                "extras": 0,
                "total": 0
              }
            },
            {
              "batter": "Sohail Ahmed",
              "bowler": "Ilyas Ahmed",
              "non_striker": "Imran Anwar",
              "runs": {
                "batter": 0,
                "extras": 0,
                "total": 0
              }
            },
            {
              "batter": "Sohail Ahmed",
              "bowler": "Ilyas Ahmed",
              "non_striker": "Imran Anwar",
              "runs": {
                "batter": 1,
                "extras": 0,
                "total": 1
              }
            },
            {
              "batter": "Imran Anwar",
              "bowler": "Ilyas Ahmed",
              "non_striker": "Sohail Ahmed",
              "runs": {
                "batter": 4,
                "extras": 0,
                "total": 4
              }
            },
            {
              "batter": "Imran Anwar",
              "bowler": "Ilyas Ahmed",
              "extras": {
                "wides": 1
              },
              "non_striker": "Sohail Ahmed",
              "runs": {
                "batter": 0,
                "extras": 1,
                "total": 1
              }
            },
            {
              "batter": "Imran Anwar",
              "bowler": "Ilyas Ahmed",
              "non_striker": "Sohail Ahmed",
              "runs": {
                "batter": 1,
                "extras": 0,
                "total": 1
              }
            }
          ]
        },
        {
          "over": 4,
          "deliveries": [
            {
              "batter": "Imran Anwar",
              "bowler": "Sayed Monib",
              "non_striker": "Sohail Ahmed",
              "runs": {
                "batter": 0,
                "extras": 0,
                "total": 0
              }
            },
            {
              "batter": "Imran Anwar",
              "bowler": "Sayed Monib",
              "extras": {
                "wides": 1
              },
              "non_striker": "Sohail Ahmed",
              "runs": {
                "batter": 0,
                "extras": 1,
                "total": 1
              }
            },
            {
              "batter": "Imran Anwar",
              "bowler": "Sayed Monib",
              "non_striker": "Sohail Ahmed",
              "runs": {
                "batter": 0,
                "extras": 0,
                "total": 0
              }
            },
            {
              "batter": "Imran Anwar",
              "bowler": "Sayed Monib",
              "non_striker": "Sohail Ahmed",
              "runs": {
                "batter": 0,
                "extras": 0,
                "total": 0
              }
            },
            {
              "batter": "Imran Anwar",
              "bowler": "Sayed Monib",
              "non_striker": "Sohail Ahmed",
              "runs": {
                "batter": 0,
                "extras": 0,
                "total": 0
              }
            },
            {
              "batter": "Imran Anwar",
              "bowler": "Sayed Monib",
              "non_striker": "Sohail Ahmed",
              "runs": {
                "batter": 0,
                "extras": 0,
                "total": 0
              }
            },
            {
              "batter": "Imran Anwar",
              "bowler": "Sayed Monib",
              "non_striker": "Sohail Ahmed",
              "runs": {
                "batter": 1,
                "extras": 0,
                "total": 1
              }
            }
          ]
        },
        {
          "over": 5,
          "deliveries": [
            {
              "batter": "Imran Anwar",
              "bowler": "Ilyas Ahmed",
              "non_striker": "Sohail Ahmed",
              "runs": {
                "batter": 1,
                "extras": 0,
                "total": 1
              }
            },
            {
              "batter": "Sohail Ahmed",
              "bowler": "Ilyas Ahmed",
              "non_striker": "Imran Anwar",
              "runs": {
                "batter": 0,
                "extras": 0,
                "total": 0
              }
            },
            {
              "batter": "Sohail Ahmed",
              "bowler": "Ilyas Ahmed",
              "non_striker": "Imran Anwar",
              "runs": {
                "batter": 0,
                "extras": 0,
                "total": 0
              }
            },
            {
              "batter": "Sohail Ahmed",
              "bowler": "Ilyas Ahmed",
              "extras": {
                "wides": 1
              },
              "non_striker": "Imran Anwar",
              "runs": {
                "batter": 0,
                "extras": 1,
                "total": 1
              }
            },
            {
              "batter": "Sohail Ahmed",
              "bowler": "Ilyas Ahmed",
              "non_striker": "Imran Anwar",
              "runs": {
                "batter": 0,
                "extras": 0,
                "total": 0
              }
            },
            {
              "batter": "Sohail Ahmed",
              "bowler": "Ilyas Ahmed",
              "non_striker": "Imran Anwar",
              "runs": {
                "batter": 0,
                "extras": 0,
                "total": 0
              }
            },
            {
              "batter": "Sohail Ahmed",
              "bowler": "Ilyas Ahmed",
              "non_striker": "Imran Anwar",
              "runs": {
                "batter": 1,
                "extras": 0,
                "total": 1
              }
            }
          ]
        },
        {
          "over": 6,
          "deliveries": [
            {
              "batter": "Sohail Ahmed",
              "bowler": "Sayed Monib",
              "non_striker": "Imran Anwar",
              "runs": {
                "batter": 2,
                "extras": 0,
                "total": 2
              }
            },
            {
              "batter": "Sohail Ahmed",
              "bowler": "Sayed Monib",
              "non_striker": "Imran Anwar",
              "runs": {
                "batter": 0,
                "extras": 0,
                "total": 0
              }
            },
            {
              "batter": "Sohail Ahmed",
              "bowler": "Sayed Monib",
              "extras": {
                "wides": 1
              },
              "non_striker": "Imran Anwar",
              "runs": {
                "batter": 0,
                "extras": 1,
                "total": 1
              }
            },
            {
              "batter": "Sohail Ahmed",
              "bowler": "Sayed Monib",
              "non_striker": "Imran Anwar",
              "runs": {
                "batter": 0,
                "extras": 0,
                "total": 0
              }
            },
            {
              "batter": "Sohail Ahmed",
              "bowler": "Sayed Monib",
              "extras": {
                "wides": 1
              },
              "non_striker": "Imran Anwar",
              "runs": {
                "batter": 0,
                "extras": 1,
                "total": 1
              }
            },
            {
              "batter": "Sohail Ahmed",
              "bowler": "Sayed Monib",
              "extras": {
                "wides": 1
              },
              "non_striker": "Imran Anwar",
              "runs": {
                "batter": 0,
                "extras": 1,
                "total": 1
              }
            },
            {
              "batter": "Sohail Ahmed",
              "bowler": "Sayed Monib",
              "non_striker": "Imran Anwar",
              "runs": {
                "batter": 0,
                "extras": 0,
                "total": 0
              }
            },
            {
              "batter": "Sohail Ahmed",
              "bowler": "Sayed Monib",
              "non_striker": "Imran Anwar",
              "runs": {
                "batter": 1,
                "extras": 0,
                "total": 1
              }
            },
            {
              "batter": "Imran Anwar",
              "bowler": "Sayed Monib",
              "non_striker": "Sohail Ahmed",
              "runs": {
                "batter": 1,
                "extras": 0,
                "total": 1
              }
            }
          ]
        },
        {
          "over": 7,
          "deliveries": [
            {
              "batter": "Imran Anwar",
              "bowler": "MNM Aslam",
              "non_striker": "Sohail Ahmed",
              "runs": {
                "batter": 0,
                "extras": 0,
                "total": 0
              }
            },
            {
              "batter": "Imran Anwar",
              "bowler": "MNM Aslam",
              "non_striker": "Sohail Ahmed",
              "runs": {
                "batter": 1,
                "extras": 0,
                "total": 1
              }
            },
            {
              "batter": "Sohail Ahmed",
              "bowler": "MNM Aslam",
              "non_striker": "Imran Anwar",
              "runs": {
                "batter": 0,
                "extras": 0,
                "total": 0
              }
            },
            {
              "batter": "Sohail Ahmed",
              "bowler": "MNM Aslam",
              "non_striker": "Imran Anwar",
              "runs": {
                "batter": 1,
                "extras": 0,
                "total": 1
              }
            },
            {
              "batter": "Imran Anwar",
              "bowler": "MNM Aslam",
              "non_striker": "Sohail Ahmed",
              "runs": {
                "batter": 0,
                "extras": 0,
                "total": 0
              }
            },
            {
              "batter": "Imran Anwar",
              "bowler": "MNM Aslam",
              "non_striker": "Sohail Ahmed",
              "runs": {
                "batter": 6,
                "extras": 0,
                "total": 6
              }
            }
          ]
        },
        {
          "over": 8,
          "deliveries": [
            {
              "batter": "Sohail Ahmed",
              "bowler": "Shiraz Khan",
              "non_striker": "Imran Anwar",
              "runs": {
                "batter": 1,
                "extras": 0,
                "total": 1
              }
            },
            {
              "batter": "Imran Anwar",
              "bowler": "Shiraz Khan",
              "non_striker": "Sohail Ahmed",
              "runs": {
                "batter": 4,
                "extras": 0,
                "total": 4
              }
            },
            {
              "batter": "Imran Anwar",
              "bowler": "Shiraz Khan",
              "non_striker": "Sohail Ahmed",
              "runs": {
                "batter": 0,
                "extras": 0,
                "total": 0
              }
            },
            {
              "batter": "Imran Anwar",
              "bowler": "Shiraz Khan",
              "non_striker": "Sohail Ahmed",
              "runs": {
                "batter": 1,
                "extras": 0,
                "total": 1
              }
            },
            {
              "batter": "Sohail Ahmed",
              "bowler": "Shiraz Khan",
              "non_striker": "Imran Anwar",
              "runs": {
                "batter": 0,
                "extras": 0,
                "total": 0
              }
            },
            {
              "batter": "Sohail Ahmed",
              "bowler": "Shiraz Khan",
              "non_striker": "Imran Anwar",
              "runs": {
                "batter": 1,
                "extras": 0,
                "total": 1
              }
            }
          ]
        },
        {
          "over": 9,
          "deliveries": [
            {
              "batter": "Sohail Ahmed",
              "bowler": "MNM Aslam",
              "non_striker": "Imran Anwar",
              "runs": {
                "batter": 1,
                "extras": 0,
                "total": 1
              }
            },
            {
              "batter": "Imran Anwar",
              "bowler": "MNM Aslam",
              "non_striker": "Sohail Ahmed",
              "runs": {
                "batter": 4,
                "extras": 0,
                "total": 4
              }
            },
            {
              "batter": "Imran Anwar",
              "bowler": "MNM Aslam",
              "non_striker": "Sohail Ahmed",
              "runs": {
                "batter": 1,
                "extras": 0,
                "total": 1
              }
            },
            {
              "batter": "Sohail Ahmed",
              "bowler": "MNM Aslam",
              "non_striker": "Imran Anwar",
              "runs": {
                "batter": 1,
                "extras": 0,
                "total": 1
              }
            },
            {
              "batter": "Imran Anwar",
              "bowler": "MNM Aslam",
              "non_striker": "Sohail Ahmed",
              "runs": {
                "batter": 4,
                "extras": 0,
                "total": 4
              }
            },
            {
              "batter": "Imran Anwar",
              "bowler": "MNM Aslam",
              "non_striker": "Sohail Ahmed",
              "runs": {
                "batter": 1,
                "extras": 0,
                "total": 1
              }
            }
          ]
        },
        {
          "over": 10,
          "deliveries": [
            {
              "batter": "Imran Anwar",
              "bowler": "Shiraz Khan",
              "non_striker": "Sohail Ahmed",
              "runs": {
                "batter": 1,
                "extras": 0,
                "total": 1
              }
            },
            {
              "batter": "Sohail Ahmed",
              "bowler": "Shiraz Khan",
              "non_striker": "Imran Anwar",
              "runs": {
                "batter": 1,
                "extras": 0,
                "total": 1
              }
            },
            {
              "batter": "Imran Anwar",
              "bowler": "Shiraz Khan",
              "non_striker": "Sohail Ahmed",
              "runs": {
                "batter": 0,
                "extras": 0,
                "total": 0
              }
            },
            {
              "batter": "Imran Anwar",
              "bowler": "Shiraz Khan",
              "non_striker": "Sohail Ahmed",
              "runs": {
                "batter": 6,
                "extras": 0,
                "total": 6
              }
            },
            {
              "batter": "Imran Anwar",
              "bowler": "Shiraz Khan",
              "non_striker": "Sohail Ahmed",
              "runs": {
                "batter": 1,
                "extras": 0,
                "total": 1
              }
            },
            {
              "batter": "Sohail Ahmed",
              "bowler": "Shiraz Khan",
              "non_striker": "Imran Anwar",
              "runs": {
                "batter": 1,
                "extras": 0,
                "total": 1
              }
            }
          ]
        },
        {
          "over": 11,
          "deliveries": [
            {
              "batter": "Sohail Ahmed",
              "bowler": "MNM Aslam",
              "non_striker": "Imran Anwar",
              "runs": {
                "batter": 1,
                "extras": 0,
                "total": 1
              }
            },
            {
              "batter": "Imran Anwar",
              "bowler": "MNM Aslam",
              "non_striker": "Sohail Ahmed",
              "runs": {
                "batter": 0,
                "extras": 0,
                "total": 0
              }
            },
            {
              "batter": "Imran Anwar",
              "bowler": "MNM Aslam",
              "non_striker": "Sohail Ahmed",
              "runs": {
                "batter": 1,
                "extras": 0,
                "total": 1
              }
            },
            {
              "batter": "Sohail Ahmed",
              "bowler": "MNM Aslam",
              "non_striker": "Imran Anwar",
              "runs": {
                "batter": 1,
                "extras": 0,
                "total": 1
              }
            },
            {
              "batter": "Imran Anwar",
              "bowler": "MNM Aslam",
              "non_striker": "Sohail Ahmed",
              "runs": {
                "batter": 1,
                "extras": 0,
                "total": 1
              }
            },
            {
              "batter": "Sohail Ahmed",
              "bowler": "MNM Aslam",
              "non_striker": "Imran Anwar",
              "runs": {
                "batter": 1,
                "extras": 0,
                "total": 1
              }
            }
          ]
        },
        {
          "over": 12,
          "deliveries": [
            {
              "batter": "Sohail Ahmed",
              "bowler": "Shahrukh Quddus",
              "non_striker": "Imran Anwar",
              "runs": {
                "batter": 1,
                "extras": 0,
                "total": 1
              }
            },
            {
              "batter": "Imran Anwar",
              "bowler": "Shahrukh Quddus",
              "non_striker": "Sohail Ahmed",
              "runs": {
                "batter": 6,
                "extras": 0,
                "total": 6
              }
            },
            {
              "batter": "Imran Anwar",
              "bowler": "Shahrukh Quddus",
              "non_striker": "Sohail Ahmed",
              "runs": {
                "batter": 0,
                "extras": 0,
                "total": 0
              }
            },
            {
              "batter": "Imran Anwar",
              "bowler": "Shahrukh Quddus",
              "extras": {
                "noballs": 1
              },
              "non_striker": "Sohail Ahmed",
              "runs": {
                "batter": 0,
                "extras": 1,
                "total": 1
              }
            },
            {
              "batter": "Imran Anwar",
              "bowler": "Shahrukh Quddus",
              "non_striker": "Sohail Ahmed",
              "runs": {
                "batter": 3,
                "extras": 0,
                "total": 3
              }
            },
            {
              "batter": "Sohail Ahmed",
              "bowler": "Shahrukh Quddus",
              "non_striker": "Imran Anwar",
              "runs": {
                "batter": 1,
                "extras": 0,
                "total": 1
              }
            },
            {
              "batter": "Imran Anwar",
              "bowler": "Shahrukh Quddus",
              "non_striker": "Sohail Ahmed",
              "runs": {
                "batter": 0,
                "extras": 0,
                "total": 0
              }
            }
          ]
        },
        {
          "over": 13,
          "deliveries": [
            {
              "batter": "Sohail Ahmed",
              "bowler": "MNM Aslam",
              "non_striker": "Imran Anwar",
              "runs": {
                "batter": 0,
                "extras": 0,
                "total": 0
              },
              "wickets": [
                {
                  "player_out": "Sohail Ahmed",
                  "kind": "bowled"
                }
              ]
            },
            {
              "batter": "Haider Butt",
              "bowler": "MNM Aslam",
              "non_striker": "Imran Anwar",
              "runs": {
                "batter": 1,
                "extras": 0,
                "total": 1
              }
            },
            {
              "batter": "Imran Anwar",
              "bowler": "MNM Aslam",
              "non_striker": "Haider Butt",
              "runs": {
                "batter": 1,
                "extras": 0,
                "total": 1
              }
            },
            {
              "batter": "Haider Butt",
              "bowler": "MNM Aslam",
              "non_striker": "Imran Anwar",
              "runs": {
                "batter": 0,
                "extras": 0,
                "total": 0
              },
              "wickets": [
                {
                  "player_out": "Haider Butt",
                  "fielders": [
                    {
                      "name": "Ali Zaheer"
                    }
                  ],
                  "kind": "caught"
                }
              ]
            },
            {
              "batter": "Yasser Nazir",
              "bowler": "MNM Aslam",
              "non_striker": "Imran Anwar",
              "runs": {
                "batter": 0,
                "extras": 0,
                "total": 0
              }
            },
            {
              "batter": "Yasser Nazir",
              "bowler": "MNM Aslam",
              "non_striker": "Imran Anwar",
              "runs": {
                "batter": 0,
                "extras": 0,
                "total": 0
              }
            }
          ]
        },
        {
          "over": 14,
          "deliveries": [
            {
              "batter": "Imran Anwar",
              "bowler": "Ilyas Ahmed",
              "extras": {
                "wides": 1
              },
              "non_striker": "Yasser Nazir",
              "runs": {
                "batter": 0,
                "extras": 1,
                "total": 1
              }
            },
            {
              "batter": "Imran Anwar",
              "bowler": "Ilyas Ahmed",
              "non_striker": "Yasser Nazir",
              "runs": {
                "batter": 0,
                "extras": 0,
                "total": 0
              }
            },
            {
              "batter": "Imran Anwar",
              "bowler": "Ilyas Ahmed",
              "non_striker": "Yasser Nazir",
              "runs": {
                "batter": 0,
                "extras": 0,
                "total": 0
              }
            },
            {
              "batter": "Imran Anwar",
              "bowler": "Ilyas Ahmed",
              "non_striker": "Yasser Nazir",
              "runs": {
                "batter": 6,
                "extras": 0,
                "total": 6
              }
            },
            {
              "batter": "Imran Anwar",
              "bowler": "Ilyas Ahmed",
              "non_striker": "Yasser Nazir",
              "runs": {
                "batter": 4,
                "extras": 0,
                "total": 4
              }
            },
            {
              "batter": "Imran Anwar",
              "bowler": "Ilyas Ahmed",
              "non_striker": "Yasser Nazir",
              "runs": {
                "batter": 0,
                "extras": 0,
                "total": 0
              }
            },
            {
              "batter": "Imran Anwar",
              "bowler": "Ilyas Ahmed",
              "non_striker": "Yasser Nazir",
              "runs": {
                "batter": 1,
                "extras": 0,
                "total": 1
              }
            }
          ]
        },
        {
          "over": 15,
          "deliveries": [
            {
              "batter": "Imran Anwar",
              "bowler": "Shiraz Khan",
              "non_striker": "Yasser Nazir",
              "runs": {
                "batter": 0,
                "extras": 0,
                "total": 0
              }
            },
            {
              "batter": "Imran Anwar",
              "bowler": "Shiraz Khan",
              "non_striker": "Yasser Nazir",
              "runs": {
                "batter": 6,
                "extras": 0,
                "total": 6
              }
            },
            {
              "batter": "Imran Anwar",
              "bowler": "Shiraz Khan",
              "non_striker": "Yasser Nazir",
              "runs": {
                "batter": 0,
                "extras": 0,
                "total": 0
              }
            },
            {
              "batter": "Imran Anwar",
              "bowler": "Shiraz Khan",
              "non_striker": "Yasser Nazir",
              "runs": {
                "batter": 4,
                "extras": 0,
                "total": 4
              }
            },
            {
              "batter": "Imran Anwar",
              "bowler": "Shiraz Khan",
              "non_striker": "Yasser Nazir",
              "runs": {
                "batter": 1,
                "extras": 0,
                "total": 1
              }
            },
            {
              "batter": "Yasser Nazir",
              "bowler": "Shiraz Khan",
              "non_striker": "Imran Anwar",
              "runs": {
                "batter": 0,
                "extras": 0,
                "total": 0
              }
            }
          ]
        },
        {
          "over": 16,
          "deliveries": [
            {
              "batter": "Imran Anwar",
              "bowler": "Sayed Monib",
              "non_striker": "Yasser Nazir",
              "runs": {
                "batter": 6,
                "extras": 0,
                "total": 6
              }
            },
            {
              "batter": "Imran Anwar",
              "bowler": "Sayed Monib",
              "non_striker": "Yasser Nazir",
              "runs": {
                "batter": 1,
                "extras": 0,
                "total": 1
              }
            },
            {
              "batter": "Yasser Nazir",
              "bowler": "Sayed Monib",
              "non_striker": "Imran Anwar",
              "runs": {
                "batter": 0,
                "extras": 0,
                "total": 0
              },
              "wickets": [
                {
                  "player_out": "Yasser Nazir",
                  "fielders": [
                    {
                      "name": "Meet Bhavsar"
                    }
                  ],
                  "kind": "caught"
                }
              ]
            },
            {
              "batter": "Sarfaraz Ali",
              "bowler": "Sayed Monib",
              "extras": {
                "legbyes": 1
              },
              "non_striker": "Imran Anwar",
              "runs": {
                "batter": 0,
                "extras": 1,
                "total": 1
              }
            },
            {
              "batter": "Imran Anwar",
              "bowler": "Sayed Monib",
              "extras": {
                "wides": 1
              },
              "non_striker": "Sarfaraz Ali",
              "runs": {
                "batter": 0,
                "extras": 1,
                "total": 1
              }
            },
            {
              "batter": "Imran Anwar",
              "bowler": "Sayed Monib",
              "non_striker": "Sarfaraz Ali",
              "runs": {
                "batter": 6,
                "extras": 0,
                "total": 6
              }
            },
            {
              "batter": "Imran Anwar",
              "bowler": "Sayed Monib",
              "non_striker": "Sarfaraz Ali",
              "runs": {
                "batter": 0,
                "extras": 0,
                "total": 0
              },
              "wickets": [
                {
                  "player_out": "Imran Anwar",
                  "fielders": [
                    {
                      "name": "Bilal Tahir"
                    }
                  ],
                  "kind": "caught"
                }
              ]
            }
          ]
        },
        {
          "over": 17,
          "deliveries": [
            {
              "batter": "Sarfaraz Ali",
              "bowler": "Shiraz Khan",
              "non_striker": "Junaid Aziz",
              "runs": {
                "batter": 1,
                "extras": 0,
                "total": 1
              }
            },
            {
              "batter": "Junaid Aziz",
              "bowler": "Shiraz Khan",
              "non_striker": "Sarfaraz Ali",
              "runs": {
                "batter": 0,
                "extras": 0,
                "total": 0
              }
            },
            {
              "batter": "Junaid Aziz",
              "bowler": "Shiraz Khan",
              "non_striker": "Sarfaraz Ali",
              "runs": {
                "batter": 1,
                "extras": 0,
                "total": 1
              }
            },
            {
              "batter": "Sarfaraz Ali",
              "bowler": "Shiraz Khan",
              "non_striker": "Junaid Aziz",
              "runs": {
                "batter": 1,
                "extras": 0,
                "total": 1
              }
            },
            {
              "batter": "Junaid Aziz",
              "bowler": "Shiraz Khan",
              "non_striker": "Sarfaraz Ali",
              "runs": {
                "batter": 4,
                "extras": 0,
                "total": 4
              }
            },
            {
              "batter": "Junaid Aziz",
              "bowler": "Shiraz Khan",
              "non_striker": "Sarfaraz Ali",
              "runs": {
                "batter": 1,
                "extras": 0,
                "total": 1
              }
            }
          ]
        },
        {
          "over": 18,
          "deliveries": [
            {
              "batter": "Junaid Aziz",
              "bowler": "Sayed Monib",
              "non_striker": "Sarfaraz Ali",
              "runs": {
                "batter": 4,
                "extras": 0,
                "total": 4
              }
            },
            {
              "batter": "Junaid Aziz",
              "bowler": "Sayed Monib",
              "extras": {
                "wides": 1
              },
              "non_striker": "Sarfaraz Ali",
              "runs": {
                "batter": 0,
                "extras": 1,
                "total": 1
              }
            },
            {
              "batter": "Junaid Aziz",
              "bowler": "Sayed Monib",
              "non_striker": "Sarfaraz Ali",
              "runs": {
                "batter": 1,
                "extras": 0,
                "total": 1
              }
            },
            {
              "batter": "Sarfaraz Ali",
              "bowler": "Sayed Monib",
              "non_striker": "Junaid Aziz",
              "runs": {
                "batter": 2,
                "extras": 0,
                "total": 2
              }
            },
            {
              "batter": "Sarfaraz Ali",
              "bowler": "Sayed Monib",
              "non_striker": "Junaid Aziz",
              "runs": {
                "batter": 6,
                "extras": 0,
                "total": 6
              }
            },
            {
              "batter": "Sarfaraz Ali",
              "bowler": "Sayed Monib",
              "non_striker": "Junaid Aziz",
              "runs": {
                "batter": 6,
                "extras": 0,
                "total": 6
              }
            },
            {
              "batter": "Sarfaraz Ali",
              "bowler": "Sayed Monib",
              "non_striker": "Junaid Aziz",
              "runs": {
                "batter": 4,
                "extras": 0,
                "total": 4
              }
            }
          ]
        }
      ],
      "powerplays": [
        {
          "from": 0.1,
          "to": 5.7,
          "type": "mandatory"
        }
      ],
      "target": {
        "overs": 20,
        "runs": 157
      }
    }
  ]
}