{
  "meta": {
    "data_version": "1.1.0",
    "created": "2023-05-13",
    "revision": 1
  },
  "info": {
    "balls_per_over": 6,
    "city": "Gibraltar",
    "dates": [
      "2023-05-07"
    ],
    "event": {
      "name": "Gibraltar Tri-Nation T20I Series",
      "match_number": 9
    },
    "gender": "male",
    "match_type": "T20",
    "match_type_number": 2063,
    "officials": {
      "reserve_umpires": [
        "R Cunningham"
      ],
      "umpires": [
        "S Maynard",
        "SG Chandiramani"
      ]
    },
    "outcome": {
      "winner": "Malta",
      "by": {
        "runs": 1
      }
    },
    "overs": 20,
    "player_of_match": [
      "Fazil Rahman"
    ],
    "players": {
      "Malta": [
        "SSM Stanislaus",
        "Jaspal Singh",
        "RR Bastiansz",
        "N Khanna",
        "VP Thamotharam",
        "Fanyan Mughal",
        "Aaftab Alam Khan",
        "Amar Sharma",
        "Fazil Rahman",
        "D Marks",
        "Yash Singh"
      ],
      "Gibraltar": [
        "KJ Stagno",
        "L Bruce",
        "JD Freyone",
        "IDM Latin",
        "BAA Zammitt",
        "K Nestor",
        "RJ Hatchman",
        "A Reyes",
        "K Mirpuri",
        "S Bodha",
        "BA Pai"
      ]
    },
    "registry": {
      "people": {
        "A Reyes": "fd2b8c06",
        "Aaftab Alam Khan": "9dbc77b3",
        "Amar Sharma": "14e1fdab",
        "BA Pai": "716bf559",
        "BAA Zammitt": "0e102c3b",
        "D Marks": "0813a8b1",
        "DR Patankar": "e661915c",
        "Fanyan Mughal": "e85bb4b3",
        "Fazil Rahman": "d18b7f34",
        "IDM Latin": "78f719ea",
        "JD Freyone": "7cd7eb50",
        "Jaspal Singh": "adca37a2",
        "K Mirpuri": "441006af",
        "K Nestor": "b89cde87",
        "KJ Stagno": "46ad7e01",
        "L Bruce": "2a03bd2f",
        "N Khanna": "0ec6a7c3",
        "R Cunningham": "6779e840",
        "RJ Hatchman": "01c05b6c",
        "RR Bastiansz": "5365f10f",
        "S Bodha": "00467a76",
        "S Maynard": "12a7e02a",
        "SG Chandiramani": "4fa795d2",
        "SSM Stanislaus": "34dd3fd9",
        "VP Thamotharam": "eb40ed89",
        "Yash Singh": "7adc2d68"
      }
    },
    "season": "2023",
    "team_type": "international",
    "teams": [
      "Malta",
      "Gibraltar"
    ],
    "toss": {
      "decision": "bat",
      "winner": "Malta"
    },
    "venue": "Europa Sports Complex"
  },
  "innings": [
    {
      "team": "Malta",
      "overs": [
        {
          "over": 0,
          "deliveries": [
            {
              "batter": "SSM Stanislaus",
              "bowler": "BA Pai",
              "non_striker": "Jaspal Singh",
              "runs": {
                "batter": 1,
                "extras": 0,
                "total": 1
              }
            },
            {
              "batter": "Jaspal Singh",
              "bowler": "BA Pai",
              "non_striker": "SSM Stanislaus",
              "runs": {
                "batter": 0,
                "extras": 0,
                "total": 0
              }
            },
            {
              "batter": "Jaspal Singh",
              "bowler": "BA Pai",
              "extras": {
                "byes": 1
              },
              "non_striker": "SSM Stanislaus",
              "runs": {
                "batter": 0,
                "extras": 1,
                "total": 1
              }
            },
            {
              "batter": "SSM Stanislaus",
              "bowler": "BA Pai",
              "non_striker": "Jaspal Singh",
              "runs": {
                "batter": 2,
                "extras": 0,
                "total": 2
              }
            },
            {
              "batter": "SSM Stanislaus",
              "bowler": "BA Pai",
              "non_striker": "Jaspal Singh",
              "runs": {
                "batter": 0,
                "extras": 0,
                "total": 0
              }
            },
            {
              "batter": "SSM Stanislaus",
              "bowler": "BA Pai",
              "non_striker": "Jaspal Singh",
              "runs": {
                "batter": 1,
                "extras": 0,
                "total": 1
              }
            }
          ]
        },
        {
          "over": 1,
          "deliveries": [
            {
              "batter": "SSM Stanislaus",
              "bowler": "L Bruce",
              "extras": {
                "wides": 1
              },
              "non_striker": "Jaspal Singh",
              "runs": {
                "batter": 0,
                "extras": 1,
                "total": 1
              }
            },
            {
              "batter": "SSM Stanislaus",
              "bowler": "L Bruce",
              "non_striker": "Jaspal Singh",
              "runs": {
                "batter": 1,
                "extras": 0,
                "total": 1
              }
            },
            {
              "batter": "Jaspal Singh",
              "bowler": "L Bruce",
              "non_striker": "SSM Stanislaus",
              "runs": {
                "batter": 0,
                "extras": 0,
                "total": 0
              }
            },
            {
              "batter": "Jaspal Singh",
              "bowler": "L Bruce",
              "non_striker": "SSM Stanislaus",
              "runs": {
                "batter": 0,
                "extras": 0,
                "total": 0
              },
              "wickets": [
                {
                  "player_out": "Jaspal Singh",
                  "kind": "bowled"
                }
              ]
            },
            {
              "batter": "RR Bastiansz",
              "bowler": "L Bruce",
              "non_striker": "SSM Stanislaus",
              "runs": {
                "batter": 3,
                "extras": 0,
                "total": 3
              }
            },
            {
              "batter": "RR Bastiansz",
              "bowler": "L Bruce",
              "non_striker": "SSM Stanislaus",
              "runs": {
                "batter": 0,
                "extras": 0,
                "total": 0
              }
            },
            {
              "batter": "RR Bastiansz",
              "bowler": "L Bruce",
              "non_striker": "SSM Stanislaus",
              "runs": {
                "batter": 0,
                "extras": 0,
                "total": 0
              }
            }
          ]
        },
        {
          "over": 2,
          "deliveries": [
            {
              "batter": "SSM Stanislaus",
              "bowler": "BA Pai",
              "non_striker": "RR Bastiansz",
              "runs": {
                "batter": 4,
                "extras": 0,
                "total": 4
              }
            },
            {
              "batter": "SSM Stanislaus",
              "bowler": "BA Pai",
              "non_striker": "RR Bastiansz",
              "runs": {
                "batter": 0,
                "extras": 0,
                "total": 0
              }
            },
            {
              "batter": "SSM Stanislaus",
              "bowler": "BA Pai",
              "non_striker": "RR Bastiansz",
              "runs": {
                "batter": 1,
                "extras": 0,
                "total": 1
              }
            },
            {
              "batter": "RR Bastiansz",
              "bowler": "BA Pai",
              "non_striker": "SSM Stanislaus",
              "runs": {
                "batter": 1,
                "extras": 0,
                "total": 1
              }
            },
            {
              "batter": "SSM Stanislaus",
              "bowler": "BA Pai",
              "non_striker": "RR Bastiansz",
              "runs": {
                "batter": 1,
                "extras": 0,
                "total": 1
              }
            },
            {
              "batter": "RR Bastiansz",
              "bowler": "BA Pai",
              "non_striker": "SSM Stanislaus",
              "runs": {
                "batter": 2,
                "extras": 0,
                "total": 2
              }
            }
          ]
        },
        {
          "over": 3,
          "deliveries": [
            {
              "batter": "SSM Stanislaus",
              "bowler": "L Bruce",
              "extras": {
                "wides": 1
              },
              "non_striker": "RR Bastiansz",
              "runs": {
                "batter": 0,
                "extras": 1,
                "total": 1
              }
            },
            {
              "batter": "SSM Stanislaus",
              "bowler": "L Bruce",
              "non_striker": "RR Bastiansz",
              "runs": {
                "batter": 0,
                "extras": 0,
                "total": 0
              }
            },
            {
              "batter": "SSM Stanislaus",
              "bowler": "L Bruce",
              "non_striker": "RR Bastiansz",
              "runs": {
                "batter": 4,
                "extras": 0,
                "total": 4
              }
            },
            {
              "batter": "SSM Stanislaus",
              "bowler": "L Bruce",
              "non_striker": "RR Bastiansz",
              "runs": {
                "batter": 0,
                "extras": 0,
                "total": 0
              }
            },
            {
              "batter": "SSM Stanislaus",
              "bowler": "L Bruce",
              "extras": {
                "legbyes": 1
              },
              "non_striker": "RR Bastiansz",
              "runs": {
                "batter": 0,
                "extras": 1,
                "total": 1
              }
            },
            {
              "batter": "RR Bastiansz",
              "bowler": "L Bruce",
              "non_striker": "SSM Stanislaus",
              "runs": {
                "batter": 0,
                "extras": 0,
                "total": 0
              }
            },
            {
              "batter": "RR Bastiansz",
              "bowler": "L Bruce",
              "non_striker": "SSM Stanislaus",
              "runs": {
                "batter": 0,
                "extras": 0,
                "total": 0
              }
            }
          ]
        },
        {
          "over": 4,
          "deliveries": [
            {
              "batter": "SSM Stanislaus",
              "bowler": "BA Pai",
              "non_striker": "RR Bastiansz",
              "runs": {
                "batter": 0,
                "extras": 0,
                "total": 0
              }
            },
            {
              "batter": "SSM Stanislaus",
              "bowler": "BA Pai",
              "non_striker": "RR Bastiansz",
              "runs": {
                "batter": 0,
                "extras": 0,
                "total": 0
              }
            },
            {
              "batter": "SSM Stanislaus",
              "bowler": "BA Pai",
              "non_striker": "RR Bastiansz",
              "runs": {
                "batter": 0,
                "extras": 0,
                "total": 0
              }
            },
            {
              "batter": "SSM Stanislaus",
              "bowler": "BA Pai",
              "non_striker": "RR Bastiansz",
              "runs": {
                "batter": 0,
                "extras": 0,
                "total": 0
              }
            },
            {
              "batter": "SSM Stanislaus",
              "bowler": "BA Pai",
              "non_striker": "RR Bastiansz",
              "runs": {
                "batter": 0,
                "extras": 0,
                "total": 0
              }
            },
            {
              "batter": "SSM Stanislaus",
              "bowler": "BA Pai",
              "non_striker": "RR Bastiansz",
              "runs": {
                "batter": 0,
                "extras": 0,
                "total": 0
              }
            }
          ]
        },
        {
          "over": 5,
          "deliveries": [
            {
              "batter": "RR Bastiansz",
              "bowler": "L Bruce",
              "non_striker": "SSM Stanislaus",
              "runs": {
                "batter": 1,
                "extras": 0,
                "total": 1
              }
            },
            {
              "batter": "SSM Stanislaus",
              "bowler": "L Bruce",
              "non_striker": "RR Bastiansz",
              "runs": {
                "batter": 0,
                "extras": 0,
                "total": 0
              }
            },
            {
              "batter": "SSM Stanislaus",
              "bowler": "L Bruce",
              "non_striker": "RR Bastiansz",
              "runs": {
                "batter": 0,
                "extras": 0,
                "total": 0
              }
            },
            {
              "batter": "SSM Stanislaus",
              "bowler": "L Bruce",
              "non_striker": "RR Bastiansz",
              "runs": {
                "batter": 2,
                "extras": 0,
                "total": 2
              }
            },
            {
              "batter": "SSM Stanislaus",
              "bowler": "L Bruce",
              "non_striker": "RR Bastiansz",
              "runs": {
                "batter": 4,
                "extras": 0,
                "total": 4
              }
            },
            {
              "batter": "SSM Stanislaus",
              "bowler": "L Bruce",
              "non_striker": "RR Bastiansz",
              "runs": {
                "batter": 1,
                "extras": 0,
                "total": 1
              }
            }
          ]
        },
        {
          "over": 6,
          "deliveries": [
            {
              "batter": "SSM Stanislaus",
              "bowler": "BA Pai",
              "non_striker": "RR Bastiansz",
              "runs": {
                "batter": 0,
                "extras": 0,
                "total": 0
              }
            },
            {
              "batter": "SSM Stanislaus",
              "bowler": "BA Pai",
              "non_striker": "RR Bastiansz",
              "runs": {
                "batter": 1,
                "extras": 0,
                "total": 1
              }
            },
            {
              "batter": "RR Bastiansz",
              "bowler": "BA Pai",
              "non_striker": "SSM Stanislaus",
              "runs": {
                "batter": 1,
                "extras": 0,
                "total": 1
              }
            },
            {
              "batter": "SSM Stanislaus",
              "bowler": "BA Pai",
              "non_striker": "RR Bastiansz",
              "runs": {
                "batter": 6,
                "extras": 0,
                "total": 6
              }
            },
            {
              "batter": "SSM Stanislaus",
              "bowler": "BA Pai",
              "non_striker": "RR Bastiansz",
              "runs": {
                "batter": 0,
                "extras": 0,
                "total": 0
              }
            },
            {
              "batter": "SSM Stanislaus",
              "bowler": "BA Pai",
              "non_striker": "RR Bastiansz",
              "runs": {
                "batter": 1,
                "extras": 0,
                "total": 1
              }
            }
          ]
        },
        {
          "over": 7,
          "deliveries": [
            {
              "batter": "SSM Stanislaus",
              "bowler": "K Mirpuri",
              "non_striker": "RR Bastiansz",
              "runs": {
                "batter": 0,
                "extras": 0,
                "total": 0
              }
            },
            {
              "batter": "SSM Stanislaus",
              "bowler": "K Mirpuri",
              "non_striker": "RR Bastiansz",
              "runs": {
                "batter": 2,
                "extras": 0,
                "total": 2
              }
            },
            {
              "batter": "SSM Stanislaus",
              "bowler": "K Mirpuri",
              "non_striker": "RR Bastiansz",
              "runs": {
                "batter": 0,
                "extras": 0,
                "total": 0
              }
            },
            {
              "batter": "SSM Stanislaus",
              "bowler": "K Mirpuri",
              "non_striker": "RR Bastiansz",
              "runs": {
                "batter": 2,
                "extras": 0,
                "total": 2
              }
            },
            {
              "batter": "SSM Stanislaus",
              "bowler": "K Mirpuri",
              "non_striker": "RR Bastiansz",
              "runs": {
                "batter": 1,
                "extras": 0,
                "total": 1
              }
            },
            {
              "batter": "RR Bastiansz",
              "bowler": "K Mirpuri",
              "non_striker": "SSM Stanislaus",
              "runs": {
                "batter": 0,
                "extras": 0,
                "total": 0
              }
            }
          ]
        },
        {
          "over": 8,
          "deliveries": [
            {
              "batter": "SSM Stanislaus",
              "bowler": "A Reyes",
              "non_striker": "RR Bastiansz",
              "runs": {
                "batter": 1,
                "extras": 0,
                "total": 1
              }
            },
            {
              "batter": "RR Bastiansz",
              "bowler": "A Reyes",
              "non_striker": "SSM Stanislaus",
              "runs": {
                "batter": 0,
                "extras": 0,
                "total": 0
              }
            },
            {
              "batter": "RR Bastiansz",
              "bowler": "A Reyes",
              "non_striker": "SSM Stanislaus",
              "runs": {
                "batter": 6,
                "extras": 0,
                "total": 6
              }
            },
            {
              "batter": "RR Bastiansz",
              "bowler": "A Reyes",
              "non_striker": "SSM Stanislaus",
              "runs": {
                "batter": 0,
                "extras": 0,
                "total": 0
              }
            },
            {
              "batter": "RR Bastiansz",
              "bowler": "A Reyes",
              "non_striker": "SSM Stanislaus",
              "runs": {
                "batter": 1,
                "extras": 0,
                "total": 1
              }
            },
            {
              "batter": "SSM Stanislaus",
              "bowler": "A Reyes",
              "non_striker": "RR Bastiansz",
              "runs": {
                "batter": 6,
                "extras": 0,
                "total": 6
              }
            }
          ]
        },
        {
          "over": 9,
          "deliveries": [
            {
              "batter": "RR Bastiansz",
              "bowler": "K Mirpuri",
              "non_striker": "SSM Stanislaus",
              "runs": {
                "batter": 1,
                "extras": 0,
                "total": 1
              }
            },
            {
              "batter": "SSM Stanislaus",
              "bowler": "K Mirpuri",
              "non_striker": "RR Bastiansz",
              "runs": {
                "batter": 1,
                "extras": 0,
                "total": 1
              }
            },
            {
              "batter": "RR Bastiansz",
              "bowler": "K Mirpuri",
              "non_striker": "SSM Stanislaus",
              "runs": {
                "batter": 2,
                "extras": 0,
                "total": 2
              }
            },
            {
              "batter": "RR Bastiansz",
              "bowler": "K Mirpuri",
              "non_striker": "SSM Stanislaus",
              "runs": {
                "batter": 1,
                "extras": 0,
                "total": 1
              }
            },
            {
              "batter": "SSM Stanislaus",
              "bowler": "K Mirpuri",
              "non_striker": "RR Bastiansz",
              "runs": {
                "batter": 4,
                "extras": 0,
                "total": 4
              }
            },
            {
              "batter": "SSM Stanislaus",
              "bowler": "K Mirpuri",
              "non_striker": "RR Bastiansz",
              "runs": {
                "batter": 0,
                "extras": 0,
                "total": 0
              },
              "wickets": [
                {
                  "player_out": "SSM Stanislaus",
                  "fielders": [
                    {
                      "name": "L Bruce"
                    }
                  ],
                  "kind": "caught"
                }
              ]
            }
          ]
        },
        {
          "over": 10,
          "deliveries": [
            {
              "batter": "RR Bastiansz",
              "bowler": "A Reyes",
              "extras": {
                "wides": 1
              },
              "non_striker": "N Khanna",
              "runs": {
                "batter": 0,
                "extras": 1,
                "total": 1
              }
            },
            {
              "batter": "RR Bastiansz",
              "bowler": "A Reyes",
              "non_striker": "N Khanna",
              "runs": {
                "batter": 0,
                "extras": 0,
                "total": 0
              }
            },
            {
              "batter": "RR Bastiansz",
              "bowler": "A Reyes",
              "non_striker": "N Khanna",
              "runs": {
                "batter": 1,
                "extras": 0,
                "total": 1
              }
            },
            {
              "batter": "N Khanna",
              "bowler": "A Reyes",
              "non_striker": "RR Bastiansz",
              "runs": {
                "batter": 0,
                "extras": 0,
                "total": 0
              },
              "wickets": [
                {
                  "player_out": "N Khanna",
                  "fielders": [
                    {
                      "name": "IDM Latin"
                    }
                  ],
                  "kind": "caught"
                }
              ]
            },
            {
              "batter": "VP Thamotharam",
              "bowler": "A Reyes",
              "non_striker": "RR Bastiansz",
              "runs": {
                "batter": 0,
                "extras": 0,
                "total": 0
              }
            },
            {
              "batter": "VP Thamotharam",
              "bowler": "A Reyes",
              "non_striker": "RR Bastiansz",
              "runs": {
                "batter": 0,
                "extras": 0,
                "total": 0
              }
            },
            {
              "batter": "VP Thamotharam",
              "bowler": "A Reyes",
              "extras": {
                "wides": 1
              },
              "non_striker": "RR Bastiansz",
              "runs": {
                "batter": 0,
                "extras": 1,
                "total": 1
              }
            },
            {
              "batter": "VP Thamotharam",
              "bowler": "A Reyes",
              "non_striker": "RR Bastiansz",
              "runs": {
                "batter": 6,
                "extras": 0,
                "total": 6
              }
            }
          ]
        },
        {
          "over": 11,
          "deliveries": [
            {
              "batter": "RR Bastiansz",
              "bowler": "S Bodha",
              "non_striker": "VP Thamotharam",
              "runs": {
                "batter": 0,
                "extras": 0,
                "total": 0
              }
            },
            {
              "batter": "RR Bastiansz",
              "bowler": "S Bodha",
              "non_striker": "VP Thamotharam",
              "runs": {
                "batter": 2,
                "extras": 0,
                "total": 2
              }
            },
            {
              "batter": "RR Bastiansz",
              "bowler": "S Bodha",
              "non_striker": "VP Thamotharam",
              "runs": {
                "batter": 1,
                "extras": 0,
                "total": 1
              }
            },
            {
              "batter": "VP Thamotharam",
              "bowler": "S Bodha",
              "non_striker": "RR Bastiansz",
              "runs": {
                "batter": 0,
                "extras": 0,
                "total": 0
              }
            },
            {
              "batter": "VP Thamotharam",
              "bowler": "S Bodha",
              "non_striker": "RR Bastiansz",
              "runs": {
                "batter": 1,
                "extras": 0,
                "total": 1
              }
            },
            {
              "batter": "RR Bastiansz",
              "bowler": "S Bodha",
              "non_striker": "VP Thamotharam",
              "runs": {
                "batter": 1,
                "extras": 0,
                "total": 1
              }
            }
          ]
        },
        {
          "over": 12,
          "deliveries": [
            {
              "batter": "RR Bastiansz",
              "bowler": "K Mirpuri",
              "non_striker": "VP Thamotharam",
              "runs": {
                "batter": 0,
                "extras": 0,
                "total": 0
              },
              "wickets": [
                {
                  "player_out": "RR Bastiansz",
                  "fielders": [
                    {
                      "name": "JD Freyone"
                    }
                  ],
                  "kind": "caught"
                }
              ]
            },
            {
              "batter": "Fanyan Mughal",
              "bowler": "K Mirpuri",
              "non_striker": "VP Thamotharam",
              "runs": {
                "batter": 1,
                "extras": 0,
                "total": 1
              }
            },
            {
              "batter": "VP Thamotharam",
              "bowler": "K Mirpuri",
              "non_striker": "Fanyan Mughal",
              "runs": {
                "batter": 0,
                "extras": 0,
                "total": 0
              }
            },
            {
              "batter": "VP Thamotharam",
              "bowler": "K Mirpuri",
              "non_striker": "Fanyan Mughal",
              "runs": {
                "batter": 1,
                "extras": 0,
                "total": 1
              }
            },
            {
              "batter": "Fanyan Mughal",
              "bowler": "K Mirpuri",
              "non_striker": "VP Thamotharam",
              "runs": {
                "batter": 1,
                "extras": 0,
                "total": 1
              }
            },
            {
              "batter": "VP Thamotharam",
              "bowler": "K Mirpuri",
              "non_striker": "Fanyan Mughal",
              "runs": {
                "batter": 4,
                "extras": 0,
                "total": 4
              }
            }
          ]
        },
        {
          "over": 13,
          "deliveries": [
            {
              "batter": "Fanyan Mughal",
              "bowler": "S Bodha",
              "non_striker": "VP Thamotharam",
              "runs": {
                "batter": 1,
                "extras": 0,
                "total": 1
              }
            },
            {
              "batter": "VP Thamotharam",
              "bowler": "S Bodha",
              "non_striker": "Fanyan Mughal",
              "runs": {
                "batter": 1,
                "extras": 0,
                "total": 1
              }
            },
            {
              "batter": "Fanyan Mughal",
              "bowler": "S Bodha",
              "non_striker": "VP Thamotharam",
              "runs": {
                "batter": 0,
                "extras": 0,
                "total": 0
              }
            },
            {
              "batter": "Fanyan Mughal",
              "bowler": "S Bodha",
              "non_striker": "VP Thamotharam",
              "runs": {
                "batter": 0,
                "extras": 0,
                "total": 0
              },
              "wickets": [
                {
                  "player_out": "Fanyan Mughal",
                  "fielders": [
                    {
                      "name": "K Mirpuri"
                    }
                  ],
                  "kind": "caught"
                }
              ]
            },
            {
              "batter": "Aaftab Alam Khan",
              "bowler": "S Bodha",
              "extras": {
                "wides": 5
              },
              "non_striker": "VP Thamotharam",
              "runs": {
                "batter": 0,
                "extras": 5,
                "total": 5
              }
            },
            {
              "batter": "Aaftab Alam Khan",
              "bowler": "S Bodha",
              "non_striker": "VP Thamotharam",
              "runs": {
                "batter": 1,
                "extras": 0,
                "total": 1
              }
            },
            {
              "batter": "VP Thamotharam",
              "bowler": "S Bodha",
              "non_striker": "Aaftab Alam Khan",
              "runs": {
                "batter": 1,
                "extras": 0,
                "total": 1
              }
            }
          ]
        },
        {
          "over": 14,
          "deliveries": [
            {
              "batter": "VP Thamotharam",
              "bowler": "K Mirpuri",
              "non_striker": "Aaftab Alam Khan",
              "runs": {
                "batter": 1,
                "extras": 0,
                "total": 1
              }
            },
            {
              "batter": "Aaftab Alam Khan",
              "bowler": "K Mirpuri",
              "non_striker": "VP Thamotharam",
              "runs": {
                "batter": 0,
                "extras": 0,
                "total": 0
              }
            },
            {
              "batter": "Aaftab Alam Khan",
              "bowler": "K Mirpuri",
              "non_striker": "VP Thamotharam",
              "runs": {
                "batter": 0,
                "extras": 0,
                "total": 0
              },
              "wickets": [
                {
                  "player_out": "Aaftab Alam Khan",
                  "fielders": [
                    {
                      "name": "KJ Stagno"
                    }
                  ],
                  "kind": "caught"
                }
              ]
            },
            {
              "batter": "Amar Sharma",
              "bowler": "K Mirpuri",
              "non_striker": "VP Thamotharam",
              "runs": {
                "batter": 2,
                "extras": 0,
                "total": 2
              }
            },
            {
              "batter": "Amar Sharma",
              "bowler": "K Mirpuri",
              "non_striker": "VP Thamotharam",
              "runs": {
                "batter": 0,
                "extras": 0,
                "total": 0
              }
            },
            {
              "batter": "Amar Sharma",
              "bowler": "K Mirpuri",
              "non_striker": "VP Thamotharam",
              "runs": {
                "batter": 1,
                "extras": 0,
                "total": 1
              }
            }
          ]
        },
        {
          "over": 15,
          "deliveries": [
            {
              "batter": "Amar Sharma",
              "bowler": "S Bodha",
              "non_striker": "VP Thamotharam",
              "runs": {
                "batter": 0,
                "extras": 0,
                "total": 0
              }
            },
            {
              "batter": "Amar Sharma",
              "bowler": "S Bodha",
              "non_striker": "VP Thamotharam",
              "runs": {
                "batter": 1,
                "extras": 0,
                "total": 1
              }
            },
            {
              "batter": "VP Thamotharam",
              "bowler": "S Bodha",
              "non_striker": "Amar Sharma",
              "runs": {
                "batter": 6,
                "extras": 0,
                "total": 6
              }
            },
            {
              "batter": "VP Thamotharam",
              "bowler": "S Bodha",
              "non_striker": "Amar Sharma",
              "runs": {
                "batter": 0,
                "extras": 0,
                "total": 0
              }
            },
            {
              "batter": "VP Thamotharam",
              "bowler": "S Bodha",
              "non_striker": "Amar Sharma",
              "runs": {
                "batter": 4,
                "extras": 0,
                "total": 4
              }
            },
            {
              "batter": "VP Thamotharam",
              "bowler": "S Bodha",
              "non_striker": "Amar Sharma",
              "runs": {
                "batter": 1,
                "extras": 0,
                "total": 1
              }
            }
          ]
        },
        {
          "over": 16,
          "deliveries": [
            {
              "batter": "VP Thamotharam",
              "bowler": "RJ Hatchman",
              "non_striker": "Amar Sharma",
              "runs": {
                "batter": 1,
                "extras": 0,
                "total": 1
              }
            },
            {
              "batter": "Amar Sharma",
              "bowler": "RJ Hatchman",
              "non_striker": "VP Thamotharam",
              "runs": {
                "batter": 2,
                "extras": 0,
                "total": 2
              }
            },
            {
              "batter": "Amar Sharma",
              "bowler": "RJ Hatchman",
              "non_striker": "VP Thamotharam",
              "runs": {
                "batter": 0,
                "extras": 0,
                "total": 0
              }
            },
            {
              "batter": "Amar Sharma",
              "bowler": "RJ Hatchman",
              "non_striker": "VP Thamotharam",
              "runs": {
                "batter": 0,
                "extras": 0,
                "total": 0
              },
              "wickets": [
                {
                  "player_out": "Amar Sharma",
                  "fielders": [
                    {
                      "name": "A Reyes"
                    }
                  ],
                  "kind": "caught"
                }
              ]
            },
            {
              "batter": "Fazil Rahman",
              "bowler": "RJ Hatchman",
              "non_striker": "VP Thamotharam",
              "runs": {
                "batter": 1,
                "extras": 0,
                "total": 1
              }
            },
            {
              "batter": "VP Thamotharam",
              "bowler": "RJ Hatchman",
              "non_striker": "Fazil Rahman",
              "runs": {
                "batter": 1,
                "extras": 0,
                "total": 1
              }
            }
          ]
        },
        {
          "over": 17,
          "deliveries": [
            {
              "batter": "VP Thamotharam",
              "bowler": "S Bodha",
              "non_striker": "Fazil Rahman",
              "runs": {
                "batter": 0,
                "extras": 0,
                "total": 0
              }
            },
            {
              "batter": "VP Thamotharam",
              "bowler": "S Bodha",
              "non_striker": "Fazil Rahman",
              "runs": {
                "batter": 1,
                "extras": 0,
                "total": 1
              }
            },
            {
              "batter": "Fazil Rahman",
              "bowler": "S Bodha",
              "non_striker": "VP Thamotharam",
              "runs": {
                "batter": 0,
                "extras": 0,
                "total": 0
              }
            },
            {
              "batter": "Fazil Rahman",
              "bowler": "S Bodha",
              "extras": {
                "noballs": 1
              },
              "non_striker": "VP Thamotharam",
              "runs": {
                "batter": 1,
                "extras": 1,
                "total": 2
              }
            },
            {
              "batter": "VP Thamotharam",
              "bowler": "S Bodha",
              "extras": {
                "legbyes": 1
              },
              "non_striker": "Fazil Rahman",
              "runs": {
                "batter": 0,
                "extras": 1,
                "total": 1
              }
            },
            {
              "batter": "Fazil Rahman",
              "bowler": "S Bodha",
              "non_striker": "VP Thamotharam",
              "runs": {
                "batter": 0,
                "extras": 0,
                "total": 0
              }
            },
            {
              "batter": "Fazil Rahman",
              "bowler": "S Bodha",
              "non_striker": "VP Thamotharam",
              "runs": {
                "batter": 0,
                "extras": 0,
                "total": 0
              }
            }
          ]
        },
        {
          "over": 18,
          "deliveries": [
            {
              "batter": "VP Thamotharam",
              "bowler": "L Bruce",
              "non_striker": "Fazil Rahman",
              "runs": {
                "batter": 0,
                "extras": 0,
                "total": 0
              }
            },
            {
              "batter": "VP Thamotharam",
              "bowler": "L Bruce",
              "non_striker": "Fazil Rahman",
              "runs": {
                "batter": 4,
                "extras": 0,
                "total": 4
              }
            },
            {
              "batter": "VP Thamotharam",
              "bowler": "L Bruce",
              "non_striker": "Fazil Rahman",
              "runs": {
                "batter": 0,
                "extras": 0,
                "total": 0
              }
            },
            {
              "batter": "VP Thamotharam",
              "bowler": "L Bruce",
              "non_striker": "Fazil Rahman",
              "runs": {
                "batter": 1,
                "extras": 0,
                "total": 1
              }
            },
            {
              "batter": "Fazil Rahman",
              "bowler": "L Bruce",
              "non_striker": "VP Thamotharam",
              "runs": {
                "batter": 4,
                "extras": 0,
                "total": 4
              }
            },
            {
              "batter": "Fazil Rahman",
              "bowler": "L Bruce",
              "non_striker": "VP Thamotharam",
              "runs": {
                "batter": 0,
                "extras": 0,
                "total": 0
              }
            }
          ]
        },
        {
          "over": 19,
          "deliveries": [
            {
              "batter": "VP Thamotharam",
              "bowler": "RJ Hatchman",
              "non_striker": "Fazil Rahman",
              "runs": {
                "batter": 4,
                "extras": 0,
                "total": 4
              }
            },
            {
              "batter": "VP Thamotharam",
              "bowler": "RJ Hatchman",
              "non_striker": "Fazil Rahman",
              "runs": {
                "batter": 6,
                "extras": 0,
                "total": 6
              }
            },
            {
              "batter": "VP Thamotharam",
              "bowler": "RJ Hatchman",
              "extras": {
                "wides": 1
              },
              "non_striker": "Fazil Rahman",
              "runs": {
                "batter": 0,
                "extras": 1,
                "total": 1
              }
            },
            {
              "batter": "VP Thamotharam",
              "bowler": "RJ Hatchman",
              "extras": {
                "byes": 4
              },
              "non_striker": "Fazil Rahman",
              "runs": {
                "batter": 0,
                "extras": 4,
                "total": 4
              }
            },
            {
              "batter": "VP Thamotharam",
              "bowler": "RJ Hatchman",
              "non_striker": "Fazil Rahman",
              "runs": {
                "batter": 6,
                "extras": 0,
                "total": 6
              }
            },
            {
              "batter": "VP Thamotharam",
              "bowler": "RJ Hatchman",
              "non_striker": "Fazil Rahman",
              "runs": {
                "batter": 6,
                "extras": 0,
                "total": 6
              }
            },
            {
              "batter": "VP Thamotharam",
              "bowler": "RJ Hatchman",
              "non_striker": "Fazil Rahman",
              "runs": {
                "batter": 4,
                "extras": 0,
                "total": 4
              }
            }
          ]
        }
      ],
      "powerplays": [
        {
          "from": 0.1,
          "to": 5.6,
          "type": "mandatory"
        }
      ]
    },
    {
      "team": "Gibraltar",
      "overs": [
        {
          "over": 0,
          "deliveries": [
            {
              "batter": "KJ Stagno",
              "bowler": "VP Thamotharam",
              "non_striker": "L Bruce",
              "runs": {
                "batter": 4,
                "extras": 0,
                "total": 4
              }
            },
            {
              "batter": "KJ Stagno",
              "bowler": "VP Thamotharam",
              "non_striker": "L Bruce",
              "runs": {
                "batter": 4,
                "extras": 0,
                "total": 4
              }
            },
            {
              "batter": "KJ Stagno",
              "bowler": "VP Thamotharam",
              "non_striker": "L Bruce",
              "runs": {
                "batter": 6,
                "extras": 0,
                "total": 6
              }
            },
            {
              "batter": "KJ Stagno",
              "bowler": "VP Thamotharam",
              "non_striker": "L Bruce",
              "runs": {
                "batter": 6,
                "extras": 0,
                "total": 6
              }
            },
            {
              "batter": "KJ Stagno",
              "bowler": "VP Thamotharam",
              "non_striker": "L Bruce",
              "runs": {
                "batter": 0,
                "extras": 0,
                "total": 0
              }
            },
            {
              "batter": "KJ Stagno",
              "bowler": "VP Thamotharam",
              "non_striker": "L Bruce",
              "runs": {
                "batter": 6,
                "extras": 0,
                "total": 6
              }
            }
          ]
        },
        {
          "over": 1,
          "deliveries": [
            {
              "batter": "L Bruce",
              "bowler": "Fazil Rahman",
              "non_striker": "KJ Stagno",
              "runs": {
                "batter": 0,
                "extras": 0,
                "total": 0
              },
              "wickets": [
                {
                  "player_out": "L Bruce",
                  "fielders": [
                    {
                      "name": "Jaspal Singh"
                    }
                  ],
                  "kind": "caught"
                }
              ]
            },
            {
              "batter": "JD Freyone",
              "bowler": "Fazil Rahman",
              "non_striker": "KJ Stagno",
              "runs": {
                "batter": 0,
                "extras": 0,
                "total": 0
              }
            },
            {
              "batter": "JD Freyone",
              "bowler": "Fazil Rahman",
              "non_striker": "KJ Stagno",
              "runs": {
                "batter": 2,
                "extras": 0,
                "total": 2
              }
            },
            {
              "batter": "JD Freyone",
              "bowler": "Fazil Rahman",
              "non_striker": "KJ Stagno",
              "runs": {
                "batter": 0,
                "extras": 0,
                "total": 0
              }
            },
            {
              "batter": "JD Freyone",
              "bowler": "Fazil Rahman",
              "extras": {
                "wides": 1
              },
              "non_striker": "KJ Stagno",
              "runs": {
                "batter": 0,
                "extras": 1,
                "total": 1
              }
            },
            {
              "batter": "JD Freyone",
              "bowler": "Fazil Rahman",
              "non_striker": "KJ Stagno",
              "runs": {
                "batter": 0,
                "extras": 0,
                "total": 0
              }
            },
            {
              "batter": "JD Freyone",
              "bowler": "Fazil Rahman",
              "non_striker": "KJ Stagno",
              "runs": {
                "batter": 0,
                "extras": 0,
                "total": 0
              }
            }
          ]
        },
        {
          "over": 2,
          "deliveries": [
            {
              "batter": "KJ Stagno",
              "bowler": "D Marks",
              "non_striker": "JD Freyone",
              "runs": {
                "batter": 2,
                "extras": 0,
                "total": 2
              }
            },
            {
              "batter": "KJ Stagno",
              "bowler": "D Marks",
              "non_striker": "JD Freyone",
              "runs": {
                "batter": 1,
                "extras": 0,
                "total": 1
              }
            },
            {
              "batter": "JD Freyone",
              "bowler": "D Marks",
              "non_striker": "KJ Stagno",
              "runs": {
                "batter": 1,
                "extras": 0,
                "total": 1
              }
            },
            {
              "batter": "KJ Stagno",
              "bowler": "D Marks",
              "non_striker": "JD Freyone",
              "runs": {
                "batter": 6,
                "extras": 0,
                "total": 6
              }
            },
            {
              "batter": "KJ Stagno",
              "bowler": "D Marks",
              "non_striker": "JD Freyone",
              "runs": {
                "batter": 1,
                "extras": 0,
                "total": 1
              }
            },
            {
              "batter": "JD Freyone",
              "bowler": "D Marks",
              "non_striker": "KJ Stagno",
              "runs": {
                "batter": 0,
                "extras": 0,
                "total": 0
              }
            }
          ]
        },
        {
          "over": 3,
          "deliveries": [
            {
              "batter": "KJ Stagno",
              "bowler": "Fazil Rahman",
              "non_striker": "JD Freyone",
              "runs": {
                "batter": 0,
                "extras": 0,
                "total": 0
              }
            },
            {
              "batter": "KJ Stagno",
              "bowler": "Fazil Rahman",
              "non_striker": "JD Freyone",
              "runs": {
                "batter": 0,
                "extras": 0,
                "total": 0
              }
            },
            {
              "batter": "KJ Stagno",
              "bowler": "Fazil Rahman",
              "non_striker": "JD Freyone",
              "runs": {
                "batter": 0,
                "extras": 0,
                "total": 0
              }
            },
            {
              "batter": "KJ Stagno",
              "bowler": "Fazil Rahman",
              "non_striker": "JD Freyone",
              "runs": {
                "batter": 0,
                "extras": 0,
                "total": 0
              },
              "wickets": [
                {
                  "player_out": "KJ Stagno",
                  "fielders": [
                    {
                      "name": "N Khanna"
                    }
                  ],
                  "kind": "caught"
                }
              ]
            },
            {
              "batter": "IDM Latin",
              "bowler": "Fazil Rahman",
              "non_striker": "JD Freyone",
              "runs": {
                "batter": 0,
                "extras": 0,
                "total": 0
              }
            },
            {
              "batter": "IDM Latin",
              "bowler": "Fazil Rahman",
              "extras": {
                "wides": 1
              },
              "non_striker": "JD Freyone",
              "runs": {
                "batter": 0,
                "extras": 1,
                "total": 1
              }
            },
            {
              "batter": "IDM Latin",
              "bowler": "Fazil Rahman",
              "non_striker": "JD Freyone",
              "runs": {
                "batter": 4,
                "extras": 0,
                "total": 4
              }
            }
          ]
        },
        {
          "over": 4,
          "deliveries": [
            {
              "batter": "JD Freyone",
              "bowler": "D Marks",
              "non_striker": "IDM Latin",
              "runs": {
                "batter": 0,
                "extras": 0,
                "total": 0
              }
            },
            {
              "batter": "JD Freyone",
              "bowler": "D Marks",
              "non_striker": "IDM Latin",
              "runs": {
                "batter": 0,
                "extras": 0,
                "total": 0
              }
            },
            {
              "batter": "JD Freyone",
              "bowler": "D Marks",
              "extras": {
                "wides": 1
              },
              "non_striker": "IDM Latin",
              "runs": {
                "batter": 0,
                "extras": 1,
                "total": 1
              }
            },
            {
              "batter": "JD Freyone",
              "bowler": "D Marks",
              "extras": {
                "legbyes": 1
              },
              "non_striker": "IDM Latin",
              "runs": {
                "batter": 0,
                "extras": 1,
                "total": 1
              }
            },
            {
              "batter": "IDM Latin",
              "bowler": "D Marks",
              "non_striker": "JD Freyone",
              "runs": {
                "batter": 1,
                "extras": 0,
                "total": 1
              }
            },
            {
              "batter": "JD Freyone",
              "bowler": "D Marks",
              "non_striker": "IDM Latin",
              "runs": {
                "batter": 4,
                "extras": 0,
                "total": 4
              }
            },
            {
              "batter": "JD Freyone",
              "bowler": "D Marks",
              "non_striker": "IDM Latin",
              "runs": {
                "batter": 0,
                "extras": 0,
                "total": 0
              }
            }
          ]
        },
        {
          "over": 5,
          "deliveries": [
            {
              "batter": "IDM Latin",
              "bowler": "Fazil Rahman",
              "non_striker": "JD Freyone",
              "runs": {
                "batter": 0,
                "extras": 0,
                "total": 0
              },
              "wickets": [
                {
                  "player_out": "IDM Latin",
                  "fielders": [
                    {
                      "name": "Fanyan Mughal"
                    }
                  ],
                  "kind": "caught"
                }
              ]
            },
            {
              "batter": "BAA Zammitt",
              "bowler": "Fazil Rahman",
              "non_striker": "JD Freyone",
              "runs": {
                "batter": 0,
                "extras": 0,
                "total": 0
              }
            },
            {
              "batter": "BAA Zammitt",
              "bowler": "Fazil Rahman",
              "non_striker": "JD Freyone",
              "runs": {
                "batter": 0,
                "extras": 0,
                "total": 0
              }
            },
            {
              "batter": "BAA Zammitt",
              "bowler": "Fazil Rahman",
              "non_striker": "JD Freyone",
              "runs": {
                "batter": 1,
                "extras": 0,
                "total": 1
              }
            },
            {
              "batter": "JD Freyone",
              "bowler": "Fazil Rahman",
              "non_striker": "BAA Zammitt",
              "runs": {
                "batter": 0,
                "extras": 0,
                "total": 0
              }
            },
            {
              "batter": "JD Freyone",
              "bowler": "Fazil Rahman",
              "non_striker": "BAA Zammitt",
              "runs": {
                "batter": 0,
                "extras": 0,
                "total": 0
              }
            }
          ]
        },
        {
          "over": 6,
          "deliveries": [
            {
              "batter": "BAA Zammitt",
              "bowler": "Fanyan Mughal",
              "extras": {
                "wides": 1
              },
              "non_striker": "JD Freyone",
              "runs": {
                "batter": 0,
                "extras": 1,
                "total": 1
              }
            },
            {
              "batter": "BAA Zammitt",
              "bowler": "Fanyan Mughal",
              "non_striker": "JD Freyone",
              "runs": {
                "batter": 0,
                "extras": 0,
                "total": 0
              }
            },
            {
              "batter": "BAA Zammitt",
              "bowler": "Fanyan Mughal",
              "non_striker": "JD Freyone",
              "runs": {
                "batter": 0,
                "extras": 0,
                "total": 0
              },
              "wickets": [
                {
                  "player_out": "BAA Zammitt",
                  "fielders": [
                    {
                      "name": "Aaftab Alam Khan"
                    }
                  ],
                  "kind": "caught"
                }
              ]
            },
            {
              "batter": "K Nestor",
              "bowler": "Fanyan Mughal",
              "non_striker": "JD Freyone",
              "runs": {
                "batter": 1,
                "extras": 0,
                "total": 1
              }
            },
            {
              "batter": "JD Freyone",
              "bowler": "Fanyan Mughal",
              "non_striker": "K Nestor",
              "runs": {
                "batter": 0,
                "extras": 0,
                "total": 0
              }
            },
            {
              "batter": "JD Freyone",
              "bowler": "Fanyan Mughal",
              "non_striker": "K Nestor",
              "runs": {
                "batter": 1,
                "extras": 0,
                "total": 1
              }
            },
            {
              "batter": "K Nestor",
              "bowler": "Fanyan Mughal",
              "non_striker": "JD Freyone",
              "runs": {
                "batter": 1,
                "extras": 0,
                "total": 1
              }
            }
          ]
        },
        {
          "over": 7,
          "deliveries": [
            {
              "batter": "K Nestor",
              "bowler": "Yash Singh",
              "non_striker": "JD Freyone",
              "runs": {
                "batter": 6,
                "extras": 0,
                "total": 6
              }
            },
            {
              "batter": "K Nestor",
              "bowler": "Yash Singh",
              "non_striker": "JD Freyone",
              "runs": {
                "batter": 1,
                "extras": 0,
                "total": 1
              }
            },
            {
              "batter": "JD Freyone",
              "bowler": "Yash Singh",
              "non_striker": "K Nestor",
              "runs": {
                "batter": 0,
                "extras": 0,
                "total": 0
              }
            },
            {
              "batter": "JD Freyone",
              "bowler": "Yash Singh",
              "non_striker": "K Nestor",
              "runs": {
                "batter": 1,
                "extras": 0,
                "total": 1
              }
            },
            {
              "batter": "K Nestor",
              "bowler": "Yash Singh",
              "non_striker": "JD Freyone",
              "runs": {
                "batter": 1,
                "extras": 0,
                "total": 1
              }
            },
            {
              "batter": "JD Freyone",
              "bowler": "Yash Singh",
              "non_striker": "K Nestor",
              "runs": {
                "batter": 0,
                "extras": 0,
                "total": 0
              },
              "wickets": [
                {
                  "player_out": "JD Freyone",
                  "fielders": [
                    {
                      "name": "RR Bastiansz"
                    }
                  ],
                  "kind": "caught"
                }
              ]
            }
          ]
        },
        {
          "over": 8,
          "deliveries": [
            {
              "batter": "K Nestor",
              "bowler": "Amar Sharma",
              "non_striker": "RJ Hatchman",
              "runs": {
                "batter": 2,
                "extras": 0,
                "total": 2
              }
            },
            {
              "batter": "K Nestor",
              "bowler": "Amar Sharma",
              "non_striker": "RJ Hatchman",
              "runs": {
                "batter": 4,
                "extras": 0,
                "total": 4
              }
            },
            {
              "batter": "K Nestor",
              "bowler": "Amar Sharma",
              "non_striker": "RJ Hatchman",
              "runs": {
                "batter": 0,
                "extras": 0,
                "total": 0
              }
            },
            {
              "batter": "K Nestor",
              "bowler": "Amar Sharma",
              "non_striker": "RJ Hatchman",
              "runs": {
                "batter": 2,
                "extras": 0,
                "total": 2
              }
            },
            {
              "batter": "K Nestor",
              "bowler": "Amar Sharma",
              "non_striker": "RJ Hatchman",
              "runs": {
                "batter": 6,
                "extras": 0,
                "total": 6
              }
            },
            {
              "batter": "K Nestor",
              "bowler": "Amar Sharma",
              "non_striker": "RJ Hatchman",
              "runs": {
                "batter": 0,
                "extras": 0,
                "total": 0
              }
            }
          ]
        },
        {
          "over": 9,
          "deliveries": [
            {
              "batter": "RJ Hatchman",
              "bowler": "Yash Singh",
              "non_striker": "K Nestor",
              "runs": {
                "batter": 2,
                "extras": 0,
                "total": 2
              }
            },
            {
              "batter": "RJ Hatchman",
              "bowler": "Yash Singh",
              "non_striker": "K Nestor",
              "runs": {
                "batter": 1,
                "extras": 0,
                "total": 1
              }
            },
            {
              "batter": "K Nestor",
              "bowler": "Yash Singh",
              "non_striker": "RJ Hatchman",
              "runs": {
                "batter": 0,
                "extras": 0,
                "total": 0
              }
            },
            {
              "batter": "K Nestor",
              "bowler": "Yash Singh",
              "non_striker": "RJ Hatchman",
              "runs": {
                "batter": 4,
                "extras": 0,
                "total": 4
              }
            },
            {
              "batter": "K Nestor",
              "bowler": "Yash Singh",
              "non_striker": "RJ Hatchman",
              "runs": {
                "batter": 6,
                "extras": 0,
                "total": 6
              }
            },
            {
              "batter": "K Nestor",
              "bowler": "Yash Singh",
              "non_striker": "RJ Hatchman",
              "runs": {
                "batter": 1,
                "extras": 0,
                "total": 1
              }
            }
          ]
        },
        {
          "over": 10,
          "deliveries": [
            {
              "batter": "K Nestor",
              "bowler": "Fanyan Mughal",
              "non_striker": "RJ Hatchman",
              "runs": {
                "batter": 0,
                "extras": 0,
                "total": 0
              },
              "wickets": [
                {
                  "player_out": "K Nestor",
                  "fielders": [
                    {
                      "name": "DR Patankar",
                      "substitute": true
                    }
                  ],
                  "kind": "caught"
                }
              ]
            },
            {
              "batter": "A Reyes",
              "bowler": "Fanyan Mughal",
              "extras": {
                "wides": 1
              },
              "non_striker": "RJ Hatchman",
              "runs": {
                "batter": 0,
                "extras": 1,
                "total": 1
              }
            },
            {
              "batter": "A Reyes",
              "bowler": "Fanyan Mughal",
              "non_striker": "RJ Hatchman",
              "runs": {
                "batter": 0,
                "extras": 0,
                "total": 0
              }
            },
            {
              "batter": "A Reyes",
              "bowler": "Fanyan Mughal",
              "non_striker": "RJ Hatchman",
              "runs": {
                "batter": 0,
                "extras": 0,
                "total": 0
              }
            },
            {
              "batter": "A Reyes",
              "bowler": "Fanyan Mughal",
              "non_striker": "RJ Hatchman",
              "runs": {
                "batter": 0,
                "extras": 0,
                "total": 0
              }
            },
            {
              "batter": "A Reyes",
              "bowler": "Fanyan Mughal",
              "non_striker": "RJ Hatchman",
              "runs": {
                "batter": 0,
                "extras": 0,
                "total": 0
              }
            },
            {
              "batter": "A Reyes",
              "bowler": "Fanyan Mughal",
              "extras": {
                "wides": 1
              },
              "non_striker": "RJ Hatchman",
              "runs": {
                "batter": 0,
                "extras": 1,
                "total": 1
              }
            },
            {
              "batter": "A Reyes",
              "bowler": "Fanyan Mughal",
              "non_striker": "RJ Hatchman",
              "runs": {
                "batter": 1,
                "extras": 0,
                "total": 1
              }
            }
          ]
        },
        {
          "over": 11,
          "deliveries": [
            {
              "batter": "A Reyes",
              "bowler": "Fazil Rahman",
              "non_striker": "RJ Hatchman",
              "runs": {
                "batter": 0,
                "extras": 0,
                "total": 0
              },
              "wickets": [
                {
                  "player_out": "A Reyes",
                  "kind": "lbw"
                }
              ]
            },
            {
              "batter": "K Mirpuri",
              "bowler": "Fazil Rahman",
              "non_striker": "RJ Hatchman",
              "runs": {
                "batter": 1,
                "extras": 0,
                "total": 1
              }
            },
            {
              "batter": "RJ Hatchman",
              "bowler": "Fazil Rahman",
              "non_striker": "K Mirpuri",
              "runs": {
                "batter": 0,
                "extras": 0,
                "total": 0
              }
            },
            {
              "batter": "RJ Hatchman",
              "bowler": "Fazil Rahman",
              "non_striker": "K Mirpuri",
              "runs": {
                "batter": 0,
                "extras": 0,
                "total": 0
              }
            },
            {
              "batter": "RJ Hatchman",
              "bowler": "Fazil Rahman",
              "non_striker": "K Mirpuri",
              "runs": {
                "batter": 4,
                "extras": 0,
                "total": 4
              }
            },
            {
              "batter": "RJ Hatchman",
              "bowler": "Fazil Rahman",
              "non_striker": "K Mirpuri",
              "runs": {
                "batter": 1,
                "extras": 0,
                "total": 1
              }
            }
          ]
        },
        {
          "over": 12,
          "deliveries": [
            {
              "batter": "RJ Hatchman",
              "bowler": "Fanyan Mughal",
              "non_striker": "K Mirpuri",
              "runs": {
                "batter": 0,
                "extras": 0,
                "total": 0
              }
            },
            {
              "batter": "RJ Hatchman",
              "bowler": "Fanyan Mughal",
              "non_striker": "K Mirpuri",
              "runs": {
                "batter": 1,
                "extras": 0,
                "total": 1
              }
            },
            {
              "batter": "K Mirpuri",
              "bowler": "Fanyan Mughal",
              "non_striker": "RJ Hatchman",
              "runs": {
                "batter": 1,
                "extras": 0,
                "total": 1
              }
            },
            {
              "batter": "RJ Hatchman",
              "bowler": "Fanyan Mughal",
              "non_striker": "K Mirpuri",
              "runs": {
                "batter": 1,
                "extras": 0,
                "total": 1
              }
            },
            {
              "batter": "K Mirpuri",
              "bowler": "Fanyan Mughal",
              "non_striker": "RJ Hatchman",
              "runs": {
                "batter": 0,
                "extras": 0,
                "total": 0
              }
            },
            {
              "batter": "K Mirpuri",
              "bowler": "Fanyan Mughal",
              "non_striker": "RJ Hatchman",
              "runs": {
                "batter": 0,
                "extras": 0,
                "total": 0
              }
            }
          ]
        },
        {
          "over": 13,
          "deliveries": [
            {
              "batter": "RJ Hatchman",
              "bowler": "Amar Sharma",
              "non_striker": "K Mirpuri",
              "runs": {
                "batter": 0,
                "extras": 0,
                "total": 0
              }
            },
            {
              "batter": "RJ Hatchman",
              "bowler": "Amar Sharma",
              "non_striker": "K Mirpuri",
              "runs": {
                "batter": 0,
                "extras": 0,
                "total": 0
              }
            },
            {
              "batter": "RJ Hatchman",
              "bowler": "Amar Sharma",
              "non_striker": "K Mirpuri",
              "runs": {
                "batter": 1,
                "extras": 0,
                "total": 1
              }
            },
            {
              "batter": "K Mirpuri",
              "bowler": "Amar Sharma",
              "non_striker": "RJ Hatchman",
              "runs": {
                "batter": 1,
                "extras": 0,
                "total": 1
              }
            },
            {
              "batter": "RJ Hatchman",
              "bowler": "Amar Sharma",
              "non_striker": "K Mirpuri",
              "runs": {
                "batter": 0,
                "extras": 0,
                "total": 0
              },
              "wickets": [
                {
                  "player_out": "RJ Hatchman",
                  "fielders": [
                    {
                      "name": "Aaftab Alam Khan"
                    }
                  ],
                  "kind": "stumped"
                }
              ]
            },
            {
              "batter": "S Bodha",
              "bowler": "Amar Sharma",
              "non_striker": "K Mirpuri",
              "runs": {
                "batter": 0,
                "extras": 0,
                "total": 0
              }
            }
          ]
        },
        {
          "over": 14,
          "deliveries": [
            {
              "batter": "K Mirpuri",
              "bowler": "D Marks",
              "non_striker": "S Bodha",
              "runs": {
                "batter": 1,
                "extras": 0,
                "total": 1
              }
            },
            {
              "batter": "S Bodha",
              "bowler": "D Marks",
              "non_striker": "K Mirpuri",
              "runs": {
                "batter": 1,
                "extras": 0,
                "total": 1
              }
            },
            {
              "batter": "K Mirpuri",
              "bowler": "D Marks",
              "extras": {
                "wides": 1
              },
              "non_striker": "S Bodha",
              "runs": {
                "batter": 0,
                "extras": 1,
                "total": 1
              }
            },
            {
              "batter": "K Mirpuri",
              "bowler": "D Marks",
              "non_striker": "S Bodha",
              "runs": {
                "batter": 2,
                "extras": 0,
                "total": 2
              }
            },
            {
              "batter": "K Mirpuri",
              "bowler": "D Marks",
              "non_striker": "S Bodha",
              "runs": {
                "batter": 1,
                "extras": 0,
                "total": 1
              }
            },
            {
              "batter": "S Bodha",
              "bowler": "D Marks",
              "non_striker": "K Mirpuri",
              "runs": {
                "batter": 1,
                "extras": 0,
                "total": 1
              }
            },
            {
              "batter": "K Mirpuri",
              "bowler": "D Marks",
              "non_striker": "S Bodha",
              "runs": {
                "batter": 1,
                "extras": 0,
                "total": 1
              }
            }
          ]
        },
        {
          "over": 15,
          "deliveries": [
            {
              "batter": "K Mirpuri",
              "bowler": "Amar Sharma",
              "non_striker": "S Bodha",
              "runs": {
                "batter": 1,
                "extras": 0,
                "total": 1
              }
            },
            {
              "batter": "S Bodha",
              "bowler": "Amar Sharma",
              "non_striker": "K Mirpuri",
              "runs": {
                "batter": 0,
                "extras": 0,
                "total": 0
              }
            },
            {
              "batter": "S Bodha",
              "bowler": "Amar Sharma",
              "non_striker": "K Mirpuri",
              "runs": {
                "batter": 0,
                "extras": 0,
                "total": 0
              }
            },
            {
              "batter": "S Bodha",
              "bowler": "Amar Sharma",
              "non_striker": "K Mirpuri",
              "runs": {
                "batter": 2,
                "extras": 0,
                "total": 2
              }
            },
            {
              "batter": "S Bodha",
              "bowler": "Amar Sharma",
              "extras": {
                "wides": 1
              },
              "non_striker": "K Mirpuri",
              "runs": {
                "batter": 0,
                "extras": 1,
                "total": 1
              }
            },
            {
              "batter": "S Bodha",
              "bowler": "Amar Sharma",
              "non_striker": "K Mirpuri",
              "runs": {
                "batter": 0,
                "extras": 0,
                "total": 0
              }
            },
            {
              "batter": "S Bodha",
              "bowler": "Amar Sharma",
              "non_striker": "K Mirpuri",
              "runs": {
                "batter": 2,
                "extras": 0,
                "total": 2
              }
            }
          ]
        },
        {
          "over": 16,
          "deliveries": [
            {
              "batter": "K Mirpuri",
              "bowler": "D Marks",
              "non_striker": "S Bodha",
              "runs": {
                "batter": 2,
                "extras": 0,
                "total": 2
              }
            },
            {
              "batter": "K Mirpuri",
              "bowler": "D Marks",
              "non_striker": "S Bodha",
              "runs": {
                "batter": 1,
                "extras": 0,
                "total": 1
              }
            },
            {
              "batter": "S Bodha",
              "bowler": "D Marks",
              "non_striker": "K Mirpuri",
              "runs": {
                "batter": 4,
                "extras": 0,
                "total": 4
              }
            },
            {
              "batter": "S Bodha",
              "bowler": "D Marks",
              "non_striker": "K Mirpuri",
              "runs": {
                "batter": 4,
                "extras": 0,
                "total": 4
              }
            },
            {
              "batter": "S Bodha",
              "bowler": "D Marks",
              "non_striker": "K Mirpuri",
              "runs": {
                "batter": 4,
                "extras": 0,
                "total": 4
              }
            },
            {
              "batter": "S Bodha",
              "bowler": "D Marks",
              "extras": {
                "wides": 1
              },
              "non_striker": "K Mirpuri",
              "runs": {
                "batter": 0,
                "extras": 1,
                "total": 1
              }
            },
            {
              "batter": "S Bodha",
              "bowler": "D Marks",
              "non_striker": "K Mirpuri",
              "runs": {
                "batter": 1,
                "extras": 0,
                "total": 1
              }
            }
          ]
        },
        {
          "over": 17,
          "deliveries": [
            {
              "batter": "S Bodha",
              "bowler": "Amar Sharma",
              "non_striker": "K Mirpuri",
              "runs": {
                "batter": 1,
                "extras": 0,
                "total": 1
              }
            },
            {
              "batter": "K Mirpuri",
              "bowler": "Amar Sharma",
              "non_striker": "S Bodha",
              "runs": {
                "batter": 1,
                "extras": 0,
                "total": 1
              }
            },
            {
              "batter": "S Bodha",
              "bowler": "Amar Sharma",
              "non_striker": "K Mirpuri",
              "runs": {
                "batter": 4,
                "extras": 0,
                "total": 4
              }
            },
            {
              "batter": "S Bodha",
              "bowler": "Amar Sharma",
              "extras": {
                "wides": 1
              },
              "non_striker": "K Mirpuri",
              "runs": {
                "batter": 0,
                "extras": 1,
                "total": 1
              }
            },
            {
              "batter": "S Bodha",
              "bowler": "Amar Sharma",
              "non_striker": "K Mirpuri",
              "runs": {
                "batter": 1,
                "extras": 0,
                "total": 1
              }
            },
            {
              "batter": "K Mirpuri",
              "bowler": "Amar Sharma",
              "non_striker": "S Bodha",
              "runs": {
                "batter": 1,
                "extras": 0,
                "total": 1
              }
            },
            {
              "batter": "S Bodha",
              "bowler": "Amar Sharma",
              "non_striker": "K Mirpuri",
              "runs": {
                "batter": 0,
                "extras": 0,
                "total": 0
              },
              "wickets": [
                {
                  "player_out": "S Bodha",
                  "fielders": [
                    {
                      "name": "Jaspal Singh"
                    }
                  ],
                  "kind": "caught"
                }
              ]
            }
          ]
        },
        {
          "over": 18,
          "deliveries": [
            {
              "batter": "K Mirpuri",
              "bowler": "Fanyan Mughal",
              "non_striker": "BA Pai",
              "runs": {
                "batter": 1,
                "extras": 0,
                "total": 1
              }
            },
            {
              "batter": "BA Pai",
              "bowler": "Fanyan Mughal",
              "non_striker": "K Mirpuri",
              "runs": {
                "batter": 1,
                "extras": 0,
                "total": 1
              }
            },
            {
              "batter": "K Mirpuri",
              "bowler": "Fanyan Mughal",
              "non_striker": "BA Pai",
              "runs": {
                "batter": 0,
                "extras": 0,
                "total": 0
              }
            },
            {
              "batter": "K Mirpuri",
              "bowler": "Fanyan Mughal",
              "non_striker": "BA Pai",
              "runs": {
                "batter": 1,
                "extras": 0,
                "total": 1
              }
            },
            {
              "batter": "BA Pai",
              "bowler": "Fanyan Mughal",
              "non_striker": "K Mirpuri",
              "runs": {
                "batter": 4,
                "extras": 0,
                "total": 4
              }
            },
            {
              "batter": "BA Pai",
              "bowler": "Fanyan Mughal",
              "non_striker": "K Mirpuri",
              "runs": {
                "batter": 1,
                "extras": 0,
                "total": 1
              }
            }
          ]
        },
        {
          "over": 19,
          "deliveries": [
            {
              "batter": "BA Pai",
              "bowler": "VP Thamotharam",
              "non_striker": "K Mirpuri",
              "runs": {
                "batter": 1,
                "extras": 0,
                "total": 1
              }
            },
            {
              "batter": "K Mirpuri",
              "bowler": "VP Thamotharam",
              "non_striker": "BA Pai",
              "runs": {
                "batter": 1,
                "extras": 0,
                "total": 1
              }
            },
            {
              "batter": "BA Pai",
              "bowler": "VP Thamotharam",
              "non_striker": "K Mirpuri",
              "runs": {
                "batter": 1,
                "extras": 0,
                "total": 1
              }
            },
            {
              "batter": "K Mirpuri",
              "bowler": "VP Thamotharam",
              "non_striker": "BA Pai",
              "runs": {
                "batter": 1,
                "extras": 0,
                "total": 1
              }
            },
            {
              "batter": "BA Pai",
              "bowler": "VP Thamotharam",
              "non_striker": "K Mirpuri",
              "runs": {
                "batter": 2,
                "extras": 0,
                "total": 2
              }
            },
            {
              "batter": "BA Pai",
              "bowler": "VP Thamotharam",
              "non_striker": "K Mirpuri",
              "runs": {
                "batter": 2,
                "extras": 0,
                "total": 2
              }
            }
          ]
        }
      ],
      "powerplays": [
        {
          "from": 0.1,
          "to": 5.6,
          "type": "mandatory"
        }
      ],
      "target": {
        "overs": 20,
        "runs": 166
      }
    }
  ]
}