{
  "meta": {
    "data_version": "1.1.0",
    "created": "2023-07-23",
    "revision": 1
  },
  "info": {
    "balls_per_over": 6,
    "city": "Edinburgh",
    "dates": [
      "2023-07-21"
    ],
    "event": {
      "name": "ICC Men's T20 World Cup Europe Region Qualifier",
      "match_number": 5
    },
    "gender": "male",
    "match_type": "T20",
    "match_type_number": 2151,
    "officials": {
      "match_referees": [
        "Phil Whitticase"
      ],
      "reserve_umpires": [
        "M Jameson"
      ],
      "umpires": [
        "DA Haggo",
        "N Bathi"
      ]
    },
    "outcome": {
      "winner": "Germany",
      "by": {
        "wickets": 9
      }
    },
    "overs": 20,
    "player_of_match": [
      "J van Heerden"
    ],
    "players": {
      "Austria": [
        "Iqbal Hossain",
        "M Simpson-Parker",
        "Razmal Shigiwal",
        "Shahil Momin",
        "A Randhawa",
        "Aqib Iqbal",
        "Mirza Ahsan",
        "Abdullah Akbarjan",
        "MPS Cheema",
        "Sahel Zadran",
        "A Nathwani"
      ],
      "Germany": [
        "V Ganesan",
        "J van Heerden",
        "MJ Richardson",
        "Faisal Mubashir",
        "Sahir Naqash",
        "DA Blignaut",
        "Sachin Mandy",
        "D Klein",
        "Muslim Yar",
        "Ghulam Ahmadi",
        "SVE Bharathi"
      ]
    },
    "registry": {
      "people": {
        "A Nathwani": "f1c4f2ea",
        "A Randhawa": "1798078c",
        "Abdullah Akbarjan": "5de198db",
        "Aqib Iqbal": "14157abf",
        "D Klein": "aeab0d4f",
        "DA Blignaut": "cfcf189f",
        "DA Haggo": "e6789a88",
        "Faisal Mubashir": "ad5342dc",
        "Ghulam Ahmadi": "2dfe0612",
        "Iqbal Hossain": "e1824e7d",
        "J van Heerden": "01549705",
        "M Jameson": "bdf1ffe3",
        "M Simpson-Parker": "fecd828e",
        "MJ Richardson": "22176fe7",
        "MPS Cheema": "97181d1b",
        "Mirza Ahsan": "6b74c13b",
        "Muslim Yar": "37d8d19a",
        "N Bathi": "96a0edf9",
        "Phil Whitticase": "99d5f6fa",
        "Razmal Shigiwal": "60cc80ac",
        "SVE Bharathi": "6a63c29c",
        "Sachin Mandy": "501fca0d",
        "Sahel Zadran": "dae28050",
        "Sahir Naqash": "352e589f",
        "Shahil Momin": "46821fbd",
        "V Ganesan": "baa7dd37"
      }
    },
    "season": "2023",
    "team_type": "international",
    "teams": [
      "Austria",
      "Germany"
    ],
    "toss": {
      "decision": "bat",
      "winner": "Austria"
    },
    "venue": "Goldenacre, Edinburgh"
  },
  "innings": [
    {
      "team": "Austria",
      "overs": [
        {
          "over": 0,
          "deliveries": [
            {
              "batter": "Iqbal Hossain",
              "bowler": "D Klein",
              "non_striker": "M Simpson-Parker",
              "runs": {
                "batter": 0,
                "extras": 0,
                "total": 0
              },
              "wickets": [
                {
                  "player_out": "Iqbal Hossain",
                  "kind": "bowled"
                }
              ]
            },
            {
              "batter": "Razmal Shigiwal",
              "bowler": "D Klein",
              "non_striker": "M Simpson-Parker",
              "runs": {
                "batter": 0,
                "extras": 0,
                "total": 0
              }
            },
            {
              "batter": "Razmal Shigiwal",
              "bowler": "D Klein",
              "extras": {
                "legbyes": 1
              },
              "non_striker": "M Simpson-Parker",
              "runs": {
                "batter": 0,
                "extras": 1,
                "total": 1
              }
            },
            {
              "batter": "M Simpson-Parker",
              "bowler": "D Klein",
              "extras": {
                "wides": 1
              },
              "non_striker": "Razmal Shigiwal",
              "runs": {
                "batter": 0,
                "extras": 1,
                "total": 1
              }
            },
            {
              "batter": "M Simpson-Parker",
              "bowler": "D Klein",
              "non_striker": "Razmal Shigiwal",
              "runs": {
                "batter": 0,
                "extras": 0,
                "total": 0
              }
            },
            {
              "batter": "M Simpson-Parker",
              "bowler": "D Klein",
              "non_striker": "Razmal Shigiwal",
              "runs": {
                "batter": 2,
                "extras": 0,
                "total": 2
              }
            },
            {
              "batter": "M Simpson-Parker",
              "bowler": "D Klein",
              "non_striker": "Razmal Shigiwal",
              "runs": {
                "batter": 0,
                "extras": 0,
                "total": 0
              }
            }
          ]
        },
        {
          "over": 1,
          "deliveries": [
            {
              "batter": "Razmal Shigiwal",
              "bowler": "Ghulam Ahmadi",
              "non_striker": "M Simpson-Parker",
              "runs": {
                "batter": 0,
                "extras": 0,
                "total": 0
              }
            },
            {
              "batter": "Razmal Shigiwal",
              "bowler": "Ghulam Ahmadi",
              "non_striker": "M Simpson-Parker",
              "runs": {
                "batter": 1,
                "extras": 0,
                "total": 1
              }
            },
            {
              "batter": "M Simpson-Parker",
              "bowler": "Ghulam Ahmadi",
              "non_striker": "Razmal Shigiwal",
              "runs": {
                "batter": 0,
                "extras": 0,
                "total": 0
              }
            },
            {
              "batter": "M Simpson-Parker",
              "bowler": "Ghulam Ahmadi",
              "non_striker": "Razmal Shigiwal",
              "runs": {
                "batter": 1,
                "extras": 0,
                "total": 1
              }
            },
            {
              "batter": "Razmal Shigiwal",
              "bowler": "Ghulam Ahmadi",
              "non_striker": "M Simpson-Parker",
              "runs": {
                "batter": 1,
                "extras": 0,
                "total": 1
              }
            },
            {
              "batter": "M Simpson-Parker",
              "bowler": "Ghulam Ahmadi",
              "non_striker": "Razmal Shigiwal",
              "runs": {
                "batter": 0,
                "extras": 0,
                "total": 0
              }
            }
          ]
        },
        {
          "over": 2,
          "deliveries": [
            {
              "batter": "Razmal Shigiwal",
              "bowler": "D Klein",
              "extras": {
                "wides": 1
              },
              "non_striker": "M Simpson-Parker",
              "runs": {
                "batter": 0,
                "extras": 1,
                "total": 1
              }
            },
            {
              "batter": "Razmal Shigiwal",
              "bowler": "D Klein",
              "non_striker": "M Simpson-Parker",
              "runs": {
                "batter": 0,
                "extras": 0,
                "total": 0
              }
            },
            {
              "batter": "Razmal Shigiwal",
              "bowler": "D Klein",
              "non_striker": "M Simpson-Parker",
              "runs": {
                "batter": 0,
                "extras": 0,
                "total": 0
              }
            },
            {
              "batter": "Razmal Shigiwal",
              "bowler": "D Klein",
              "non_striker": "M Simpson-Parker",
              "runs": {
                "batter": 0,
                "extras": 0,
                "total": 0
              }
            },
            {
              "batter": "Razmal Shigiwal",
              "bowler": "D Klein",
              "non_striker": "M Simpson-Parker",
              "runs": {
                "batter": 4,
                "extras": 0,
                "total": 4
              }
            },
            {
              "batter": "Razmal Shigiwal",
              "bowler": "D Klein",
              "non_striker": "M Simpson-Parker",
              "runs": {
                "batter": 0,
                "extras": 0,
                "total": 0
              }
            },
            {
              "batter": "Razmal Shigiwal",
              "bowler": "D Klein",
              "non_striker": "M Simpson-Parker",
              "runs": {
                "batter": 4,
                "extras": 0,
                "total": 4
              }
            }
          ]
        },
        {
          "over": 3,
          "deliveries": [
            {
              "batter": "M Simpson-Parker",
              "bowler": "Ghulam Ahmadi",
              "non_striker": "Razmal Shigiwal",
              "runs": {
                "batter": 0,
                "extras": 0,
                "total": 0
              }
            },
            {
              "batter": "M Simpson-Parker",
              "bowler": "Ghulam Ahmadi",
              "non_striker": "Razmal Shigiwal",
              "runs": {
                "batter": 4,
                "extras": 0,
                "total": 4
              }
            },
            {
              "batter": "M Simpson-Parker",
              "bowler": "Ghulam Ahmadi",
              "non_striker": "Razmal Shigiwal",
              "runs": {
                "batter": 0,
                "extras": 0,
                "total": 0
              }
            },
            {
              "batter": "M Simpson-Parker",
              "bowler": "Ghulam Ahmadi",
              "non_striker": "Razmal Shigiwal",
              "runs": {
                "batter": 6,
                "extras": 0,
                "total": 6
              }
            },
            {
              "batter": "M Simpson-Parker",
              "bowler": "Ghulam Ahmadi",
              "non_striker": "Razmal Shigiwal",
              "runs": {
                "batter": 2,
                "extras": 0,
                "total": 2
              }
            },
            {
              "batter": "M Simpson-Parker",
              "bowler": "Ghulam Ahmadi",
              "non_striker": "Razmal Shigiwal",
              "runs": {
                "batter": 0,
                "extras": 0,
                "total": 0
              }
            }
          ]
        },
        {
          "over": 4,
          "deliveries": [
            {
              "batter": "Razmal Shigiwal",
              "bowler": "Muslim Yar",
              "non_striker": "M Simpson-Parker",
              "runs": {
                "batter": 0,
                "extras": 0,
                "total": 0
              }
            },
            {
              "batter": "Razmal Shigiwal",
              "bowler": "Muslim Yar",
              "extras": {
                "wides": 1
              },
              "non_striker": "M Simpson-Parker",
              "runs": {
                "batter": 0,
                "extras": 1,
                "total": 1
              }
            },
            {
              "batter": "Razmal Shigiwal",
              "bowler": "Muslim Yar",
              "non_striker": "M Simpson-Parker",
              "runs": {
                "batter": 0,
                "extras": 0,
                "total": 0
              }
            },
            {
              "batter": "Razmal Shigiwal",
              "bowler": "Muslim Yar",
              "non_striker": "M Simpson-Parker",
              "runs": {
                "batter": 0,
                "extras": 0,
                "total": 0
              },
              "wickets": [
                {
                  "player_out": "Razmal Shigiwal",
                  "fielders": [
                    {
                      "name": "J van Heerden"
                    }
                  ],
                  "kind": "caught"
                }
              ]
            },
            {
              "batter": "Shahil Momin",
              "bowler": "Muslim Yar",
              "non_striker": "M Simpson-Parker",
              "runs": {
                "batter": 0,
                "extras": 0,
                "total": 0
              }
            },
            {
              "batter": "Shahil Momin",
              "bowler": "Muslim Yar",
              "non_striker": "M Simpson-Parker",
              "runs": {
                "batter": 1,
                "extras": 0,
                "total": 1
              }
            },
            {
              "batter": "M Simpson-Parker",
              "bowler": "Muslim Yar",
              "extras": {
                "legbyes": 1
              },
              "non_striker": "Shahil Momin",
              "runs": {
                "batter": 0,
                "extras": 1,
                "total": 1
              }
            }
          ]
        },
        {
          "over": 5,
          "deliveries": [
            {
              "batter": "M Simpson-Parker",
              "bowler": "Sahir Naqash",
              "non_striker": "Shahil Momin",
              "runs": {
                "batter": 0,
                "extras": 0,
                "total": 0
              }
            },
            {
              "batter": "M Simpson-Parker",
              "bowler": "Sahir Naqash",
              "non_striker": "Shahil Momin",
              "runs": {
                "batter": 0,
                "extras": 0,
                "total": 0
              }
            },
            {
              "batter": "M Simpson-Parker",
              "bowler": "Sahir Naqash",
              "extras": {
                "wides": 1
              },
              "non_striker": "Shahil Momin",
              "runs": {
                "batter": 0,
                "extras": 1,
                "total": 1
              }
            },
            {
              "batter": "M Simpson-Parker",
              "bowler": "Sahir Naqash",
              "non_striker": "Shahil Momin",
              "runs": {
                "batter": 0,
                "extras": 0,
                "total": 0
              }
            },
            {
              "batter": "M Simpson-Parker",
              "bowler": "Sahir Naqash",
              "non_striker": "Shahil Momin",
              "runs": {
                "batter": 1,
                "extras": 0,
                "total": 1
              }
            },
            {
              "batter": "Shahil Momin",
              "bowler": "Sahir Naqash",
              "non_striker": "M Simpson-Parker",
              "runs": {
                "batter": 0,
                "extras": 0,
                "total": 0
              },
              "wickets": [
                {
                  "player_out": "Shahil Momin",
                  "fielders": [
                    {
                      "name": "D Klein"
                    }
                  ],
                  "kind": "caught"
                }
              ]
            },
            {
              "batter": "A Randhawa",
              "bowler": "Sahir Naqash",
              "non_striker": "M Simpson-Parker",
              "runs": {
                "batter": 1,
                "extras": 0,
                "total": 1
              }
            }
          ]
        },
        {
          "over": 6,
          "deliveries": [
            {
              "batter": "A Randhawa",
              "bowler": "Muslim Yar",
              "non_striker": "M Simpson-Parker",
              "runs": {
                "batter": 2,
                "extras": 0,
                "total": 2
              }
            },
            {
              "batter": "A Randhawa",
              "bowler": "Muslim Yar",
              "non_striker": "M Simpson-Parker",
              "runs": {
                "batter": 0,
                "extras": 0,
                "total": 0
              },
              "wickets": [
                {
                  "player_out": "A Randhawa",
                  "kind": "bowled"
                }
              ]
            },
            {
              "batter": "Aqib Iqbal",
              "bowler": "Muslim Yar",
              "non_striker": "M Simpson-Parker",
              "runs": {
                "batter": 0,
                "extras": 0,
                "total": 0
              }
            },
            {
              "batter": "Aqib Iqbal",
              "bowler": "Muslim Yar",
              "non_striker": "M Simpson-Parker",
              "runs": {
                "batter": 0,
                "extras": 0,
                "total": 0
              }
            },
            {
              "batter": "Aqib Iqbal",
              "bowler": "Muslim Yar",
              "non_striker": "M Simpson-Parker",
              "runs": {
                "batter": 1,
                "extras": 0,
                "total": 1
              }
            },
            {
              "batter": "M Simpson-Parker",
              "bowler": "Muslim Yar",
              "non_striker": "Aqib Iqbal",
              "runs": {
                "batter": 0,
                "extras": 0,
                "total": 0
              }
            }
          ]
        },
        {
          "over": 7,
          "deliveries": [
            {
              "batter": "Aqib Iqbal",
              "bowler": "SVE Bharathi",
              "non_striker": "M Simpson-Parker",
              "runs": {
                "batter": 0,
                "extras": 0,
                "total": 0
              }
            },
            {
              "batter": "Aqib Iqbal",
              "bowler": "SVE Bharathi",
              "non_striker": "M Simpson-Parker",
              "runs": {
                "batter": 1,
                "extras": 0,
                "total": 1
              }
            },
            {
              "batter": "M Simpson-Parker",
              "bowler": "SVE Bharathi",
              "non_striker": "Aqib Iqbal",
              "runs": {
                "batter": 0,
                "extras": 0,
                "total": 0
              }
            },
            {
              "batter": "M Simpson-Parker",
              "bowler": "SVE Bharathi",
              "non_striker": "Aqib Iqbal",
              "runs": {
                "batter": 2,
                "extras": 0,
                "total": 2
              }
            },
            {
              "batter": "M Simpson-Parker",
              "bowler": "SVE Bharathi",
              "non_striker": "Aqib Iqbal",
              "runs": {
                "batter": 1,
                "extras": 0,
                "total": 1
              }
            },
            {
              "batter": "Aqib Iqbal",
              "bowler": "SVE Bharathi",
              "non_striker": "M Simpson-Parker",
              "runs": {
                "batter": 0,
                "extras": 0,
                "total": 0
              }
            }
          ]
        },
        {
          "over": 8,
          "deliveries": [
            {
              "batter": "M Simpson-Parker",
              "bowler": "Muslim Yar",
              "non_striker": "Aqib Iqbal",
              "runs": {
                "batter": 0,
                "extras": 0,
                "total": 0
              }
            },
            {
              "batter": "M Simpson-Parker",
              "bowler": "Muslim Yar",
              "non_striker": "Aqib Iqbal",
              "runs": {
                "batter": 0,
                "extras": 0,
                "total": 0
              }
            },
            {
              "batter": "M Simpson-Parker",
              "bowler": "Muslim Yar",
              "non_striker": "Aqib Iqbal",
              "runs": {
                "batter": 1,
                "extras": 0,
                "total": 1
              }
            },
            {
              "batter": "Aqib Iqbal",
              "bowler": "Muslim Yar",
              "non_striker": "M Simpson-Parker",
              "runs": {
                "batter": 0,
                "extras": 0,
                "total": 0
              }
            },
            {
              "batter": "Aqib Iqbal",
              "bowler": "Muslim Yar",
              "non_striker": "M Simpson-Parker",
              "runs": {
                "batter": 1,
                "extras": 0,
                "total": 1
              }
            },
            {
              "batter": "M Simpson-Parker",
              "bowler": "Muslim Yar",
              "non_striker": "Aqib Iqbal",
              "runs": {
                "batter": 4,
                "extras": 0,
                "total": 4
              }
            }
          ]
        },
        {
          "over": 9,
          "deliveries": [
            {
              "batter": "Aqib Iqbal",
              "bowler": "SVE Bharathi",
              "non_striker": "M Simpson-Parker",
              "runs": {
                "batter": 1,
                "extras": 0,
                "total": 1
              }
            },
            {
              "batter": "M Simpson-Parker",
              "bowler": "SVE Bharathi",
              "non_striker": "Aqib Iqbal",
              "runs": {
                "batter": 0,
                "extras": 0,
                "total": 0
              }
            },
            {
              "batter": "M Simpson-Parker",
              "bowler": "SVE Bharathi",
              "non_striker": "Aqib Iqbal",
              "runs": {
                "batter": 0,
                "extras": 0,
                "total": 0
              }
            },
            {
              "batter": "M Simpson-Parker",
              "bowler": "SVE Bharathi",
              "non_striker": "Aqib Iqbal",
              "runs": {
                "batter": 0,
                "extras": 0,
                "total": 0
              }
            },
            {
              "batter": "M Simpson-Parker",
              "bowler": "SVE Bharathi",
              "non_striker": "Aqib Iqbal",
              "runs": {
                "batter": 0,
                "extras": 0,
                "total": 0
              },
              "wickets": [
                {
                  "player_out": "M Simpson-Parker",
                  "fielders": [
                    {
                      "name": "V Ganesan"
                    }
                  ],
                  "kind": "caught"
                }
              ]
            },
            {
              "batter": "Mirza Ahsan",
              "bowler": "SVE Bharathi",
              "non_striker": "Aqib Iqbal",
              "runs": {
                "batter": 2,
                "extras": 0,
                "total": 2
              }
            }
          ]
        },
        {
          "over": 10,
          "deliveries": [
            {
              "batter": "Aqib Iqbal",
              "bowler": "Muslim Yar",
              "non_striker": "Mirza Ahsan",
              "runs": {
                "batter": 1,
                "extras": 0,
                "total": 1
              }
            },
            {
              "batter": "Mirza Ahsan",
              "bowler": "Muslim Yar",
              "non_striker": "Aqib Iqbal",
              "runs": {
                "batter": 0,
                "extras": 0,
                "total": 0
              }
            },
            {
              "batter": "Mirza Ahsan",
              "bowler": "Muslim Yar",
              "non_striker": "Aqib Iqbal",
              "runs": {
                "batter": 0,
                "extras": 0,
                "total": 0
              }
            },
            {
              "batter": "Mirza Ahsan",
              "bowler": "Muslim Yar",
              "extras": {
                "legbyes": 1
              },
              "non_striker": "Aqib Iqbal",
              "runs": {
                "batter": 0,
                "extras": 1,
                "total": 1
              }
            },
            {
              "batter": "Aqib Iqbal",
              "bowler": "Muslim Yar",
              "non_striker": "Mirza Ahsan",
              "runs": {
                "batter": 0,
                "extras": 0,
                "total": 0
              }
            },
            {
              "batter": "Aqib Iqbal",
              "bowler": "Muslim Yar",
              "non_striker": "Mirza Ahsan",
              "runs": {
                "batter": 1,
                "extras": 0,
                "total": 1
              }
            }
          ]
        },
        {
          "over": 11,
          "deliveries": [
            {
              "batter": "Aqib Iqbal",
              "bowler": "SVE Bharathi",
              "non_striker": "Mirza Ahsan",
              "runs": {
                "batter": 0,
                "extras": 0,
                "total": 0
              }
            },
            {
              "batter": "Aqib Iqbal",
              "bowler": "SVE Bharathi",
              "non_striker": "Mirza Ahsan",
              "runs": {
                "batter": 0,
                "extras": 0,
                "total": 0
              }
            },
            {
              "batter": "Aqib Iqbal",
              "bowler": "SVE Bharathi",
              "non_striker": "Mirza Ahsan",
              "runs": {
                "batter": 0,
                "extras": 0,
                "total": 0
              }
            },
            {
              "batter": "Aqib Iqbal",
              "bowler": "SVE Bharathi",
              "non_striker": "Mirza Ahsan",
              "runs": {
                "batter": 1,
                "extras": 0,
                "total": 1
              }
            },
            {
              "batter": "Mirza Ahsan",
              "bowler": "SVE Bharathi",
              "non_striker": "Aqib Iqbal",
              "runs": {
                "batter": 0,
                "extras": 0,
                "total": 0
              },
              "wickets": [
                {
                  "player_out": "Mirza Ahsan",
                  "fielders": [
                    {
                      "name": "Muslim Yar"
                    }
                  ],
                  "kind": "caught"
                }
              ]
            },
            {
              "batter": "Abdullah Akbarjan",
              "bowler": "SVE Bharathi",
              "non_striker": "Aqib Iqbal",
              "runs": {
                "batter": 0,
                "extras": 0,
                "total": 0
              }
            }
          ]
        },
        {
          "over": 12,
          "deliveries": [
            {
              "batter": "Aqib Iqbal",
              "bowler": "Sahir Naqash",
              "non_striker": "Abdullah Akbarjan",
              "runs": {
                "batter": 0,
                "extras": 0,
                "total": 0
              }
            },
            {
              "batter": "Aqib Iqbal",
              "bowler": "Sahir Naqash",
              "non_striker": "Abdullah Akbarjan",
              "runs": {
                "batter": 1,
                "extras": 0,
                "total": 1
              }
            },
            {
              "batter": "Abdullah Akbarjan",
              "bowler": "Sahir Naqash",
              "non_striker": "Aqib Iqbal",
              "runs": {
                "batter": 0,
                "extras": 0,
                "total": 0
              }
            },
            {
              "batter": "Abdullah Akbarjan",
              "bowler": "Sahir Naqash",
              "non_striker": "Aqib Iqbal",
              "runs": {
                "batter": 0,
                "extras": 0,
                "total": 0
              }
            },
            {
              "batter": "Abdullah Akbarjan",
              "bowler": "Sahir Naqash",
              "extras": {
                "legbyes": 1
              },
              "non_striker": "Aqib Iqbal",
              "runs": {
                "batter": 0,
                "extras": 1,
                "total": 1
              }
            },
            {
              "batter": "Aqib Iqbal",
              "bowler": "Sahir Naqash",
              "non_striker": "Abdullah Akbarjan",
              "runs": {
                "batter": 4,
                "extras": 0,
                "total": 4
              }
            }
          ]
        },
        {
          "over": 13,
          "deliveries": [
            {
              "batter": "Abdullah Akbarjan",
              "bowler": "SVE Bharathi",
              "non_striker": "Aqib Iqbal",
              "runs": {
                "batter": 1,
                "extras": 0,
                "total": 1
              }
            },
            {
              "batter": "Aqib Iqbal",
              "bowler": "SVE Bharathi",
              "non_striker": "Abdullah Akbarjan",
              "runs": {
                "batter": 2,
                "extras": 0,
                "total": 2
              }
            },
            {
              "batter": "Aqib Iqbal",
              "bowler": "SVE Bharathi",
              "non_striker": "Abdullah Akbarjan",
              "runs": {
                "batter": 1,
                "extras": 0,
                "total": 1
              }
            },
            {
              "batter": "Abdullah Akbarjan",
              "bowler": "SVE Bharathi",
              "non_striker": "Aqib Iqbal",
              "runs": {
                "batter": 1,
                "extras": 0,
                "total": 1
              }
            },
            {
              "batter": "Aqib Iqbal",
              "bowler": "SVE Bharathi",
              "non_striker": "Abdullah Akbarjan",
              "runs": {
                "batter": 1,
                "extras": 0,
                "total": 1
              }
            },
            {
              "batter": "Abdullah Akbarjan",
              "bowler": "SVE Bharathi",
              "non_striker": "Aqib Iqbal",
              "runs": {
                "batter": 1,
                "extras": 0,
                "total": 1
              }
            }
          ]
        },
        {
          "over": 14,
          "deliveries": [
            {
              "batter": "Abdullah Akbarjan",
              "bowler": "Sahir Naqash",
              "non_striker": "Aqib Iqbal",
              "runs": {
                "batter": 0,
                "extras": 0,
                "total": 0
              },
              "wickets": [
                {
                  "player_out": "Abdullah Akbarjan",
                  "fielders": [
                    {
                      "name": "MJ Richardson"
                    }
                  ],
                  "kind": "caught"
                }
              ]
            },
            {
              "batter": "MPS Cheema",
              "bowler": "Sahir Naqash",
              "extras": {
                "wides": 1
              },
              "non_striker": "Aqib Iqbal",
              "runs": {
                "batter": 0,
                "extras": 1,
                "total": 1
              }
            },
            {
              "batter": "MPS Cheema",
              "bowler": "Sahir Naqash",
              "non_striker": "Aqib Iqbal",
              "runs": {
                "batter": 1,
                "extras": 0,
                "total": 1
              }
            },
            {
              "batter": "Aqib Iqbal",
              "bowler": "Sahir Naqash",
              "non_striker": "MPS Cheema",
              "runs": {
                "batter": 1,
                "extras": 0,
                "total": 1
              }
            },
            {
              "batter": "MPS Cheema",
              "bowler": "Sahir Naqash",
              "non_striker": "Aqib Iqbal",
              "runs": {
                "batter": 1,
                "extras": 0,
                "total": 1
              }
            },
            {
              "batter": "Aqib Iqbal",
              "bowler": "Sahir Naqash",
              "non_striker": "MPS Cheema",
              "runs": {
                "batter": 0,
                "extras": 0,
                "total": 0
              }
            },
            {
              "batter": "Aqib Iqbal",
              "bowler": "Sahir Naqash",
              "non_striker": "MPS Cheema",
              "runs": {
                "batter": 0,
                "extras": 0,
                "total": 0
              }
            }
          ]
        },
        {
          "over": 15,
          "deliveries": [
            {
              "batter": "MPS Cheema",
              "bowler": "Ghulam Ahmadi",
              "non_striker": "Aqib Iqbal",
              "runs": {
                "batter": 1,
                "extras": 0,
                "total": 1
              }
            },
            {
              "batter": "Aqib Iqbal",
              "bowler": "Ghulam Ahmadi",
              "non_striker": "MPS Cheema",
              "runs": {
                "batter": 1,
                "extras": 0,
                "total": 1
              }
            },
            {
              "batter": "MPS Cheema",
              "bowler": "Ghulam Ahmadi",
              "non_striker": "Aqib Iqbal",
              "runs": {
                "batter": 0,
                "extras": 0,
                "total": 0
              }
            },
            {
              "batter": "MPS Cheema",
              "bowler": "Ghulam Ahmadi",
              "non_striker": "Aqib Iqbal",
              "runs": {
                "batter": 0,
                "extras": 0,
                "total": 0
              },
              "wickets": [
                {
                  "player_out": "MPS Cheema",
                  "kind": "caught and bowled"
                }
              ]
            },
            {
              "batter": "Sahel Zadran",
              "bowler": "Ghulam Ahmadi",
              "non_striker": "Aqib Iqbal",
              "runs": {
                "batter": 0,
                "extras": 0,
                "total": 0
              }
            },
            {
              "batter": "Sahel Zadran",
              "bowler": "Ghulam Ahmadi",
              "non_striker": "Aqib Iqbal",
              "runs": {
                "batter": 0,
                "extras": 0,
                "total": 0
              }
            }
          ]
        },
        {
          "over": 16,
          "deliveries": [
            {
              "batter": "Aqib Iqbal",
              "bowler": "D Klein",
              "non_striker": "Sahel Zadran",
              "runs": {
                "batter": 4,
                "extras": 0,
                "total": 4
              }
            },
            {
              "batter": "Aqib Iqbal",
              "bowler": "D Klein",
              "non_striker": "Sahel Zadran",
              "runs": {
                "batter": 1,
                "extras": 0,
                "total": 1
              }
            },
            {
              "batter": "Sahel Zadran",
              "bowler": "D Klein",
              "non_striker": "Aqib Iqbal",
              "runs": {
                "batter": 0,
                "extras": 0,
                "total": 0
              }
            },
            {
              "batter": "Sahel Zadran",
              "bowler": "D Klein",
              "non_striker": "Aqib Iqbal",
              "runs": {
                "batter": 0,
                "extras": 0,
                "total": 0
              }
            },
            {
              "batter": "Sahel Zadran",
              "bowler": "D Klein",
              "non_striker": "Aqib Iqbal",
              "runs": {
                "batter": 0,
                "extras": 0,
                "total": 0
              }
            },
            {
              "batter": "Sahel Zadran",
              "bowler": "D Klein",
              "non_striker": "Aqib Iqbal",
              "runs": {
                "batter": 0,
                "extras": 0,
                "total": 0
              }
            }
          ]
        },
        {
          "over": 17,
          "deliveries": [
            {
              "batter": "Aqib Iqbal",
              "bowler": "Ghulam Ahmadi",
              "non_striker": "Sahel Zadran",
              "runs": {
                "batter": 1,
                "extras": 0,
                "total": 1
              }
            },
            {
              "batter": "Sahel Zadran",
              "bowler": "Ghulam Ahmadi",
              "non_striker": "Aqib Iqbal",
              "runs": {
                "batter": 0,
                "extras": 0,
                "total": 0
              }
            },
            {
              "batter": "Sahel Zadran",
              "bowler": "Ghulam Ahmadi",
              "non_striker": "Aqib Iqbal",
              "runs": {
                "batter": 0,
                "extras": 0,
                "total": 0
              },
              "wickets": [
                {
                  "player_out": "Sahel Zadran",
                  "fielders": [
                    {
                      "name": "Muslim Yar"
                    }
                  ],
                  "kind": "caught"
                }
              ]
            },
            {
              "batter": "A Nathwani",
              "bowler": "Ghulam Ahmadi",
              "non_striker": "Aqib Iqbal",
              "runs": {
                "batter": 2,
                "extras": 0,
                "total": 2
              }
            },
            {
              "batter": "A Nathwani",
              "bowler": "Ghulam Ahmadi",
              "non_striker": "Aqib Iqbal",
              "runs": {
                "batter": 0,
                "extras": 0,
                "total": 0
              }
            },
            {
              "batter": "A Nathwani",
              "bowler": "Ghulam Ahmadi",
              "non_striker": "Aqib Iqbal",
              "runs": {
                "batter": 1,
                "extras": 0,
                "total": 1
              }
            }
          ]
        },
        {
          "over": 18,
          "deliveries": [
            {
              "batter": "A Nathwani",
              "bowler": "D Klein",
              "non_striker": "Aqib Iqbal",
              "runs": {
                "batter": 0,
                "extras": 0,
                "total": 0
              }
            },
            {
              "batter": "A Nathwani",
              "bowler": "D Klein",
              "non_striker": "Aqib Iqbal",
              "runs": {
                "batter": 1,
                "extras": 0,
                "total": 1
              }
            },
            {
              "batter": "Aqib Iqbal",
              "bowler": "D Klein",
              "non_striker": "A Nathwani",
              "runs": {
                "batter": 0,
                "extras": 0,
                "total": 0
              }
            },
            {
              "batter": "Aqib Iqbal",
              "bowler": "D Klein",
              "non_striker": "A Nathwani",
              "runs": {
                "batter": 0,
                "extras": 0,
                "total": 0
              },
              "wickets": [
                {
                  "player_out": "Aqib Iqbal",
                  "kind": "bowled"
                }
              ]
            }
          ]
        }
      ],
      "powerplays": [
        {
          "from": 0.1,
          "to": 5.7,
          "type": "mandatory"
        }
      ]
    },
    {
      "team": "Germany",
      "overs": [
        {
          "over": 0,
          "deliveries": [
            {
              "batter": "V Ganesan",
              "bowler": "Sahel Zadran",
              "extras": {
                "wides": 1
              },
              "non_striker": "J van Heerden",
              "runs": {
                "batter": 0,
                "extras": 1,
                "total": 1
              }
            },
            {
              "batter": "V Ganesan",
              "bowler": "Sahel Zadran",
              "non_striker": "J van Heerden",
              "runs": {
                "batter": 1,
                "extras": 0,
                "total": 1
              }
            },
            {
              "batter": "J van Heerden",
              "bowler": "Sahel Zadran",
              "non_striker": "V Ganesan",
              "runs": {
                "batter": 4,
                "extras": 0,
                "total": 4
              }
            },
            {
              "batter": "J van Heerden",
              "bowler": "Sahel Zadran",
              "non_striker": "V Ganesan",
              "runs": {
                "batter": 4,
                "extras": 0,
                "total": 4
              }
            },
            {
              "batter": "J van Heerden",
              "bowler": "Sahel Zadran",
              "non_striker": "V Ganesan",
              "runs": {
                "batter": 0,
                "extras": 0,
                "total": 0
              }
            },
            {
              "batter": "J van Heerden",
              "bowler": "Sahel Zadran",
              "non_striker": "V Ganesan",
              "runs": {
                "batter": 0,
                "extras": 0,
                "total": 0
              }
            },
            {
              "batter": "J van Heerden",
              "bowler": "Sahel Zadran",
              "non_striker": "V Ganesan",
              "runs": {
                "batter": 0,
                "extras": 0,
                "total": 0
              }
            }
          ]
        },
        {
          "over": 1,
          "deliveries": [
            {
              "batter": "V Ganesan",
              "bowler": "Aqib Iqbal",
              "non_striker": "J van Heerden",
              "runs": {
                "batter": 1,
                "extras": 0,
                "total": 1
              }
            },
            {
              "batter": "J van Heerden",
              "bowler": "Aqib Iqbal",
              "non_striker": "V Ganesan",
              "runs": {
                "batter": 0,
                "extras": 0,
                "total": 0
              }
            },
            {
              "batter": "J van Heerden",
              "bowler": "Aqib Iqbal",
              "non_striker": "V Ganesan",
              "runs": {
                "batter": 4,
                "extras": 0,
                "total": 4
              }
            },
            {
              "batter": "J van Heerden",
              "bowler": "Aqib Iqbal",
              "non_striker": "V Ganesan",
              "runs": {
                "batter": 1,
                "extras": 0,
                "total": 1
              }
            },
            {
              "batter": "V Ganesan",
              "bowler": "Aqib Iqbal",
              "non_striker": "J van Heerden",
              "runs": {
                "batter": 0,
                "extras": 0,
                "total": 0
              }
            },
            {
              "batter": "V Ganesan",
              "bowler": "Aqib Iqbal",
              "non_striker": "J van Heerden",
              "runs": {
                "batter": 1,
                "extras": 0,
                "total": 1
              }
            }
          ]
        },
        {
          "over": 2,
          "deliveries": [
            {
              "batter": "V Ganesan",
              "bowler": "Sahel Zadran",
              "extras": {
                "wides": 1
              },
              "non_striker": "J van Heerden",
              "runs": {
                "batter": 0,
                "extras": 1,
                "total": 1
              }
            },
            {
              "batter": "V Ganesan",
              "bowler": "Sahel Zadran",
              "non_striker": "J van Heerden",
              "runs": {
                "batter": 1,
                "extras": 0,
                "total": 1
              }
            },
            {
              "batter": "J van Heerden",
              "bowler": "Sahel Zadran",
              "non_striker": "V Ganesan",
              "runs": {
                "batter": 4,
                "extras": 0,
                "total": 4
              }
            },
            {
              "batter": "J van Heerden",
              "bowler": "Sahel Zadran",
              "non_striker": "V Ganesan",
              "runs": {
                "batter": 1,
                "extras": 0,
                "total": 1
              }
            },
            {
              "batter": "V Ganesan",
              "bowler": "Sahel Zadran",
              "non_striker": "J van Heerden",
              "runs": {
                "batter": 4,
                "extras": 0,
                "total": 4
              }
            },
            {
              "batter": "V Ganesan",
              "bowler": "Sahel Zadran",
              "non_striker": "J van Heerden",
              "runs": {
                "batter": 0,
                "extras": 0,
                "total": 0
              },
              "wickets": [
                {
                  "player_out": "V Ganesan",
                  "fielders": [
                    {
                      "name": "Aqib Iqbal"
                    }
                  ],
                  "kind": "caught"
                }
              ]
            },
            {
              "batter": "MJ Richardson",
              "bowler": "Sahel Zadran",
              "extras": {
                "wides": 1
              },
              "non_striker": "J van Heerden",
              "runs": {
                "batter": 0,
                "extras": 1,
                "total": 1
              }
            },
            {
              "batter": "MJ Richardson",
              "bowler": "Sahel Zadran",
              "non_striker": "J van Heerden",
              "runs": {
                "batter": 0,
                "extras": 0,
                "total": 0
              }
            }
          ]
        },
        {
          "over": 3,
          "deliveries": [
            {
              "batter": "J van Heerden",
              "bowler": "A Nathwani",
              "non_striker": "MJ Richardson",
              "runs": {
                "batter": 1,
                "extras": 0,
                "total": 1
              }
            },
            {
              "batter": "MJ Richardson",
              "bowler": "A Nathwani",
              "non_striker": "J van Heerden",
              "runs": {
                "batter": 0,
                "extras": 0,
                "total": 0
              }
            },
            {
              "batter": "MJ Richardson",
              "bowler": "A Nathwani",
              "non_striker": "J van Heerden",
              "runs": {
                "batter": 1,
                "extras": 0,
                "total": 1
              }
            },
            {
              "batter": "J van Heerden",
              "bowler": "A Nathwani",
              "non_striker": "MJ Richardson",
              "runs": {
                "batter": 0,
                "extras": 0,
                "total": 0
              }
            },
            {
              "batter": "J van Heerden",
              "bowler": "A Nathwani",
              "non_striker": "MJ Richardson",
              "runs": {
                "batter": 4,
                "extras": 0,
                "total": 4
              }
            },
            {
              "batter": "J van Heerden",
              "bowler": "A Nathwani",
              "non_striker": "MJ Richardson",
              "runs": {
                "batter": 1,
                "extras": 0,
                "total": 1
              }
            }
          ]
        },
        {
          "over": 4,
          "deliveries": [
            {
              "batter": "J van Heerden",
              "bowler": "Sahel Zadran",
              "non_striker": "MJ Richardson",
              "runs": {
                "batter": 1,
                "extras": 0,
                "total": 1
              }
            },
            {
              "batter": "MJ Richardson",
              "bowler": "Sahel Zadran",
              "non_striker": "J van Heerden",
              "runs": {
                "batter": 0,
                "extras": 0,
                "total": 0
              }
            },
            {
              "batter": "MJ Richardson",
              "bowler": "Sahel Zadran",
              "non_striker": "J van Heerden",
              "runs": {
                "batter": 0,
                "extras": 0,
                "total": 0
              }
            },
            {
              "batter": "MJ Richardson",
              "bowler": "Sahel Zadran",
              "non_striker": "J van Heerden",
              "runs": {
                "batter": 0,
                "extras": 0,
                "total": 0
              }
            },
            {
              "batter": "MJ Richardson",
              "bowler": "Sahel Zadran",
              "non_striker": "J van Heerden",
              "runs": {
                "batter": 4,
                "extras": 0,
                "total": 4
              }
            },
            {
              "batter": "MJ Richardson",
              "bowler": "Sahel Zadran",
              "non_striker": "J van Heerden",
              "runs": {
                "batter": 1,
                "extras": 0,
                "total": 1
              }
            }
          ]
        },
        {
          "over": 5,
          "deliveries": [
            {
              "batter": "MJ Richardson",
              "bowler": "Aqib Iqbal",
              "non_striker": "J van Heerden",
              "runs": {
                "batter": 1,
                "extras": 0,
                "total": 1
              }
            },
            {
              "batter": "J van Heerden",
              "bowler": "Aqib Iqbal",
              "non_striker": "MJ Richardson",
              "runs": {
                "batter": 2,
                "extras": 0,
                "total": 2
              }
            },
            {
              "batter": "J van Heerden",
              "bowler": "Aqib Iqbal",
              "non_striker": "MJ Richardson",
              "runs": {
                "batter": 1,
                "extras": 0,
                "total": 1
              }
            },
            {
              "batter": "MJ Richardson",
              "bowler": "Aqib Iqbal",
              "non_striker": "J van Heerden",
              "runs": {
                "batter": 0,
                "extras": 0,
                "total": 0
              }
            },
            {
              "batter": "MJ Richardson",
              "bowler": "Aqib Iqbal",
              "non_striker": "J van Heerden",
              "runs": {
                "batter": 0,
                "extras": 0,
                "total": 0
              }
            },
            {
              "batter": "MJ Richardson",
              "bowler": "Aqib Iqbal",
              "non_striker": "J van Heerden",
              "runs": {
                "batter": 4,
                "extras": 0,
                "total": 4
              }
            }
          ]
        },
        {
          "over": 6,
          "deliveries": [
            {
              "batter": "J van Heerden",
              "bowler": "Abdullah Akbarjan",
              "non_striker": "MJ Richardson",
              "runs": {
                "batter": 0,
                "extras": 0,
                "total": 0
              }
            },
            {
              "batter": "J van Heerden",
              "bowler": "Abdullah Akbarjan",
              "non_striker": "MJ Richardson",
              "runs": {
                "batter": 1,
                "extras": 0,
                "total": 1
              }
            },
            {
              "batter": "MJ Richardson",
              "bowler": "Abdullah Akbarjan",
              "non_striker": "J van Heerden",
              "runs": {
                "batter": 1,
                "extras": 0,
                "total": 1
              }
            },
            {
              "batter": "J van Heerden",
              "bowler": "Abdullah Akbarjan",
              "non_striker": "MJ Richardson",
              "runs": {
                "batter": 1,
                "extras": 0,
                "total": 1
              }
            },
            {
              "batter": "MJ Richardson",
              "bowler": "Abdullah Akbarjan",
              "non_striker": "J van Heerden",
              "runs": {
                "batter": 1,
                "extras": 0,
                "total": 1
              }
            },
            {
              "batter": "J van Heerden",
              "bowler": "Abdullah Akbarjan",
              "non_striker": "MJ Richardson",
              "runs": {
                "batter": 4,
                "extras": 0,
                "total": 4
              }
            }
          ]
        },
        {
          "over": 7,
          "deliveries": [
            {
              "batter": "MJ Richardson",
              "bowler": "Shahil Momin",
              "non_striker": "J van Heerden",
              "runs": {
                "batter": 1,
                "extras": 0,
                "total": 1
              }
            },
            {
              "batter": "J van Heerden",
              "bowler": "Shahil Momin",
              "non_striker": "MJ Richardson",
              "runs": {
                "batter": 1,
                "extras": 0,
                "total": 1
              }
            },
            {
              "batter": "MJ Richardson",
              "bowler": "Shahil Momin",
              "extras": {
                "wides": 1
              },
              "non_striker": "J van Heerden",
              "runs": {
                "batter": 0,
                "extras": 1,
                "total": 1
              }
            },
            {
              "batter": "MJ Richardson",
              "bowler": "Shahil Momin",
              "non_striker": "J van Heerden",
              "runs": {
                "batter": 1,
                "extras": 0,
                "total": 1
              }
            },
            {
              "batter": "J van Heerden",
              "bowler": "Shahil Momin",
              "extras": {
                "noballs": 1
              },
              "non_striker": "MJ Richardson",
              "runs": {
                "batter": 0,
                "extras": 1,
                "total": 1
              }
            },
            {
              "batter": "J van Heerden",
              "bowler": "Shahil Momin",
              "non_striker": "MJ Richardson",
              "runs": {
                "batter": 1,
                "extras": 0,
                "total": 1
              }
            },
            {
              "batter": "MJ Richardson",
              "bowler": "Shahil Momin",
              "non_striker": "J van Heerden",
              "runs": {
                "batter": 1,
                "extras": 0,
                "total": 1
              }
            },
            {
              "batter": "J van Heerden",
              "bowler": "Shahil Momin",
              "non_striker": "MJ Richardson",
              "runs": {
                "batter": 1,
                "extras": 0,
                "total": 1
              }
            }
          ]
        },
        {
          "over": 8,
          "deliveries": [
            {
              "batter": "J van Heerden",
              "bowler": "A Nathwani",
              "non_striker": "MJ Richardson",
              "runs": {
                "batter": 1,
                "extras": 0,
                "total": 1
              }
            },
            {
              "batter": "MJ Richardson",
              "bowler": "A Nathwani",
              "non_striker": "J van Heerden",
              "runs": {
                "batter": 4,
                "extras": 0,
                "total": 4
              }
            },
            {
              "batter": "MJ Richardson",
              "bowler": "A Nathwani",
              "non_striker": "J van Heerden",
              "runs": {
                "batter": 0,
                "extras": 0,
                "total": 0
              }
            },
            {
              "batter": "MJ Richardson",
              "bowler": "A Nathwani",
              "non_striker": "J van Heerden",
              "runs": {
                "batter": 0,
                "extras": 0,
                "total": 0
              }
            },
            {
              "batter": "MJ Richardson",
              "bowler": "A Nathwani",
              "non_striker": "J van Heerden",
              "runs": {
                "batter": 1,
                "extras": 0,
                "total": 1
              }
            },
            {
              "batter": "J van Heerden",
              "bowler": "A Nathwani",
              "non_striker": "MJ Richardson",
              "runs": {
                "batter": 1,
                "extras": 0,
                "total": 1
              }
            }
          ]
        },
        {
          "over": 9,
          "deliveries": [
            {
              "batter": "J van Heerden",
              "bowler": "Abdullah Akbarjan",
              "non_striker": "MJ Richardson",
              "runs": {
                "batter": 0,
                "extras": 0,
                "total": 0
              }
            },
            {
              "batter": "J van Heerden",
              "bowler": "Abdullah Akbarjan",
              "non_striker": "MJ Richardson",
              "runs": {
                "batter": 1,
                "extras": 0,
                "total": 1
              }
            },
            {
              "batter": "MJ Richardson",
              "bowler": "Abdullah Akbarjan",
              "non_striker": "J van Heerden",
              "runs": {
                "batter": 1,
                "extras": 0,
                "total": 1
              }
            },
            {
              "batter": "J van Heerden",
              "bowler": "Abdullah Akbarjan",
              "non_striker": "MJ Richardson",
              "runs": {
                "batter": 1,
                "extras": 0,
                "total": 1
              }
            },
            {
              "batter": "MJ Richardson",
              "bowler": "Abdullah Akbarjan",
              "non_striker": "J van Heerden",
              "runs": {
                "batter": 4,
                "extras": 0,
                "total": 4
              }
            },
            {
              "batter": "MJ Richardson",
              "bowler": "Abdullah Akbarjan",
              "non_striker": "J van Heerden",
              "runs": {
                "batter": 0,
                "extras": 0,
                "total": 0
              }
            }
          ]
        },
        {
          "over": 10,
          "deliveries": [
            {
              "batter": "J van Heerden",
              "bowler": "Sahel Zadran",
              "non_striker": "MJ Richardson",
              "runs": {
                "batter": 6,
                "extras": 0,
                "total": 6
              }
            }
          ]
        }
      ],
      "powerplays": [
        {
          "from": 0.1,
          "to": 5.6,
          "type": "mandatory"
        }
      ],
      "target": {
        "overs": 20,
        "runs": 84
      }
    }
  ]
}