{
  "meta": {
    "data_version": "1.1.0",
    "created": "2024-04-15",
    "revision": 1
  },
  "info": {
    "balls_per_over": 6,
    "city": "Al Amarat",
    "dates": [
      "2024-04-15"
    ],
    "event": {
      "name": "ACC Men's Premier Cup",
      "match_number": 13,
      "group": "B"
    },
    "gender": "male",
    "match_type": "T20",
    "match_type_number": 2567,
    "officials": {
      "match_referees": [
        "Prakash Bhatt"
      ],
      "reserve_umpires": [
        "N D'Souza"
      ],
      "tv_umpires": [
        "V Kalidas"
      ],
      "umpires": [
        "S Ravi",
        "Tabarak Dar"
      ]
    },
    "outcome": {
      "winner": "Oman",
      "by": {
        "wickets": 9
      }
    },
    "overs": 20,
    "player_of_match": [
      "Bilal Khan"
    ],
    "players": {
      "United Arab Emirates": [
        "A Sharafu",
        "Waseem Muhammad",
        "V Sukumaran",
        "Asif Khan",
        "Basil Hameed",
        "Syed Haider",
        "Aayan Afzal Khan",
        "Ali Naseer",
        "Muhammad Farooq",
        "Junaid Siddique",
        "Akif Raja"
      ],
      "Oman": [
        "KH Prajapati",
        "Naseem Khushi",
        "Khalid Kail",
        "PS Athavale",
        "Zeeshan Maqsood",
        "Ayan Khan",
        "Rafiullah",
        "Mehran Khan",
        "Kaleemullah",
        "Fayyaz Butt",
        "Bilal Khan"
      ]
    },
    "registry": {
      "people": {
        "A Sharafu": "06cad4f0",
        "Aayan Afzal Khan": "d2d15439",
        "Akif Raja": "9d0344f3",
        "Ali Naseer": "f5715b48",
        "Asif Khan": "074acfb4",
        "Ayan Khan": "44d6a8b8",
        "Basil Hameed": "adbf0400",
        "Bilal Khan": "dcdb87f2",
        "Fayyaz Butt": "bd9fbd51",
        "Junaid Siddique": "84dc72db",
        "KH Prajapati": "c4e73ff1",
        "Kaleemullah": "72253b87",
        "Khalid Kail": "3ee90b67",
        "Mehran Khan": "d7bfcc0b",
        "Muhammad Farooq": "8f3c6b8a",
        "N D'Souza": "4b7f60af",
        "Naseem Khushi": "c63671e9",
        "PS Athavale": "c2f12310",
        "Prakash Bhatt": "f848ab0b",
        "Rafiullah": "369cc49c",
        "S Ravi": "9b9ee0df",
        "Syed Haider": "ab23a6a1",
        "Tabarak Dar": "2259c12d",
        "V Kalidas": "42d76418",
        "V Sukumaran": "5eb51b97",
        "Waseem Muhammad": "6f02fe2a",
        "Zeeshan Maqsood": "34464143"
      }
    },
    "season": "2024",
    "team_type": "international",
    "teams": [
      "United Arab Emirates",
      "Oman"
    ],
    "toss": {
      "decision": "field",
      "winner": "Oman"
    },
    "venue": "Al Amerat Cricket Ground Oman Cricket (Ministry Turf 1)"
  },
  "innings": [
    {
      "team": "United Arab Emirates",
      "overs": [
        {
          "over": 0,
          "deliveries": [
            {
              "batter": "A Sharafu",
              "bowler": "Bilal Khan",
              "non_striker": "Waseem Muhammad",
              "runs": {
                "batter": 0,
                "extras": 0,
                "total": 0
              }
            },
            {
              "batter": "A Sharafu",
              "bowler": "Bilal Khan",
              "non_striker": "Waseem Muhammad",
              "runs": {
                "batter": 0,
                "extras": 0,
                "total": 0
              },
              "wickets": [
                {
                  "player_out": "A Sharafu",
                  "kind": "bowled"
                }
              ]
            },
            {
              "batter": "V Sukumaran",
              "bowler": "Bilal Khan",
              "non_striker": "Waseem Muhammad",
              "runs": {
                "batter": 0,
                "extras": 0,
                "total": 0
              }
            },
            {
              "batter": "V Sukumaran",
              "bowler": "Bilal Khan",
              "non_striker": "Waseem Muhammad",
              "runs": {
                "batter": 1,
                "extras": 0,
                "total": 1
              }
            },
            {
              "batter": "Waseem Muhammad",
              "bowler": "Bilal Khan",
              "non_striker": "V Sukumaran",
              "runs": {
                "batter": 1,
                "extras": 0,
                "total": 1
              }
            },
            {
              "batter": "V Sukumaran",
              "bowler": "Bilal Khan",
              "non_striker": "Waseem Muhammad",
              "runs": {
                "batter": 0,
                "extras": 0,
                "total": 0
              }
            }
          ]
        },
        {
          "over": 1,
          "deliveries": [
            {
              "batter": "Waseem Muhammad",
              "bowler": "Kaleemullah",
              "non_striker": "V Sukumaran",
              "runs": {
                "batter": 4,
                "extras": 0,
                "total": 4
              }
            },
            {
              "batter": "Waseem Muhammad",
              "bowler": "Kaleemullah",
              "non_striker": "V Sukumaran",
              "runs": {
                "batter": 1,
                "extras": 0,
                "total": 1
              }
            },
            {
              "batter": "V Sukumaran",
              "bowler": "Kaleemullah",
              "non_striker": "Waseem Muhammad",
              "runs": {
                "batter": 2,
                "extras": 0,
                "total": 2
              }
            },
            {
              "batter": "V Sukumaran",
              "bowler": "Kaleemullah",
              "non_striker": "Waseem Muhammad",
              "runs": {
                "batter": 1,
                "extras": 0,
                "total": 1
              }
            },
            {
              "batter": "Waseem Muhammad",
              "bowler": "Kaleemullah",
              "non_striker": "V Sukumaran",
              "runs": {
                "batter": 1,
                "extras": 0,
                "total": 1
              }
            },
            {
              "batter": "V Sukumaran",
              "bowler": "Kaleemullah",
              "non_striker": "Waseem Muhammad",
              "runs": {
                "batter": 4,
                "extras": 0,
                "total": 4
              }
            }
          ]
        },
        {
          "over": 2,
          "deliveries": [
            {
              "batter": "Waseem Muhammad",
              "bowler": "Fayyaz Butt",
              "non_striker": "V Sukumaran",
              "runs": {
                "batter": 1,
                "extras": 0,
                "total": 1
              }
            },
            {
              "batter": "V Sukumaran",
              "bowler": "Fayyaz Butt",
              "non_striker": "Waseem Muhammad",
              "runs": {
                "batter": 0,
                "extras": 0,
                "total": 0
              },
              "wickets": [
                {
                  "player_out": "V Sukumaran",
                  "kind": "bowled"
                }
              ]
            },
            {
              "batter": "Asif Khan",
              "bowler": "Fayyaz Butt",
              "extras": {
                "wides": 1
              },
              "non_striker": "Waseem Muhammad",
              "runs": {
                "batter": 0,
                "extras": 1,
                "total": 1
              }
            },
            {
              "batter": "Asif Khan",
              "bowler": "Fayyaz Butt",
              "non_striker": "Waseem Muhammad",
              "runs": {
                "batter": 0,
                "extras": 0,
                "total": 0
              }
            },
            {
              "batter": "Asif Khan",
              "bowler": "Fayyaz Butt",
              "non_striker": "Waseem Muhammad",
              "runs": {
                "batter": 4,
                "extras": 0,
                "total": 4
              }
            },
            {
              "batter": "Asif Khan",
              "bowler": "Fayyaz Butt",
              "non_striker": "Waseem Muhammad",
              "runs": {
                "batter": 1,
                "extras": 0,
                "total": 1
              }
            },
            {
              "batter": "Waseem Muhammad",
              "bowler": "Fayyaz Butt",
              "non_striker": "Asif Khan",
              "runs": {
                "batter": 0,
                "extras": 0,
                "total": 0
              }
            }
          ]
        },
        {
          "over": 3,
          "deliveries": [
            {
              "batter": "Asif Khan",
              "bowler": "Mehran Khan",
              "non_striker": "Waseem Muhammad",
              "runs": {
                "batter": 0,
                "extras": 0,
                "total": 0
              }
            },
            {
              "batter": "Asif Khan",
              "bowler": "Mehran Khan",
              "non_striker": "Waseem Muhammad",
              "runs": {
                "batter": 0,
                "extras": 0,
                "total": 0
              }
            },
            {
              "batter": "Asif Khan",
              "bowler": "Mehran Khan",
              "non_striker": "Waseem Muhammad",
              "runs": {
                "batter": 4,
                "extras": 0,
                "total": 4
              }
            },
            {
              "batter": "Asif Khan",
              "bowler": "Mehran Khan",
              "non_striker": "Waseem Muhammad",
              "runs": {
                "batter": 2,
                "extras": 0,
                "total": 2
              }
            },
            {
              "batter": "Asif Khan",
              "bowler": "Mehran Khan",
              "non_striker": "Waseem Muhammad",
              "runs": {
                "batter": 2,
                "extras": 0,
                "total": 2
              }
            },
            {
              "batter": "Asif Khan",
              "bowler": "Mehran Khan",
              "non_striker": "Waseem Muhammad",
              "runs": {
                "batter": 1,
                "extras": 0,
                "total": 1
              }
            }
          ]
        },
        {
          "over": 4,
          "deliveries": [
            {
              "batter": "Asif Khan",
              "bowler": "Kaleemullah",
              "non_striker": "Waseem Muhammad",
              "runs": {
                "batter": 1,
                "extras": 0,
                "total": 1
              }
            },
            {
              "batter": "Waseem Muhammad",
              "bowler": "Kaleemullah",
              "non_striker": "Asif Khan",
              "runs": {
                "batter": 1,
                "extras": 0,
                "total": 1
              }
            },
            {
              "batter": "Asif Khan",
              "bowler": "Kaleemullah",
              "non_striker": "Waseem Muhammad",
              "runs": {
                "batter": 0,
                "extras": 0,
                "total": 0
              }
            },
            {
              "batter": "Asif Khan",
              "bowler": "Kaleemullah",
              "non_striker": "Waseem Muhammad",
              "runs": {
                "batter": 1,
                "extras": 0,
                "total": 1
              }
            },
            {
              "batter": "Waseem Muhammad",
              "bowler": "Kaleemullah",
              "non_striker": "Asif Khan",
              "runs": {
                "batter": 1,
                "extras": 0,
                "total": 1
              }
            },
            {
              "batter": "Asif Khan",
              "bowler": "Kaleemullah",
              "non_striker": "Waseem Muhammad",
              "runs": {
                "batter": 4,
                "extras": 0,
                "total": 4
              }
            }
          ]
        },
        {
          "over": 5,
          "deliveries": [
            {
              "batter": "Waseem Muhammad",
              "bowler": "Zeeshan Maqsood",
              "extras": {
                "wides": 2
              },
              "non_striker": "Asif Khan",
              "runs": {
                "batter": 0,
                "extras": 2,
                "total": 2
              }
            },
            {
              "batter": "Asif Khan",
              "bowler": "Zeeshan Maqsood",
              "non_striker": "Waseem Muhammad",
              "runs": {
                "batter": 2,
                "extras": 0,
                "total": 2
              }
            },
            {
              "batter": "Asif Khan",
              "bowler": "Zeeshan Maqsood",
              "non_striker": "Waseem Muhammad",
              "runs": {
                "batter": 1,
                "extras": 0,
                "total": 1
              }
            },
            {
              "batter": "Waseem Muhammad",
              "bowler": "Zeeshan Maqsood",
              "non_striker": "Asif Khan",
              "runs": {
                "batter": 1,
                "extras": 0,
                "total": 1
              }
            },
            {
              "batter": "Asif Khan",
              "bowler": "Zeeshan Maqsood",
              "non_striker": "Waseem Muhammad",
              "runs": {
                "batter": 2,
                "extras": 0,
                "total": 2
              }
            },
            {
              "batter": "Asif Khan",
              "bowler": "Zeeshan Maqsood",
              "non_striker": "Waseem Muhammad",
              "runs": {
                "batter": 1,
                "extras": 0,
                "total": 1
              }
            },
            {
              "batter": "Waseem Muhammad",
              "bowler": "Zeeshan Maqsood",
              "non_striker": "Asif Khan",
              "runs": {
                "batter": 1,
                "extras": 0,
                "total": 1
              }
            }
          ]
        },
        {
          "over": 6,
          "deliveries": [
            {
              "batter": "Waseem Muhammad",
              "bowler": "Mehran Khan",
              "non_striker": "Asif Khan",
              "runs": {
                "batter": 6,
                "extras": 0,
                "total": 6
              }
            },
            {
              "batter": "Waseem Muhammad",
              "bowler": "Mehran Khan",
              "non_striker": "Asif Khan",
              "runs": {
                "batter": 1,
                "extras": 0,
                "total": 1
              }
            },
            {
              "batter": "Asif Khan",
              "bowler": "Mehran Khan",
              "non_striker": "Waseem Muhammad",
              "runs": {
                "batter": 4,
                "extras": 0,
                "total": 4
              }
            },
            {
              "batter": "Asif Khan",
              "bowler": "Mehran Khan",
              "extras": {
                "legbyes": 1
              },
              "non_striker": "Waseem Muhammad",
              "runs": {
                "batter": 0,
                "extras": 1,
                "total": 1
              }
            },
            {
              "batter": "Waseem Muhammad",
              "bowler": "Mehran Khan",
              "non_striker": "Asif Khan",
              "runs": {
                "batter": 1,
                "extras": 0,
                "total": 1
              }
            },
            {
              "batter": "Asif Khan",
              "bowler": "Mehran Khan",
              "non_striker": "Waseem Muhammad",
              "runs": {
                "batter": 1,
                "extras": 0,
                "total": 1
              }
            }
          ]
        },
        {
          "over": 7,
          "deliveries": [
            {
              "batter": "Asif Khan",
              "bowler": "Zeeshan Maqsood",
              "non_striker": "Waseem Muhammad",
              "runs": {
                "batter": 0,
                "extras": 0,
                "total": 0
              }
            },
            {
              "batter": "Asif Khan",
              "bowler": "Zeeshan Maqsood",
              "non_striker": "Waseem Muhammad",
              "runs": {
                "batter": 2,
                "extras": 0,
                "total": 2
              }
            },
            {
              "batter": "Asif Khan",
              "bowler": "Zeeshan Maqsood",
              "non_striker": "Waseem Muhammad",
              "runs": {
                "batter": 1,
                "extras": 0,
                "total": 1
              }
            },
            {
              "batter": "Waseem Muhammad",
              "bowler": "Zeeshan Maqsood",
              "non_striker": "Asif Khan",
              "runs": {
                "batter": 0,
                "extras": 0,
                "total": 0
              }
            },
            {
              "batter": "Waseem Muhammad",
              "bowler": "Zeeshan Maqsood",
              "non_striker": "Asif Khan",
              "runs": {
                "batter": 1,
                "extras": 0,
                "total": 1
              }
            },
            {
              "batter": "Asif Khan",
              "bowler": "Zeeshan Maqsood",
              "non_striker": "Waseem Muhammad",
              "runs": {
                "batter": 6,
                "extras": 0,
                "total": 6
              }
            }
          ]
        },
        {
          "over": 8,
          "deliveries": [
            {
              "batter": "Waseem Muhammad",
              "bowler": "Ayan Khan",
              "non_striker": "Asif Khan",
              "runs": {
                "batter": 6,
                "extras": 0,
                "total": 6
              }
            },
            {
              "batter": "Waseem Muhammad",
              "bowler": "Ayan Khan",
              "non_striker": "Asif Khan",
              "runs": {
                "batter": 1,
                "extras": 0,
                "total": 1
              }
            },
            {
              "batter": "Asif Khan",
              "bowler": "Ayan Khan",
              "non_striker": "Waseem Muhammad",
              "runs": {
                "batter": 1,
                "extras": 0,
                "total": 1
              }
            },
            {
              "batter": "Waseem Muhammad",
              "bowler": "Ayan Khan",
              "non_striker": "Asif Khan",
              "runs": {
                "batter": 4,
                "extras": 0,
                "total": 4
              }
            },
            {
              "batter": "Waseem Muhammad",
              "bowler": "Ayan Khan",
              "non_striker": "Asif Khan",
              "runs": {
                "batter": 0,
                "extras": 0,
                "total": 0
              }
            },
            {
              "batter": "Waseem Muhammad",
              "bowler": "Ayan Khan",
              "non_striker": "Asif Khan",
              "runs": {
                "batter": 2,
                "extras": 0,
                "total": 2
              }
            }
          ]
        },
        {
          "over": 9,
          "deliveries": [
            {
              "batter": "Asif Khan",
              "bowler": "Rafiullah",
              "non_striker": "Waseem Muhammad",
              "runs": {
                "batter": 0,
                "extras": 0,
                "total": 0
              }
            },
            {
              "batter": "Asif Khan",
              "bowler": "Rafiullah",
              "extras": {
                "wides": 1
              },
              "non_striker": "Waseem Muhammad",
              "runs": {
                "batter": 0,
                "extras": 1,
                "total": 1
              }
            },
            {
              "batter": "Asif Khan",
              "bowler": "Rafiullah",
              "extras": {
                "wides": 2
              },
              "non_striker": "Waseem Muhammad",
              "runs": {
                "batter": 0,
                "extras": 2,
                "total": 2
              }
            },
            {
              "batter": "Waseem Muhammad",
              "bowler": "Rafiullah",
              "extras": {
                "wides": 1
              },
              "non_striker": "Asif Khan",
              "runs": {
                "batter": 0,
                "extras": 1,
                "total": 1
              }
            },
            {
              "batter": "Waseem Muhammad",
              "bowler": "Rafiullah",
              "non_striker": "Asif Khan",
              "runs": {
                "batter": 2,
                "extras": 0,
                "total": 2
              }
            },
            {
              "batter": "Waseem Muhammad",
              "bowler": "Rafiullah",
              "non_striker": "Asif Khan",
              "runs": {
                "batter": 4,
                "extras": 0,
                "total": 4
              }
            },
            {
              "batter": "Waseem Muhammad",
              "bowler": "Rafiullah",
              "non_striker": "Asif Khan",
              "runs": {
                "batter": 4,
                "extras": 0,
                "total": 4
              }
            },
            {
              "batter": "Waseem Muhammad",
              "bowler": "Rafiullah",
              "non_striker": "Asif Khan",
              "runs": {
                "batter": 1,
                "extras": 0,
                "total": 1
              }
            },
            {
              "batter": "Asif Khan",
              "bowler": "Rafiullah",
              "non_striker": "Waseem Muhammad",
              "runs": {
                "batter": 1,
                "extras": 0,
                "total": 1
              }
            }
          ]
        },
        {
          "over": 10,
          "deliveries": [
            {
              "batter": "Asif Khan",
              "bowler": "Bilal Khan",
              "non_striker": "Waseem Muhammad",
              "runs": {
                "batter": 1,
                "extras": 0,
                "total": 1
              }
            },
            {
              "batter": "Waseem Muhammad",
              "bowler": "Bilal Khan",
              "non_striker": "Asif Khan",
              "runs": {
                "batter": 0,
                "extras": 0,
                "total": 0
              },
              "wickets": [
                {
                  "player_out": "Waseem Muhammad",
                  "fielders": [
                    {
                      "name": "Ayan Khan"
                    }
                  ],
                  "kind": "caught"
                }
              ]
            },
            {
              "batter": "Basil Hameed",
              "bowler": "Bilal Khan",
              "non_striker": "Asif Khan",
              "runs": {
                "batter": 1,
                "extras": 0,
                "total": 1
              }
            },
            {
              "batter": "Asif Khan",
              "bowler": "Bilal Khan",
              "non_striker": "Basil Hameed",
              "runs": {
                "batter": 0,
                "extras": 0,
                "total": 0
              }
            },
            {
              "batter": "Asif Khan",
              "bowler": "Bilal Khan",
              "non_striker": "Basil Hameed",
              "runs": {
                "batter": 0,
                "extras": 0,
                "total": 0
              }
            },
            {
              "batter": "Asif Khan",
              "bowler": "Bilal Khan",
              "non_striker": "Basil Hameed",
              "runs": {
                "batter": 2,
                "extras": 0,
                "total": 2
              }
            }
          ]
        },
        {
          "over": 11,
          "deliveries": [
            {
              "batter": "Basil Hameed",
              "bowler": "Fayyaz Butt",
              "non_striker": "Asif Khan",
              "runs": {
                "batter": 1,
                "extras": 0,
                "total": 1
              }
            },
            {
              "batter": "Asif Khan",
              "bowler": "Fayyaz Butt",
              "non_striker": "Basil Hameed",
              "runs": {
                "batter": 0,
                "extras": 0,
                "total": 0
              }
            },
            {
              "batter": "Asif Khan",
              "bowler": "Fayyaz Butt",
              "non_striker": "Basil Hameed",
              "runs": {
                "batter": 0,
                "extras": 0,
                "total": 0
              }
            },
            {
              "batter": "Asif Khan",
              "bowler": "Fayyaz Butt",
              "non_striker": "Basil Hameed",
              "runs": {
                "batter": 0,
                "extras": 0,
                "total": 0
              }
            },
            {
              "batter": "Asif Khan",
              "bowler": "Fayyaz Butt",
              "extras": {
                "wides": 1
              },
              "non_striker": "Basil Hameed",
              "runs": {
                "batter": 0,
                "extras": 1,
                "total": 1
              }
            },
            {
              "batter": "Asif Khan",
              "bowler": "Fayyaz Butt",
              "non_striker": "Basil Hameed",
              "runs": {
                "batter": 1,
                "extras": 0,
                "total": 1
              }
            },
            {
              "batter": "Basil Hameed",
              "bowler": "Fayyaz Butt",
              "non_striker": "Asif Khan",
              "runs": {
                "batter": 0,
                "extras": 0,
                "total": 0
              }
            }
          ]
        },
        {
          "over": 12,
          "deliveries": [
            {
              "batter": "Asif Khan",
              "bowler": "Kaleemullah",
              "extras": {
                "wides": 1
              },
              "non_striker": "Basil Hameed",
              "runs": {
                "batter": 0,
                "extras": 1,
                "total": 1
              }
            },
            {
              "batter": "Asif Khan",
              "bowler": "Kaleemullah",
              "non_striker": "Basil Hameed",
              "runs": {
                "batter": 1,
                "extras": 0,
                "total": 1
              }
            },
            {
              "batter": "Basil Hameed",
              "bowler": "Kaleemullah",
              "non_striker": "Asif Khan",
              "runs": {
                "batter": 4,
                "extras": 0,
                "total": 4
              }
            },
            {
              "batter": "Basil Hameed",
              "bowler": "Kaleemullah",
              "non_striker": "Asif Khan",
              "runs": {
                "batter": 0,
                "extras": 0,
                "total": 0
              },
              "wickets": [
                {
                  "player_out": "Basil Hameed",
                  "kind": "bowled"
                }
              ]
            },
            {
              "batter": "Syed Haider",
              "bowler": "Kaleemullah",
              "non_striker": "Asif Khan",
              "runs": {
                "batter": 1,
                "extras": 0,
                "total": 1
              }
            },
            {
              "batter": "Asif Khan",
              "bowler": "Kaleemullah",
              "non_striker": "Syed Haider",
              "runs": {
                "batter": 4,
                "extras": 0,
                "total": 4
              }
            },
            {
              "batter": "Asif Khan",
              "bowler": "Kaleemullah",
              "extras": {
                "wides": 1
              },
              "non_striker": "Syed Haider",
              "runs": {
                "batter": 0,
                "extras": 1,
                "total": 1
              }
            },
            {
              "batter": "Asif Khan",
              "bowler": "Kaleemullah",
              "non_striker": "Syed Haider",
              "runs": {
                "batter": 6,
                "extras": 0,
                "total": 6
              }
            }
          ]
        },
        {
          "over": 13,
          "deliveries": [
            {
              "batter": "Syed Haider",
              "bowler": "Fayyaz Butt",
              "non_striker": "Asif Khan",
              "runs": {
                "batter": 1,
                "extras": 0,
                "total": 1
              }
            },
            {
              "batter": "Asif Khan",
              "bowler": "Fayyaz Butt",
              "non_striker": "Syed Haider",
              "runs": {
                "batter": 4,
                "extras": 0,
                "total": 4
              }
            },
            {
              "batter": "Asif Khan",
              "bowler": "Fayyaz Butt",
              "non_striker": "Syed Haider",
              "runs": {
                "batter": 1,
                "extras": 0,
                "total": 1
              }
            },
            {
              "batter": "Syed Haider",
              "bowler": "Fayyaz Butt",
              "non_striker": "Asif Khan",
              "runs": {
                "batter": 0,
                "extras": 0,
                "total": 0
              }
            },
            {
              "batter": "Syed Haider",
              "bowler": "Fayyaz Butt",
              "non_striker": "Asif Khan",
              "runs": {
                "batter": 1,
                "extras": 0,
                "total": 1
              }
            },
            {
              "batter": "Asif Khan",
              "bowler": "Fayyaz Butt",
              "non_striker": "Syed Haider",
              "runs": {
                "batter": 1,
                "extras": 0,
                "total": 1
              }
            }
          ]
        },
        {
          "over": 14,
          "deliveries": [
            {
              "batter": "Asif Khan",
              "bowler": "Bilal Khan",
              "non_striker": "Syed Haider",
              "runs": {
                "batter": 2,
                "extras": 0,
                "total": 2
              }
            },
            {
              "batter": "Asif Khan",
              "bowler": "Bilal Khan",
              "non_striker": "Syed Haider",
              "runs": {
                "batter": 1,
                "extras": 0,
                "total": 1
              }
            },
            {
              "batter": "Syed Haider",
              "bowler": "Bilal Khan",
              "non_striker": "Asif Khan",
              "runs": {
                "batter": 1,
                "extras": 0,
                "total": 1
              }
            },
            {
              "batter": "Asif Khan",
              "bowler": "Bilal Khan",
              "extras": {
                "legbyes": 1
              },
              "non_striker": "Syed Haider",
              "runs": {
                "batter": 0,
                "extras": 1,
                "total": 1
              }
            },
            {
              "batter": "Syed Haider",
              "bowler": "Bilal Khan",
              "non_striker": "Asif Khan",
              "runs": {
                "batter": 1,
                "extras": 0,
                "total": 1
              }
            },
            {
              "batter": "Asif Khan",
              "bowler": "Bilal Khan",
              "non_striker": "Syed Haider",
              "runs": {
                "batter": 0,
                "extras": 0,
                "total": 0
              },
              "wickets": [
                {
                  "player_out": "Asif Khan",
                  "kind": "lbw"
                }
              ]
            }
          ]
        }
      ],
      "powerplays": [
        {
          "from": 0.1,
          "to": 4.6,
          "type": "mandatory"
        }
      ]
    },
    {
      "team": "Oman",
      "overs": [
        {
          "over": 0,
          "deliveries": [
            {
              "batter": "KH Prajapati",
              "bowler": "Junaid Siddique",
              "non_striker": "Naseem Khushi",
              "runs": {
                "batter": 1,
                "extras": 0,
                "total": 1
              }
            },
            {
              "batter": "Naseem Khushi",
              "bowler": "Junaid Siddique",
              "non_striker": "KH Prajapati",
              "runs": {
                "batter": 6,
                "extras": 0,
                "total": 6
              }
            },
            {
              "batter": "Naseem Khushi",
              "bowler": "Junaid Siddique",
              "extras": {
                "legbyes": 1
              },
              "non_striker": "KH Prajapati",
              "runs": {
                "batter": 0,
                "extras": 1,
                "total": 1
              }
            },
            {
              "batter": "KH Prajapati",
              "bowler": "Junaid Siddique",
              "non_striker": "Naseem Khushi",
              "runs": {
                "batter": 1,
                "extras": 0,
                "total": 1
              }
            },
            {
              "batter": "Naseem Khushi",
              "bowler": "Junaid Siddique",
              "non_striker": "KH Prajapati",
              "runs": {
                "batter": 4,
                "extras": 0,
                "total": 4
              }
            },
            {
              "batter": "Naseem Khushi",
              "bowler": "Junaid Siddique",
              "extras": {
                "byes": 1
              },
              "non_striker": "KH Prajapati",
              "runs": {
                "batter": 0,
                "extras": 1,
                "total": 1
              }
            }
          ]
        },
        {
          "over": 1,
          "deliveries": [
            {
              "batter": "Naseem Khushi",
              "bowler": "Aayan Afzal Khan",
              "non_striker": "KH Prajapati",
              "runs": {
                "batter": 3,
                "extras": 0,
                "total": 3
              }
            },
            {
              "batter": "KH Prajapati",
              "bowler": "Aayan Afzal Khan",
              "non_striker": "Naseem Khushi",
              "runs": {
                "batter": 0,
                "extras": 0,
                "total": 0
              }
            },
            {
              "batter": "KH Prajapati",
              "bowler": "Aayan Afzal Khan",
              "non_striker": "Naseem Khushi",
              "runs": {
                "batter": 1,
                "extras": 0,
                "total": 1
              }
            },
            {
              "batter": "Naseem Khushi",
              "bowler": "Aayan Afzal Khan",
              "non_striker": "KH Prajapati",
              "runs": {
                "batter": 6,
                "extras": 0,
                "total": 6
              }
            },
            {
              "batter": "Naseem Khushi",
              "bowler": "Aayan Afzal Khan",
              "non_striker": "KH Prajapati",
              "runs": {
                "batter": 6,
                "extras": 0,
                "total": 6
              }
            },
            {
              "batter": "Naseem Khushi",
              "bowler": "Aayan Afzal Khan",
              "non_striker": "KH Prajapati",
              "runs": {
                "batter": 0,
                "extras": 0,
                "total": 0
              }
            }
          ]
        },
        {
          "over": 2,
          "deliveries": [
            {
              "batter": "KH Prajapati",
              "bowler": "Junaid Siddique",
              "non_striker": "Naseem Khushi",
              "runs": {
                "batter": 1,
                "extras": 0,
                "total": 1
              }
            },
            {
              "batter": "Naseem Khushi",
              "bowler": "Junaid Siddique",
              "non_striker": "KH Prajapati",
              "runs": {
                "batter": 4,
                "extras": 0,
                "total": 4
              }
            },
            {
              "batter": "Naseem Khushi",
              "bowler": "Junaid Siddique",
              "non_striker": "KH Prajapati",
              "runs": {
                "batter": 1,
                "extras": 0,
                "total": 1
              }
            },
            {
              "batter": "KH Prajapati",
              "bowler": "Junaid Siddique",
              "non_striker": "Naseem Khushi",
              "runs": {
                "batter": 6,
                "extras": 0,
                "total": 6
              }
            },
            {
              "batter": "KH Prajapati",
              "bowler": "Junaid Siddique",
              "non_striker": "Naseem Khushi",
              "runs": {
                "batter": 4,
                "extras": 0,
                "total": 4
              }
            },
            {
              "batter": "KH Prajapati",
              "bowler": "Junaid Siddique",
              "non_striker": "Naseem Khushi",
              "runs": {
                "batter": 4,
                "extras": 0,
                "total": 4
              }
            }
          ]
        },
        {
          "over": 3,
          "deliveries": [
            {
              "batter": "Naseem Khushi",
              "bowler": "Akif Raja",
              "non_striker": "KH Prajapati",
              "runs": {
                "batter": 1,
                "extras": 0,
                "total": 1
              }
            },
            {
              "batter": "KH Prajapati",
              "bowler": "Akif Raja",
              "non_striker": "Naseem Khushi",
              "runs": {
                "batter": 4,
                "extras": 0,
                "total": 4
              }
            },
            {
              "batter": "KH Prajapati",
              "bowler": "Akif Raja",
              "non_striker": "Naseem Khushi",
              "runs": {
                "batter": 1,
                "extras": 0,
                "total": 1
              }
            },
            {
              "batter": "Naseem Khushi",
              "bowler": "Akif Raja",
              "non_striker": "KH Prajapati",
              "runs": {
                "batter": 2,
                "extras": 0,
                "total": 2
              }
            },
            {
              "batter": "Naseem Khushi",
              "bowler": "Akif Raja",
              "non_striker": "KH Prajapati",
              "runs": {
                "batter": 6,
                "extras": 0,
                "total": 6
              }
            },
            {
              "batter": "Naseem Khushi",
              "bowler": "Akif Raja",
              "non_striker": "KH Prajapati",
              "runs": {
                "batter": 0,
                "extras": 0,
                "total": 0
              }
            }
          ]
        },
        {
          "over": 4,
          "deliveries": [
            {
              "batter": "KH Prajapati",
              "bowler": "Ali Naseer",
              "non_striker": "Naseem Khushi",
              "runs": {
                "batter": 0,
                "extras": 0,
                "total": 0
              }
            },
            {
              "batter": "KH Prajapati",
              "bowler": "Ali Naseer",
              "non_striker": "Naseem Khushi",
              "runs": {
                "batter": 2,
                "extras": 0,
                "total": 2
              }
            },
            {
              "batter": "KH Prajapati",
              "bowler": "Ali Naseer",
              "non_striker": "Naseem Khushi",
              "runs": {
                "batter": 1,
                "extras": 0,
                "total": 1
              }
            },
            {
              "batter": "Naseem Khushi",
              "bowler": "Ali Naseer",
              "non_striker": "KH Prajapati",
              "runs": {
                "batter": 0,
                "extras": 0,
                "total": 0
              },
              "wickets": [
                {
                  "player_out": "Naseem Khushi",
                  "kind": "caught and bowled"
                }
              ]
            },
            {
              "batter": "Khalid Kail",
              "bowler": "Ali Naseer",
              "non_striker": "KH Prajapati",
              "runs": {
                "batter": 1,
                "extras": 0,
                "total": 1
              }
            },
            {
              "batter": "KH Prajapati",
              "bowler": "Ali Naseer",
              "non_striker": "Khalid Kail",
              "runs": {
                "batter": 4,
                "extras": 0,
                "total": 4
              }
            }
          ]
        },
        {
          "over": 5,
          "deliveries": [
            {
              "batter": "Khalid Kail",
              "bowler": "Aayan Afzal Khan",
              "non_striker": "KH Prajapati",
              "runs": {
                "batter": 1,
                "extras": 0,
                "total": 1
              }
            },
            {
              "batter": "KH Prajapati",
              "bowler": "Aayan Afzal Khan",
              "non_striker": "Khalid Kail",
              "runs": {
                "batter": 1,
                "extras": 0,
                "total": 1
              }
            },
            {
              "batter": "Khalid Kail",
              "bowler": "Aayan Afzal Khan",
              "non_striker": "KH Prajapati",
              "runs": {
                "batter": 1,
                "extras": 0,
                "total": 1
              }
            },
            {
              "batter": "KH Prajapati",
              "bowler": "Aayan Afzal Khan",
              "non_striker": "Khalid Kail",
              "runs": {
                "batter": 1,
                "extras": 0,
                "total": 1
              }
            },
            {
              "batter": "Khalid Kail",
              "bowler": "Aayan Afzal Khan",
              "non_striker": "KH Prajapati",
              "runs": {
                "batter": 0,
                "extras": 0,
                "total": 0
              }
            },
            {
              "batter": "Khalid Kail",
              "bowler": "Aayan Afzal Khan",
              "non_striker": "KH Prajapati",
              "runs": {
                "batter": 1,
                "extras": 0,
                "total": 1
              }
            }
          ]
        },
        {
          "over": 6,
          "deliveries": [
            {
              "batter": "Khalid Kail",
              "bowler": "Muhammad Farooq",
              "non_striker": "KH Prajapati",
              "runs": {
                "batter": 6,
                "extras": 0,
                "total": 6
              }
            },
            {
              "batter": "Khalid Kail",
              "bowler": "Muhammad Farooq",
              "non_striker": "KH Prajapati",
              "runs": {
                "batter": 4,
                "extras": 0,
                "total": 4
              }
            },
            {
              "batter": "Khalid Kail",
              "bowler": "Muhammad Farooq",
              "non_striker": "KH Prajapati",
              "runs": {
                "batter": 2,
                "extras": 0,
                "total": 2
              }
            },
            {
              "batter": "Khalid Kail",
              "bowler": "Muhammad Farooq",
              "extras": {
                "legbyes": 1
              },
              "non_striker": "KH Prajapati",
              "runs": {
                "batter": 0,
                "extras": 1,
                "total": 1
              }
            },
            {
              "batter": "KH Prajapati",
              "bowler": "Muhammad Farooq",
              "non_striker": "Khalid Kail",
              "runs": {
                "batter": 0,
                "extras": 0,
                "total": 0
              }
            },
            {
              "batter": "KH Prajapati",
              "bowler": "Muhammad Farooq",
              "non_striker": "Khalid Kail",
              "runs": {
                "batter": 1,
                "extras": 0,
                "total": 1
              }
            }
          ]
        },
        {
          "over": 7,
          "deliveries": [
            {
              "batter": "KH Prajapati",
              "bowler": "Ali Naseer",
              "non_striker": "Khalid Kail",
              "runs": {
                "batter": 1,
                "extras": 0,
                "total": 1
              }
            },
            {
              "batter": "Khalid Kail",
              "bowler": "Ali Naseer",
              "non_striker": "KH Prajapati",
              "runs": {
                "batter": 0,
                "extras": 0,
                "total": 0
              }
            },
            {
              "batter": "Khalid Kail",
              "bowler": "Ali Naseer",
              "non_striker": "KH Prajapati",
              "runs": {
                "batter": 6,
                "extras": 0,
                "total": 6
              }
            },
            {
              "batter": "Khalid Kail",
              "bowler": "Ali Naseer",
              "non_striker": "KH Prajapati",
              "runs": {
                "batter": 4,
                "extras": 0,
                "total": 4
              }
            },
            {
              "batter": "Khalid Kail",
              "bowler": "Ali Naseer",
              "non_striker": "KH Prajapati",
              "runs": {
                "batter": 1,
                "extras": 0,
                "total": 1
              }
            },
            {
              "batter": "KH Prajapati",
              "bowler": "Ali Naseer",
              "non_striker": "Khalid Kail",
              "runs": {
                "batter": 1,
                "extras": 0,
                "total": 1
              }
            }
          ]
        },
        {
          "over": 8,
          "deliveries": [
            {
              "batter": "KH Prajapati",
              "bowler": "Basil Hameed",
              "non_striker": "Khalid Kail",
              "runs": {
                "batter": 1,
                "extras": 0,
                "total": 1
              }
            },
            {
              "batter": "Khalid Kail",
              "bowler": "Basil Hameed",
              "non_striker": "KH Prajapati",
              "runs": {
                "batter": 1,
                "extras": 0,
                "total": 1
              }
            },
            {
              "batter": "KH Prajapati",
              "bowler": "Basil Hameed",
              "non_striker": "Khalid Kail",
              "runs": {
                "batter": 1,
                "extras": 0,
                "total": 1
              }
            },
            {
              "batter": "Khalid Kail",
              "bowler": "Basil Hameed",
              "non_striker": "KH Prajapati",
              "runs": {
                "batter": 1,
                "extras": 0,
                "total": 1
              }
            },
            {
              "batter": "KH Prajapati",
              "bowler": "Basil Hameed",
              "non_striker": "Khalid Kail",
              "runs": {
                "batter": 1,
                "extras": 0,
                "total": 1
              }
            },
            {
              "batter": "Khalid Kail",
              "bowler": "Basil Hameed",
              "non_striker": "KH Prajapati",
              "runs": {
                "batter": 1,
                "extras": 0,
                "total": 1
              }
            }
          ]
        },
        {
          "over": 9,
          "deliveries": [
            {
              "batter": "Khalid Kail",
              "bowler": "Aayan Afzal Khan",
              "non_striker": "KH Prajapati",
              "runs": {
                "batter": 1,
                "extras": 0,
                "total": 1
              }
            },
            {
              "batter": "KH Prajapati",
              "bowler": "Aayan Afzal Khan",
              "non_striker": "Khalid Kail",
              "runs": {
                "batter": 0,
                "extras": 0,
                "total": 0
              }
            },
            {
              "batter": "KH Prajapati",
              "bowler": "Aayan Afzal Khan",
              "non_striker": "Khalid Kail",
              "runs": {
                "batter": 0,
                "extras": 0,
                "total": 0
              }
            },
            {
              "batter": "KH Prajapati",
              "bowler": "Aayan Afzal Khan",
              "non_striker": "Khalid Kail",
              "runs": {
                "batter": 0,
                "extras": 0,
                "total": 0
              }
            },
            {
              "batter": "KH Prajapati",
              "bowler": "Aayan Afzal Khan",
              "non_striker": "Khalid Kail",
              "runs": {
                "batter": 0,
                "extras": 0,
                "total": 0
              }
            },
            {
              "batter": "KH Prajapati",
              "bowler": "Aayan Afzal Khan",
              "non_striker": "Khalid Kail",
              "runs": {
                "batter": 1,
                "extras": 0,
                "total": 1
              }
            }
          ]
        },
        {
          "over": 10,
          "deliveries": [
            {
              "batter": "KH Prajapati",
              "bowler": "Basil Hameed",
              "non_striker": "Khalid Kail",
              "runs": {
                "batter": 6,
                "extras": 0,
                "total": 6
              }
            },
            {
              "batter": "KH Prajapati",
              "bowler": "Basil Hameed",
              "non_striker": "Khalid Kail",
              "runs": {
                "batter": 4,
                "extras": 0,
                "total": 4
              }
            },
            {
              "batter": "KH Prajapati",
              "bowler": "Basil Hameed",
              "extras": {
                "legbyes": 1
              },
              "non_striker": "Khalid Kail",
              "runs": {
                "batter": 0,
                "extras": 1,
                "total": 1
              }
            },
            {
              "batter": "Khalid Kail",
              "bowler": "Basil Hameed",
              "non_striker": "KH Prajapati",
              "runs": {
                "batter": 1,
                "extras": 0,
                "total": 1
              }
            },
            {
              "batter": "KH Prajapati",
              "bowler": "Basil Hameed",
              "non_striker": "Khalid Kail",
              "runs": {
                "batter": 0,
                "extras": 0,
                "total": 0
              }
            },
            {
              "batter": "KH Prajapati",
              "bowler": "Basil Hameed",
              "non_striker": "Khalid Kail",
              "runs": {
                "batter": 1,
                "extras": 0,
                "total": 1
              }
            }
          ]
        },
        {
          "over": 11,
          "deliveries": [
            {
              "batter": "KH Prajapati",
              "bowler": "Muhammad Farooq",
              "non_striker": "Khalid Kail",
              "runs": {
                "batter": 0,
                "extras": 0,
                "total": 0
              }
            },
            {
              "batter": "KH Prajapati",
              "bowler": "Muhammad Farooq",
              "non_striker": "Khalid Kail",
              "runs": {
                "batter": 1,
                "extras": 0,
                "total": 1
              }
            },
            {
              "batter": "Khalid Kail",
              "bowler": "Muhammad Farooq",
              "extras": {
                "legbyes": 1
              },
              "non_striker": "KH Prajapati",
              "runs": {
                "batter": 0,
                "extras": 1,
                "total": 1
              }
            },
            {
              "batter": "KH Prajapati",
              "bowler": "Muhammad Farooq",
              "non_striker": "Khalid Kail",
              "runs": {
                "batter": 0,
                "extras": 0,
                "total": 0
              }
            },
            {
              "batter": "KH Prajapati",
              "bowler": "Muhammad Farooq",
              "non_striker": "Khalid Kail",
              "runs": {
                "batter": 1,
                "extras": 0,
                "total": 1
              }
            },
            {
              "batter": "Khalid Kail",
              "bowler": "Muhammad Farooq",
              "non_striker": "KH Prajapati",
              "runs": {
                "batter": 6,
                "extras": 0,
                "total": 6
              }
            }
          ]
        },
        {
          "over": 12,
          "deliveries": [
            {
              "batter": "KH Prajapati",
              "bowler": "Basil Hameed",
              "non_striker": "Khalid Kail",
              "runs": {
                "batter": 1,
                "extras": 0,
                "total": 1
              }
            },
            {
              "batter": "Khalid Kail",
              "bowler": "Basil Hameed",
              "non_striker": "KH Prajapati",
              "runs": {
                "batter": 0,
                "extras": 0,
                "total": 0
              }
            },
            {
              "batter": "Khalid Kail",
              "bowler": "Basil Hameed",
              "non_striker": "KH Prajapati",
              "runs": {
                "batter": 6,
                "extras": 0,
                "total": 6
              }
            },
            {
              "batter": "Khalid Kail",
              "bowler": "Basil Hameed",
              "non_striker": "KH Prajapati",
              "runs": {
                "batter": 6,
                "extras": 0,
                "total": 6
              }
            }
          ]
        }
      ],
      "powerplays": [
        {
          "from": 0.1,
          "to": 4.6,
          "type": "mandatory"
        }
      ],
      "target": {
        "overs": 15,
        "runs": 143
      }
    }
  ]
}