{
  "meta": {
    "data_version": "1.1.0",
    "created": "2024-04-17",
    "revision": 1
  },
  "info": {
    "balls_per_over": 6,
    "city": "Al Amarat",
    "dates": [
      "2024-04-17"
    ],
    "event": {
      "name": "ACC Men's Premier Cup",
      "match_number": 17,
      "group": "A"
    },
    "gender": "male",
    "match_type": "T20",
    "match_type_number": 2571,
    "officials": {
      "match_referees": [
        "Selim Shahid"
      ],
      "reserve_umpires": [
        "Tariq Rasheed"
      ],
      "tv_umpires": [
        "Ahmed Shah Durrani"
      ],
      "umpires": [
        "Shiju Sam",
        "S Ravi"
      ]
    },
    "outcome": {
      "winner": "Hong Kong",
      "by": {
        "wickets": 7
      }
    },
    "overs": 20,
    "player_of_match": [
      "Babar Hayat"
    ],
    "players": {
      "Malaysia": [
        "Muhammad Amir",
        "Virandeep Singh",
        "S Muniandy",
        "Syed Aziz",
        "Ahmed Faiz",
        "Ahmed Aqeel",
        "Nazmus Sakib",
        "S Vijay Unni",
        "Khizar Hayat",
        "Rizwan Haider",
        "Pavandeep Singh"
      ],
      "Hong Kong": [
        "M Coetzee",
        "Anshuman Rath",
        "Babar Hayat",
        "Nizakat Khan",
        "Aizaz Khan",
        "Yasim Murtaza",
        "Zeeshan Ali",
        "Nasrulla Rana",
        "Ehsan Khan",
        "A Shukla",
        "Ateeq Iqbal"
      ]
    },
    "registry": {
      "people": {
        "A Shukla": "a1e80d06",
        "Ahmed Aqeel": "92f0e10e",
        "Ahmed Faiz": "f6b4f746",
        "Ahmed Shah Durrani": "af23265a",
        "Aizaz Khan": "f6c2659d",
        "Anshuman Rath": "552b228c",
        "Ateeq Iqbal": "29b322c7",
        "Babar Hayat": "fbb657bb",
        "Ehsan Khan": "d3851cd8",
        "Khizar Hayat": "78bbeba1",
        "M Coetzee": "3f149080",
        "Muhammad Amir": "60bec5c3",
        "Nasrulla Rana": "9ffb7550",
        "Nazmus Sakib": "53967e23",
        "Nizakat Khan": "e3eb9e46",
        "Pavandeep Singh": "78fcc740",
        "Rizwan Haider": "dc60abdc",
        "S Muniandy": "57fcfd3b",
        "S Ravi": "9b9ee0df",
        "S Vijay Unni": "f737ab44",
        "Selim Shahid": "b478bce3",
        "Shiju Sam": "1e2f3eae",
        "Syed Aziz": "6667067e",
        "Tariq Rasheed": "1008518c",
        "Virandeep Singh": "415d30b6",
        "Yasim Murtaza": "c9d05f1a",
        "Zeeshan Ali": "987187b9"
      }
    },
    "season": "2024",
    "team_type": "international",
    "teams": [
      "Malaysia",
      "Hong Kong"
    ],
    "toss": {
      "decision": "field",
      "winner": "Hong Kong"
    },
    "venue": "Al Amerat Cricket Ground Oman Cricket (Ministry Turf 1)"
  },
  "innings": [
    {
      "team": "Malaysia",
      "overs": [
        {
          "over": 0,
          "deliveries": [
            {
              "batter": "Muhammad Amir",
              "bowler": "A Shukla",
              "non_striker": "Virandeep Singh",
              "runs": {
                "batter": 0,
                "extras": 0,
                "total": 0
              },
              "wickets": [
                {
                  "player_out": "Muhammad Amir",
                  "kind": "lbw"
                }
              ]
            },
            {
              "batter": "S Muniandy",
              "bowler": "A Shukla",
              "non_striker": "Virandeep Singh",
              "runs": {
                "batter": 0,
                "extras": 0,
                "total": 0
              }
            },
            {
              "batter": "S Muniandy",
              "bowler": "A Shukla",
              "non_striker": "Virandeep Singh",
              "runs": {
                "batter": 0,
                "extras": 0,
                "total": 0
              }
            },
            {
              "batter": "S Muniandy",
              "bowler": "A Shukla",
              "non_striker": "Virandeep Singh",
              "runs": {
                "batter": 1,
                "extras": 0,
                "total": 1
              }
            },
            {
              "batter": "Virandeep Singh",
              "bowler": "A Shukla",
              "non_striker": "S Muniandy",
              "runs": {
                "batter": 0,
                "extras": 0,
                "total": 0
              }
            },
            {
              "batter": "Virandeep Singh",
              "bowler": "A Shukla",
              "non_striker": "S Muniandy",
              "runs": {
                "batter": 1,
                "extras": 0,
                "total": 1
              }
            }
          ]
        },
        {
          "over": 1,
          "deliveries": [
            {
              "batter": "Virandeep Singh",
              "bowler": "Ateeq Iqbal",
              "non_striker": "S Muniandy",
              "runs": {
                "batter": 1,
                "extras": 0,
                "total": 1
              }
            },
            {
              "batter": "S Muniandy",
              "bowler": "Ateeq Iqbal",
              "non_striker": "Virandeep Singh",
              "runs": {
                "batter": 0,
                "extras": 0,
                "total": 0
              }
            },
            {
              "batter": "S Muniandy",
              "bowler": "Ateeq Iqbal",
              "non_striker": "Virandeep Singh",
              "runs": {
                "batter": 3,
                "extras": 0,
                "total": 3
              }
            },
            {
              "batter": "Virandeep Singh",
              "bowler": "Ateeq Iqbal",
              "non_striker": "S Muniandy",
              "runs": {
                "batter": 1,
                "extras": 0,
                "total": 1
              }
            },
            {
              "batter": "S Muniandy",
              "bowler": "Ateeq Iqbal",
              "non_striker": "Virandeep Singh",
              "runs": {
                "batter": 4,
                "extras": 0,
                "total": 4
              }
            },
            {
              "batter": "S Muniandy",
              "bowler": "Ateeq Iqbal",
              "non_striker": "Virandeep Singh",
              "runs": {
                "batter": 4,
                "extras": 0,
                "total": 4
              }
            }
          ]
        },
        {
          "over": 2,
          "deliveries": [
            {
              "batter": "Virandeep Singh",
              "bowler": "A Shukla",
              "non_striker": "S Muniandy",
              "runs": {
                "batter": 4,
                "extras": 0,
                "total": 4
              }
            },
            {
              "batter": "Virandeep Singh",
              "bowler": "A Shukla",
              "non_striker": "S Muniandy",
              "runs": {
                "batter": 0,
                "extras": 0,
                "total": 0
              },
              "wickets": [
                {
                  "player_out": "Virandeep Singh",
                  "fielders": [
                    {
                      "name": "Zeeshan Ali"
                    }
                  ],
                  "kind": "caught"
                }
              ]
            },
            {
              "batter": "Syed Aziz",
              "bowler": "A Shukla",
              "non_striker": "S Muniandy",
              "runs": {
                "batter": 1,
                "extras": 0,
                "total": 1
              }
            },
            {
              "batter": "S Muniandy",
              "bowler": "A Shukla",
              "non_striker": "Syed Aziz",
              "runs": {
                "batter": 1,
                "extras": 0,
                "total": 1
              }
            },
            {
              "batter": "Syed Aziz",
              "bowler": "A Shukla",
              "extras": {
                "wides": 3
              },
              "non_striker": "S Muniandy",
              "runs": {
                "batter": 0,
                "extras": 3,
                "total": 3
              }
            },
            {
              "batter": "Syed Aziz",
              "bowler": "A Shukla",
              "non_striker": "S Muniandy",
              "runs": {
                "batter": 0,
                "extras": 0,
                "total": 0
              }
            },
            {
              "batter": "Syed Aziz",
              "bowler": "A Shukla",
              "non_striker": "S Muniandy",
              "runs": {
                "batter": 1,
                "extras": 0,
                "total": 1
              }
            }
          ]
        },
        {
          "over": 3,
          "deliveries": [
            {
              "batter": "Syed Aziz",
              "bowler": "Ateeq Iqbal",
              "non_striker": "S Muniandy",
              "runs": {
                "batter": 0,
                "extras": 0,
                "total": 0
              }
            },
            {
              "batter": "Syed Aziz",
              "bowler": "Ateeq Iqbal",
              "non_striker": "S Muniandy",
              "runs": {
                "batter": 0,
                "extras": 0,
                "total": 0
              }
            },
            {
              "batter": "Syed Aziz",
              "bowler": "Ateeq Iqbal",
              "non_striker": "S Muniandy",
              "runs": {
                "batter": 6,
                "extras": 0,
                "total": 6
              }
            },
            {
              "batter": "Syed Aziz",
              "bowler": "Ateeq Iqbal",
              "non_striker": "S Muniandy",
              "runs": {
                "batter": 1,
                "extras": 0,
                "total": 1
              }
            },
            {
              "batter": "S Muniandy",
              "bowler": "Ateeq Iqbal",
              "non_striker": "Syed Aziz",
              "runs": {
                "batter": 1,
                "extras": 0,
                "total": 1
              }
            },
            {
              "batter": "Syed Aziz",
              "bowler": "Ateeq Iqbal",
              "extras": {
                "legbyes": 1
              },
              "non_striker": "S Muniandy",
              "runs": {
                "batter": 0,
                "extras": 1,
                "total": 1
              }
            }
          ]
        },
        {
          "over": 4,
          "deliveries": [
            {
              "batter": "Syed Aziz",
              "bowler": "Ehsan Khan",
              "non_striker": "S Muniandy",
              "runs": {
                "batter": 1,
                "extras": 0,
                "total": 1
              }
            },
            {
              "batter": "S Muniandy",
              "bowler": "Ehsan Khan",
              "non_striker": "Syed Aziz",
              "runs": {
                "batter": 0,
                "extras": 0,
                "total": 0
              }
            },
            {
              "batter": "S Muniandy",
              "bowler": "Ehsan Khan",
              "non_striker": "Syed Aziz",
              "runs": {
                "batter": 3,
                "extras": 0,
                "total": 3
              }
            },
            {
              "batter": "Syed Aziz",
              "bowler": "Ehsan Khan",
              "non_striker": "S Muniandy",
              "runs": {
                "batter": 4,
                "extras": 0,
                "total": 4
              }
            },
            {
              "batter": "Syed Aziz",
              "bowler": "Ehsan Khan",
              "non_striker": "S Muniandy",
              "runs": {
                "batter": 1,
                "extras": 0,
                "total": 1
              }
            },
            {
              "batter": "S Muniandy",
              "bowler": "Ehsan Khan",
              "non_striker": "Syed Aziz",
              "runs": {
                "batter": 1,
                "extras": 0,
                "total": 1
              }
            }
          ]
        },
        {
          "over": 5,
          "deliveries": [
            {
              "batter": "S Muniandy",
              "bowler": "Ateeq Iqbal",
              "non_striker": "Syed Aziz",
              "runs": {
                "batter": 0,
                "extras": 0,
                "total": 0
              }
            },
            {
              "batter": "S Muniandy",
              "bowler": "Ateeq Iqbal",
              "non_striker": "Syed Aziz",
              "runs": {
                "batter": 0,
                "extras": 0,
                "total": 0
              },
              "wickets": [
                {
                  "player_out": "S Muniandy",
                  "kind": "bowled"
                }
              ]
            },
            {
              "batter": "Ahmed Faiz",
              "bowler": "Ateeq Iqbal",
              "non_striker": "Syed Aziz",
              "runs": {
                "batter": 0,
                "extras": 0,
                "total": 0
              }
            },
            {
              "batter": "Ahmed Faiz",
              "bowler": "Ateeq Iqbal",
              "non_striker": "Syed Aziz",
              "runs": {
                "batter": 0,
                "extras": 0,
                "total": 0
              }
            },
            {
              "batter": "Ahmed Faiz",
              "bowler": "Ateeq Iqbal",
              "non_striker": "Syed Aziz",
              "runs": {
                "batter": 0,
                "extras": 0,
                "total": 0
              }
            },
            {
              "batter": "Ahmed Faiz",
              "bowler": "Ateeq Iqbal",
              "non_striker": "Syed Aziz",
              "runs": {
                "batter": 1,
                "extras": 0,
                "total": 1
              }
            }
          ]
        },
        {
          "over": 6,
          "deliveries": [
            {
              "batter": "Ahmed Faiz",
              "bowler": "Ehsan Khan",
              "non_striker": "Syed Aziz",
              "runs": {
                "batter": 0,
                "extras": 0,
                "total": 0
              }
            },
            {
              "batter": "Ahmed Faiz",
              "bowler": "Ehsan Khan",
              "non_striker": "Syed Aziz",
              "runs": {
                "batter": 1,
                "extras": 0,
                "total": 1
              }
            },
            {
              "batter": "Syed Aziz",
              "bowler": "Ehsan Khan",
              "non_striker": "Ahmed Faiz",
              "runs": {
                "batter": 1,
                "extras": 0,
                "total": 1
              }
            },
            {
              "batter": "Ahmed Faiz",
              "bowler": "Ehsan Khan",
              "non_striker": "Syed Aziz",
              "runs": {
                "batter": 2,
                "extras": 0,
                "total": 2
              }
            },
            {
              "batter": "Ahmed Faiz",
              "bowler": "Ehsan Khan",
              "non_striker": "Syed Aziz",
              "runs": {
                "batter": 0,
                "extras": 0,
                "total": 0
              }
            },
            {
              "batter": "Ahmed Faiz",
              "bowler": "Ehsan Khan",
              "non_striker": "Syed Aziz",
              "runs": {
                "batter": 1,
                "extras": 0,
                "total": 1
              }
            }
          ]
        },
        {
          "over": 7,
          "deliveries": [
            {
              "batter": "Ahmed Faiz",
              "bowler": "Ateeq Iqbal",
              "non_striker": "Syed Aziz",
              "runs": {
                "batter": 1,
                "extras": 0,
                "total": 1
              }
            },
            {
              "batter": "Syed Aziz",
              "bowler": "Ateeq Iqbal",
              "non_striker": "Ahmed Faiz",
              "runs": {
                "batter": 0,
                "extras": 0,
                "total": 0
              }
            },
            {
              "batter": "Syed Aziz",
              "bowler": "Ateeq Iqbal",
              "non_striker": "Ahmed Faiz",
              "runs": {
                "batter": 0,
                "extras": 0,
                "total": 0
              },
              "wickets": [
                {
                  "player_out": "Syed Aziz",
                  "fielders": [
                    {
                      "name": "Zeeshan Ali"
                    }
                  ],
                  "kind": "caught"
                }
              ]
            },
            {
              "batter": "Ahmed Aqeel",
              "bowler": "Ateeq Iqbal",
              "non_striker": "Ahmed Faiz",
              "runs": {
                "batter": 1,
                "extras": 0,
                "total": 1
              }
            },
            {
              "batter": "Ahmed Faiz",
              "bowler": "Ateeq Iqbal",
              "non_striker": "Ahmed Aqeel",
              "runs": {
                "batter": 1,
                "extras": 0,
                "total": 1
              }
            },
            {
              "batter": "Ahmed Aqeel",
              "bowler": "Ateeq Iqbal",
              "non_striker": "Ahmed Faiz",
              "runs": {
                "batter": 0,
                "extras": 0,
                "total": 0
              }
            }
          ]
        },
        {
          "over": 8,
          "deliveries": [
            {
              "batter": "Ahmed Faiz",
              "bowler": "Aizaz Khan",
              "non_striker": "Ahmed Aqeel",
              "runs": {
                "batter": 1,
                "extras": 0,
                "total": 1
              }
            },
            {
              "batter": "Ahmed Aqeel",
              "bowler": "Aizaz Khan",
              "non_striker": "Ahmed Faiz",
              "runs": {
                "batter": 1,
                "extras": 0,
                "total": 1
              }
            },
            {
              "batter": "Ahmed Faiz",
              "bowler": "Aizaz Khan",
              "non_striker": "Ahmed Aqeel",
              "runs": {
                "batter": 1,
                "extras": 0,
                "total": 1
              }
            },
            {
              "batter": "Ahmed Aqeel",
              "bowler": "Aizaz Khan",
              "non_striker": "Ahmed Faiz",
              "runs": {
                "batter": 1,
                "extras": 0,
                "total": 1
              }
            },
            {
              "batter": "Ahmed Faiz",
              "bowler": "Aizaz Khan",
              "non_striker": "Ahmed Aqeel",
              "runs": {
                "batter": 1,
                "extras": 0,
                "total": 1
              }
            },
            {
              "batter": "Ahmed Aqeel",
              "bowler": "Aizaz Khan",
              "non_striker": "Ahmed Faiz",
              "runs": {
                "batter": 1,
                "extras": 0,
                "total": 1
              }
            }
          ]
        },
        {
          "over": 9,
          "deliveries": [
            {
              "batter": "Ahmed Aqeel",
              "bowler": "Yasim Murtaza",
              "non_striker": "Ahmed Faiz",
              "runs": {
                "batter": 1,
                "extras": 0,
                "total": 1
              }
            },
            {
              "batter": "Ahmed Faiz",
              "bowler": "Yasim Murtaza",
              "non_striker": "Ahmed Aqeel",
              "runs": {
                "batter": 1,
                "extras": 0,
                "total": 1
              }
            },
            {
              "batter": "Ahmed Aqeel",
              "bowler": "Yasim Murtaza",
              "non_striker": "Ahmed Faiz",
              "runs": {
                "batter": 1,
                "extras": 0,
                "total": 1
              }
            },
            {
              "batter": "Ahmed Faiz",
              "bowler": "Yasim Murtaza",
              "non_striker": "Ahmed Aqeel",
              "runs": {
                "batter": 0,
                "extras": 0,
                "total": 0
              }
            },
            {
              "batter": "Ahmed Faiz",
              "bowler": "Yasim Murtaza",
              "non_striker": "Ahmed Aqeel",
              "runs": {
                "batter": 1,
                "extras": 0,
                "total": 1
              }
            },
            {
              "batter": "Ahmed Aqeel",
              "bowler": "Yasim Murtaza",
              "non_striker": "Ahmed Faiz",
              "runs": {
                "batter": 1,
                "extras": 0,
                "total": 1
              }
            }
          ]
        },
        {
          "over": 10,
          "deliveries": [
            {
              "batter": "Ahmed Aqeel",
              "bowler": "Aizaz Khan",
              "non_striker": "Ahmed Faiz",
              "runs": {
                "batter": 0,
                "extras": 0,
                "total": 0
              }
            },
            {
              "batter": "Ahmed Aqeel",
              "bowler": "Aizaz Khan",
              "non_striker": "Ahmed Faiz",
              "runs": {
                "batter": 1,
                "extras": 0,
                "total": 1
              }
            },
            {
              "batter": "Ahmed Faiz",
              "bowler": "Aizaz Khan",
              "non_striker": "Ahmed Aqeel",
              "runs": {
                "batter": 2,
                "extras": 0,
                "total": 2
              }
            },
            {
              "batter": "Ahmed Faiz",
              "bowler": "Aizaz Khan",
              "non_striker": "Ahmed Aqeel",
              "runs": {
                "batter": 1,
                "extras": 0,
                "total": 1
              }
            },
            {
              "batter": "Ahmed Aqeel",
              "bowler": "Aizaz Khan",
              "non_striker": "Ahmed Faiz",
              "runs": {
                "batter": 1,
                "extras": 0,
                "total": 1
              }
            },
            {
              "batter": "Ahmed Faiz",
              "bowler": "Aizaz Khan",
              "non_striker": "Ahmed Aqeel",
              "runs": {
                "batter": 4,
                "extras": 0,
                "total": 4
              }
            }
          ]
        },
        {
          "over": 11,
          "deliveries": [
            {
              "batter": "Ahmed Aqeel",
              "bowler": "Yasim Murtaza",
              "non_striker": "Ahmed Faiz",
              "runs": {
                "batter": 1,
                "extras": 0,
                "total": 1
              }
            },
            {
              "batter": "Ahmed Faiz",
              "bowler": "Yasim Murtaza",
              "non_striker": "Ahmed Aqeel",
              "runs": {
                "batter": 0,
                "extras": 0,
                "total": 0
              }
            },
            {
              "batter": "Ahmed Faiz",
              "bowler": "Yasim Murtaza",
              "non_striker": "Ahmed Aqeel",
              "runs": {
                "batter": 1,
                "extras": 0,
                "total": 1
              }
            },
            {
              "batter": "Ahmed Aqeel",
              "bowler": "Yasim Murtaza",
              "non_striker": "Ahmed Faiz",
              "runs": {
                "batter": 6,
                "extras": 0,
                "total": 6
              }
            },
            {
              "batter": "Ahmed Aqeel",
              "bowler": "Yasim Murtaza",
              "non_striker": "Ahmed Faiz",
              "runs": {
                "batter": 1,
                "extras": 0,
                "total": 1
              }
            },
            {
              "batter": "Ahmed Faiz",
              "bowler": "Yasim Murtaza",
              "non_striker": "Ahmed Aqeel",
              "runs": {
                "batter": 1,
                "extras": 0,
                "total": 1
              }
            }
          ]
        },
        {
          "over": 12,
          "deliveries": [
            {
              "batter": "Ahmed Faiz",
              "bowler": "Ehsan Khan",
              "non_striker": "Ahmed Aqeel",
              "runs": {
                "batter": 1,
                "extras": 0,
                "total": 1
              }
            },
            {
              "batter": "Ahmed Aqeel",
              "bowler": "Ehsan Khan",
              "non_striker": "Ahmed Faiz",
              "runs": {
                "batter": 1,
                "extras": 0,
                "total": 1
              }
            },
            {
              "batter": "Ahmed Faiz",
              "bowler": "Ehsan Khan",
              "non_striker": "Ahmed Aqeel",
              "runs": {
                "batter": 1,
                "extras": 0,
                "total": 1
              }
            },
            {
              "batter": "Ahmed Aqeel",
              "bowler": "Ehsan Khan",
              "non_striker": "Ahmed Faiz",
              "runs": {
                "batter": 1,
                "extras": 0,
                "total": 1
              }
            },
            {
              "batter": "Ahmed Faiz",
              "bowler": "Ehsan Khan",
              "non_striker": "Ahmed Aqeel",
              "runs": {
                "batter": 4,
                "extras": 0,
                "total": 4
              }
            },
            {
              "batter": "Ahmed Faiz",
              "bowler": "Ehsan Khan",
              "non_striker": "Ahmed Aqeel",
              "runs": {
                "batter": 1,
                "extras": 0,
                "total": 1
              }
            }
          ]
        },
        {
          "over": 13,
          "deliveries": [
            {
              "batter": "Ahmed Faiz",
              "bowler": "Yasim Murtaza",
              "non_striker": "Ahmed Aqeel",
              "runs": {
                "batter": 2,
                "extras": 0,
                "total": 2
              }
            },
            {
              "batter": "Ahmed Faiz",
              "bowler": "Yasim Murtaza",
              "non_striker": "Ahmed Aqeel",
              "runs": {
                "batter": 1,
                "extras": 0,
                "total": 1
              }
            },
            {
              "batter": "Ahmed Aqeel",
              "bowler": "Yasim Murtaza",
              "non_striker": "Ahmed Faiz",
              "runs": {
                "batter": 0,
                "extras": 0,
                "total": 0
              }
            },
            {
              "batter": "Ahmed Aqeel",
              "bowler": "Yasim Murtaza",
              "non_striker": "Ahmed Faiz",
              "runs": {
                "batter": 2,
                "extras": 0,
                "total": 2
              }
            },
            {
              "batter": "Ahmed Aqeel",
              "bowler": "Yasim Murtaza",
              "non_striker": "Ahmed Faiz",
              "runs": {
                "batter": 4,
                "extras": 0,
                "total": 4
              }
            },
            {
              "batter": "Ahmed Aqeel",
              "bowler": "Yasim Murtaza",
              "non_striker": "Ahmed Faiz",
              "runs": {
                "batter": 1,
                "extras": 0,
                "total": 1
              }
            }
          ]
        },
        {
          "over": 14,
          "deliveries": [
            {
              "batter": "Ahmed Aqeel",
              "bowler": "Aizaz Khan",
              "non_striker": "Ahmed Faiz",
              "runs": {
                "batter": 4,
                "extras": 0,
                "total": 4
              }
            },
            {
              "batter": "Ahmed Aqeel",
              "bowler": "Aizaz Khan",
              "non_striker": "Ahmed Faiz",
              "runs": {
                "batter": 0,
                "extras": 0,
                "total": 0
              },
              "wickets": [
                {
                  "player_out": "Ahmed Aqeel",
                  "kind": "bowled"
                }
              ]
            },
            {
              "batter": "Nazmus Sakib",
              "bowler": "Aizaz Khan",
              "non_striker": "Ahmed Faiz",
              "runs": {
                "batter": 1,
                "extras": 0,
                "total": 1
              }
            },
            {
              "batter": "Ahmed Faiz",
              "bowler": "Aizaz Khan",
              "non_striker": "Nazmus Sakib",
              "runs": {
                "batter": 1,
                "extras": 0,
                "total": 1
              }
            },
            {
              "batter": "Nazmus Sakib",
              "bowler": "Aizaz Khan",
              "non_striker": "Ahmed Faiz",
              "runs": {
                "batter": 1,
                "extras": 0,
                "total": 1
              }
            },
            {
              "batter": "Ahmed Faiz",
              "bowler": "Aizaz Khan",
              "non_striker": "Nazmus Sakib",
              "runs": {
                "batter": 0,
                "extras": 0,
                "total": 0
              },
              "wickets": [
                {
                  "player_out": "Ahmed Faiz",
                  "fielders": [
                    {
                      "name": "Ateeq Iqbal"
                    }
                  ],
                  "kind": "caught"
                }
              ]
            }
          ]
        },
        {
          "over": 15,
          "deliveries": [
            {
              "batter": "Nazmus Sakib",
              "bowler": "Yasim Murtaza",
              "non_striker": "S Vijay Unni",
              "runs": {
                "batter": 0,
                "extras": 0,
                "total": 0
              }
            },
            {
              "batter": "Nazmus Sakib",
              "bowler": "Yasim Murtaza",
              "non_striker": "S Vijay Unni",
              "runs": {
                "batter": 6,
                "extras": 0,
                "total": 6
              }
            },
            {
              "batter": "Nazmus Sakib",
              "bowler": "Yasim Murtaza",
              "non_striker": "S Vijay Unni",
              "runs": {
                "batter": 0,
                "extras": 0,
                "total": 0
              }
            },
            {
              "batter": "Nazmus Sakib",
              "bowler": "Yasim Murtaza",
              "non_striker": "S Vijay Unni",
              "runs": {
                "batter": 0,
                "extras": 0,
                "total": 0
              },
              "wickets": [
                {
                  "player_out": "Nazmus Sakib",
                  "kind": "bowled"
                }
              ]
            },
            {
              "batter": "Khizar Hayat",
              "bowler": "Yasim Murtaza",
              "non_striker": "S Vijay Unni",
              "runs": {
                "batter": 0,
                "extras": 0,
                "total": 0
              }
            },
            {
              "batter": "Khizar Hayat",
              "bowler": "Yasim Murtaza",
              "non_striker": "S Vijay Unni",
              "runs": {
                "batter": 1,
                "extras": 0,
                "total": 1
              }
            }
          ]
        },
        {
          "over": 16,
          "deliveries": [
            {
              "batter": "Khizar Hayat",
              "bowler": "A Shukla",
              "non_striker": "S Vijay Unni",
              "runs": {
                "batter": 1,
                "extras": 0,
                "total": 1
              }
            },
            {
              "batter": "S Vijay Unni",
              "bowler": "A Shukla",
              "non_striker": "Khizar Hayat",
              "runs": {
                "batter": 1,
                "extras": 0,
                "total": 1
              }
            },
            {
              "batter": "Khizar Hayat",
              "bowler": "A Shukla",
              "non_striker": "S Vijay Unni",
              "runs": {
                "batter": 0,
                "extras": 0,
                "total": 0
              }
            },
            {
              "batter": "Khizar Hayat",
              "bowler": "A Shukla",
              "non_striker": "S Vijay Unni",
              "runs": {
                "batter": 1,
                "extras": 0,
                "total": 1
              }
            },
            {
              "batter": "S Vijay Unni",
              "bowler": "A Shukla",
              "non_striker": "Khizar Hayat",
              "runs": {
                "batter": 0,
                "extras": 0,
                "total": 0
              }
            },
            {
              "batter": "S Vijay Unni",
              "bowler": "A Shukla",
              "non_striker": "Khizar Hayat",
              "runs": {
                "batter": 1,
                "extras": 0,
                "total": 1
              }
            }
          ]
        },
        {
          "over": 17,
          "deliveries": [
            {
              "batter": "S Vijay Unni",
              "bowler": "Aizaz Khan",
              "non_striker": "Khizar Hayat",
              "runs": {
                "batter": 1,
                "extras": 0,
                "total": 1
              }
            },
            {
              "batter": "Khizar Hayat",
              "bowler": "Aizaz Khan",
              "non_striker": "S Vijay Unni",
              "runs": {
                "batter": 1,
                "extras": 0,
                "total": 1
              }
            },
            {
              "batter": "S Vijay Unni",
              "bowler": "Aizaz Khan",
              "non_striker": "Khizar Hayat",
              "runs": {
                "batter": 1,
                "extras": 0,
                "total": 1
              }
            },
            {
              "batter": "Khizar Hayat",
              "bowler": "Aizaz Khan",
              "non_striker": "S Vijay Unni",
              "runs": {
                "batter": 1,
                "extras": 0,
                "total": 1
              }
            },
            {
              "batter": "S Vijay Unni",
              "bowler": "Aizaz Khan",
              "non_striker": "Khizar Hayat",
              "runs": {
                "batter": 2,
                "extras": 0,
                "total": 2
              }
            },
            {
              "batter": "S Vijay Unni",
              "bowler": "Aizaz Khan",
              "non_striker": "Khizar Hayat",
              "runs": {
                "batter": 2,
                "extras": 0,
                "total": 2
              }
            }
          ]
        },
        {
          "over": 18,
          "deliveries": [
            {
              "batter": "Khizar Hayat",
              "bowler": "A Shukla",
              "non_striker": "S Vijay Unni",
              "runs": {
                "batter": 0,
                "extras": 0,
                "total": 0
              }
            },
            {
              "batter": "Khizar Hayat",
              "bowler": "A Shukla",
              "non_striker": "S Vijay Unni",
              "runs": {
                "batter": 1,
                "extras": 0,
                "total": 1
              }
            },
            {
              "batter": "S Vijay Unni",
              "bowler": "A Shukla",
              "extras": {
                "byes": 1
              },
              "non_striker": "Khizar Hayat",
              "runs": {
                "batter": 0,
                "extras": 1,
                "total": 1
              }
            },
            {
              "batter": "Khizar Hayat",
              "bowler": "A Shukla",
              "non_striker": "S Vijay Unni",
              "runs": {
                "batter": 0,
                "extras": 0,
                "total": 0
              },
              "wickets": [
                {
                  "player_out": "Khizar Hayat",
                  "fielders": [
                    {
                      "name": "Babar Hayat"
                    }
                  ],
                  "kind": "caught"
                }
              ]
            },
            {
              "batter": "Rizwan Haider",
              "bowler": "A Shukla",
              "non_striker": "S Vijay Unni",
              "runs": {
                "batter": 1,
                "extras": 0,
                "total": 1
              }
            },
            {
              "batter": "S Vijay Unni",
              "bowler": "A Shukla",
              "non_striker": "Rizwan Haider",
              "runs": {
                "batter": 6,
                "extras": 0,
                "total": 6
              }
            }
          ]
        },
        {
          "over": 19,
          "deliveries": [
            {
              "batter": "Rizwan Haider",
              "bowler": "Ehsan Khan",
              "non_striker": "S Vijay Unni",
              "runs": {
                "batter": 0,
                "extras": 0,
                "total": 0
              }
            },
            {
              "batter": "Rizwan Haider",
              "bowler": "Ehsan Khan",
              "non_striker": "S Vijay Unni",
              "runs": {
                "batter": 1,
                "extras": 0,
                "total": 1
              }
            },
            {
              "batter": "S Vijay Unni",
              "bowler": "Ehsan Khan",
              "non_striker": "Rizwan Haider",
              "runs": {
                "batter": 1,
                "extras": 0,
                "total": 1
              }
            },
            {
              "batter": "Rizwan Haider",
              "bowler": "Ehsan Khan",
              "non_striker": "S Vijay Unni",
              "runs": {
                "batter": 1,
                "extras": 0,
                "total": 1
              }
            },
            {
              "batter": "S Vijay Unni",
              "bowler": "Ehsan Khan",
              "non_striker": "Rizwan Haider",
              "runs": {
                "batter": 0,
                "extras": 0,
                "total": 0
              }
            },
            {
              "batter": "S Vijay Unni",
              "bowler": "Ehsan Khan",
              "non_striker": "Rizwan Haider",
              "runs": {
                "batter": 0,
                "extras": 0,
                "total": 0
              },
              "wickets": [
                {
                  "player_out": "S Vijay Unni",
                  "fielders": [
                    {
                      "name": "Zeeshan Ali"
                    }
                  ],
                  "kind": "stumped"
                }
              ]
            }
          ]
        }
      ],
      "powerplays": [
        {
          "from": 0.1,
          "to": 5.6,
          "type": "mandatory"
        }
      ]
    },
    {
      "team": "Hong Kong",
      "overs": [
        {
          "over": 0,
          "deliveries": [
            {
              "batter": "M Coetzee",
              "bowler": "Rizwan Haider",
              "non_striker": "Anshuman Rath",
              "runs": {
                "batter": 0,
                "extras": 0,
                "total": 0
              }
            },
            {
              "batter": "M Coetzee",
              "bowler": "Rizwan Haider",
              "non_striker": "Anshuman Rath",
              "runs": {
                "batter": 1,
                "extras": 0,
                "total": 1
              }
            },
            {
              "batter": "Anshuman Rath",
              "bowler": "Rizwan Haider",
              "non_striker": "M Coetzee",
              "runs": {
                "batter": 1,
                "extras": 0,
                "total": 1
              }
            },
            {
              "batter": "M Coetzee",
              "bowler": "Rizwan Haider",
              "non_striker": "Anshuman Rath",
              "runs": {
                "batter": 1,
                "extras": 0,
                "total": 1
              }
            },
            {
              "batter": "Anshuman Rath",
              "bowler": "Rizwan Haider",
              "non_striker": "M Coetzee",
              "runs": {
                "batter": 4,
                "extras": 0,
                "total": 4
              }
            },
            {
              "batter": "Anshuman Rath",
              "bowler": "Rizwan Haider",
              "non_striker": "M Coetzee",
              "runs": {
                "batter": 2,
                "extras": 0,
                "total": 2
              }
            }
          ]
        },
        {
          "over": 1,
          "deliveries": [
            {
              "batter": "M Coetzee",
              "bowler": "Pavandeep Singh",
              "non_striker": "Anshuman Rath",
              "runs": {
                "batter": 1,
                "extras": 0,
                "total": 1
              }
            },
            {
              "batter": "Anshuman Rath",
              "bowler": "Pavandeep Singh",
              "non_striker": "M Coetzee",
              "runs": {
                "batter": 0,
                "extras": 0,
                "total": 0
              },
              "wickets": [
                {
                  "player_out": "Anshuman Rath",
                  "fielders": [
                    {
                      "name": "Virandeep Singh"
                    }
                  ],
                  "kind": "caught"
                }
              ]
            },
            {
              "batter": "Babar Hayat",
              "bowler": "Pavandeep Singh",
              "non_striker": "M Coetzee",
              "runs": {
                "batter": 1,
                "extras": 0,
                "total": 1
              }
            },
            {
              "batter": "M Coetzee",
              "bowler": "Pavandeep Singh",
              "non_striker": "Babar Hayat",
              "runs": {
                "batter": 0,
                "extras": 0,
                "total": 0
              }
            },
            {
              "batter": "M Coetzee",
              "bowler": "Pavandeep Singh",
              "non_striker": "Babar Hayat",
              "runs": {
                "batter": 1,
                "extras": 0,
                "total": 1
              }
            },
            {
              "batter": "Babar Hayat",
              "bowler": "Pavandeep Singh",
              "non_striker": "M Coetzee",
              "runs": {
                "batter": 1,
                "extras": 0,
                "total": 1
              }
            }
          ]
        },
        {
          "over": 2,
          "deliveries": [
            {
              "batter": "Babar Hayat",
              "bowler": "Rizwan Haider",
              "non_striker": "M Coetzee",
              "runs": {
                "batter": 6,
                "extras": 0,
                "total": 6
              }
            },
            {
              "batter": "Babar Hayat",
              "bowler": "Rizwan Haider",
              "non_striker": "M Coetzee",
              "runs": {
                "batter": 1,
                "extras": 0,
                "total": 1
              }
            },
            {
              "batter": "M Coetzee",
              "bowler": "Rizwan Haider",
              "non_striker": "Babar Hayat",
              "runs": {
                "batter": 1,
                "extras": 0,
                "total": 1
              }
            },
            {
              "batter": "Babar Hayat",
              "bowler": "Rizwan Haider",
              "non_striker": "M Coetzee",
              "runs": {
                "batter": 0,
                "extras": 0,
                "total": 0
              }
            },
            {
              "batter": "Babar Hayat",
              "bowler": "Rizwan Haider",
              "non_striker": "M Coetzee",
              "runs": {
                "batter": 2,
                "extras": 0,
                "total": 2
              }
            },
            {
              "batter": "Babar Hayat",
              "bowler": "Rizwan Haider",
              "non_striker": "M Coetzee",
              "runs": {
                "batter": 1,
                "extras": 0,
                "total": 1
              }
            }
          ]
        },
        {
          "over": 3,
          "deliveries": [
            {
              "batter": "Babar Hayat",
              "bowler": "Pavandeep Singh",
              "non_striker": "M Coetzee",
              "runs": {
                "batter": 0,
                "extras": 0,
                "total": 0
              }
            },
            {
              "batter": "Babar Hayat",
              "bowler": "Pavandeep Singh",
              "non_striker": "M Coetzee",
              "runs": {
                "batter": 6,
                "extras": 0,
                "total": 6
              }
            },
            {
              "batter": "Babar Hayat",
              "bowler": "Pavandeep Singh",
              "non_striker": "M Coetzee",
              "runs": {
                "batter": 1,
                "extras": 0,
                "total": 1
              }
            },
            {
              "batter": "M Coetzee",
              "bowler": "Pavandeep Singh",
              "non_striker": "Babar Hayat",
              "runs": {
                "batter": 0,
                "extras": 0,
                "total": 0
              },
              "wickets": [
                {
                  "player_out": "M Coetzee",
                  "kind": "lbw"
                }
              ]
            },
            {
              "batter": "Nizakat Khan",
              "bowler": "Pavandeep Singh",
              "non_striker": "Babar Hayat",
              "runs": {
                "batter": 0,
                "extras": 0,
                "total": 0
              }
            },
            {
              "batter": "Nizakat Khan",
              "bowler": "Pavandeep Singh",
              "non_striker": "Babar Hayat",
              "runs": {
                "batter": 0,
                "extras": 0,
                "total": 0
              }
            }
          ]
        },
        {
          "over": 4,
          "deliveries": [
            {
              "batter": "Babar Hayat",
              "bowler": "Rizwan Haider",
              "non_striker": "Nizakat Khan",
              "runs": {
                "batter": 1,
                "extras": 0,
                "total": 1
              }
            },
            {
              "batter": "Nizakat Khan",
              "bowler": "Rizwan Haider",
              "non_striker": "Babar Hayat",
              "runs": {
                "batter": 1,
                "extras": 0,
                "total": 1
              }
            },
            {
              "batter": "Babar Hayat",
              "bowler": "Rizwan Haider",
              "non_striker": "Nizakat Khan",
              "runs": {
                "batter": 2,
                "extras": 0,
                "total": 2
              }
            },
            {
              "batter": "Babar Hayat",
              "bowler": "Rizwan Haider",
              "non_striker": "Nizakat Khan",
              "runs": {
                "batter": 4,
                "extras": 0,
                "total": 4
              }
            },
            {
              "batter": "Babar Hayat",
              "bowler": "Rizwan Haider",
              "non_striker": "Nizakat Khan",
              "runs": {
                "batter": 1,
                "extras": 0,
                "total": 1
              }
            },
            {
              "batter": "Nizakat Khan",
              "bowler": "Rizwan Haider",
              "non_striker": "Babar Hayat",
              "runs": {
                "batter": 3,
                "extras": 0,
                "total": 3
              }
            }
          ]
        },
        {
          "over": 5,
          "deliveries": [
            {
              "batter": "Nizakat Khan",
              "bowler": "Pavandeep Singh",
              "non_striker": "Babar Hayat",
              "runs": {
                "batter": 1,
                "extras": 0,
                "total": 1
              }
            },
            {
              "batter": "Babar Hayat",
              "bowler": "Pavandeep Singh",
              "non_striker": "Nizakat Khan",
              "runs": {
                "batter": 1,
                "extras": 0,
                "total": 1
              }
            },
            {
              "batter": "Nizakat Khan",
              "bowler": "Pavandeep Singh",
              "non_striker": "Babar Hayat",
              "runs": {
                "batter": 1,
                "extras": 0,
                "total": 1
              }
            },
            {
              "batter": "Babar Hayat",
              "bowler": "Pavandeep Singh",
              "non_striker": "Nizakat Khan",
              "runs": {
                "batter": 6,
                "extras": 0,
                "total": 6
              }
            },
            {
              "batter": "Babar Hayat",
              "bowler": "Pavandeep Singh",
              "non_striker": "Nizakat Khan",
              "runs": {
                "batter": 0,
                "extras": 0,
                "total": 0
              }
            },
            {
              "batter": "Babar Hayat",
              "bowler": "Pavandeep Singh",
              "non_striker": "Nizakat Khan",
              "runs": {
                "batter": 0,
                "extras": 0,
                "total": 0
              }
            }
          ]
        },
        {
          "over": 6,
          "deliveries": [
            {
              "batter": "Nizakat Khan",
              "bowler": "S Vijay Unni",
              "non_striker": "Babar Hayat",
              "runs": {
                "batter": 1,
                "extras": 0,
                "total": 1
              }
            },
            {
              "batter": "Babar Hayat",
              "bowler": "S Vijay Unni",
              "non_striker": "Nizakat Khan",
              "runs": {
                "batter": 1,
                "extras": 0,
                "total": 1
              }
            },
            {
              "batter": "Nizakat Khan",
              "bowler": "S Vijay Unni",
              "non_striker": "Babar Hayat",
              "runs": {
                "batter": 4,
                "extras": 0,
                "total": 4
              }
            },
            {
              "batter": "Nizakat Khan",
              "bowler": "S Vijay Unni",
              "non_striker": "Babar Hayat",
              "runs": {
                "batter": 1,
                "extras": 0,
                "total": 1
              }
            },
            {
              "batter": "Babar Hayat",
              "bowler": "S Vijay Unni",
              "non_striker": "Nizakat Khan",
              "runs": {
                "batter": 1,
                "extras": 0,
                "total": 1
              }
            },
            {
              "batter": "Nizakat Khan",
              "bowler": "S Vijay Unni",
              "non_striker": "Babar Hayat",
              "runs": {
                "batter": 1,
                "extras": 0,
                "total": 1
              }
            }
          ]
        },
        {
          "over": 7,
          "deliveries": [
            {
              "batter": "Nizakat Khan",
              "bowler": "Pavandeep Singh",
              "non_striker": "Babar Hayat",
              "runs": {
                "batter": 1,
                "extras": 0,
                "total": 1
              }
            },
            {
              "batter": "Babar Hayat",
              "bowler": "Pavandeep Singh",
              "non_striker": "Nizakat Khan",
              "runs": {
                "batter": 6,
                "extras": 0,
                "total": 6
              }
            },
            {
              "batter": "Babar Hayat",
              "bowler": "Pavandeep Singh",
              "non_striker": "Nizakat Khan",
              "runs": {
                "batter": 1,
                "extras": 0,
                "total": 1
              }
            },
            {
              "batter": "Nizakat Khan",
              "bowler": "Pavandeep Singh",
              "non_striker": "Babar Hayat",
              "runs": {
                "batter": 6,
                "extras": 0,
                "total": 6
              }
            },
            {
              "batter": "Nizakat Khan",
              "bowler": "Pavandeep Singh",
              "non_striker": "Babar Hayat",
              "runs": {
                "batter": 2,
                "extras": 0,
                "total": 2
              }
            },
            {
              "batter": "Nizakat Khan",
              "bowler": "Pavandeep Singh",
              "non_striker": "Babar Hayat",
              "runs": {
                "batter": 0,
                "extras": 0,
                "total": 0
              }
            }
          ]
        },
        {
          "over": 8,
          "deliveries": [
            {
              "batter": "Babar Hayat",
              "bowler": "Virandeep Singh",
              "non_striker": "Nizakat Khan",
              "runs": {
                "batter": 1,
                "extras": 0,
                "total": 1
              }
            },
            {
              "batter": "Nizakat Khan",
              "bowler": "Virandeep Singh",
              "non_striker": "Babar Hayat",
              "runs": {
                "batter": 4,
                "extras": 0,
                "total": 4
              }
            },
            {
              "batter": "Nizakat Khan",
              "bowler": "Virandeep Singh",
              "non_striker": "Babar Hayat",
              "runs": {
                "batter": 6,
                "extras": 0,
                "total": 6
              }
            },
            {
              "batter": "Nizakat Khan",
              "bowler": "Virandeep Singh",
              "non_striker": "Babar Hayat",
              "runs": {
                "batter": 4,
                "extras": 0,
                "total": 4
              }
            },
            {
              "batter": "Nizakat Khan",
              "bowler": "Virandeep Singh",
              "non_striker": "Babar Hayat",
              "runs": {
                "batter": 1,
                "extras": 0,
                "total": 1
              }
            },
            {
              "batter": "Babar Hayat",
              "bowler": "Virandeep Singh",
              "non_striker": "Nizakat Khan",
              "runs": {
                "batter": 6,
                "extras": 0,
                "total": 6
              }
            }
          ]
        },
        {
          "over": 9,
          "deliveries": [
            {
              "batter": "Nizakat Khan",
              "bowler": "Khizar Hayat",
              "non_striker": "Babar Hayat",
              "runs": {
                "batter": 1,
                "extras": 0,
                "total": 1
              }
            },
            {
              "batter": "Babar Hayat",
              "bowler": "Khizar Hayat",
              "non_striker": "Nizakat Khan",
              "runs": {
                "batter": 4,
                "extras": 0,
                "total": 4
              }
            },
            {
              "batter": "Babar Hayat",
              "bowler": "Khizar Hayat",
              "non_striker": "Nizakat Khan",
              "runs": {
                "batter": 1,
                "extras": 0,
                "total": 1
              }
            },
            {
              "batter": "Nizakat Khan",
              "bowler": "Khizar Hayat",
              "non_striker": "Babar Hayat",
              "runs": {
                "batter": 0,
                "extras": 0,
                "total": 0
              }
            },
            {
              "batter": "Nizakat Khan",
              "bowler": "Khizar Hayat",
              "non_striker": "Babar Hayat",
              "runs": {
                "batter": 1,
                "extras": 0,
                "total": 1
              }
            },
            {
              "batter": "Babar Hayat",
              "bowler": "Khizar Hayat",
              "non_striker": "Nizakat Khan",
              "runs": {
                "batter": 1,
                "extras": 0,
                "total": 1
              }
            }
          ]
        },
        {
          "over": 10,
          "deliveries": [
            {
              "batter": "Babar Hayat",
              "bowler": "S Vijay Unni",
              "non_striker": "Nizakat Khan",
              "runs": {
                "batter": 1,
                "extras": 0,
                "total": 1
              }
            },
            {
              "batter": "Nizakat Khan",
              "bowler": "S Vijay Unni",
              "non_striker": "Babar Hayat",
              "runs": {
                "batter": 1,
                "extras": 0,
                "total": 1
              }
            },
            {
              "batter": "Babar Hayat",
              "bowler": "S Vijay Unni",
              "non_striker": "Nizakat Khan",
              "runs": {
                "batter": 6,
                "extras": 0,
                "total": 6
              }
            },
            {
              "batter": "Babar Hayat",
              "bowler": "S Vijay Unni",
              "non_striker": "Nizakat Khan",
              "runs": {
                "batter": 1,
                "extras": 0,
                "total": 1
              }
            },
            {
              "batter": "Nizakat Khan",
              "bowler": "S Vijay Unni",
              "non_striker": "Babar Hayat",
              "runs": {
                "batter": 1,
                "extras": 0,
                "total": 1
              }
            },
            {
              "batter": "Babar Hayat",
              "bowler": "S Vijay Unni",
              "non_striker": "Nizakat Khan",
              "runs": {
                "batter": 6,
                "extras": 0,
                "total": 6
              }
            }
          ]
        },
        {
          "over": 11,
          "deliveries": [
            {
              "batter": "Nizakat Khan",
              "bowler": "Khizar Hayat",
              "non_striker": "Babar Hayat",
              "runs": {
                "batter": 1,
                "extras": 0,
                "total": 1
              }
            },
            {
              "batter": "Babar Hayat",
              "bowler": "Khizar Hayat",
              "non_striker": "Nizakat Khan",
              "runs": {
                "batter": 6,
                "extras": 0,
                "total": 6
              }
            },
            {
              "batter": "Babar Hayat",
              "bowler": "Khizar Hayat",
              "non_striker": "Nizakat Khan",
              "runs": {
                "batter": 6,
                "extras": 0,
                "total": 6
              }
            },
            {
              "batter": "Babar Hayat",
              "bowler": "Khizar Hayat",
              "extras": {
                "wides": 1
              },
              "non_striker": "Nizakat Khan",
              "runs": {
                "batter": 0,
                "extras": 1,
                "total": 1
              }
            },
            {
              "batter": "Babar Hayat",
              "bowler": "Khizar Hayat",
              "non_striker": "Nizakat Khan",
              "runs": {
                "batter": 1,
                "extras": 0,
                "total": 1
              }
            },
            {
              "batter": "Nizakat Khan",
              "bowler": "Khizar Hayat",
              "extras": {
                "wides": 1
              },
              "non_striker": "Babar Hayat",
              "runs": {
                "batter": 0,
                "extras": 1,
                "total": 1
              }
            },
            {
              "batter": "Nizakat Khan",
              "bowler": "Khizar Hayat",
              "non_striker": "Babar Hayat",
              "runs": {
                "batter": 1,
                "extras": 0,
                "total": 1
              }
            },
            {
              "batter": "Babar Hayat",
              "bowler": "Khizar Hayat",
              "non_striker": "Nizakat Khan",
              "runs": {
                "batter": 0,
                "extras": 0,
                "total": 0
              },
              "wickets": [
                {
                  "player_out": "Babar Hayat",
                  "fielders": [
                    {
                      "name": "S Muniandy"
                    }
                  ],
                  "kind": "caught"
                }
              ]
            }
          ]
        },
        {
          "over": 12,
          "deliveries": [
            {
              "batter": "Nizakat Khan",
              "bowler": "Ahmed Faiz",
              "non_striker": "Aizaz Khan",
              "runs": {
                "batter": 4,
                "extras": 0,
                "total": 4
              }
            }
          ]
        }
      ],
      "powerplays": [
        {
          "from": 0.1,
          "to": 5.6,
          "type": "mandatory"
        }
      ],
      "target": {
        "overs": 20,
        "runs": 141
      }
    }
  ]
}