{
  "meta": {
    "data_version": "1.1.0",
    "created": "2024-12-21",
    "revision": 1
  },
  "info": {
    "balls_per_over": 6,
    "city": "Kingstown",
    "dates": [
      "2024-12-19"
    ],
    "event": {
      "name": "Bangladesh tour of West Indies",
      "match_number": 3
    },
    "gender": "male",
    "match_type": "T20",
    "match_type_number": 3075,
    "officials": {
      "match_referees": [
        "JJ Crowe"
      ],
      "reserve_umpires": [
        "GO Brathwaite"
      ],
      "tv_umpires": [
        "Zahid Bassarath"
      ],
      "umpires": [
        "DK Butler",
        "LS Reifer"
      ]
    },
    "outcome": {
      "winner": "Bangladesh",
      "by": {
        "runs": 80
      }
    },
    "overs": 20,
    "player_of_match": [
      "Jaker Ali"
    ],
    "players": {
      "Bangladesh": [
        "Liton Das",
        "Parvez Hossain Emon",
        "Tanzid Hasan",
        "Mehedi Hasan Miraz",
        "Jaker Ali",
        "Shamim Hossain",
        "Mahedi Hasan",
        "Tanzim Hasan Sakib",
        "Rishad Hossain",
        "Taskin Ahmed",
        "Hasan Mahmud"
      ],
      "West Indies": [
        "BA King",
        "J Charles",
        "JP Greaves",
        "N Pooran",
        "RL Chase",
        "R Powell",
        "R Shepherd",
        "G Motie",
        "AS Joseph",
        "OC McCoy",
        "JNT Seales"
      ]
    },
    "registry": {
      "people": {
        "AS Joseph": "b0946605",
        "Afif Hossain": "37138918",
        "BA King": "7fca84b7",
        "DK Butler": "671398e3",
        "G Motie": "97bdec3d",
        "GO Brathwaite": "1ace56d4",
        "Hasan Mahmud": "80ad39ac",
        "J Charles": "09a9d073",
        "JJ Crowe": "2e760301",
        "JNT Seales": "ded9ff1e",
        "JP Greaves": "74d12124",
        "Jaker Ali": "cd56a813",
        "LS Reifer": "5dee559a",
        "Liton Das": "0404d43c",
        "Mahedi Hasan": "9dad0f2e",
        "Mehedi Hasan Miraz": "c58b0108",
        "N Pooran": "3241e3fd",
        "OC McCoy": "529eb9e0",
        "Parvez Hossain Emon": "489aaf0a",
        "R Powell": "650d5e49",
        "R Shepherd": "c5aef772",
        "RL Chase": "3feda4fa",
        "Rishad Hossain": "5935d694",
        "Shamim Hossain": "711249d1",
        "Tanzid Hasan": "80fe764d",
        "Tanzim Hasan Sakib": "0b0cc297",
        "Taskin Ahmed": "ef18b66e",
        "Zahid Bassarath": "ca6bf044"
      }
    },
    "season": "2024/25",
    "team_type": "international",
    "teams": [
      "Bangladesh",
      "West Indies"
    ],
    "toss": {
      "decision": "bat",
      "winner": "Bangladesh"
    },
    "venue": "Arnos Vale Ground, Kingstown, St Vincent"
  },
  "innings": [
    {
      "team": "Bangladesh",
      "overs": [
        {
          "over": 0,
          "deliveries": [
            {
              "batter": "Liton Das",
              "bowler": "JNT Seales",
              "non_striker": "Parvez Hossain Emon",
              "runs": {
                "batter": 0,
                "extras": 0,
                "total": 0
              }
            },
            {
              "batter": "Liton Das",
              "bowler": "JNT Seales",
              "non_striker": "Parvez Hossain Emon",
              "runs": {
                "batter": 1,
                "extras": 0,
                "total": 1
              }
            },
            {
              "batter": "Parvez Hossain Emon",
              "bowler": "JNT Seales",
              "non_striker": "Liton Das",
              "runs": {
                "batter": 0,
                "extras": 0,
                "total": 0
              }
            },
            {
              "batter": "Parvez Hossain Emon",
              "bowler": "JNT Seales",
              "non_striker": "Liton Das",
              "runs": {
                "batter": 0,
                "extras": 0,
                "total": 0
              }
            },
            {
              "batter": "Parvez Hossain Emon",
              "bowler": "JNT Seales",
              "non_striker": "Liton Das",
              "runs": {
                "batter": 4,
                "extras": 0,
                "total": 4
              }
            },
            {
              "batter": "Parvez Hossain Emon",
              "bowler": "JNT Seales",
              "non_striker": "Liton Das",
              "runs": {
                "batter": 1,
                "extras": 0,
                "total": 1
              }
            }
          ]
        },
        {
          "over": 1,
          "deliveries": [
            {
              "batter": "Parvez Hossain Emon",
              "bowler": "R Shepherd",
              "non_striker": "Liton Das",
              "runs": {
                "batter": 1,
                "extras": 0,
                "total": 1
              }
            },
            {
              "batter": "Liton Das",
              "bowler": "R Shepherd",
              "non_striker": "Parvez Hossain Emon",
              "runs": {
                "batter": 4,
                "extras": 0,
                "total": 4
              }
            },
            {
              "batter": "Liton Das",
              "bowler": "R Shepherd",
              "non_striker": "Parvez Hossain Emon",
              "runs": {
                "batter": 0,
                "extras": 0,
                "total": 0
              }
            },
            {
              "batter": "Liton Das",
              "bowler": "R Shepherd",
              "non_striker": "Parvez Hossain Emon",
              "runs": {
                "batter": 0,
                "extras": 0,
                "total": 0
              }
            },
            {
              "batter": "Liton Das",
              "bowler": "R Shepherd",
              "extras": {
                "legbyes": 1
              },
              "non_striker": "Parvez Hossain Emon",
              "runs": {
                "batter": 0,
                "extras": 1,
                "total": 1
              }
            },
            {
              "batter": "Parvez Hossain Emon",
              "bowler": "R Shepherd",
              "non_striker": "Liton Das",
              "runs": {
                "batter": 4,
                "extras": 0,
                "total": 4
              }
            }
          ]
        },
        {
          "over": 2,
          "deliveries": [
            {
              "batter": "Liton Das",
              "bowler": "JNT Seales",
              "non_striker": "Parvez Hossain Emon",
              "runs": {
                "batter": 4,
                "extras": 0,
                "total": 4
              }
            },
            {
              "batter": "Liton Das",
              "bowler": "JNT Seales",
              "non_striker": "Parvez Hossain Emon",
              "runs": {
                "batter": 0,
                "extras": 0,
                "total": 0
              }
            },
            {
              "batter": "Liton Das",
              "bowler": "JNT Seales",
              "non_striker": "Parvez Hossain Emon",
              "runs": {
                "batter": 1,
                "extras": 0,
                "total": 1
              }
            },
            {
              "batter": "Parvez Hossain Emon",
              "bowler": "JNT Seales",
              "non_striker": "Liton Das",
              "runs": {
                "batter": 4,
                "extras": 0,
                "total": 4
              }
            },
            {
              "batter": "Parvez Hossain Emon",
              "bowler": "JNT Seales",
              "non_striker": "Liton Das",
              "runs": {
                "batter": 2,
                "extras": 0,
                "total": 2
              }
            },
            {
              "batter": "Parvez Hossain Emon",
              "bowler": "JNT Seales",
              "non_striker": "Liton Das",
              "runs": {
                "batter": 1,
                "extras": 0,
                "total": 1
              }
            }
          ]
        },
        {
          "over": 3,
          "deliveries": [
            {
              "batter": "Parvez Hossain Emon",
              "bowler": "AS Joseph",
              "non_striker": "Liton Das",
              "review": {
                "by": "West Indies",
                "umpire": "DK Butler",
                "batter": "Parvez Hossain Emon",
                "decision": "struck down",
                "type": "wicket",
                "umpires_call": true
              },
              "runs": {
                "batter": 0,
                "extras": 0,
                "total": 0
              }
            },
            {
              "batter": "Parvez Hossain Emon",
              "bowler": "AS Joseph",
              "non_striker": "Liton Das",
              "runs": {
                "batter": 4,
                "extras": 0,
                "total": 4
              }
            },
            {
              "batter": "Parvez Hossain Emon",
              "bowler": "AS Joseph",
              "non_striker": "Liton Das",
              "runs": {
                "batter": 0,
                "extras": 0,
                "total": 0
              }
            },
            {
              "batter": "Parvez Hossain Emon",
              "bowler": "AS Joseph",
              "non_striker": "Liton Das",
              "runs": {
                "batter": 0,
                "extras": 0,
                "total": 0
              }
            },
            {
              "batter": "Parvez Hossain Emon",
              "bowler": "AS Joseph",
              "non_striker": "Liton Das",
              "runs": {
                "batter": 6,
                "extras": 0,
                "total": 6
              }
            },
            {
              "batter": "Parvez Hossain Emon",
              "bowler": "AS Joseph",
              "non_striker": "Liton Das",
              "runs": {
                "batter": 2,
                "extras": 0,
                "total": 2
              }
            }
          ]
        },
        {
          "over": 4,
          "deliveries": [
            {
              "batter": "Liton Das",
              "bowler": "R Shepherd",
              "non_striker": "Parvez Hossain Emon",
              "runs": {
                "batter": 4,
                "extras": 0,
                "total": 4
              }
            },
            {
              "batter": "Liton Das",
              "bowler": "R Shepherd",
              "non_striker": "Parvez Hossain Emon",
              "runs": {
                "batter": 0,
                "extras": 0,
                "total": 0
              }
            },
            {
              "batter": "Liton Das",
              "bowler": "R Shepherd",
              "non_striker": "Parvez Hossain Emon",
              "runs": {
                "batter": 0,
                "extras": 0,
                "total": 0
              }
            },
            {
              "batter": "Liton Das",
              "bowler": "R Shepherd",
              "non_striker": "Parvez Hossain Emon",
              "runs": {
                "batter": 0,
                "extras": 0,
                "total": 0
              },
              "wickets": [
                {
                  "player_out": "Liton Das",
                  "fielders": [
                    {
                      "name": "BA King"
                    }
                  ],
                  "kind": "caught"
                }
              ]
            },
            {
              "batter": "Tanzid Hasan",
              "bowler": "R Shepherd",
              "non_striker": "Parvez Hossain Emon",
              "runs": {
                "batter": 0,
                "extras": 0,
                "total": 0
              }
            },
            {
              "batter": "Tanzid Hasan",
              "bowler": "R Shepherd",
              "non_striker": "Parvez Hossain Emon",
              "runs": {
                "batter": 0,
                "extras": 0,
                "total": 0
              }
            }
          ]
        },
        {
          "over": 5,
          "deliveries": [
            {
              "batter": "Parvez Hossain Emon",
              "bowler": "AS Joseph",
              "non_striker": "Tanzid Hasan",
              "runs": {
                "batter": 2,
                "extras": 0,
                "total": 2
              }
            },
            {
              "batter": "Parvez Hossain Emon",
              "bowler": "AS Joseph",
              "non_striker": "Tanzid Hasan",
              "runs": {
                "batter": 2,
                "extras": 0,
                "total": 2
              }
            },
            {
              "batter": "Parvez Hossain Emon",
              "bowler": "AS Joseph",
              "non_striker": "Tanzid Hasan",
              "runs": {
                "batter": 0,
                "extras": 0,
                "total": 0
              }
            },
            {
              "batter": "Parvez Hossain Emon",
              "bowler": "AS Joseph",
              "non_striker": "Tanzid Hasan",
              "runs": {
                "batter": 0,
                "extras": 0,
                "total": 0
              }
            },
            {
              "batter": "Parvez Hossain Emon",
              "bowler": "AS Joseph",
              "non_striker": "Tanzid Hasan",
              "runs": {
                "batter": 6,
                "extras": 0,
                "total": 6
              }
            },
            {
              "batter": "Parvez Hossain Emon",
              "bowler": "AS Joseph",
              "non_striker": "Tanzid Hasan",
              "runs": {
                "batter": 0,
                "extras": 0,
                "total": 0
              },
              "wickets": [
                {
                  "player_out": "Parvez Hossain Emon",
                  "fielders": [
                    {
                      "name": "JP Greaves"
                    }
                  ],
                  "kind": "caught"
                }
              ]
            }
          ]
        },
        {
          "over": 6,
          "deliveries": [
            {
              "batter": "Tanzid Hasan",
              "bowler": "RL Chase",
              "non_striker": "Mehedi Hasan Miraz",
              "runs": {
                "batter": 1,
                "extras": 0,
                "total": 1
              }
            },
            {
              "batter": "Mehedi Hasan Miraz",
              "bowler": "RL Chase",
              "non_striker": "Tanzid Hasan",
              "runs": {
                "batter": 0,
                "extras": 0,
                "total": 0
              }
            },
            {
              "batter": "Mehedi Hasan Miraz",
              "bowler": "RL Chase",
              "non_striker": "Tanzid Hasan",
              "runs": {
                "batter": 1,
                "extras": 0,
                "total": 1
              }
            },
            {
              "batter": "Tanzid Hasan",
              "bowler": "RL Chase",
              "non_striker": "Mehedi Hasan Miraz",
              "runs": {
                "batter": 1,
                "extras": 0,
                "total": 1
              }
            },
            {
              "batter": "Mehedi Hasan Miraz",
              "bowler": "RL Chase",
              "non_striker": "Tanzid Hasan",
              "runs": {
                "batter": 1,
                "extras": 0,
                "total": 1
              }
            },
            {
              "batter": "Tanzid Hasan",
              "bowler": "RL Chase",
              "non_striker": "Mehedi Hasan Miraz",
              "runs": {
                "batter": 1,
                "extras": 0,
                "total": 1
              }
            }
          ]
        },
        {
          "over": 7,
          "deliveries": [
            {
              "batter": "Tanzid Hasan",
              "bowler": "G Motie",
              "non_striker": "Mehedi Hasan Miraz",
              "runs": {
                "batter": 6,
                "extras": 0,
                "total": 6
              }
            },
            {
              "batter": "Tanzid Hasan",
              "bowler": "G Motie",
              "non_striker": "Mehedi Hasan Miraz",
              "runs": {
                "batter": 0,
                "extras": 0,
                "total": 0
              }
            },
            {
              "batter": "Tanzid Hasan",
              "bowler": "G Motie",
              "non_striker": "Mehedi Hasan Miraz",
              "runs": {
                "batter": 0,
                "extras": 0,
                "total": 0
              }
            },
            {
              "batter": "Tanzid Hasan",
              "bowler": "G Motie",
              "non_striker": "Mehedi Hasan Miraz",
              "runs": {
                "batter": 0,
                "extras": 0,
                "total": 0
              },
              "wickets": [
                {
                  "player_out": "Tanzid Hasan",
                  "fielders": [
                    {
                      "name": "N Pooran"
                    }
                  ],
                  "kind": "caught"
                }
              ]
            },
            {
              "batter": "Jaker Ali",
              "bowler": "G Motie",
              "non_striker": "Mehedi Hasan Miraz",
              "runs": {
                "batter": 0,
                "extras": 0,
                "total": 0
              }
            },
            {
              "batter": "Jaker Ali",
              "bowler": "G Motie",
              "non_striker": "Mehedi Hasan Miraz",
              "runs": {
                "batter": 1,
                "extras": 0,
                "total": 1
              }
            }
          ]
        },
        {
          "over": 8,
          "deliveries": [
            {
              "batter": "Jaker Ali",
              "bowler": "RL Chase",
              "non_striker": "Mehedi Hasan Miraz",
              "runs": {
                "batter": 1,
                "extras": 0,
                "total": 1
              }
            },
            {
              "batter": "Mehedi Hasan Miraz",
              "bowler": "RL Chase",
              "non_striker": "Jaker Ali",
              "runs": {
                "batter": 1,
                "extras": 0,
                "total": 1
              }
            },
            {
              "batter": "Jaker Ali",
              "bowler": "RL Chase",
              "non_striker": "Mehedi Hasan Miraz",
              "runs": {
                "batter": 0,
                "extras": 0,
                "total": 0
              }
            },
            {
              "batter": "Jaker Ali",
              "bowler": "RL Chase",
              "non_striker": "Mehedi Hasan Miraz",
              "runs": {
                "batter": 1,
                "extras": 0,
                "total": 1
              }
            },
            {
              "batter": "Mehedi Hasan Miraz",
              "bowler": "RL Chase",
              "non_striker": "Jaker Ali",
              "runs": {
                "batter": 0,
                "extras": 0,
                "total": 0
              }
            },
            {
              "batter": "Mehedi Hasan Miraz",
              "bowler": "RL Chase",
              "non_striker": "Jaker Ali",
              "runs": {
                "batter": 1,
                "extras": 0,
                "total": 1
              }
            }
          ]
        },
        {
          "over": 9,
          "deliveries": [
            {
              "batter": "Mehedi Hasan Miraz",
              "bowler": "OC McCoy",
              "non_striker": "Jaker Ali",
              "runs": {
                "batter": 2,
                "extras": 0,
                "total": 2
              }
            },
            {
              "batter": "Mehedi Hasan Miraz",
              "bowler": "OC McCoy",
              "non_striker": "Jaker Ali",
              "runs": {
                "batter": 1,
                "extras": 0,
                "total": 1
              }
            },
            {
              "batter": "Jaker Ali",
              "bowler": "OC McCoy",
              "non_striker": "Mehedi Hasan Miraz",
              "runs": {
                "batter": 1,
                "extras": 0,
                "total": 1
              }
            },
            {
              "batter": "Mehedi Hasan Miraz",
              "bowler": "OC McCoy",
              "non_striker": "Jaker Ali",
              "runs": {
                "batter": 1,
                "extras": 0,
                "total": 1
              }
            },
            {
              "batter": "Jaker Ali",
              "bowler": "OC McCoy",
              "non_striker": "Mehedi Hasan Miraz",
              "runs": {
                "batter": 1,
                "extras": 0,
                "total": 1
              }
            },
            {
              "batter": "Mehedi Hasan Miraz",
              "bowler": "OC McCoy",
              "non_striker": "Jaker Ali",
              "runs": {
                "batter": 0,
                "extras": 0,
                "total": 0
              }
            }
          ]
        },
        {
          "over": 10,
          "deliveries": [
            {
              "batter": "Jaker Ali",
              "bowler": "G Motie",
              "non_striker": "Mehedi Hasan Miraz",
              "runs": {
                "batter": 0,
                "extras": 0,
                "total": 0
              }
            },
            {
              "batter": "Jaker Ali",
              "bowler": "G Motie",
              "non_striker": "Mehedi Hasan Miraz",
              "runs": {
                "batter": 1,
                "extras": 0,
                "total": 1
              }
            },
            {
              "batter": "Mehedi Hasan Miraz",
              "bowler": "G Motie",
              "non_striker": "Jaker Ali",
              "runs": {
                "batter": 1,
                "extras": 0,
                "total": 1
              }
            },
            {
              "batter": "Jaker Ali",
              "bowler": "G Motie",
              "extras": {
                "wides": 2
              },
              "non_striker": "Mehedi Hasan Miraz",
              "runs": {
                "batter": 0,
                "extras": 2,
                "total": 2
              }
            },
            {
              "batter": "Mehedi Hasan Miraz",
              "bowler": "G Motie",
              "non_striker": "Jaker Ali",
              "runs": {
                "batter": 4,
                "extras": 0,
                "total": 4
              }
            },
            {
              "batter": "Mehedi Hasan Miraz",
              "bowler": "G Motie",
              "non_striker": "Jaker Ali",
              "runs": {
                "batter": 4,
                "extras": 0,
                "total": 4
              }
            },
            {
              "batter": "Mehedi Hasan Miraz",
              "bowler": "G Motie",
              "non_striker": "Jaker Ali",
              "runs": {
                "batter": 1,
                "extras": 0,
                "total": 1
              }
            }
          ]
        },
        {
          "over": 11,
          "deliveries": [
            {
              "batter": "Mehedi Hasan Miraz",
              "bowler": "OC McCoy",
              "non_striker": "Jaker Ali",
              "runs": {
                "batter": 4,
                "extras": 0,
                "total": 4
              }
            },
            {
              "batter": "Mehedi Hasan Miraz",
              "bowler": "OC McCoy",
              "non_striker": "Jaker Ali",
              "runs": {
                "batter": 2,
                "extras": 0,
                "total": 2
              }
            },
            {
              "batter": "Mehedi Hasan Miraz",
              "bowler": "OC McCoy",
              "non_striker": "Jaker Ali",
              "runs": {
                "batter": 0,
                "extras": 0,
                "total": 0
              }
            },
            {
              "batter": "Mehedi Hasan Miraz",
              "bowler": "OC McCoy",
              "non_striker": "Jaker Ali",
              "runs": {
                "batter": 2,
                "extras": 0,
                "total": 2
              }
            },
            {
              "batter": "Mehedi Hasan Miraz",
              "bowler": "OC McCoy",
              "non_striker": "Jaker Ali",
              "runs": {
                "batter": 0,
                "extras": 0,
                "total": 0
              }
            },
            {
              "batter": "Mehedi Hasan Miraz",
              "bowler": "OC McCoy",
              "non_striker": "Jaker Ali",
              "runs": {
                "batter": 1,
                "extras": 0,
                "total": 1
              }
            }
          ]
        },
        {
          "over": 12,
          "deliveries": [
            {
              "batter": "Mehedi Hasan Miraz",
              "bowler": "RL Chase",
              "non_striker": "Jaker Ali",
              "runs": {
                "batter": 1,
                "extras": 0,
                "total": 1
              }
            },
            {
              "batter": "Jaker Ali",
              "bowler": "RL Chase",
              "non_striker": "Mehedi Hasan Miraz",
              "runs": {
                "batter": 1,
                "extras": 0,
                "total": 1
              }
            },
            {
              "batter": "Mehedi Hasan Miraz",
              "bowler": "RL Chase",
              "non_striker": "Jaker Ali",
              "runs": {
                "batter": 1,
                "extras": 0,
                "total": 1
              }
            },
            {
              "batter": "Jaker Ali",
              "bowler": "RL Chase",
              "non_striker": "Mehedi Hasan Miraz",
              "runs": {
                "batter": 1,
                "extras": 0,
                "total": 1
              }
            },
            {
              "batter": "Mehedi Hasan Miraz",
              "bowler": "RL Chase",
              "non_striker": "Jaker Ali",
              "runs": {
                "batter": 0,
                "extras": 0,
                "total": 0
              },
              "wickets": [
                {
                  "player_out": "Mehedi Hasan Miraz",
                  "fielders": [
                    {
                      "name": "JP Greaves"
                    }
                  ],
                  "kind": "caught"
                }
              ]
            },
            {
              "batter": "Shamim Hossain",
              "bowler": "RL Chase",
              "non_striker": "Jaker Ali",
              "runs": {
                "batter": 0,
                "extras": 0,
                "total": 0
              }
            }
          ]
        },
        {
          "over": 13,
          "deliveries": [
            {
              "batter": "Jaker Ali",
              "bowler": "G Motie",
              "non_striker": "Shamim Hossain",
              "runs": {
                "batter": 2,
                "extras": 0,
                "total": 2
              }
            },
            {
              "batter": "Jaker Ali",
              "bowler": "G Motie",
              "non_striker": "Shamim Hossain",
              "runs": {
                "batter": 0,
                "extras": 0,
                "total": 0
              }
            },
            {
              "batter": "Jaker Ali",
              "bowler": "G Motie",
              "non_striker": "Shamim Hossain",
              "runs": {
                "batter": 6,
                "extras": 0,
                "total": 6
              }
            },
            {
              "batter": "Jaker Ali",
              "bowler": "G Motie",
              "non_striker": "Shamim Hossain",
              "runs": {
                "batter": 1,
                "extras": 0,
                "total": 1
              }
            },
            {
              "batter": "Shamim Hossain",
              "bowler": "G Motie",
              "non_striker": "Jaker Ali",
              "runs": {
                "batter": 1,
                "extras": 0,
                "total": 1
              }
            },
            {
              "batter": "Jaker Ali",
              "bowler": "G Motie",
              "non_striker": "Shamim Hossain",
              "runs": {
                "batter": 0,
                "extras": 0,
                "total": 0
              }
            }
          ]
        },
        {
          "over": 14,
          "deliveries": [
            {
              "batter": "Shamim Hossain",
              "bowler": "RL Chase",
              "non_striker": "Jaker Ali",
              "runs": {
                "batter": 0,
                "extras": 0,
                "total": 0
              }
            },
            {
              "batter": "Shamim Hossain",
              "bowler": "RL Chase",
              "non_striker": "Jaker Ali",
              "runs": {
                "batter": 1,
                "extras": 0,
                "total": 1
              }
            },
            {
              "batter": "Jaker Ali",
              "bowler": "RL Chase",
              "non_striker": "Shamim Hossain",
              "runs": {
                "batter": 1,
                "extras": 0,
                "total": 1
              },
              "wickets": [
                {
                  "player_out": "Shamim Hossain",
                  "fielders": [
                    {
                      "name": "N Pooran"
                    },
                    {
                      "name": "RL Chase"
                    }
                  ],
                  "kind": "run out"
                }
              ]
            },
            {
              "batter": "Jaker Ali",
              "bowler": "RL Chase",
              "non_striker": "Mahedi Hasan",
              "runs": {
                "batter": 0,
                "extras": 0,
                "total": 0
              }
            },
            {
              "batter": "Jaker Ali",
              "bowler": "RL Chase",
              "non_striker": "Mahedi Hasan",
              "runs": {
                "batter": 0,
                "extras": 0,
                "total": 0
              },
              "wickets": [
                {
                  "player_out": "Mahedi Hasan",
                  "fielders": [
                    {
                      "name": "N Pooran"
                    },
                    {
                      "name": "R Powell"
                    }
                  ],
                  "kind": "run out"
                }
              ]
            },
            {
              "batter": "Tanzim Hasan Sakib",
              "bowler": "RL Chase",
              "non_striker": "Jaker Ali",
              "runs": {
                "batter": 0,
                "extras": 0,
                "total": 0
              }
            }
          ]
        },
        {
          "over": 15,
          "deliveries": [
            {
              "batter": "Jaker Ali",
              "bowler": "AS Joseph",
              "non_striker": "Tanzim Hasan Sakib",
              "runs": {
                "batter": 0,
                "extras": 0,
                "total": 0
              }
            },
            {
              "batter": "Jaker Ali",
              "bowler": "AS Joseph",
              "non_striker": "Tanzim Hasan Sakib",
              "runs": {
                "batter": 4,
                "extras": 0,
                "total": 4
              }
            },
            {
              "batter": "Jaker Ali",
              "bowler": "AS Joseph",
              "non_striker": "Tanzim Hasan Sakib",
              "runs": {
                "batter": 1,
                "extras": 0,
                "total": 1
              }
            },
            {
              "batter": "Tanzim Hasan Sakib",
              "bowler": "AS Joseph",
              "non_striker": "Jaker Ali",
              "runs": {
                "batter": 0,
                "extras": 0,
                "total": 0
              }
            },
            {
              "batter": "Tanzim Hasan Sakib",
              "bowler": "AS Joseph",
              "non_striker": "Jaker Ali",
              "runs": {
                "batter": 1,
                "extras": 0,
                "total": 1
              }
            },
            {
              "batter": "Jaker Ali",
              "bowler": "AS Joseph",
              "non_striker": "Tanzim Hasan Sakib",
              "runs": {
                "batter": 6,
                "extras": 0,
                "total": 6
              }
            }
          ]
        },
        {
          "over": 16,
          "deliveries": [
            {
              "batter": "Tanzim Hasan Sakib",
              "bowler": "R Shepherd",
              "non_striker": "Jaker Ali",
              "runs": {
                "batter": 1,
                "extras": 0,
                "total": 1
              }
            },
            {
              "batter": "Jaker Ali",
              "bowler": "R Shepherd",
              "non_striker": "Tanzim Hasan Sakib",
              "runs": {
                "batter": 2,
                "extras": 0,
                "total": 2
              }
            },
            {
              "batter": "Jaker Ali",
              "bowler": "R Shepherd",
              "non_striker": "Tanzim Hasan Sakib",
              "runs": {
                "batter": 1,
                "extras": 0,
                "total": 1
              }
            },
            {
              "batter": "Tanzim Hasan Sakib",
              "bowler": "R Shepherd",
              "non_striker": "Jaker Ali",
              "runs": {
                "batter": 4,
                "extras": 0,
                "total": 4
              }
            },
            {
              "batter": "Tanzim Hasan Sakib",
              "bowler": "R Shepherd",
              "non_striker": "Jaker Ali",
              "runs": {
                "batter": 0,
                "extras": 0,
                "total": 0
              }
            },
            {
              "batter": "Tanzim Hasan Sakib",
              "bowler": "R Shepherd",
              "non_striker": "Jaker Ali",
              "runs": {
                "batter": 2,
                "extras": 0,
                "total": 2
              }
            }
          ]
        },
        {
          "over": 17,
          "deliveries": [
            {
              "batter": "Jaker Ali",
              "bowler": "OC McCoy",
              "extras": {
                "noballs": 1
              },
              "non_striker": "Tanzim Hasan Sakib",
              "runs": {
                "batter": 6,
                "extras": 1,
                "total": 7
              }
            },
            {
              "batter": "Jaker Ali",
              "bowler": "OC McCoy",
              "non_striker": "Tanzim Hasan Sakib",
              "runs": {
                "batter": 4,
                "extras": 0,
                "total": 4
              }
            },
            {
              "batter": "Jaker Ali",
              "bowler": "OC McCoy",
              "non_striker": "Tanzim Hasan Sakib",
              "runs": {
                "batter": 0,
                "extras": 0,
                "total": 0
              }
            },
            {
              "batter": "Jaker Ali",
              "bowler": "OC McCoy",
              "non_striker": "Tanzim Hasan Sakib",
              "runs": {
                "batter": 1,
                "extras": 0,
                "total": 1
              }
            },
            {
              "batter": "Tanzim Hasan Sakib",
              "bowler": "OC McCoy",
              "non_striker": "Jaker Ali",
              "runs": {
                "batter": 6,
                "extras": 0,
                "total": 6
              }
            },
            {
              "batter": "Tanzim Hasan Sakib",
              "bowler": "OC McCoy",
              "non_striker": "Jaker Ali",
              "runs": {
                "batter": 1,
                "extras": 0,
                "total": 1
              }
            },
            {
              "batter": "Jaker Ali",
              "bowler": "OC McCoy",
              "non_striker": "Tanzim Hasan Sakib",
              "runs": {
                "batter": 1,
                "extras": 0,
                "total": 1
              }
            }
          ]
        },
        {
          "over": 18,
          "deliveries": [
            {
              "batter": "Jaker Ali",
              "bowler": "R Shepherd",
              "extras": {
                "legbyes": 1,
                "noballs": 1
              },
              "non_striker": "Tanzim Hasan Sakib",
              "runs": {
                "batter": 0,
                "extras": 2,
                "total": 2
              }
            },
            {
              "batter": "Tanzim Hasan Sakib",
              "bowler": "R Shepherd",
              "non_striker": "Jaker Ali",
              "runs": {
                "batter": 1,
                "extras": 0,
                "total": 1
              }
            },
            {
              "batter": "Jaker Ali",
              "bowler": "R Shepherd",
              "non_striker": "Tanzim Hasan Sakib",
              "runs": {
                "batter": 1,
                "extras": 0,
                "total": 1
              }
            },
            {
              "batter": "Tanzim Hasan Sakib",
              "bowler": "R Shepherd",
              "non_striker": "Jaker Ali",
              "runs": {
                "batter": 1,
                "extras": 0,
                "total": 1
              }
            },
            {
              "batter": "Jaker Ali",
              "bowler": "R Shepherd",
              "non_striker": "Tanzim Hasan Sakib",
              "runs": {
                "batter": 2,
                "extras": 0,
                "total": 2
              }
            },
            {
              "batter": "Jaker Ali",
              "bowler": "R Shepherd",
              "non_striker": "Tanzim Hasan Sakib",
              "runs": {
                "batter": 1,
                "extras": 0,
                "total": 1
              }
            },
            {
              "batter": "Tanzim Hasan Sakib",
              "bowler": "R Shepherd",
              "non_striker": "Jaker Ali",
              "runs": {
                "batter": 0,
                "extras": 0,
                "total": 0
              },
              "wickets": [
                {
                  "player_out": "Tanzim Hasan Sakib",
                  "fielders": [
                    {
                      "name": "JNT Seales"
                    }
                  ],
                  "kind": "caught"
                }
              ]
            }
          ]
        },
        {
          "over": 19,
          "deliveries": [
            {
              "batter": "Jaker Ali",
              "bowler": "AS Joseph",
              "non_striker": "Rishad Hossain",
              "runs": {
                "batter": 0,
                "extras": 0,
                "total": 0
              }
            },
            {
              "batter": "Jaker Ali",
              "bowler": "AS Joseph",
              "non_striker": "Rishad Hossain",
              "runs": {
                "batter": 4,
                "extras": 0,
                "total": 4
              }
            },
            {
              "batter": "Jaker Ali",
              "bowler": "AS Joseph",
              "extras": {
                "noballs": 1
              },
              "non_striker": "Rishad Hossain",
              "runs": {
                "batter": 2,
                "extras": 1,
                "total": 3
              }
            },
            {
              "batter": "Jaker Ali",
              "bowler": "AS Joseph",
              "non_striker": "Rishad Hossain",
              "runs": {
                "batter": 6,
                "extras": 0,
                "total": 6
              }
            },
            {
              "batter": "Jaker Ali",
              "bowler": "AS Joseph",
              "non_striker": "Rishad Hossain",
              "runs": {
                "batter": 6,
                "extras": 0,
                "total": 6
              }
            },
            {
              "batter": "Jaker Ali",
              "bowler": "AS Joseph",
              "non_striker": "Rishad Hossain",
              "runs": {
                "batter": 0,
                "extras": 0,
                "total": 0
              }
            },
            {
              "batter": "Jaker Ali",
              "bowler": "AS Joseph",
              "non_striker": "Rishad Hossain",
              "runs": {
                "batter": 6,
                "extras": 0,
                "total": 6
              }
            }
          ]
        }
      ],
      "powerplays": [
        {
          "from": 0.1,
          "to": 5.6,
          "type": "mandatory"
        }
      ]
    },
    {
      "team": "West Indies",
      "overs": [
        {
          "over": 0,
          "deliveries": [
            {
              "batter": "BA King",
              "bowler": "Taskin Ahmed",
              "non_striker": "J Charles",
              "runs": {
                "batter": 0,
                "extras": 0,
                "total": 0
              }
            },
            {
              "batter": "BA King",
              "bowler": "Taskin Ahmed",
              "non_striker": "J Charles",
              "review": {
                "by": "West Indies",
                "umpire": "DK Butler",
                "batter": "BA King",
                "decision": "struck down",
                "type": "wicket"
              },
              "runs": {
                "batter": 0,
                "extras": 0,
                "total": 0
              },
              "wickets": [
                {
                  "player_out": "BA King",
                  "kind": "lbw"
                }
              ]
            },
            {
              "batter": "JP Greaves",
              "bowler": "Taskin Ahmed",
              "non_striker": "J Charles",
              "runs": {
                "batter": 2,
                "extras": 0,
                "total": 2
              }
            },
            {
              "batter": "JP Greaves",
              "bowler": "Taskin Ahmed",
              "non_striker": "J Charles",
              "runs": {
                "batter": 2,
                "extras": 0,
                "total": 2
              }
            },
            {
              "batter": "JP Greaves",
              "bowler": "Taskin Ahmed",
              "non_striker": "J Charles",
              "runs": {
                "batter": 1,
                "extras": 0,
                "total": 1
              }
            },
            {
              "batter": "J Charles",
              "bowler": "Taskin Ahmed",
              "non_striker": "JP Greaves",
              "runs": {
                "batter": 0,
                "extras": 0,
                "total": 0
              }
            }
          ]
        },
        {
          "over": 1,
          "deliveries": [
            {
              "batter": "JP Greaves",
              "bowler": "Mahedi Hasan",
              "non_striker": "J Charles",
              "runs": {
                "batter": 1,
                "extras": 0,
                "total": 1
              }
            },
            {
              "batter": "J Charles",
              "bowler": "Mahedi Hasan",
              "non_striker": "JP Greaves",
              "runs": {
                "batter": 1,
                "extras": 0,
                "total": 1
              }
            },
            {
              "batter": "JP Greaves",
              "bowler": "Mahedi Hasan",
              "non_striker": "J Charles",
              "runs": {
                "batter": 0,
                "extras": 0,
                "total": 0
              },
              "wickets": [
                {
                  "player_out": "JP Greaves",
                  "fielders": [
                    {
                      "name": "Afif Hossain",
                      "substitute": true
                    }
                  ],
                  "kind": "caught"
                }
              ]
            },
            {
              "batter": "N Pooran",
              "bowler": "Mahedi Hasan",
              "non_striker": "J Charles",
              "runs": {
                "batter": 0,
                "extras": 0,
                "total": 0
              }
            },
            {
              "batter": "N Pooran",
              "bowler": "Mahedi Hasan",
              "non_striker": "J Charles",
              "runs": {
                "batter": 0,
                "extras": 0,
                "total": 0
              }
            },
            {
              "batter": "N Pooran",
              "bowler": "Mahedi Hasan",
              "non_striker": "J Charles",
              "runs": {
                "batter": 0,
                "extras": 0,
                "total": 0
              }
            }
          ]
        },
        {
          "over": 2,
          "deliveries": [
            {
              "batter": "J Charles",
              "bowler": "Tanzim Hasan Sakib",
              "non_striker": "N Pooran",
              "runs": {
                "batter": 0,
                "extras": 0,
                "total": 0
              }
            },
            {
              "batter": "J Charles",
              "bowler": "Tanzim Hasan Sakib",
              "non_striker": "N Pooran",
              "runs": {
                "batter": 0,
                "extras": 0,
                "total": 0
              }
            },
            {
              "batter": "J Charles",
              "bowler": "Tanzim Hasan Sakib",
              "non_striker": "N Pooran",
              "runs": {
                "batter": 4,
                "extras": 0,
                "total": 4
              }
            },
            {
              "batter": "J Charles",
              "bowler": "Tanzim Hasan Sakib",
              "non_striker": "N Pooran",
              "runs": {
                "batter": 4,
                "extras": 0,
                "total": 4
              }
            },
            {
              "batter": "J Charles",
              "bowler": "Tanzim Hasan Sakib",
              "non_striker": "N Pooran",
              "runs": {
                "batter": 1,
                "extras": 0,
                "total": 1
              }
            },
            {
              "batter": "N Pooran",
              "bowler": "Tanzim Hasan Sakib",
              "extras": {
                "wides": 1
              },
              "non_striker": "J Charles",
              "runs": {
                "batter": 0,
                "extras": 1,
                "total": 1
              }
            },
            {
              "batter": "N Pooran",
              "bowler": "Tanzim Hasan Sakib",
              "non_striker": "J Charles",
              "runs": {
                "batter": 4,
                "extras": 0,
                "total": 4
              }
            }
          ]
        },
        {
          "over": 3,
          "deliveries": [
            {
              "batter": "J Charles",
              "bowler": "Mahedi Hasan",
              "non_striker": "N Pooran",
              "runs": {
                "batter": 2,
                "extras": 0,
                "total": 2
              }
            },
            {
              "batter": "J Charles",
              "bowler": "Mahedi Hasan",
              "non_striker": "N Pooran",
              "runs": {
                "batter": 4,
                "extras": 0,
                "total": 4
              }
            },
            {
              "batter": "J Charles",
              "bowler": "Mahedi Hasan",
              "non_striker": "N Pooran",
              "runs": {
                "batter": 0,
                "extras": 0,
                "total": 0
              }
            },
            {
              "batter": "J Charles",
              "bowler": "Mahedi Hasan",
              "non_striker": "N Pooran",
              "review": {
                "by": "Bangladesh",
                "umpire": "LS Reifer",
                "batter": "J Charles",
                "decision": "struck down",
                "type": "wicket"
              },
              "runs": {
                "batter": 0,
                "extras": 0,
                "total": 0
              }
            },
            {
              "batter": "J Charles",
              "bowler": "Mahedi Hasan",
              "non_striker": "N Pooran",
              "runs": {
                "batter": 1,
                "extras": 0,
                "total": 1
              }
            },
            {
              "batter": "N Pooran",
              "bowler": "Mahedi Hasan",
              "non_striker": "J Charles",
              "runs": {
                "batter": 0,
                "extras": 0,
                "total": 0
              }
            }
          ]
        },
        {
          "over": 4,
          "deliveries": [
            {
              "batter": "J Charles",
              "bowler": "Taskin Ahmed",
              "non_striker": "N Pooran",
              "runs": {
                "batter": 1,
                "extras": 0,
                "total": 1
              }
            },
            {
              "batter": "N Pooran",
              "bowler": "Taskin Ahmed",
              "non_striker": "J Charles",
              "runs": {
                "batter": 6,
                "extras": 0,
                "total": 6
              }
            },
            {
              "batter": "N Pooran",
              "bowler": "Taskin Ahmed",
              "non_striker": "J Charles",
              "runs": {
                "batter": 1,
                "extras": 0,
                "total": 1
              }
            },
            {
              "batter": "J Charles",
              "bowler": "Taskin Ahmed",
              "non_striker": "N Pooran",
              "runs": {
                "batter": 0,
                "extras": 0,
                "total": 0
              }
            },
            {
              "batter": "J Charles",
              "bowler": "Taskin Ahmed",
              "non_striker": "N Pooran",
              "runs": {
                "batter": 4,
                "extras": 0,
                "total": 4
              }
            },
            {
              "batter": "J Charles",
              "bowler": "Taskin Ahmed",
              "extras": {
                "wides": 1
              },
              "non_striker": "N Pooran",
              "runs": {
                "batter": 0,
                "extras": 1,
                "total": 1
              }
            },
            {
              "batter": "J Charles",
              "bowler": "Taskin Ahmed",
              "non_striker": "N Pooran",
              "runs": {
                "batter": 0,
                "extras": 0,
                "total": 0
              }
            }
          ]
        },
        {
          "over": 5,
          "deliveries": [
            {
              "batter": "N Pooran",
              "bowler": "Mahedi Hasan",
              "non_striker": "J Charles",
              "runs": {
                "batter": 0,
                "extras": 0,
                "total": 0
              }
            },
            {
              "batter": "N Pooran",
              "bowler": "Mahedi Hasan",
              "non_striker": "J Charles",
              "runs": {
                "batter": 4,
                "extras": 0,
                "total": 4
              }
            },
            {
              "batter": "N Pooran",
              "bowler": "Mahedi Hasan",
              "non_striker": "J Charles",
              "runs": {
                "batter": 0,
                "extras": 0,
                "total": 0
              },
              "wickets": [
                {
                  "player_out": "N Pooran",
                  "kind": "bowled"
                }
              ]
            },
            {
              "batter": "RL Chase",
              "bowler": "Mahedi Hasan",
              "non_striker": "J Charles",
              "runs": {
                "batter": 0,
                "extras": 0,
                "total": 0
              }
            },
            {
              "batter": "RL Chase",
              "bowler": "Mahedi Hasan",
              "non_striker": "J Charles",
              "runs": {
                "batter": 0,
                "extras": 0,
                "total": 0
              }
            },
            {
              "batter": "RL Chase",
              "bowler": "Mahedi Hasan",
              "non_striker": "J Charles",
              "runs": {
                "batter": 0,
                "extras": 0,
                "total": 0
              }
            }
          ]
        },
        {
          "over": 6,
          "deliveries": [
            {
              "batter": "J Charles",
              "bowler": "Hasan Mahmud",
              "non_striker": "RL Chase",
              "runs": {
                "batter": 0,
                "extras": 0,
                "total": 0
              }
            },
            {
              "batter": "J Charles",
              "bowler": "Hasan Mahmud",
              "non_striker": "RL Chase",
              "runs": {
                "batter": 1,
                "extras": 0,
                "total": 1
              }
            },
            {
              "batter": "RL Chase",
              "bowler": "Hasan Mahmud",
              "non_striker": "J Charles",
              "runs": {
                "batter": 0,
                "extras": 0,
                "total": 0
              },
              "wickets": [
                {
                  "player_out": "RL Chase",
                  "fielders": [
                    {
                      "name": "Mahedi Hasan"
                    }
                  ],
                  "kind": "caught"
                }
              ]
            },
            {
              "batter": "R Powell",
              "bowler": "Hasan Mahmud",
              "non_striker": "J Charles",
              "runs": {
                "batter": 0,
                "extras": 0,
                "total": 0
              }
            },
            {
              "batter": "R Powell",
              "bowler": "Hasan Mahmud",
              "non_striker": "J Charles",
              "runs": {
                "batter": 0,
                "extras": 0,
                "total": 0
              },
              "wickets": [
                {
                  "player_out": "J Charles",
                  "fielders": [
                    {
                      "name": "Rishad Hossain"
                    }
                  ],
                  "kind": "run out"
                }
              ]
            },
            {
              "batter": "R Shepherd",
              "bowler": "Hasan Mahmud",
              "extras": {
                "wides": 1
              },
              "non_striker": "R Powell",
              "runs": {
                "batter": 0,
                "extras": 1,
                "total": 1
              }
            },
            {
              "batter": "R Shepherd",
              "bowler": "Hasan Mahmud",
              "non_striker": "R Powell",
              "runs": {
                "batter": 0,
                "extras": 0,
                "total": 0
              }
            }
          ]
        },
        {
          "over": 7,
          "deliveries": [
            {
              "batter": "R Powell",
              "bowler": "Rishad Hossain",
              "non_striker": "R Shepherd",
              "runs": {
                "batter": 1,
                "extras": 0,
                "total": 1
              }
            },
            {
              "batter": "R Shepherd",
              "bowler": "Rishad Hossain",
              "non_striker": "R Powell",
              "runs": {
                "batter": 0,
                "extras": 0,
                "total": 0
              }
            },
            {
              "batter": "R Shepherd",
              "bowler": "Rishad Hossain",
              "non_striker": "R Powell",
              "runs": {
                "batter": 1,
                "extras": 0,
                "total": 1
              }
            },
            {
              "batter": "R Powell",
              "bowler": "Rishad Hossain",
              "non_striker": "R Shepherd",
              "runs": {
                "batter": 0,
                "extras": 0,
                "total": 0
              }
            },
            {
              "batter": "R Powell",
              "bowler": "Rishad Hossain",
              "non_striker": "R Shepherd",
              "runs": {
                "batter": 0,
                "extras": 0,
                "total": 0
              }
            },
            {
              "batter": "R Powell",
              "bowler": "Rishad Hossain",
              "non_striker": "R Shepherd",
              "runs": {
                "batter": 1,
                "extras": 0,
                "total": 1
              }
            }
          ]
        },
        {
          "over": 8,
          "deliveries": [
            {
              "batter": "R Powell",
              "bowler": "Hasan Mahmud",
              "non_striker": "R Shepherd",
              "review": {
                "by": "West Indies",
                "umpire": "DK Butler",
                "batter": "R Powell",
                "decision": "upheld",
                "type": "wicket"
              },
              "runs": {
                "batter": 0,
                "extras": 0,
                "total": 0
              }
            },
            {
              "batter": "R Powell",
              "bowler": "Hasan Mahmud",
              "non_striker": "R Shepherd",
              "runs": {
                "batter": 0,
                "extras": 0,
                "total": 0
              }
            },
            {
              "batter": "R Powell",
              "bowler": "Hasan Mahmud",
              "extras": {
                "legbyes": 1
              },
              "non_striker": "R Shepherd",
              "runs": {
                "batter": 0,
                "extras": 1,
                "total": 1
              }
            },
            {
              "batter": "R Shepherd",
              "bowler": "Hasan Mahmud",
              "extras": {
                "wides": 1
              },
              "non_striker": "R Powell",
              "runs": {
                "batter": 0,
                "extras": 1,
                "total": 1
              }
            },
            {
              "batter": "R Shepherd",
              "bowler": "Hasan Mahmud",
              "non_striker": "R Powell",
              "runs": {
                "batter": 1,
                "extras": 0,
                "total": 1
              }
            },
            {
              "batter": "R Powell",
              "bowler": "Hasan Mahmud",
              "non_striker": "R Shepherd",
              "runs": {
                "batter": 0,
                "extras": 0,
                "total": 0
              }
            },
            {
              "batter": "R Powell",
              "bowler": "Hasan Mahmud",
              "non_striker": "R Shepherd",
              "runs": {
                "batter": 0,
                "extras": 0,
                "total": 0
              }
            }
          ]
        },
        {
          "over": 9,
          "deliveries": [
            {
              "batter": "R Shepherd",
              "bowler": "Rishad Hossain",
              "non_striker": "R Powell",
              "runs": {
                "batter": 0,
                "extras": 0,
                "total": 0
              }
            },
            {
              "batter": "R Shepherd",
              "bowler": "Rishad Hossain",
              "non_striker": "R Powell",
              "runs": {
                "batter": 0,
                "extras": 0,
                "total": 0
              }
            },
            {
              "batter": "R Shepherd",
              "bowler": "Rishad Hossain",
              "non_striker": "R Powell",
              "runs": {
                "batter": 6,
                "extras": 0,
                "total": 6
              }
            },
            {
              "batter": "R Shepherd",
              "bowler": "Rishad Hossain",
              "non_striker": "R Powell",
              "runs": {
                "batter": 1,
                "extras": 0,
                "total": 1
              }
            },
            {
              "batter": "R Powell",
              "bowler": "Rishad Hossain",
              "non_striker": "R Shepherd",
              "runs": {
                "batter": 0,
                "extras": 0,
                "total": 0
              },
              "wickets": [
                {
                  "player_out": "R Powell",
                  "fielders": [
                    {
                      "name": "Liton Das"
                    }
                  ],
                  "kind": "caught"
                }
              ]
            },
            {
              "batter": "G Motie",
              "bowler": "Rishad Hossain",
              "non_striker": "R Shepherd",
              "runs": {
                "batter": 0,
                "extras": 0,
                "total": 0
              }
            }
          ]
        },
        {
          "over": 10,
          "deliveries": [
            {
              "batter": "R Shepherd",
              "bowler": "Tanzim Hasan Sakib",
              "non_striker": "G Motie",
              "runs": {
                "batter": 0,
                "extras": 0,
                "total": 0
              }
            },
            {
              "batter": "R Shepherd",
              "bowler": "Tanzim Hasan Sakib",
              "non_striker": "G Motie",
              "runs": {
                "batter": 6,
                "extras": 0,
                "total": 6
              }
            },
            {
              "batter": "R Shepherd",
              "bowler": "Tanzim Hasan Sakib",
              "non_striker": "G Motie",
              "runs": {
                "batter": 0,
                "extras": 0,
                "total": 0
              }
            },
            {
              "batter": "R Shepherd",
              "bowler": "Tanzim Hasan Sakib",
              "non_striker": "G Motie",
              "runs": {
                "batter": 0,
                "extras": 0,
                "total": 0
              }
            },
            {
              "batter": "R Shepherd",
              "bowler": "Tanzim Hasan Sakib",
              "non_striker": "G Motie",
              "runs": {
                "batter": 6,
                "extras": 0,
                "total": 6
              }
            },
            {
              "batter": "R Shepherd",
              "bowler": "Tanzim Hasan Sakib",
              "non_striker": "G Motie",
              "runs": {
                "batter": 1,
                "extras": 0,
                "total": 1
              }
            }
          ]
        },
        {
          "over": 11,
          "deliveries": [
            {
              "batter": "R Shepherd",
              "bowler": "Rishad Hossain",
              "non_striker": "G Motie",
              "runs": {
                "batter": 1,
                "extras": 0,
                "total": 1
              }
            },
            {
              "batter": "G Motie",
              "bowler": "Rishad Hossain",
              "non_striker": "R Shepherd",
              "runs": {
                "batter": 6,
                "extras": 0,
                "total": 6
              }
            },
            {
              "batter": "G Motie",
              "bowler": "Rishad Hossain",
              "non_striker": "R Shepherd",
              "runs": {
                "batter": 0,
                "extras": 0,
                "total": 0
              }
            },
            {
              "batter": "G Motie",
              "bowler": "Rishad Hossain",
              "non_striker": "R Shepherd",
              "runs": {
                "batter": 1,
                "extras": 0,
                "total": 1
              }
            },
            {
              "batter": "R Shepherd",
              "bowler": "Rishad Hossain",
              "non_striker": "G Motie",
              "runs": {
                "batter": 1,
                "extras": 0,
                "total": 1
              }
            },
            {
              "batter": "G Motie",
              "bowler": "Rishad Hossain",
              "non_striker": "R Shepherd",
              "runs": {
                "batter": 0,
                "extras": 0,
                "total": 0
              }
            }
          ]
        },
        {
          "over": 12,
          "deliveries": [
            {
              "batter": "R Shepherd",
              "bowler": "Taskin Ahmed",
              "non_striker": "G Motie",
              "runs": {
                "batter": 1,
                "extras": 0,
                "total": 1
              }
            },
            {
              "batter": "G Motie",
              "bowler": "Taskin Ahmed",
              "non_striker": "R Shepherd",
              "runs": {
                "batter": 0,
                "extras": 0,
                "total": 0
              }
            },
            {
              "batter": "G Motie",
              "bowler": "Taskin Ahmed",
              "non_striker": "R Shepherd",
              "runs": {
                "batter": 1,
                "extras": 0,
                "total": 1
              }
            },
            {
              "batter": "R Shepherd",
              "bowler": "Taskin Ahmed",
              "non_striker": "G Motie",
              "runs": {
                "batter": 1,
                "extras": 0,
                "total": 1
              }
            },
            {
              "batter": "G Motie",
              "bowler": "Taskin Ahmed",
              "non_striker": "R Shepherd",
              "runs": {
                "batter": 1,
                "extras": 0,
                "total": 1
              }
            },
            {
              "batter": "R Shepherd",
              "bowler": "Taskin Ahmed",
              "non_striker": "G Motie",
              "runs": {
                "batter": 4,
                "extras": 0,
                "total": 4
              }
            }
          ]
        },
        {
          "over": 13,
          "deliveries": [
            {
              "batter": "G Motie",
              "bowler": "Hasan Mahmud",
              "non_striker": "R Shepherd",
              "runs": {
                "batter": 1,
                "extras": 0,
                "total": 1
              }
            },
            {
              "batter": "R Shepherd",
              "bowler": "Hasan Mahmud",
              "non_striker": "G Motie",
              "runs": {
                "batter": 0,
                "extras": 0,
                "total": 0
              }
            },
            {
              "batter": "R Shepherd",
              "bowler": "Hasan Mahmud",
              "non_striker": "G Motie",
              "runs": {
                "batter": 1,
                "extras": 0,
                "total": 1
              }
            },
            {
              "batter": "G Motie",
              "bowler": "Hasan Mahmud",
              "non_striker": "R Shepherd",
              "runs": {
                "batter": 1,
                "extras": 0,
                "total": 1
              }
            },
            {
              "batter": "R Shepherd",
              "bowler": "Hasan Mahmud",
              "non_striker": "G Motie",
              "runs": {
                "batter": 1,
                "extras": 0,
                "total": 1
              }
            },
            {
              "batter": "G Motie",
              "bowler": "Hasan Mahmud",
              "non_striker": "R Shepherd",
              "runs": {
                "batter": 1,
                "extras": 0,
                "total": 1
              }
            }
          ]
        },
        {
          "over": 14,
          "deliveries": [
            {
              "batter": "G Motie",
              "bowler": "Rishad Hossain",
              "non_striker": "R Shepherd",
              "runs": {
                "batter": 0,
                "extras": 0,
                "total": 0
              },
              "wickets": [
                {
                  "player_out": "G Motie",
                  "fielders": [
                    {
                      "name": "Tanzim Hasan Sakib"
                    }
                  ],
                  "kind": "caught"
                }
              ]
            },
            {
              "batter": "AS Joseph",
              "bowler": "Rishad Hossain",
              "non_striker": "R Shepherd",
              "runs": {
                "batter": 1,
                "extras": 0,
                "total": 1
              }
            },
            {
              "batter": "R Shepherd",
              "bowler": "Rishad Hossain",
              "non_striker": "AS Joseph",
              "runs": {
                "batter": 1,
                "extras": 0,
                "total": 1
              }
            },
            {
              "batter": "AS Joseph",
              "bowler": "Rishad Hossain",
              "non_striker": "R Shepherd",
              "runs": {
                "batter": 0,
                "extras": 0,
                "total": 0
              },
              "wickets": [
                {
                  "player_out": "AS Joseph",
                  "fielders": [
                    {
                      "name": "Hasan Mahmud"
                    }
                  ],
                  "kind": "caught"
                }
              ]
            },
            {
              "batter": "OC McCoy",
              "bowler": "Rishad Hossain",
              "extras": {
                "byes": 4
              },
              "non_striker": "R Shepherd",
              "runs": {
                "batter": 0,
                "extras": 4,
                "total": 4
              }
            },
            {
              "batter": "OC McCoy",
              "bowler": "Rishad Hossain",
              "non_striker": "R Shepherd",
              "runs": {
                "batter": 0,
                "extras": 0,
                "total": 0
              }
            }
          ]
        },
        {
          "over": 15,
          "deliveries": [
            {
              "batter": "R Shepherd",
              "bowler": "Tanzim Hasan Sakib",
              "non_striker": "OC McCoy",
              "runs": {
                "batter": 0,
                "extras": 0,
                "total": 0
              }
            },
            {
              "batter": "R Shepherd",
              "bowler": "Tanzim Hasan Sakib",
              "non_striker": "OC McCoy",
              "runs": {
                "batter": 0,
                "extras": 0,
                "total": 0
              }
            },
            {
              "batter": "R Shepherd",
              "bowler": "Tanzim Hasan Sakib",
              "non_striker": "OC McCoy",
              "runs": {
                "batter": 0,
                "extras": 0,
                "total": 0
              }
            },
            {
              "batter": "R Shepherd",
              "bowler": "Tanzim Hasan Sakib",
              "non_striker": "OC McCoy",
              "runs": {
                "batter": 0,
                "extras": 0,
                "total": 0
              },
              "wickets": [
                {
                  "player_out": "R Shepherd",
                  "fielders": [
                    {
                      "name": "Hasan Mahmud"
                    }
                  ],
                  "kind": "caught"
                }
              ]
            },
            {
              "batter": "JNT Seales",
              "bowler": "Tanzim Hasan Sakib",
              "non_striker": "OC McCoy",
              "runs": {
                "batter": 4,
                "extras": 0,
                "total": 4
              }
            },
            {
              "batter": "JNT Seales",
              "bowler": "Tanzim Hasan Sakib",
              "non_striker": "OC McCoy",
              "runs": {
                "batter": 0,
                "extras": 0,
                "total": 0
              }
            }
          ]
        },
        {
          "over": 16,
          "deliveries": [
            {
              "batter": "OC McCoy",
              "bowler": "Taskin Ahmed",
              "non_striker": "JNT Seales",
              "runs": {
                "batter": 4,
                "extras": 0,
                "total": 4
              }
            },
            {
              "batter": "OC McCoy",
              "bowler": "Taskin Ahmed",
              "non_striker": "JNT Seales",
              "runs": {
                "batter": 0,
                "extras": 0,
                "total": 0
              }
            },
            {
              "batter": "OC McCoy",
              "bowler": "Taskin Ahmed",
              "non_striker": "JNT Seales",
              "runs": {
                "batter": 0,
                "extras": 0,
                "total": 0
              }
            },
            {
              "batter": "OC McCoy",
              "bowler": "Taskin Ahmed",
              "non_striker": "JNT Seales",
              "runs": {
                "batter": 0,
                "extras": 0,
                "total": 0
              },
              "wickets": [
                {
                  "player_out": "OC McCoy",
                  "kind": "bowled"
                }
              ]
            }
          ]
        }
      ],
      "powerplays": [
        {
          "from": 0.1,
          "to": 5.6,
          "type": "mandatory"
        }
      ],
      "target": {
        "overs": 20,
        "runs": 190
      }
    }
  ]
}