{
  "meta": {
    "data_version": "1.1.0",
    "created": "2024-06-09",
    "revision": 1
  },
  "info": {
    "balls_per_over": 6,
    "city": "Spinaceto",
    "dates": [
      "2024-06-09"
    ],
    "event": {
      "name": "ICC Men's T20 World Cup Sub Regional Europe Qualifier",
      "match_number": 1,
      "group": "A"
    },
    "gender": "male",
    "match_type": "T20",
    "match_type_number": 2652,
    "officials": {
      "match_referees": [
        "G McCrea"
      ],
      "reserve_umpires": [
        "I McDonald"
      ],
      "umpires": [
        "Adeel Ashiq",
        "J Jensen"
      ]
    },
    "outcome": {
      "winner": "Italy",
      "by": {
        "runs": 77
      }
    },
    "overs": 20,
    "player_of_match": [
      "HJ Manenti"
    ],
    "players": {
      "Italy": [
        "J Mosca",
        "Syed Naqvi",
        "JA Burns",
        "AJ Mosca",
        "HJ Manenti",
        "M Campopiano",
        "GP Meade",
        "Zain Ali",
        "GK Berg",
        "CJPF Kalugamage",
        "TJ Draca"
      ],
      "Luxembourg": [
        "TC Barker",
        "J Barker",
        "SKS Gill",
        "V Vijh",
        "J Mees",
        "WJ Cope",
        "Anoop Orsu",
        "S Kushretha",
        "M Cope",
        "Milad Momend",
        "A Nanda"
      ]
    },
    "registry": {
      "people": {
        "A Nanda": "704e0160",
        "AJ Mosca": "19c56e6e",
        "Adeel Ashiq": "e44cb88f",
        "Anoop Orsu": "488b7e22",
        "CJPF Kalugamage": "31c04b7b",
        "G McCrea": "46f4a901",
        "GK Berg": "42151725",
        "GP Meade": "3957a70a",
        "HJ Manenti": "0e56c514",
        "I McDonald": "37b55799",
        "J Barker": "c18cecbe",
        "J Jensen": "fc80e7a2",
        "J Mees": "ab1445ea",
        "J Mosca": "8f02f6a8",
        "JA Burns": "7a5f232a",
        "M Campopiano": "26d80a9d",
        "M Cope": "c83c594d",
        "Milad Momend": "84880baf",
        "S Kushretha": "4e3fd330",
        "SKS Gill": "faef026c",
        "Syed Naqvi": "c520c3b9",
        "TC Barker": "c31adb5c",
        "TJ Draca": "88fac705",
        "V Vijh": "b857468a",
        "WJ Cope": "fb34b0ec",
        "Zain Ali": "cccac242"
      }
    },
    "season": "2024",
    "team_type": "international",
    "teams": [
      "Italy",
      "Luxembourg"
    ],
    "toss": {
      "decision": "field",
      "winner": "Luxembourg"
    },
    "venue": "Roma Cricket Ground"
  },
  "innings": [
    {
      "team": "Italy",
      "overs": [
        {
          "over": 0,
          "deliveries": [
            {
              "batter": "J Mosca",
              "bowler": "S Kushretha",
              "non_striker": "Syed Naqvi",
              "runs": {
                "batter": 1,
                "extras": 0,
                "total": 1
              }
            },
            {
              "batter": "Syed Naqvi",
              "bowler": "S Kushretha",
              "extras": {
                "wides": 1
              },
              "non_striker": "J Mosca",
              "runs": {
                "batter": 0,
                "extras": 1,
                "total": 1
              }
            },
            {
              "batter": "Syed Naqvi",
              "bowler": "S Kushretha",
              "non_striker": "J Mosca",
              "runs": {
                "batter": 1,
                "extras": 0,
                "total": 1
              }
            },
            {
              "batter": "J Mosca",
              "bowler": "S Kushretha",
              "non_striker": "Syed Naqvi",
              "runs": {
                "batter": 1,
                "extras": 0,
                "total": 1
              }
            },
            {
              "batter": "Syed Naqvi",
              "bowler": "S Kushretha",
              "non_striker": "J Mosca",
              "runs": {
                "batter": 0,
                "extras": 0,
                "total": 0
              }
            },
            {
              "batter": "Syed Naqvi",
              "bowler": "S Kushretha",
              "non_striker": "J Mosca",
              "runs": {
                "batter": 1,
                "extras": 0,
                "total": 1
              }
            },
            {
              "batter": "J Mosca",
              "bowler": "S Kushretha",
              "non_striker": "Syed Naqvi",
              "runs": {
                "batter": 6,
                "extras": 0,
                "total": 6
              }
            }
          ]
        },
        {
          "over": 1,
          "deliveries": [
            {
              "batter": "Syed Naqvi",
              "bowler": "A Nanda",
              "non_striker": "J Mosca",
              "runs": {
                "batter": 0,
                "extras": 0,
                "total": 0
              }
            },
            {
              "batter": "Syed Naqvi",
              "bowler": "A Nanda",
              "non_striker": "J Mosca",
              "runs": {
                "batter": 1,
                "extras": 0,
                "total": 1
              }
            },
            {
              "batter": "J Mosca",
              "bowler": "A Nanda",
              "non_striker": "Syed Naqvi",
              "runs": {
                "batter": 4,
                "extras": 0,
                "total": 4
              }
            },
            {
              "batter": "J Mosca",
              "bowler": "A Nanda",
              "non_striker": "Syed Naqvi",
              "runs": {
                "batter": 1,
                "extras": 0,
                "total": 1
              }
            },
            {
              "batter": "Syed Naqvi",
              "bowler": "A Nanda",
              "non_striker": "J Mosca",
              "runs": {
                "batter": 0,
                "extras": 0,
                "total": 0
              }
            },
            {
              "batter": "Syed Naqvi",
              "bowler": "A Nanda",
              "non_striker": "J Mosca",
              "runs": {
                "batter": 0,
                "extras": 0,
                "total": 0
              }
            }
          ]
        },
        {
          "over": 2,
          "deliveries": [
            {
              "batter": "J Mosca",
              "bowler": "Milad Momend",
              "non_striker": "Syed Naqvi",
              "runs": {
                "batter": 4,
                "extras": 0,
                "total": 4
              }
            },
            {
              "batter": "J Mosca",
              "bowler": "Milad Momend",
              "non_striker": "Syed Naqvi",
              "runs": {
                "batter": 4,
                "extras": 0,
                "total": 4
              }
            },
            {
              "batter": "J Mosca",
              "bowler": "Milad Momend",
              "non_striker": "Syed Naqvi",
              "runs": {
                "batter": 0,
                "extras": 0,
                "total": 0
              }
            },
            {
              "batter": "J Mosca",
              "bowler": "Milad Momend",
              "non_striker": "Syed Naqvi",
              "runs": {
                "batter": 1,
                "extras": 0,
                "total": 1
              }
            },
            {
              "batter": "Syed Naqvi",
              "bowler": "Milad Momend",
              "non_striker": "J Mosca",
              "runs": {
                "batter": 1,
                "extras": 0,
                "total": 1
              }
            },
            {
              "batter": "J Mosca",
              "bowler": "Milad Momend",
              "non_striker": "Syed Naqvi",
              "runs": {
                "batter": 0,
                "extras": 0,
                "total": 0
              },
              "wickets": [
                {
                  "player_out": "Syed Naqvi",
                  "fielders": [
                    {
                      "name": "WJ Cope"
                    }
                  ],
                  "kind": "run out"
                }
              ]
            }
          ]
        },
        {
          "over": 3,
          "deliveries": [
            {
              "batter": "J Mosca",
              "bowler": "A Nanda",
              "non_striker": "JA Burns",
              "runs": {
                "batter": 0,
                "extras": 0,
                "total": 0
              }
            },
            {
              "batter": "J Mosca",
              "bowler": "A Nanda",
              "non_striker": "JA Burns",
              "runs": {
                "batter": 6,
                "extras": 0,
                "total": 6
              }
            },
            {
              "batter": "J Mosca",
              "bowler": "A Nanda",
              "non_striker": "JA Burns",
              "runs": {
                "batter": 0,
                "extras": 0,
                "total": 0
              }
            },
            {
              "batter": "J Mosca",
              "bowler": "A Nanda",
              "non_striker": "JA Burns",
              "runs": {
                "batter": 0,
                "extras": 0,
                "total": 0
              },
              "wickets": [
                {
                  "player_out": "J Mosca",
                  "fielders": [
                    {
                      "name": "SKS Gill"
                    }
                  ],
                  "kind": "caught"
                }
              ]
            },
            {
              "batter": "AJ Mosca",
              "bowler": "A Nanda",
              "non_striker": "JA Burns",
              "runs": {
                "batter": 0,
                "extras": 0,
                "total": 0
              },
              "wickets": [
                {
                  "player_out": "AJ Mosca",
                  "kind": "caught and bowled"
                }
              ]
            },
            {
              "batter": "HJ Manenti",
              "bowler": "A Nanda",
              "non_striker": "JA Burns",
              "runs": {
                "batter": 0,
                "extras": 0,
                "total": 0
              }
            }
          ]
        },
        {
          "over": 4,
          "deliveries": [
            {
              "batter": "JA Burns",
              "bowler": "S Kushretha",
              "non_striker": "HJ Manenti",
              "runs": {
                "batter": 0,
                "extras": 0,
                "total": 0
              }
            },
            {
              "batter": "JA Burns",
              "bowler": "S Kushretha",
              "non_striker": "HJ Manenti",
              "runs": {
                "batter": 0,
                "extras": 0,
                "total": 0
              }
            },
            {
              "batter": "JA Burns",
              "bowler": "S Kushretha",
              "non_striker": "HJ Manenti",
              "runs": {
                "batter": 4,
                "extras": 0,
                "total": 4
              }
            },
            {
              "batter": "JA Burns",
              "bowler": "S Kushretha",
              "non_striker": "HJ Manenti",
              "runs": {
                "batter": 0,
                "extras": 0,
                "total": 0
              }
            },
            {
              "batter": "JA Burns",
              "bowler": "S Kushretha",
              "non_striker": "HJ Manenti",
              "runs": {
                "batter": 0,
                "extras": 0,
                "total": 0
              }
            },
            {
              "batter": "JA Burns",
              "bowler": "S Kushretha",
              "non_striker": "HJ Manenti",
              "runs": {
                "batter": 1,
                "extras": 0,
                "total": 1
              }
            }
          ]
        },
        {
          "over": 5,
          "deliveries": [
            {
              "batter": "JA Burns",
              "bowler": "Milad Momend",
              "extras": {
                "wides": 1
              },
              "non_striker": "HJ Manenti",
              "runs": {
                "batter": 0,
                "extras": 1,
                "total": 1
              }
            },
            {
              "batter": "JA Burns",
              "bowler": "Milad Momend",
              "non_striker": "HJ Manenti",
              "runs": {
                "batter": 0,
                "extras": 0,
                "total": 0
              }
            },
            {
              "batter": "JA Burns",
              "bowler": "Milad Momend",
              "non_striker": "HJ Manenti",
              "runs": {
                "batter": 1,
                "extras": 0,
                "total": 1
              }
            },
            {
              "batter": "HJ Manenti",
              "bowler": "Milad Momend",
              "non_striker": "JA Burns",
              "runs": {
                "batter": 0,
                "extras": 0,
                "total": 0
              }
            },
            {
              "batter": "HJ Manenti",
              "bowler": "Milad Momend",
              "non_striker": "JA Burns",
              "runs": {
                "batter": 0,
                "extras": 0,
                "total": 0
              }
            },
            {
              "batter": "HJ Manenti",
              "bowler": "Milad Momend",
              "non_striker": "JA Burns",
              "runs": {
                "batter": 0,
                "extras": 0,
                "total": 0
              }
            },
            {
              "batter": "HJ Manenti",
              "bowler": "Milad Momend",
              "non_striker": "JA Burns",
              "runs": {
                "batter": 4,
                "extras": 0,
                "total": 4
              }
            }
          ]
        },
        {
          "over": 6,
          "deliveries": [
            {
              "batter": "JA Burns",
              "bowler": "S Kushretha",
              "non_striker": "HJ Manenti",
              "runs": {
                "batter": 1,
                "extras": 0,
                "total": 1
              }
            },
            {
              "batter": "HJ Manenti",
              "bowler": "S Kushretha",
              "non_striker": "JA Burns",
              "runs": {
                "batter": 1,
                "extras": 0,
                "total": 1
              }
            },
            {
              "batter": "JA Burns",
              "bowler": "S Kushretha",
              "non_striker": "HJ Manenti",
              "runs": {
                "batter": 1,
                "extras": 0,
                "total": 1
              }
            },
            {
              "batter": "HJ Manenti",
              "bowler": "S Kushretha",
              "non_striker": "JA Burns",
              "runs": {
                "batter": 0,
                "extras": 0,
                "total": 0
              }
            },
            {
              "batter": "HJ Manenti",
              "bowler": "S Kushretha",
              "non_striker": "JA Burns",
              "runs": {
                "batter": 2,
                "extras": 0,
                "total": 2
              }
            },
            {
              "batter": "HJ Manenti",
              "bowler": "S Kushretha",
              "non_striker": "JA Burns",
              "runs": {
                "batter": 1,
                "extras": 0,
                "total": 1
              }
            }
          ]
        },
        {
          "over": 7,
          "deliveries": [
            {
              "batter": "HJ Manenti",
              "bowler": "WJ Cope",
              "non_striker": "JA Burns",
              "runs": {
                "batter": 0,
                "extras": 0,
                "total": 0
              }
            },
            {
              "batter": "HJ Manenti",
              "bowler": "WJ Cope",
              "non_striker": "JA Burns",
              "runs": {
                "batter": 6,
                "extras": 0,
                "total": 6
              }
            },
            {
              "batter": "HJ Manenti",
              "bowler": "WJ Cope",
              "non_striker": "JA Burns",
              "runs": {
                "batter": 0,
                "extras": 0,
                "total": 0
              }
            },
            {
              "batter": "HJ Manenti",
              "bowler": "WJ Cope",
              "non_striker": "JA Burns",
              "runs": {
                "batter": 4,
                "extras": 0,
                "total": 4
              }
            },
            {
              "batter": "HJ Manenti",
              "bowler": "WJ Cope",
              "extras": {
                "wides": 1
              },
              "non_striker": "JA Burns",
              "runs": {
                "batter": 0,
                "extras": 1,
                "total": 1
              }
            },
            {
              "batter": "HJ Manenti",
              "bowler": "WJ Cope",
              "non_striker": "JA Burns",
              "runs": {
                "batter": 4,
                "extras": 0,
                "total": 4
              }
            },
            {
              "batter": "HJ Manenti",
              "bowler": "WJ Cope",
              "non_striker": "JA Burns",
              "runs": {
                "batter": 0,
                "extras": 0,
                "total": 0
              }
            }
          ]
        },
        {
          "over": 8,
          "deliveries": [
            {
              "batter": "JA Burns",
              "bowler": "V Vijh",
              "non_striker": "HJ Manenti",
              "runs": {
                "batter": 0,
                "extras": 0,
                "total": 0
              }
            },
            {
              "batter": "JA Burns",
              "bowler": "V Vijh",
              "non_striker": "HJ Manenti",
              "runs": {
                "batter": 1,
                "extras": 0,
                "total": 1
              }
            },
            {
              "batter": "HJ Manenti",
              "bowler": "V Vijh",
              "non_striker": "JA Burns",
              "runs": {
                "batter": 0,
                "extras": 0,
                "total": 0
              }
            },
            {
              "batter": "HJ Manenti",
              "bowler": "V Vijh",
              "non_striker": "JA Burns",
              "runs": {
                "batter": 2,
                "extras": 0,
                "total": 2
              }
            },
            {
              "batter": "HJ Manenti",
              "bowler": "V Vijh",
              "non_striker": "JA Burns",
              "runs": {
                "batter": 0,
                "extras": 0,
                "total": 0
              }
            },
            {
              "batter": "HJ Manenti",
              "bowler": "V Vijh",
              "non_striker": "JA Burns",
              "runs": {
                "batter": 1,
                "extras": 0,
                "total": 1
              }
            }
          ]
        },
        {
          "over": 9,
          "deliveries": [
            {
              "batter": "HJ Manenti",
              "bowler": "M Cope",
              "non_striker": "JA Burns",
              "runs": {
                "batter": 0,
                "extras": 0,
                "total": 0
              }
            },
            {
              "batter": "HJ Manenti",
              "bowler": "M Cope",
              "non_striker": "JA Burns",
              "runs": {
                "batter": 0,
                "extras": 0,
                "total": 0
              }
            },
            {
              "batter": "HJ Manenti",
              "bowler": "M Cope",
              "non_striker": "JA Burns",
              "runs": {
                "batter": 2,
                "extras": 0,
                "total": 2
              }
            },
            {
              "batter": "HJ Manenti",
              "bowler": "M Cope",
              "non_striker": "JA Burns",
              "runs": {
                "batter": 0,
                "extras": 0,
                "total": 0
              }
            },
            {
              "batter": "HJ Manenti",
              "bowler": "M Cope",
              "non_striker": "JA Burns",
              "runs": {
                "batter": 1,
                "extras": 0,
                "total": 1
              }
            },
            {
              "batter": "JA Burns",
              "bowler": "M Cope",
              "non_striker": "HJ Manenti",
              "runs": {
                "batter": 1,
                "extras": 0,
                "total": 1
              }
            }
          ]
        },
        {
          "over": 10,
          "deliveries": [
            {
              "batter": "JA Burns",
              "bowler": "V Vijh",
              "non_striker": "HJ Manenti",
              "runs": {
                "batter": 2,
                "extras": 0,
                "total": 2
              }
            },
            {
              "batter": "JA Burns",
              "bowler": "V Vijh",
              "non_striker": "HJ Manenti",
              "runs": {
                "batter": 1,
                "extras": 0,
                "total": 1
              }
            },
            {
              "batter": "HJ Manenti",
              "bowler": "V Vijh",
              "non_striker": "JA Burns",
              "runs": {
                "batter": 1,
                "extras": 0,
                "total": 1
              }
            },
            {
              "batter": "JA Burns",
              "bowler": "V Vijh",
              "non_striker": "HJ Manenti",
              "runs": {
                "batter": 1,
                "extras": 0,
                "total": 1
              }
            },
            {
              "batter": "HJ Manenti",
              "bowler": "V Vijh",
              "non_striker": "JA Burns",
              "runs": {
                "batter": 1,
                "extras": 0,
                "total": 1
              }
            },
            {
              "batter": "JA Burns",
              "bowler": "V Vijh",
              "non_striker": "HJ Manenti",
              "runs": {
                "batter": 1,
                "extras": 0,
                "total": 1
              }
            }
          ]
        },
        {
          "over": 11,
          "deliveries": [
            {
              "batter": "JA Burns",
              "bowler": "M Cope",
              "non_striker": "HJ Manenti",
              "runs": {
                "batter": 0,
                "extras": 0,
                "total": 0
              }
            },
            {
              "batter": "JA Burns",
              "bowler": "M Cope",
              "non_striker": "HJ Manenti",
              "runs": {
                "batter": 0,
                "extras": 0,
                "total": 0
              },
              "wickets": [
                {
                  "player_out": "HJ Manenti",
                  "fielders": [
                    {
                      "name": "S Kushretha"
                    }
                  ],
                  "kind": "run out"
                }
              ]
            },
            {
              "batter": "JA Burns",
              "bowler": "M Cope",
              "non_striker": "M Campopiano",
              "runs": {
                "batter": 0,
                "extras": 0,
                "total": 0
              }
            },
            {
              "batter": "JA Burns",
              "bowler": "M Cope",
              "non_striker": "M Campopiano",
              "runs": {
                "batter": 1,
                "extras": 0,
                "total": 1
              }
            },
            {
              "batter": "M Campopiano",
              "bowler": "M Cope",
              "non_striker": "JA Burns",
              "runs": {
                "batter": 0,
                "extras": 0,
                "total": 0
              }
            },
            {
              "batter": "M Campopiano",
              "bowler": "M Cope",
              "non_striker": "JA Burns",
              "runs": {
                "batter": 0,
                "extras": 0,
                "total": 0
              }
            }
          ]
        },
        {
          "over": 12,
          "deliveries": [
            {
              "batter": "JA Burns",
              "bowler": "A Nanda",
              "non_striker": "M Campopiano",
              "runs": {
                "batter": 1,
                "extras": 0,
                "total": 1
              }
            },
            {
              "batter": "M Campopiano",
              "bowler": "A Nanda",
              "non_striker": "JA Burns",
              "runs": {
                "batter": 1,
                "extras": 0,
                "total": 1
              }
            },
            {
              "batter": "JA Burns",
              "bowler": "A Nanda",
              "non_striker": "M Campopiano",
              "runs": {
                "batter": 1,
                "extras": 0,
                "total": 1
              }
            },
            {
              "batter": "M Campopiano",
              "bowler": "A Nanda",
              "non_striker": "JA Burns",
              "runs": {
                "batter": 1,
                "extras": 0,
                "total": 1
              }
            },
            {
              "batter": "JA Burns",
              "bowler": "A Nanda",
              "non_striker": "M Campopiano",
              "runs": {
                "batter": 1,
                "extras": 0,
                "total": 1
              }
            },
            {
              "batter": "M Campopiano",
              "bowler": "A Nanda",
              "non_striker": "JA Burns",
              "runs": {
                "batter": 4,
                "extras": 0,
                "total": 4
              }
            }
          ]
        },
        {
          "over": 13,
          "deliveries": [
            {
              "batter": "JA Burns",
              "bowler": "M Cope",
              "non_striker": "M Campopiano",
              "runs": {
                "batter": 1,
                "extras": 0,
                "total": 1
              }
            },
            {
              "batter": "M Campopiano",
              "bowler": "M Cope",
              "non_striker": "JA Burns",
              "runs": {
                "batter": 1,
                "extras": 0,
                "total": 1
              }
            },
            {
              "batter": "JA Burns",
              "bowler": "M Cope",
              "non_striker": "M Campopiano",
              "runs": {
                "batter": 1,
                "extras": 0,
                "total": 1
              }
            },
            {
              "batter": "M Campopiano",
              "bowler": "M Cope",
              "non_striker": "JA Burns",
              "runs": {
                "batter": 0,
                "extras": 0,
                "total": 0
              }
            },
            {
              "batter": "M Campopiano",
              "bowler": "M Cope",
              "extras": {
                "wides": 3
              },
              "non_striker": "JA Burns",
              "runs": {
                "batter": 0,
                "extras": 3,
                "total": 3
              }
            },
            {
              "batter": "M Campopiano",
              "bowler": "M Cope",
              "non_striker": "JA Burns",
              "runs": {
                "batter": 6,
                "extras": 0,
                "total": 6
              }
            },
            {
              "batter": "M Campopiano",
              "bowler": "M Cope",
              "non_striker": "JA Burns",
              "runs": {
                "batter": 0,
                "extras": 0,
                "total": 0
              }
            }
          ]
        },
        {
          "over": 14,
          "deliveries": [
            {
              "batter": "JA Burns",
              "bowler": "S Kushretha",
              "non_striker": "M Campopiano",
              "runs": {
                "batter": 1,
                "extras": 0,
                "total": 1
              }
            },
            {
              "batter": "M Campopiano",
              "bowler": "S Kushretha",
              "non_striker": "JA Burns",
              "runs": {
                "batter": 4,
                "extras": 0,
                "total": 4
              }
            },
            {
              "batter": "M Campopiano",
              "bowler": "S Kushretha",
              "non_striker": "JA Burns",
              "runs": {
                "batter": 2,
                "extras": 0,
                "total": 2
              }
            },
            {
              "batter": "M Campopiano",
              "bowler": "S Kushretha",
              "non_striker": "JA Burns",
              "runs": {
                "batter": 0,
                "extras": 0,
                "total": 0
              }
            },
            {
              "batter": "M Campopiano",
              "bowler": "S Kushretha",
              "non_striker": "JA Burns",
              "runs": {
                "batter": 0,
                "extras": 0,
                "total": 0
              }
            },
            {
              "batter": "M Campopiano",
              "bowler": "S Kushretha",
              "non_striker": "JA Burns",
              "runs": {
                "batter": 4,
                "extras": 0,
                "total": 4
              }
            }
          ]
        },
        {
          "over": 15,
          "deliveries": [
            {
              "batter": "JA Burns",
              "bowler": "V Vijh",
              "non_striker": "M Campopiano",
              "runs": {
                "batter": 6,
                "extras": 0,
                "total": 6
              }
            },
            {
              "batter": "JA Burns",
              "bowler": "V Vijh",
              "non_striker": "M Campopiano",
              "runs": {
                "batter": 6,
                "extras": 0,
                "total": 6
              }
            },
            {
              "batter": "JA Burns",
              "bowler": "V Vijh",
              "non_striker": "M Campopiano",
              "runs": {
                "batter": 1,
                "extras": 0,
                "total": 1
              }
            },
            {
              "batter": "M Campopiano",
              "bowler": "V Vijh",
              "non_striker": "JA Burns",
              "runs": {
                "batter": 1,
                "extras": 0,
                "total": 1
              }
            },
            {
              "batter": "JA Burns",
              "bowler": "V Vijh",
              "non_striker": "M Campopiano",
              "runs": {
                "batter": 2,
                "extras": 0,
                "total": 2
              }
            },
            {
              "batter": "JA Burns",
              "bowler": "V Vijh",
              "non_striker": "M Campopiano",
              "runs": {
                "batter": 1,
                "extras": 0,
                "total": 1
              }
            }
          ]
        },
        {
          "over": 16,
          "deliveries": [
            {
              "batter": "JA Burns",
              "bowler": "A Nanda",
              "non_striker": "M Campopiano",
              "runs": {
                "batter": 0,
                "extras": 0,
                "total": 0
              }
            },
            {
              "batter": "JA Burns",
              "bowler": "A Nanda",
              "non_striker": "M Campopiano",
              "runs": {
                "batter": 6,
                "extras": 0,
                "total": 6
              }
            },
            {
              "batter": "JA Burns",
              "bowler": "A Nanda",
              "non_striker": "M Campopiano",
              "runs": {
                "batter": 6,
                "extras": 0,
                "total": 6
              }
            },
            {
              "batter": "JA Burns",
              "bowler": "A Nanda",
              "non_striker": "M Campopiano",
              "runs": {
                "batter": 4,
                "extras": 0,
                "total": 4
              }
            },
            {
              "batter": "JA Burns",
              "bowler": "A Nanda",
              "non_striker": "M Campopiano",
              "runs": {
                "batter": 1,
                "extras": 0,
                "total": 1
              }
            },
            {
              "batter": "M Campopiano",
              "bowler": "A Nanda",
              "non_striker": "JA Burns",
              "runs": {
                "batter": 2,
                "extras": 0,
                "total": 2
              }
            }
          ]
        },
        {
          "over": 17,
          "deliveries": [
            {
              "batter": "JA Burns",
              "bowler": "Milad Momend",
              "non_striker": "M Campopiano",
              "runs": {
                "batter": 0,
                "extras": 0,
                "total": 0
              }
            },
            {
              "batter": "JA Burns",
              "bowler": "Milad Momend",
              "non_striker": "M Campopiano",
              "runs": {
                "batter": 2,
                "extras": 0,
                "total": 2
              }
            },
            {
              "batter": "JA Burns",
              "bowler": "Milad Momend",
              "non_striker": "M Campopiano",
              "runs": {
                "batter": 0,
                "extras": 0,
                "total": 0
              }
            },
            {
              "batter": "JA Burns",
              "bowler": "Milad Momend",
              "non_striker": "M Campopiano",
              "runs": {
                "batter": 1,
                "extras": 0,
                "total": 1
              }
            },
            {
              "batter": "M Campopiano",
              "bowler": "Milad Momend",
              "non_striker": "JA Burns",
              "runs": {
                "batter": 0,
                "extras": 0,
                "total": 0
              }
            },
            {
              "batter": "M Campopiano",
              "bowler": "Milad Momend",
              "non_striker": "JA Burns",
              "runs": {
                "batter": 0,
                "extras": 0,
                "total": 0
              },
              "wickets": [
                {
                  "player_out": "M Campopiano",
                  "fielders": [
                    {
                      "name": "M Cope"
                    }
                  ],
                  "kind": "caught"
                }
              ]
            }
          ]
        },
        {
          "over": 18,
          "deliveries": [
            {
              "batter": "JA Burns",
              "bowler": "V Vijh",
              "non_striker": "GP Meade",
              "runs": {
                "batter": 0,
                "extras": 0,
                "total": 0
              },
              "wickets": [
                {
                  "player_out": "JA Burns",
                  "fielders": [
                    {
                      "name": "M Cope"
                    }
                  ],
                  "kind": "caught"
                }
              ]
            },
            {
              "batter": "Zain Ali",
              "bowler": "V Vijh",
              "non_striker": "GP Meade",
              "runs": {
                "batter": 0,
                "extras": 0,
                "total": 0
              },
              "wickets": [
                {
                  "player_out": "Zain Ali",
                  "fielders": [
                    {
                      "name": "A Nanda"
                    }
                  ],
                  "kind": "caught"
                }
              ]
            },
            {
              "batter": "GK Berg",
              "bowler": "V Vijh",
              "non_striker": "GP Meade",
              "runs": {
                "batter": 2,
                "extras": 0,
                "total": 2
              }
            },
            {
              "batter": "GK Berg",
              "bowler": "V Vijh",
              "non_striker": "GP Meade",
              "runs": {
                "batter": 4,
                "extras": 0,
                "total": 4
              }
            },
            {
              "batter": "GK Berg",
              "bowler": "V Vijh",
              "non_striker": "GP Meade",
              "runs": {
                "batter": 1,
                "extras": 0,
                "total": 1
              }
            },
            {
              "batter": "GP Meade",
              "bowler": "V Vijh",
              "non_striker": "GK Berg",
              "runs": {
                "batter": 0,
                "extras": 0,
                "total": 0
              }
            }
          ]
        },
        {
          "over": 19,
          "deliveries": [
            {
              "batter": "GK Berg",
              "bowler": "Milad Momend",
              "non_striker": "GP Meade",
              "runs": {
                "batter": 2,
                "extras": 0,
                "total": 2
              }
            },
            {
              "batter": "GK Berg",
              "bowler": "Milad Momend",
              "non_striker": "GP Meade",
              "runs": {
                "batter": 1,
                "extras": 0,
                "total": 1
              }
            },
            {
              "batter": "GP Meade",
              "bowler": "Milad Momend",
              "non_striker": "GK Berg",
              "runs": {
                "batter": 1,
                "extras": 0,
                "total": 1
              }
            },
            {
              "batter": "GK Berg",
              "bowler": "Milad Momend",
              "non_striker": "GP Meade",
              "runs": {
                "batter": 1,
                "extras": 0,
                "total": 1
              }
            },
            {
              "batter": "GP Meade",
              "bowler": "Milad Momend",
              "non_striker": "GK Berg",
              "runs": {
                "batter": 1,
                "extras": 0,
                "total": 1
              }
            },
            {
              "batter": "GK Berg",
              "bowler": "Milad Momend",
              "non_striker": "GP Meade",
              "runs": {
                "batter": 1,
                "extras": 0,
                "total": 1
              }
            }
          ]
        }
      ],
      "powerplays": [
        {
          "from": 0.1,
          "to": 5.7,
          "type": "mandatory"
        }
      ]
    },
    {
      "team": "Luxembourg",
      "overs": [
        {
          "over": 0,
          "deliveries": [
            {
              "batter": "TC Barker",
              "bowler": "HJ Manenti",
              "extras": {
                "wides": 1
              },
              "non_striker": "J Barker",
              "runs": {
                "batter": 0,
                "extras": 1,
                "total": 1
              }
            },
            {
              "batter": "TC Barker",
              "bowler": "HJ Manenti",
              "non_striker": "J Barker",
              "runs": {
                "batter": 0,
                "extras": 0,
                "total": 0
              }
            },
            {
              "batter": "TC Barker",
              "bowler": "HJ Manenti",
              "non_striker": "J Barker",
              "runs": {
                "batter": 2,
                "extras": 0,
                "total": 2
              }
            },
            {
              "batter": "TC Barker",
              "bowler": "HJ Manenti",
              "non_striker": "J Barker",
              "runs": {
                "batter": 0,
                "extras": 0,
                "total": 0
              }
            },
            {
              "batter": "TC Barker",
              "bowler": "HJ Manenti",
              "non_striker": "J Barker",
              "runs": {
                "batter": 0,
                "extras": 0,
                "total": 0
              }
            },
            {
              "batter": "TC Barker",
              "bowler": "HJ Manenti",
              "non_striker": "J Barker",
              "runs": {
                "batter": 0,
                "extras": 0,
                "total": 0
              }
            },
            {
              "batter": "TC Barker",
              "bowler": "HJ Manenti",
              "non_striker": "J Barker",
              "runs": {
                "batter": 0,
                "extras": 0,
                "total": 0
              }
            }
          ]
        },
        {
          "over": 1,
          "deliveries": [
            {
              "batter": "J Barker",
              "bowler": "TJ Draca",
              "non_striker": "TC Barker",
              "runs": {
                "batter": 1,
                "extras": 0,
                "total": 1
              }
            },
            {
              "batter": "TC Barker",
              "bowler": "TJ Draca",
              "non_striker": "J Barker",
              "runs": {
                "batter": 0,
                "extras": 0,
                "total": 0
              }
            },
            {
              "batter": "TC Barker",
              "bowler": "TJ Draca",
              "non_striker": "J Barker",
              "runs": {
                "batter": 0,
                "extras": 0,
                "total": 0
              }
            },
            {
              "batter": "TC Barker",
              "bowler": "TJ Draca",
              "non_striker": "J Barker",
              "runs": {
                "batter": 4,
                "extras": 0,
                "total": 4
              }
            },
            {
              "batter": "TC Barker",
              "bowler": "TJ Draca",
              "non_striker": "J Barker",
              "runs": {
                "batter": 0,
                "extras": 0,
                "total": 0
              }
            },
            {
              "batter": "TC Barker",
              "bowler": "TJ Draca",
              "non_striker": "J Barker",
              "runs": {
                "batter": 0,
                "extras": 0,
                "total": 0
              }
            }
          ]
        },
        {
          "over": 2,
          "deliveries": [
            {
              "batter": "J Barker",
              "bowler": "GK Berg",
              "non_striker": "TC Barker",
              "runs": {
                "batter": 0,
                "extras": 0,
                "total": 0
              }
            },
            {
              "batter": "J Barker",
              "bowler": "GK Berg",
              "non_striker": "TC Barker",
              "runs": {
                "batter": 0,
                "extras": 0,
                "total": 0
              }
            },
            {
              "batter": "J Barker",
              "bowler": "GK Berg",
              "non_striker": "TC Barker",
              "runs": {
                "batter": 0,
                "extras": 0,
                "total": 0
              },
              "wickets": [
                {
                  "player_out": "J Barker",
                  "fielders": [
                    {
                      "name": "JA Burns"
                    }
                  ],
                  "kind": "caught"
                }
              ]
            },
            {
              "batter": "SKS Gill",
              "bowler": "GK Berg",
              "non_striker": "TC Barker",
              "runs": {
                "batter": 0,
                "extras": 0,
                "total": 0
              }
            },
            {
              "batter": "SKS Gill",
              "bowler": "GK Berg",
              "non_striker": "TC Barker",
              "runs": {
                "batter": 0,
                "extras": 0,
                "total": 0
              }
            },
            {
              "batter": "SKS Gill",
              "bowler": "GK Berg",
              "non_striker": "TC Barker",
              "runs": {
                "batter": 0,
                "extras": 0,
                "total": 0
              },
              "wickets": [
                {
                  "player_out": "SKS Gill",
                  "kind": "lbw"
                }
              ]
            }
          ]
        },
        {
          "over": 3,
          "deliveries": [
            {
              "batter": "TC Barker",
              "bowler": "TJ Draca",
              "non_striker": "V Vijh",
              "runs": {
                "batter": 0,
                "extras": 0,
                "total": 0
              }
            },
            {
              "batter": "TC Barker",
              "bowler": "TJ Draca",
              "non_striker": "V Vijh",
              "runs": {
                "batter": 1,
                "extras": 0,
                "total": 1
              }
            },
            {
              "batter": "V Vijh",
              "bowler": "TJ Draca",
              "non_striker": "TC Barker",
              "runs": {
                "batter": 0,
                "extras": 0,
                "total": 0
              }
            },
            {
              "batter": "V Vijh",
              "bowler": "TJ Draca",
              "non_striker": "TC Barker",
              "runs": {
                "batter": 4,
                "extras": 0,
                "total": 4
              }
            },
            {
              "batter": "V Vijh",
              "bowler": "TJ Draca",
              "non_striker": "TC Barker",
              "runs": {
                "batter": 0,
                "extras": 0,
                "total": 0
              }
            },
            {
              "batter": "V Vijh",
              "bowler": "TJ Draca",
              "non_striker": "TC Barker",
              "runs": {
                "batter": 0,
                "extras": 0,
                "total": 0
              },
              "wickets": [
                {
                  "player_out": "V Vijh",
                  "fielders": [
                    {
                      "name": "GK Berg"
                    }
                  ],
                  "kind": "caught"
                }
              ]
            }
          ]
        },
        {
          "over": 4,
          "deliveries": [
            {
              "batter": "TC Barker",
              "bowler": "GK Berg",
              "non_striker": "J Mees",
              "runs": {
                "batter": 4,
                "extras": 0,
                "total": 4
              }
            },
            {
              "batter": "TC Barker",
              "bowler": "GK Berg",
              "non_striker": "J Mees",
              "runs": {
                "batter": 1,
                "extras": 0,
                "total": 1
              }
            },
            {
              "batter": "J Mees",
              "bowler": "GK Berg",
              "non_striker": "TC Barker",
              "runs": {
                "batter": 0,
                "extras": 0,
                "total": 0
              }
            },
            {
              "batter": "J Mees",
              "bowler": "GK Berg",
              "non_striker": "TC Barker",
              "runs": {
                "batter": 1,
                "extras": 0,
                "total": 1
              }
            },
            {
              "batter": "TC Barker",
              "bowler": "GK Berg",
              "non_striker": "J Mees",
              "runs": {
                "batter": 0,
                "extras": 0,
                "total": 0
              }
            },
            {
              "batter": "TC Barker",
              "bowler": "GK Berg",
              "non_striker": "J Mees",
              "runs": {
                "batter": 0,
                "extras": 0,
                "total": 0
              }
            }
          ]
        },
        {
          "over": 5,
          "deliveries": [
            {
              "batter": "J Mees",
              "bowler": "HJ Manenti",
              "non_striker": "TC Barker",
              "runs": {
                "batter": 0,
                "extras": 0,
                "total": 0
              }
            },
            {
              "batter": "J Mees",
              "bowler": "HJ Manenti",
              "non_striker": "TC Barker",
              "runs": {
                "batter": 0,
                "extras": 0,
                "total": 0
              }
            },
            {
              "batter": "J Mees",
              "bowler": "HJ Manenti",
              "non_striker": "TC Barker",
              "runs": {
                "batter": 0,
                "extras": 0,
                "total": 0
              }
            },
            {
              "batter": "J Mees",
              "bowler": "HJ Manenti",
              "non_striker": "TC Barker",
              "runs": {
                "batter": 0,
                "extras": 0,
                "total": 0
              },
              "wickets": [
                {
                  "player_out": "J Mees",
                  "fielders": [
                    {
                      "name": "J Mosca"
                    }
                  ],
                  "kind": "caught"
                }
              ]
            },
            {
              "batter": "WJ Cope",
              "bowler": "HJ Manenti",
              "non_striker": "TC Barker",
              "runs": {
                "batter": 1,
                "extras": 0,
                "total": 1
              }
            },
            {
              "batter": "TC Barker",
              "bowler": "HJ Manenti",
              "non_striker": "WJ Cope",
              "runs": {
                "batter": 1,
                "extras": 0,
                "total": 1
              }
            }
          ]
        },
        {
          "over": 6,
          "deliveries": [
            {
              "batter": "TC Barker",
              "bowler": "GK Berg",
              "non_striker": "WJ Cope",
              "runs": {
                "batter": 1,
                "extras": 0,
                "total": 1
              }
            },
            {
              "batter": "WJ Cope",
              "bowler": "GK Berg",
              "non_striker": "TC Barker",
              "runs": {
                "batter": 0,
                "extras": 0,
                "total": 0
              }
            },
            {
              "batter": "WJ Cope",
              "bowler": "GK Berg",
              "non_striker": "TC Barker",
              "runs": {
                "batter": 0,
                "extras": 0,
                "total": 0
              }
            },
            {
              "batter": "WJ Cope",
              "bowler": "GK Berg",
              "non_striker": "TC Barker",
              "runs": {
                "batter": 0,
                "extras": 0,
                "total": 0
              }
            },
            {
              "batter": "WJ Cope",
              "bowler": "GK Berg",
              "non_striker": "TC Barker",
              "runs": {
                "batter": 0,
                "extras": 0,
                "total": 0
              }
            },
            {
              "batter": "WJ Cope",
              "bowler": "GK Berg",
              "non_striker": "TC Barker",
              "runs": {
                "batter": 0,
                "extras": 0,
                "total": 0
              }
            }
          ]
        },
        {
          "over": 7,
          "deliveries": [
            {
              "batter": "TC Barker",
              "bowler": "CJPF Kalugamage",
              "non_striker": "WJ Cope",
              "runs": {
                "batter": 0,
                "extras": 0,
                "total": 0
              }
            },
            {
              "batter": "TC Barker",
              "bowler": "CJPF Kalugamage",
              "extras": {
                "wides": 1
              },
              "non_striker": "WJ Cope",
              "runs": {
                "batter": 0,
                "extras": 1,
                "total": 1
              }
            },
            {
              "batter": "TC Barker",
              "bowler": "CJPF Kalugamage",
              "non_striker": "WJ Cope",
              "runs": {
                "batter": 1,
                "extras": 0,
                "total": 1
              }
            },
            {
              "batter": "WJ Cope",
              "bowler": "CJPF Kalugamage",
              "extras": {
                "wides": 5
              },
              "non_striker": "TC Barker",
              "runs": {
                "batter": 0,
                "extras": 5,
                "total": 5
              }
            },
            {
              "batter": "WJ Cope",
              "bowler": "CJPF Kalugamage",
              "non_striker": "TC Barker",
              "runs": {
                "batter": 0,
                "extras": 0,
                "total": 0
              }
            },
            {
              "batter": "WJ Cope",
              "bowler": "CJPF Kalugamage",
              "non_striker": "TC Barker",
              "runs": {
                "batter": 0,
                "extras": 0,
                "total": 0
              }
            },
            {
              "batter": "WJ Cope",
              "bowler": "CJPF Kalugamage",
              "non_striker": "TC Barker",
              "runs": {
                "batter": 0,
                "extras": 0,
                "total": 0
              }
            },
            {
              "batter": "WJ Cope",
              "bowler": "CJPF Kalugamage",
              "non_striker": "TC Barker",
              "runs": {
                "batter": 0,
                "extras": 0,
                "total": 0
              },
              "wickets": [
                {
                  "player_out": "WJ Cope",
                  "fielders": [
                    {
                      "name": "Zain Ali"
                    }
                  ],
                  "kind": "caught"
                }
              ]
            }
          ]
        },
        {
          "over": 8,
          "deliveries": [
            {
              "batter": "TC Barker",
              "bowler": "Zain Ali",
              "non_striker": "Anoop Orsu",
              "runs": {
                "batter": 0,
                "extras": 0,
                "total": 0
              }
            },
            {
              "batter": "TC Barker",
              "bowler": "Zain Ali",
              "non_striker": "Anoop Orsu",
              "runs": {
                "batter": 1,
                "extras": 0,
                "total": 1
              }
            },
            {
              "batter": "Anoop Orsu",
              "bowler": "Zain Ali",
              "non_striker": "TC Barker",
              "runs": {
                "batter": 1,
                "extras": 0,
                "total": 1
              }
            },
            {
              "batter": "TC Barker",
              "bowler": "Zain Ali",
              "non_striker": "Anoop Orsu",
              "runs": {
                "batter": 0,
                "extras": 0,
                "total": 0
              }
            },
            {
              "batter": "TC Barker",
              "bowler": "Zain Ali",
              "non_striker": "Anoop Orsu",
              "runs": {
                "batter": 0,
                "extras": 0,
                "total": 0
              }
            },
            {
              "batter": "TC Barker",
              "bowler": "Zain Ali",
              "non_striker": "Anoop Orsu",
              "runs": {
                "batter": 0,
                "extras": 0,
                "total": 0
              }
            }
          ]
        },
        {
          "over": 9,
          "deliveries": [
            {
              "batter": "Anoop Orsu",
              "bowler": "CJPF Kalugamage",
              "non_striker": "TC Barker",
              "runs": {
                "batter": 4,
                "extras": 0,
                "total": 4
              }
            },
            {
              "batter": "Anoop Orsu",
              "bowler": "CJPF Kalugamage",
              "non_striker": "TC Barker",
              "runs": {
                "batter": 6,
                "extras": 0,
                "total": 6
              }
            },
            {
              "batter": "Anoop Orsu",
              "bowler": "CJPF Kalugamage",
              "non_striker": "TC Barker",
              "runs": {
                "batter": 0,
                "extras": 0,
                "total": 0
              }
            },
            {
              "batter": "Anoop Orsu",
              "bowler": "CJPF Kalugamage",
              "non_striker": "TC Barker",
              "runs": {
                "batter": 0,
                "extras": 0,
                "total": 0
              }
            },
            {
              "batter": "Anoop Orsu",
              "bowler": "CJPF Kalugamage",
              "non_striker": "TC Barker",
              "runs": {
                "batter": 1,
                "extras": 0,
                "total": 1
              }
            },
            {
              "batter": "TC Barker",
              "bowler": "CJPF Kalugamage",
              "non_striker": "Anoop Orsu",
              "runs": {
                "batter": 1,
                "extras": 0,
                "total": 1
              }
            }
          ]
        },
        {
          "over": 10,
          "deliveries": [
            {
              "batter": "TC Barker",
              "bowler": "Zain Ali",
              "non_striker": "Anoop Orsu",
              "runs": {
                "batter": 0,
                "extras": 0,
                "total": 0
              }
            },
            {
              "batter": "TC Barker",
              "bowler": "Zain Ali",
              "non_striker": "Anoop Orsu",
              "runs": {
                "batter": 6,
                "extras": 0,
                "total": 6
              }
            },
            {
              "batter": "TC Barker",
              "bowler": "Zain Ali",
              "non_striker": "Anoop Orsu",
              "runs": {
                "batter": 4,
                "extras": 0,
                "total": 4
              }
            },
            {
              "batter": "TC Barker",
              "bowler": "Zain Ali",
              "non_striker": "Anoop Orsu",
              "runs": {
                "batter": 0,
                "extras": 0,
                "total": 0
              },
              "wickets": [
                {
                  "player_out": "TC Barker",
                  "fielders": [
                    {
                      "name": "J Mosca"
                    }
                  ],
                  "kind": "caught"
                }
              ]
            },
            {
              "batter": "S Kushretha",
              "bowler": "Zain Ali",
              "non_striker": "Anoop Orsu",
              "runs": {
                "batter": 0,
                "extras": 0,
                "total": 0
              }
            },
            {
              "batter": "S Kushretha",
              "bowler": "Zain Ali",
              "non_striker": "Anoop Orsu",
              "runs": {
                "batter": 0,
                "extras": 0,
                "total": 0
              }
            }
          ]
        },
        {
          "over": 11,
          "deliveries": [
            {
              "batter": "Anoop Orsu",
              "bowler": "CJPF Kalugamage",
              "non_striker": "S Kushretha",
              "runs": {
                "batter": 0,
                "extras": 0,
                "total": 0
              }
            },
            {
              "batter": "Anoop Orsu",
              "bowler": "CJPF Kalugamage",
              "non_striker": "S Kushretha",
              "runs": {
                "batter": 0,
                "extras": 0,
                "total": 0
              }
            },
            {
              "batter": "Anoop Orsu",
              "bowler": "CJPF Kalugamage",
              "non_striker": "S Kushretha",
              "runs": {
                "batter": 1,
                "extras": 0,
                "total": 1
              }
            },
            {
              "batter": "S Kushretha",
              "bowler": "CJPF Kalugamage",
              "non_striker": "Anoop Orsu",
              "runs": {
                "batter": 0,
                "extras": 0,
                "total": 0
              }
            },
            {
              "batter": "S Kushretha",
              "bowler": "CJPF Kalugamage",
              "non_striker": "Anoop Orsu",
              "runs": {
                "batter": 2,
                "extras": 0,
                "total": 2
              }
            },
            {
              "batter": "S Kushretha",
              "bowler": "CJPF Kalugamage",
              "non_striker": "Anoop Orsu",
              "runs": {
                "batter": 0,
                "extras": 0,
                "total": 0
              }
            }
          ]
        },
        {
          "over": 12,
          "deliveries": [
            {
              "batter": "Anoop Orsu",
              "bowler": "Zain Ali",
              "non_striker": "S Kushretha",
              "runs": {
                "batter": 4,
                "extras": 0,
                "total": 4
              }
            },
            {
              "batter": "Anoop Orsu",
              "bowler": "Zain Ali",
              "non_striker": "S Kushretha",
              "runs": {
                "batter": 0,
                "extras": 0,
                "total": 0
              }
            },
            {
              "batter": "Anoop Orsu",
              "bowler": "Zain Ali",
              "non_striker": "S Kushretha",
              "runs": {
                "batter": 4,
                "extras": 0,
                "total": 4
              }
            },
            {
              "batter": "Anoop Orsu",
              "bowler": "Zain Ali",
              "non_striker": "S Kushretha",
              "runs": {
                "batter": 1,
                "extras": 0,
                "total": 1
              }
            },
            {
              "batter": "S Kushretha",
              "bowler": "Zain Ali",
              "non_striker": "Anoop Orsu",
              "runs": {
                "batter": 1,
                "extras": 0,
                "total": 1
              }
            },
            {
              "batter": "Anoop Orsu",
              "bowler": "Zain Ali",
              "non_striker": "S Kushretha",
              "runs": {
                "batter": 1,
                "extras": 0,
                "total": 1
              }
            }
          ]
        },
        {
          "over": 13,
          "deliveries": [
            {
              "batter": "Anoop Orsu",
              "bowler": "TJ Draca",
              "non_striker": "S Kushretha",
              "runs": {
                "batter": 0,
                "extras": 0,
                "total": 0
              }
            },
            {
              "batter": "Anoop Orsu",
              "bowler": "TJ Draca",
              "non_striker": "S Kushretha",
              "runs": {
                "batter": 0,
                "extras": 0,
                "total": 0
              }
            },
            {
              "batter": "Anoop Orsu",
              "bowler": "TJ Draca",
              "non_striker": "S Kushretha",
              "runs": {
                "batter": 0,
                "extras": 0,
                "total": 0
              }
            },
            {
              "batter": "Anoop Orsu",
              "bowler": "TJ Draca",
              "non_striker": "S Kushretha",
              "runs": {
                "batter": 0,
                "extras": 0,
                "total": 0
              },
              "wickets": [
                {
                  "player_out": "Anoop Orsu",
                  "kind": "bowled"
                }
              ]
            },
            {
              "batter": "M Cope",
              "bowler": "TJ Draca",
              "non_striker": "S Kushretha",
              "runs": {
                "batter": 1,
                "extras": 0,
                "total": 1
              }
            },
            {
              "batter": "S Kushretha",
              "bowler": "TJ Draca",
              "non_striker": "M Cope",
              "runs": {
                "batter": 0,
                "extras": 0,
                "total": 0
              }
            }
          ]
        },
        {
          "over": 14,
          "deliveries": [
            {
              "batter": "M Cope",
              "bowler": "GK Berg",
              "non_striker": "S Kushretha",
              "runs": {
                "batter": 0,
                "extras": 0,
                "total": 0
              }
            },
            {
              "batter": "M Cope",
              "bowler": "GK Berg",
              "non_striker": "S Kushretha",
              "runs": {
                "batter": 0,
                "extras": 0,
                "total": 0
              }
            },
            {
              "batter": "M Cope",
              "bowler": "GK Berg",
              "non_striker": "S Kushretha",
              "runs": {
                "batter": 0,
                "extras": 0,
                "total": 0
              },
              "wickets": [
                {
                  "player_out": "M Cope",
                  "kind": "lbw"
                }
              ]
            },
            {
              "batter": "Milad Momend",
              "bowler": "GK Berg",
              "non_striker": "S Kushretha",
              "runs": {
                "batter": 0,
                "extras": 0,
                "total": 0
              }
            },
            {
              "batter": "Milad Momend",
              "bowler": "GK Berg",
              "non_striker": "S Kushretha",
              "runs": {
                "batter": 4,
                "extras": 0,
                "total": 4
              }
            },
            {
              "batter": "Milad Momend",
              "bowler": "GK Berg",
              "extras": {
                "wides": 5
              },
              "non_striker": "S Kushretha",
              "runs": {
                "batter": 0,
                "extras": 5,
                "total": 5
              }
            },
            {
              "batter": "Milad Momend",
              "bowler": "GK Berg",
              "non_striker": "S Kushretha",
              "runs": {
                "batter": 0,
                "extras": 0,
                "total": 0
              }
            }
          ]
        },
        {
          "over": 15,
          "deliveries": [
            {
              "batter": "S Kushretha",
              "bowler": "TJ Draca",
              "non_striker": "Milad Momend",
              "runs": {
                "batter": 1,
                "extras": 0,
                "total": 1
              }
            },
            {
              "batter": "Milad Momend",
              "bowler": "TJ Draca",
              "non_striker": "S Kushretha",
              "runs": {
                "batter": 0,
                "extras": 0,
                "total": 0
              }
            },
            {
              "batter": "Milad Momend",
              "bowler": "TJ Draca",
              "extras": {
                "noballs": 1
              },
              "non_striker": "S Kushretha",
              "runs": {
                "batter": 0,
                "extras": 1,
                "total": 1
              }
            },
            {
              "batter": "Milad Momend",
              "bowler": "TJ Draca",
              "non_striker": "S Kushretha",
              "runs": {
                "batter": 0,
                "extras": 0,
                "total": 0
              }
            },
            {
              "batter": "Milad Momend",
              "bowler": "TJ Draca",
              "non_striker": "S Kushretha",
              "runs": {
                "batter": 0,
                "extras": 0,
                "total": 0
              }
            },
            {
              "batter": "Milad Momend",
              "bowler": "TJ Draca",
              "non_striker": "S Kushretha",
              "runs": {
                "batter": 0,
                "extras": 0,
                "total": 0
              }
            },
            {
              "batter": "Milad Momend",
              "bowler": "TJ Draca",
              "non_striker": "S Kushretha",
              "runs": {
                "batter": 2,
                "extras": 0,
                "total": 2
              }
            }
          ]
        },
        {
          "over": 16,
          "deliveries": [
            {
              "batter": "S Kushretha",
              "bowler": "HJ Manenti",
              "non_striker": "Milad Momend",
              "runs": {
                "batter": 2,
                "extras": 0,
                "total": 2
              }
            },
            {
              "batter": "Milad Momend",
              "bowler": "HJ Manenti",
              "non_striker": "S Kushretha",
              "runs": {
                "batter": 0,
                "extras": 0,
                "total": 0
              }
            },
            {
              "batter": "Milad Momend",
              "bowler": "HJ Manenti",
              "non_striker": "S Kushretha",
              "runs": {
                "batter": 0,
                "extras": 0,
                "total": 0
              }
            },
            {
              "batter": "Milad Momend",
              "bowler": "HJ Manenti",
              "non_striker": "S Kushretha",
              "runs": {
                "batter": 0,
                "extras": 0,
                "total": 0
              }
            },
            {
              "batter": "Milad Momend",
              "bowler": "HJ Manenti",
              "non_striker": "S Kushretha",
              "runs": {
                "batter": 0,
                "extras": 0,
                "total": 0
              }
            },
            {
              "batter": "Milad Momend",
              "bowler": "HJ Manenti",
              "non_striker": "S Kushretha",
              "runs": {
                "batter": 0,
                "extras": 0,
                "total": 0
              },
              "wickets": [
                {
                  "player_out": "Milad Momend",
                  "kind": "bowled"
                }
              ]
            }
          ]
        },
        {
          "over": 17,
          "deliveries": [
            {
              "batter": "S Kushretha",
              "bowler": "Zain Ali",
              "non_striker": "A Nanda",
              "runs": {
                "batter": 1,
                "extras": 0,
                "total": 1
              }
            },
            {
              "batter": "A Nanda",
              "bowler": "Zain Ali",
              "non_striker": "S Kushretha",
              "runs": {
                "batter": 1,
                "extras": 0,
                "total": 1
              }
            },
            {
              "batter": "S Kushretha",
              "bowler": "Zain Ali",
              "non_striker": "A Nanda",
              "runs": {
                "batter": 0,
                "extras": 0,
                "total": 0
              }
            },
            {
              "batter": "S Kushretha",
              "bowler": "Zain Ali",
              "non_striker": "A Nanda",
              "runs": {
                "batter": 0,
                "extras": 0,
                "total": 0
              }
            },
            {
              "batter": "S Kushretha",
              "bowler": "Zain Ali",
              "non_striker": "A Nanda",
              "runs": {
                "batter": 0,
                "extras": 0,
                "total": 0
              }
            },
            {
              "batter": "S Kushretha",
              "bowler": "Zain Ali",
              "non_striker": "A Nanda",
              "runs": {
                "batter": 2,
                "extras": 0,
                "total": 2
              }
            }
          ]
        },
        {
          "over": 18,
          "deliveries": [
            {
              "batter": "A Nanda",
              "bowler": "HJ Manenti",
              "non_striker": "S Kushretha",
              "runs": {
                "batter": 0,
                "extras": 0,
                "total": 0
              }
            },
            {
              "batter": "A Nanda",
              "bowler": "HJ Manenti",
              "non_striker": "S Kushretha",
              "runs": {
                "batter": 0,
                "extras": 0,
                "total": 0
              }
            },
            {
              "batter": "A Nanda",
              "bowler": "HJ Manenti",
              "non_striker": "S Kushretha",
              "runs": {
                "batter": 1,
                "extras": 0,
                "total": 1
              }
            },
            {
              "batter": "S Kushretha",
              "bowler": "HJ Manenti",
              "non_striker": "A Nanda",
              "runs": {
                "batter": 0,
                "extras": 0,
                "total": 0
              }
            },
            {
              "batter": "S Kushretha",
              "bowler": "HJ Manenti",
              "non_striker": "A Nanda",
              "runs": {
                "batter": 0,
                "extras": 0,
                "total": 0
              }
            },
            {
              "batter": "S Kushretha",
              "bowler": "HJ Manenti",
              "non_striker": "A Nanda",
              "runs": {
                "batter": 0,
                "extras": 0,
                "total": 0
              }
            }
          ]
        },
        {
          "over": 19,
          "deliveries": [
            {
              "batter": "A Nanda",
              "bowler": "CJPF Kalugamage",
              "non_striker": "S Kushretha",
              "runs": {
                "batter": 0,
                "extras": 0,
                "total": 0
              }
            },
            {
              "batter": "A Nanda",
              "bowler": "CJPF Kalugamage",
              "non_striker": "S Kushretha",
              "runs": {
                "batter": 0,
                "extras": 0,
                "total": 0
              }
            },
            {
              "batter": "A Nanda",
              "bowler": "CJPF Kalugamage",
              "non_striker": "S Kushretha",
              "runs": {
                "batter": 1,
                "extras": 0,
                "total": 1
              }
            },
            {
              "batter": "S Kushretha",
              "bowler": "CJPF Kalugamage",
              "non_striker": "A Nanda",
              "runs": {
                "batter": 0,
                "extras": 0,
                "total": 0
              }
            },
            {
              "batter": "S Kushretha",
              "bowler": "CJPF Kalugamage",
              "non_striker": "A Nanda",
              "runs": {
                "batter": 0,
                "extras": 0,
                "total": 0
              }
            },
            {
              "batter": "S Kushretha",
              "bowler": "CJPF Kalugamage",
              "non_striker": "A Nanda",
              "runs": {
                "batter": 0,
                "extras": 0,
                "total": 0
              }
            }
          ]
        }
      ],
      "powerplays": [
        {
          "from": 0.1,
          "to": 5.6,
          "type": "mandatory"
        }
      ],
      "target": {
        "overs": 20,
        "runs": 167
      }
    }
  ]
}