{
  "meta": {
    "data_version": "1.1.0",
    "created": "2024-09-08",
    "revision": 1
  },
  "info": {
    "balls_per_over": 6,
    "city": "Edinburgh",
    "dates": [
      "2024-09-07"
    ],
    "event": {
      "name": "Australia tour of Scotland",
      "match_number": 3
    },
    "gender": "male",
    "match_type": "T20",
    "match_type_number": 2846,
    "officials": {
      "match_referees": [
        "RB Richardson"
      ],
      "reserve_umpires": [
        "I McDonald"
      ],
      "umpires": [
        "DH Mclean",
        "Ryan Milne"
      ]
    },
    "outcome": {
      "winner": "Australia",
      "by": {
        "wickets": 6
      }
    },
    "overs": 20,
    "player_of_match": [
      "C Green"
    ],
    "players": {
      "Scotland": [
        "HG Munsey",
        "OJ Hairs",
        "BJ McMullen",
        "RD Berrington",
        "MH Cross",
        "MA Leask",
        "MRJ Watt",
        "J Jarvis",
        "CB Sole",
        "SM Sharif",
        "BJ Currie"
      ],
      "Australia": [
        "TM Head",
        "J Fraser-McGurk",
        "MR Marsh",
        "C Green",
        "TH David",
        "AM Hardie",
        "MP Stoinis",
        "JP Inglis",
        "C Connolly",
        "SA Abbott",
        "A Zampa"
      ]
    },
    "registry": {
      "people": {
        "A Zampa": "14f96089",
        "AM Hardie": "d405c0d5",
        "BJ Currie": "2ecd844a",
        "BJ McMullen": "436c763a",
        "C Connolly": "fe366f34",
        "C Green": "eaa76d3c",
        "CB Sole": "469ccead",
        "DH Mclean": "281d4749",
        "HG Munsey": "ff014c34",
        "I McDonald": "37b55799",
        "J Fraser-McGurk": "9b6e1b3f",
        "J Jarvis": "ab54f9e7",
        "JP Inglis": "989889ff",
        "MA Leask": "28131839",
        "MH Cross": "8b261d84",
        "MP Stoinis": "d9273ee7",
        "MR Marsh": "3d8feaf8",
        "MRJ Watt": "1252f71a",
        "OJ Hairs": "c8a7b014",
        "RB Richardson": "410e2f12",
        "RD Berrington": "e21bc7f3",
        "Ryan Milne": "d2343b26",
        "SA Abbott": "1a2676c5",
        "SM Sharif": "f43dd8c2",
        "TH David": "f1f99156",
        "TM Head": "12b610c2"
      }
    },
    "season": "2024",
    "team_type": "international",
    "teams": [
      "Scotland",
      "Australia"
    ],
    "toss": {
      "decision": "field",
      "winner": "Australia"
    },
    "venue": "Grange Cricket Club Ground, Raeburn Place, Edinburgh"
  },
  "innings": [
    {
      "team": "Scotland",
      "overs": [
        {
          "over": 0,
          "deliveries": [
            {
              "batter": "HG Munsey",
              "bowler": "AM Hardie",
              "non_striker": "OJ Hairs",
              "runs": {
                "batter": 0,
                "extras": 0,
                "total": 0
              }
            },
            {
              "batter": "HG Munsey",
              "bowler": "AM Hardie",
              "non_striker": "OJ Hairs",
              "runs": {
                "batter": 0,
                "extras": 0,
                "total": 0
              }
            },
            {
              "batter": "HG Munsey",
              "bowler": "AM Hardie",
              "non_striker": "OJ Hairs",
              "runs": {
                "batter": 2,
                "extras": 0,
                "total": 2
              }
            },
            {
              "batter": "HG Munsey",
              "bowler": "AM Hardie",
              "non_striker": "OJ Hairs",
              "runs": {
                "batter": 1,
                "extras": 0,
                "total": 1
              }
            },
            {
              "batter": "OJ Hairs",
              "bowler": "AM Hardie",
              "non_striker": "HG Munsey",
              "runs": {
                "batter": 4,
                "extras": 0,
                "total": 4
              }
            },
            {
              "batter": "OJ Hairs",
              "bowler": "AM Hardie",
              "non_striker": "HG Munsey",
              "runs": {
                "batter": 0,
                "extras": 0,
                "total": 0
              }
            }
          ]
        },
        {
          "over": 1,
          "deliveries": [
            {
              "batter": "HG Munsey",
              "bowler": "SA Abbott",
              "non_striker": "OJ Hairs",
              "runs": {
                "batter": 1,
                "extras": 0,
                "total": 1
              }
            },
            {
              "batter": "OJ Hairs",
              "bowler": "SA Abbott",
              "non_striker": "HG Munsey",
              "runs": {
                "batter": 1,
                "extras": 0,
                "total": 1
              }
            },
            {
              "batter": "HG Munsey",
              "bowler": "SA Abbott",
              "extras": {
                "wides": 1
              },
              "non_striker": "OJ Hairs",
              "runs": {
                "batter": 0,
                "extras": 1,
                "total": 1
              }
            },
            {
              "batter": "HG Munsey",
              "bowler": "SA Abbott",
              "non_striker": "OJ Hairs",
              "runs": {
                "batter": 1,
                "extras": 0,
                "total": 1
              }
            },
            {
              "batter": "OJ Hairs",
              "bowler": "SA Abbott",
              "non_striker": "HG Munsey",
              "runs": {
                "batter": 0,
                "extras": 0,
                "total": 0
              }
            },
            {
              "batter": "OJ Hairs",
              "bowler": "SA Abbott",
              "non_striker": "HG Munsey",
              "runs": {
                "batter": 6,
                "extras": 0,
                "total": 6
              }
            },
            {
              "batter": "OJ Hairs",
              "bowler": "SA Abbott",
              "non_striker": "HG Munsey",
              "runs": {
                "batter": 1,
                "extras": 0,
                "total": 1
              }
            }
          ]
        },
        {
          "over": 2,
          "deliveries": [
            {
              "batter": "OJ Hairs",
              "bowler": "AM Hardie",
              "non_striker": "HG Munsey",
              "runs": {
                "batter": 0,
                "extras": 0,
                "total": 0
              }
            },
            {
              "batter": "OJ Hairs",
              "bowler": "AM Hardie",
              "non_striker": "HG Munsey",
              "runs": {
                "batter": 0,
                "extras": 0,
                "total": 0
              },
              "wickets": [
                {
                  "player_out": "OJ Hairs",
                  "kind": "bowled"
                }
              ]
            },
            {
              "batter": "BJ McMullen",
              "bowler": "AM Hardie",
              "non_striker": "HG Munsey",
              "runs": {
                "batter": 1,
                "extras": 0,
                "total": 1
              }
            },
            {
              "batter": "HG Munsey",
              "bowler": "AM Hardie",
              "non_striker": "BJ McMullen",
              "runs": {
                "batter": 0,
                "extras": 0,
                "total": 0
              }
            },
            {
              "batter": "HG Munsey",
              "bowler": "AM Hardie",
              "non_striker": "BJ McMullen",
              "runs": {
                "batter": 2,
                "extras": 0,
                "total": 2
              }
            },
            {
              "batter": "HG Munsey",
              "bowler": "AM Hardie",
              "non_striker": "BJ McMullen",
              "runs": {
                "batter": 6,
                "extras": 0,
                "total": 6
              }
            }
          ]
        },
        {
          "over": 3,
          "deliveries": [
            {
              "batter": "BJ McMullen",
              "bowler": "C Connolly",
              "non_striker": "HG Munsey",
              "runs": {
                "batter": 1,
                "extras": 0,
                "total": 1
              }
            },
            {
              "batter": "HG Munsey",
              "bowler": "C Connolly",
              "non_striker": "BJ McMullen",
              "runs": {
                "batter": 0,
                "extras": 0,
                "total": 0
              }
            },
            {
              "batter": "HG Munsey",
              "bowler": "C Connolly",
              "non_striker": "BJ McMullen",
              "runs": {
                "batter": 1,
                "extras": 0,
                "total": 1
              }
            },
            {
              "batter": "BJ McMullen",
              "bowler": "C Connolly",
              "non_striker": "HG Munsey",
              "runs": {
                "batter": 6,
                "extras": 0,
                "total": 6
              }
            },
            {
              "batter": "BJ McMullen",
              "bowler": "C Connolly",
              "non_striker": "HG Munsey",
              "runs": {
                "batter": 0,
                "extras": 0,
                "total": 0
              }
            },
            {
              "batter": "BJ McMullen",
              "bowler": "C Connolly",
              "non_striker": "HG Munsey",
              "runs": {
                "batter": 1,
                "extras": 0,
                "total": 1
              }
            }
          ]
        },
        {
          "over": 4,
          "deliveries": [
            {
              "batter": "BJ McMullen",
              "bowler": "MP Stoinis",
              "non_striker": "HG Munsey",
              "runs": {
                "batter": 4,
                "extras": 0,
                "total": 4
              }
            },
            {
              "batter": "BJ McMullen",
              "bowler": "MP Stoinis",
              "non_striker": "HG Munsey",
              "runs": {
                "batter": 0,
                "extras": 0,
                "total": 0
              }
            },
            {
              "batter": "BJ McMullen",
              "bowler": "MP Stoinis",
              "non_striker": "HG Munsey",
              "runs": {
                "batter": 0,
                "extras": 0,
                "total": 0
              }
            },
            {
              "batter": "BJ McMullen",
              "bowler": "MP Stoinis",
              "non_striker": "HG Munsey",
              "runs": {
                "batter": 1,
                "extras": 0,
                "total": 1
              }
            },
            {
              "batter": "HG Munsey",
              "bowler": "MP Stoinis",
              "non_striker": "BJ McMullen",
              "runs": {
                "batter": 0,
                "extras": 0,
                "total": 0
              }
            },
            {
              "batter": "HG Munsey",
              "bowler": "MP Stoinis",
              "non_striker": "BJ McMullen",
              "runs": {
                "batter": 1,
                "extras": 0,
                "total": 1
              }
            }
          ]
        },
        {
          "over": 5,
          "deliveries": [
            {
              "batter": "HG Munsey",
              "bowler": "C Green",
              "non_striker": "BJ McMullen",
              "runs": {
                "batter": 4,
                "extras": 0,
                "total": 4
              }
            },
            {
              "batter": "HG Munsey",
              "bowler": "C Green",
              "non_striker": "BJ McMullen",
              "runs": {
                "batter": 6,
                "extras": 0,
                "total": 6
              }
            },
            {
              "batter": "HG Munsey",
              "bowler": "C Green",
              "non_striker": "BJ McMullen",
              "runs": {
                "batter": 0,
                "extras": 0,
                "total": 0
              }
            },
            {
              "batter": "HG Munsey",
              "bowler": "C Green",
              "non_striker": "BJ McMullen",
              "runs": {
                "batter": 0,
                "extras": 0,
                "total": 0
              },
              "wickets": [
                {
                  "player_out": "HG Munsey",
                  "fielders": [
                    {
                      "name": "TM Head"
                    }
                  ],
                  "kind": "caught"
                }
              ]
            },
            {
              "batter": "RD Berrington",
              "bowler": "C Green",
              "non_striker": "BJ McMullen",
              "runs": {
                "batter": 0,
                "extras": 0,
                "total": 0
              }
            },
            {
              "batter": "RD Berrington",
              "bowler": "C Green",
              "non_striker": "BJ McMullen",
              "runs": {
                "batter": 2,
                "extras": 0,
                "total": 2
              }
            }
          ]
        },
        {
          "over": 6,
          "deliveries": [
            {
              "batter": "BJ McMullen",
              "bowler": "C Connolly",
              "non_striker": "RD Berrington",
              "runs": {
                "batter": 0,
                "extras": 0,
                "total": 0
              }
            },
            {
              "batter": "BJ McMullen",
              "bowler": "C Connolly",
              "non_striker": "RD Berrington",
              "runs": {
                "batter": 2,
                "extras": 0,
                "total": 2
              }
            },
            {
              "batter": "BJ McMullen",
              "bowler": "C Connolly",
              "non_striker": "RD Berrington",
              "runs": {
                "batter": 1,
                "extras": 0,
                "total": 1
              }
            },
            {
              "batter": "RD Berrington",
              "bowler": "C Connolly",
              "non_striker": "BJ McMullen",
              "runs": {
                "batter": 0,
                "extras": 0,
                "total": 0
              }
            },
            {
              "batter": "RD Berrington",
              "bowler": "C Connolly",
              "non_striker": "BJ McMullen",
              "runs": {
                "batter": 4,
                "extras": 0,
                "total": 4
              }
            },
            {
              "batter": "RD Berrington",
              "bowler": "C Connolly",
              "non_striker": "BJ McMullen",
              "runs": {
                "batter": 0,
                "extras": 0,
                "total": 0
              }
            }
          ]
        },
        {
          "over": 7,
          "deliveries": [
            {
              "batter": "BJ McMullen",
              "bowler": "A Zampa",
              "non_striker": "RD Berrington",
              "runs": {
                "batter": 1,
                "extras": 0,
                "total": 1
              }
            },
            {
              "batter": "RD Berrington",
              "bowler": "A Zampa",
              "non_striker": "BJ McMullen",
              "runs": {
                "batter": 1,
                "extras": 0,
                "total": 1
              }
            },
            {
              "batter": "BJ McMullen",
              "bowler": "A Zampa",
              "non_striker": "RD Berrington",
              "runs": {
                "batter": 1,
                "extras": 0,
                "total": 1
              }
            },
            {
              "batter": "RD Berrington",
              "bowler": "A Zampa",
              "non_striker": "BJ McMullen",
              "runs": {
                "batter": 0,
                "extras": 0,
                "total": 0
              }
            },
            {
              "batter": "RD Berrington",
              "bowler": "A Zampa",
              "non_striker": "BJ McMullen",
              "runs": {
                "batter": 1,
                "extras": 0,
                "total": 1
              }
            },
            {
              "batter": "BJ McMullen",
              "bowler": "A Zampa",
              "non_striker": "RD Berrington",
              "runs": {
                "batter": 2,
                "extras": 0,
                "total": 2
              }
            }
          ]
        },
        {
          "over": 8,
          "deliveries": [
            {
              "batter": "RD Berrington",
              "bowler": "C Green",
              "non_striker": "BJ McMullen",
              "runs": {
                "batter": 0,
                "extras": 0,
                "total": 0
              },
              "wickets": [
                {
                  "player_out": "RD Berrington",
                  "kind": "bowled"
                }
              ]
            },
            {
              "batter": "MH Cross",
              "bowler": "C Green",
              "non_striker": "BJ McMullen",
              "runs": {
                "batter": 0,
                "extras": 0,
                "total": 0
              }
            },
            {
              "batter": "MH Cross",
              "bowler": "C Green",
              "non_striker": "BJ McMullen",
              "runs": {
                "batter": 0,
                "extras": 0,
                "total": 0
              }
            },
            {
              "batter": "MH Cross",
              "bowler": "C Green",
              "non_striker": "BJ McMullen",
              "runs": {
                "batter": 1,
                "extras": 0,
                "total": 1
              }
            },
            {
              "batter": "BJ McMullen",
              "bowler": "C Green",
              "non_striker": "MH Cross",
              "runs": {
                "batter": 0,
                "extras": 0,
                "total": 0
              }
            },
            {
              "batter": "BJ McMullen",
              "bowler": "C Green",
              "non_striker": "MH Cross",
              "runs": {
                "batter": 6,
                "extras": 0,
                "total": 6
              }
            }
          ]
        },
        {
          "over": 9,
          "deliveries": [
            {
              "batter": "MH Cross",
              "bowler": "A Zampa",
              "non_striker": "BJ McMullen",
              "runs": {
                "batter": 0,
                "extras": 0,
                "total": 0
              }
            },
            {
              "batter": "MH Cross",
              "bowler": "A Zampa",
              "non_striker": "BJ McMullen",
              "runs": {
                "batter": 0,
                "extras": 0,
                "total": 0
              }
            },
            {
              "batter": "MH Cross",
              "bowler": "A Zampa",
              "non_striker": "BJ McMullen",
              "runs": {
                "batter": 0,
                "extras": 0,
                "total": 0
              }
            },
            {
              "batter": "MH Cross",
              "bowler": "A Zampa",
              "non_striker": "BJ McMullen",
              "runs": {
                "batter": 4,
                "extras": 0,
                "total": 4
              }
            },
            {
              "batter": "MH Cross",
              "bowler": "A Zampa",
              "non_striker": "BJ McMullen",
              "runs": {
                "batter": 0,
                "extras": 0,
                "total": 0
              }
            },
            {
              "batter": "MH Cross",
              "bowler": "A Zampa",
              "non_striker": "BJ McMullen",
              "runs": {
                "batter": 0,
                "extras": 0,
                "total": 0
              }
            }
          ]
        },
        {
          "over": 10,
          "deliveries": [
            {
              "batter": "BJ McMullen",
              "bowler": "SA Abbott",
              "non_striker": "MH Cross",
              "runs": {
                "batter": 0,
                "extras": 0,
                "total": 0
              }
            },
            {
              "batter": "BJ McMullen",
              "bowler": "SA Abbott",
              "non_striker": "MH Cross",
              "runs": {
                "batter": 1,
                "extras": 0,
                "total": 1
              }
            },
            {
              "batter": "MH Cross",
              "bowler": "SA Abbott",
              "non_striker": "BJ McMullen",
              "runs": {
                "batter": 0,
                "extras": 0,
                "total": 0
              }
            },
            {
              "batter": "MH Cross",
              "bowler": "SA Abbott",
              "non_striker": "BJ McMullen",
              "runs": {
                "batter": 1,
                "extras": 0,
                "total": 1
              }
            },
            {
              "batter": "BJ McMullen",
              "bowler": "SA Abbott",
              "non_striker": "MH Cross",
              "runs": {
                "batter": 1,
                "extras": 0,
                "total": 1
              }
            },
            {
              "batter": "MH Cross",
              "bowler": "SA Abbott",
              "non_striker": "BJ McMullen",
              "runs": {
                "batter": 1,
                "extras": 0,
                "total": 1
              }
            }
          ]
        },
        {
          "over": 11,
          "deliveries": [
            {
              "batter": "MH Cross",
              "bowler": "A Zampa",
              "non_striker": "BJ McMullen",
              "runs": {
                "batter": 0,
                "extras": 0,
                "total": 0
              },
              "wickets": [
                {
                  "player_out": "MH Cross",
                  "kind": "bowled"
                }
              ]
            },
            {
              "batter": "MA Leask",
              "bowler": "A Zampa",
              "non_striker": "BJ McMullen",
              "runs": {
                "batter": 1,
                "extras": 0,
                "total": 1
              }
            },
            {
              "batter": "BJ McMullen",
              "bowler": "A Zampa",
              "non_striker": "MA Leask",
              "runs": {
                "batter": 1,
                "extras": 0,
                "total": 1
              }
            },
            {
              "batter": "MA Leask",
              "bowler": "A Zampa",
              "non_striker": "BJ McMullen",
              "runs": {
                "batter": 1,
                "extras": 0,
                "total": 1
              }
            },
            {
              "batter": "BJ McMullen",
              "bowler": "A Zampa",
              "non_striker": "MA Leask",
              "runs": {
                "batter": 6,
                "extras": 0,
                "total": 6
              }
            },
            {
              "batter": "BJ McMullen",
              "bowler": "A Zampa",
              "extras": {
                "legbyes": 1
              },
              "non_striker": "MA Leask",
              "runs": {
                "batter": 0,
                "extras": 1,
                "total": 1
              }
            }
          ]
        },
        {
          "over": 12,
          "deliveries": [
            {
              "batter": "BJ McMullen",
              "bowler": "C Green",
              "non_striker": "MA Leask",
              "runs": {
                "batter": 2,
                "extras": 0,
                "total": 2
              }
            },
            {
              "batter": "BJ McMullen",
              "bowler": "C Green",
              "non_striker": "MA Leask",
              "runs": {
                "batter": 4,
                "extras": 0,
                "total": 4
              }
            },
            {
              "batter": "BJ McMullen",
              "bowler": "C Green",
              "non_striker": "MA Leask",
              "runs": {
                "batter": 1,
                "extras": 0,
                "total": 1
              }
            },
            {
              "batter": "MA Leask",
              "bowler": "C Green",
              "non_striker": "BJ McMullen",
              "runs": {
                "batter": 4,
                "extras": 0,
                "total": 4
              }
            },
            {
              "batter": "MA Leask",
              "bowler": "C Green",
              "non_striker": "BJ McMullen",
              "runs": {
                "batter": 1,
                "extras": 0,
                "total": 1
              }
            },
            {
              "batter": "BJ McMullen",
              "bowler": "C Green",
              "non_striker": "MA Leask",
              "runs": {
                "batter": 1,
                "extras": 0,
                "total": 1
              }
            }
          ]
        },
        {
          "over": 13,
          "deliveries": [
            {
              "batter": "BJ McMullen",
              "bowler": "SA Abbott",
              "non_striker": "MA Leask",
              "runs": {
                "batter": 1,
                "extras": 0,
                "total": 1
              }
            },
            {
              "batter": "MA Leask",
              "bowler": "SA Abbott",
              "non_striker": "BJ McMullen",
              "runs": {
                "batter": 6,
                "extras": 0,
                "total": 6
              }
            },
            {
              "batter": "MA Leask",
              "bowler": "SA Abbott",
              "non_striker": "BJ McMullen",
              "runs": {
                "batter": 0,
                "extras": 0,
                "total": 0
              }
            },
            {
              "batter": "MA Leask",
              "bowler": "SA Abbott",
              "non_striker": "BJ McMullen",
              "runs": {
                "batter": 0,
                "extras": 0,
                "total": 0
              },
              "wickets": [
                {
                  "player_out": "MA Leask",
                  "fielders": [
                    {
                      "name": "TH David"
                    }
                  ],
                  "kind": "caught"
                }
              ]
            },
            {
              "batter": "MRJ Watt",
              "bowler": "SA Abbott",
              "non_striker": "BJ McMullen",
              "runs": {
                "batter": 1,
                "extras": 0,
                "total": 1
              }
            },
            {
              "batter": "BJ McMullen",
              "bowler": "SA Abbott",
              "non_striker": "MRJ Watt",
              "runs": {
                "batter": 1,
                "extras": 0,
                "total": 1
              }
            }
          ]
        },
        {
          "over": 14,
          "deliveries": [
            {
              "batter": "BJ McMullen",
              "bowler": "C Connolly",
              "non_striker": "MRJ Watt",
              "runs": {
                "batter": 1,
                "extras": 0,
                "total": 1
              }
            },
            {
              "batter": "MRJ Watt",
              "bowler": "C Connolly",
              "non_striker": "BJ McMullen",
              "runs": {
                "batter": 1,
                "extras": 0,
                "total": 1
              }
            },
            {
              "batter": "BJ McMullen",
              "bowler": "C Connolly",
              "non_striker": "MRJ Watt",
              "runs": {
                "batter": 1,
                "extras": 0,
                "total": 1
              }
            },
            {
              "batter": "MRJ Watt",
              "bowler": "C Connolly",
              "non_striker": "BJ McMullen",
              "runs": {
                "batter": 1,
                "extras": 0,
                "total": 1
              }
            },
            {
              "batter": "BJ McMullen",
              "bowler": "C Connolly",
              "non_striker": "MRJ Watt",
              "runs": {
                "batter": 4,
                "extras": 0,
                "total": 4
              }
            },
            {
              "batter": "BJ McMullen",
              "bowler": "C Connolly",
              "non_striker": "MRJ Watt",
              "runs": {
                "batter": 1,
                "extras": 0,
                "total": 1
              }
            }
          ]
        },
        {
          "over": 15,
          "deliveries": [
            {
              "batter": "BJ McMullen",
              "bowler": "A Zampa",
              "non_striker": "MRJ Watt",
              "runs": {
                "batter": 0,
                "extras": 0,
                "total": 0
              }
            },
            {
              "batter": "BJ McMullen",
              "bowler": "A Zampa",
              "non_striker": "MRJ Watt",
              "runs": {
                "batter": 0,
                "extras": 0,
                "total": 0
              }
            },
            {
              "batter": "BJ McMullen",
              "bowler": "A Zampa",
              "non_striker": "MRJ Watt",
              "runs": {
                "batter": 1,
                "extras": 0,
                "total": 1
              }
            },
            {
              "batter": "MRJ Watt",
              "bowler": "A Zampa",
              "non_striker": "BJ McMullen",
              "runs": {
                "batter": 6,
                "extras": 0,
                "total": 6
              }
            },
            {
              "batter": "MRJ Watt",
              "bowler": "A Zampa",
              "non_striker": "BJ McMullen",
              "runs": {
                "batter": 1,
                "extras": 0,
                "total": 1
              }
            },
            {
              "batter": "BJ McMullen",
              "bowler": "A Zampa",
              "non_striker": "MRJ Watt",
              "runs": {
                "batter": 1,
                "extras": 0,
                "total": 1
              }
            }
          ]
        },
        {
          "over": 16,
          "deliveries": [
            {
              "batter": "BJ McMullen",
              "bowler": "MP Stoinis",
              "non_striker": "MRJ Watt",
              "runs": {
                "batter": 1,
                "extras": 0,
                "total": 1
              }
            },
            {
              "batter": "MRJ Watt",
              "bowler": "MP Stoinis",
              "non_striker": "BJ McMullen",
              "runs": {
                "batter": 4,
                "extras": 0,
                "total": 4
              }
            },
            {
              "batter": "MRJ Watt",
              "bowler": "MP Stoinis",
              "non_striker": "BJ McMullen",
              "runs": {
                "batter": 1,
                "extras": 0,
                "total": 1
              }
            },
            {
              "batter": "BJ McMullen",
              "bowler": "MP Stoinis",
              "non_striker": "MRJ Watt",
              "runs": {
                "batter": 0,
                "extras": 0,
                "total": 0
              },
              "wickets": [
                {
                  "player_out": "BJ McMullen",
                  "fielders": [
                    {
                      "name": "TM Head"
                    }
                  ],
                  "kind": "caught"
                }
              ]
            },
            {
              "batter": "J Jarvis",
              "bowler": "MP Stoinis",
              "non_striker": "MRJ Watt",
              "runs": {
                "batter": 1,
                "extras": 0,
                "total": 1
              }
            },
            {
              "batter": "MRJ Watt",
              "bowler": "MP Stoinis",
              "non_striker": "J Jarvis",
              "runs": {
                "batter": 1,
                "extras": 0,
                "total": 1
              }
            }
          ]
        },
        {
          "over": 17,
          "deliveries": [
            {
              "batter": "MRJ Watt",
              "bowler": "SA Abbott",
              "non_striker": "J Jarvis",
              "runs": {
                "batter": 1,
                "extras": 0,
                "total": 1
              }
            },
            {
              "batter": "J Jarvis",
              "bowler": "SA Abbott",
              "non_striker": "MRJ Watt",
              "runs": {
                "batter": 2,
                "extras": 0,
                "total": 2
              }
            },
            {
              "batter": "J Jarvis",
              "bowler": "SA Abbott",
              "non_striker": "MRJ Watt",
              "runs": {
                "batter": 0,
                "extras": 0,
                "total": 0
              },
              "wickets": [
                {
                  "player_out": "J Jarvis",
                  "fielders": [
                    {
                      "name": "MR Marsh"
                    }
                  ],
                  "kind": "caught"
                }
              ]
            },
            {
              "batter": "CB Sole",
              "bowler": "SA Abbott",
              "non_striker": "MRJ Watt",
              "runs": {
                "batter": 0,
                "extras": 0,
                "total": 0
              }
            },
            {
              "batter": "CB Sole",
              "bowler": "SA Abbott",
              "non_striker": "MRJ Watt",
              "runs": {
                "batter": 0,
                "extras": 0,
                "total": 0
              }
            },
            {
              "batter": "CB Sole",
              "bowler": "SA Abbott",
              "non_striker": "MRJ Watt",
              "runs": {
                "batter": 1,
                "extras": 0,
                "total": 1
              }
            }
          ]
        },
        {
          "over": 18,
          "deliveries": [
            {
              "batter": "CB Sole",
              "bowler": "AM Hardie",
              "non_striker": "MRJ Watt",
              "runs": {
                "batter": 0,
                "extras": 0,
                "total": 0
              }
            },
            {
              "batter": "CB Sole",
              "bowler": "AM Hardie",
              "non_striker": "MRJ Watt",
              "runs": {
                "batter": 0,
                "extras": 0,
                "total": 0
              }
            },
            {
              "batter": "CB Sole",
              "bowler": "AM Hardie",
              "non_striker": "MRJ Watt",
              "runs": {
                "batter": 1,
                "extras": 0,
                "total": 1
              }
            },
            {
              "batter": "MRJ Watt",
              "bowler": "AM Hardie",
              "non_striker": "CB Sole",
              "runs": {
                "batter": 1,
                "extras": 0,
                "total": 1
              }
            },
            {
              "batter": "CB Sole",
              "bowler": "AM Hardie",
              "non_striker": "MRJ Watt",
              "runs": {
                "batter": 0,
                "extras": 0,
                "total": 0
              },
              "wickets": [
                {
                  "player_out": "CB Sole",
                  "kind": "bowled"
                }
              ]
            },
            {
              "batter": "SM Sharif",
              "bowler": "AM Hardie",
              "non_striker": "MRJ Watt",
              "runs": {
                "batter": 0,
                "extras": 0,
                "total": 0
              }
            }
          ]
        },
        {
          "over": 19,
          "deliveries": [
            {
              "batter": "MRJ Watt",
              "bowler": "C Green",
              "non_striker": "SM Sharif",
              "runs": {
                "batter": 0,
                "extras": 0,
                "total": 0
              }
            },
            {
              "batter": "MRJ Watt",
              "bowler": "C Green",
              "non_striker": "SM Sharif",
              "runs": {
                "batter": 0,
                "extras": 0,
                "total": 0
              },
              "wickets": [
                {
                  "player_out": "MRJ Watt",
                  "fielders": [
                    {
                      "name": "J Fraser-McGurk"
                    }
                  ],
                  "kind": "caught"
                }
              ]
            },
            {
              "batter": "BJ Currie",
              "bowler": "C Green",
              "extras": {
                "wides": 1
              },
              "non_striker": "SM Sharif",
              "runs": {
                "batter": 0,
                "extras": 1,
                "total": 1
              }
            },
            {
              "batter": "BJ Currie",
              "bowler": "C Green",
              "non_striker": "SM Sharif",
              "runs": {
                "batter": 1,
                "extras": 0,
                "total": 1
              }
            },
            {
              "batter": "SM Sharif",
              "bowler": "C Green",
              "non_striker": "BJ Currie",
              "runs": {
                "batter": 0,
                "extras": 0,
                "total": 0
              }
            },
            {
              "batter": "SM Sharif",
              "bowler": "C Green",
              "non_striker": "BJ Currie",
              "runs": {
                "batter": 0,
                "extras": 0,
                "total": 0
              }
            },
            {
              "batter": "SM Sharif",
              "bowler": "C Green",
              "non_striker": "BJ Currie",
              "runs": {
                "batter": 1,
                "extras": 0,
                "total": 1
              }
            }
          ]
        }
      ],
      "powerplays": [
        {
          "from": 0.1,
          "to": 5.6,
          "type": "mandatory"
        }
      ]
    },
    {
      "team": "Australia",
      "overs": [
        {
          "over": 0,
          "deliveries": [
            {
              "batter": "TM Head",
              "bowler": "BJ McMullen",
              "non_striker": "J Fraser-McGurk",
              "runs": {
                "batter": 0,
                "extras": 0,
                "total": 0
              }
            },
            {
              "batter": "TM Head",
              "bowler": "BJ McMullen",
              "non_striker": "J Fraser-McGurk",
              "runs": {
                "batter": 0,
                "extras": 0,
                "total": 0
              }
            },
            {
              "batter": "TM Head",
              "bowler": "BJ McMullen",
              "non_striker": "J Fraser-McGurk",
              "runs": {
                "batter": 1,
                "extras": 0,
                "total": 1
              }
            },
            {
              "batter": "J Fraser-McGurk",
              "bowler": "BJ McMullen",
              "non_striker": "TM Head",
              "runs": {
                "batter": 0,
                "extras": 0,
                "total": 0
              }
            },
            {
              "batter": "J Fraser-McGurk",
              "bowler": "BJ McMullen",
              "non_striker": "TM Head",
              "runs": {
                "batter": 0,
                "extras": 0,
                "total": 0
              }
            },
            {
              "batter": "J Fraser-McGurk",
              "bowler": "BJ McMullen",
              "non_striker": "TM Head",
              "runs": {
                "batter": 0,
                "extras": 0,
                "total": 0
              }
            }
          ]
        },
        {
          "over": 1,
          "deliveries": [
            {
              "batter": "TM Head",
              "bowler": "BJ Currie",
              "non_striker": "J Fraser-McGurk",
              "runs": {
                "batter": 1,
                "extras": 0,
                "total": 1
              }
            },
            {
              "batter": "J Fraser-McGurk",
              "bowler": "BJ Currie",
              "non_striker": "TM Head",
              "runs": {
                "batter": 0,
                "extras": 0,
                "total": 0
              },
              "wickets": [
                {
                  "player_out": "J Fraser-McGurk",
                  "fielders": [
                    {
                      "name": "BJ McMullen"
                    }
                  ],
                  "kind": "caught"
                }
              ]
            },
            {
              "batter": "MR Marsh",
              "bowler": "BJ Currie",
              "non_striker": "TM Head",
              "runs": {
                "batter": 0,
                "extras": 0,
                "total": 0
              }
            },
            {
              "batter": "MR Marsh",
              "bowler": "BJ Currie",
              "non_striker": "TM Head",
              "runs": {
                "batter": 0,
                "extras": 0,
                "total": 0
              }
            },
            {
              "batter": "MR Marsh",
              "bowler": "BJ Currie",
              "extras": {
                "legbyes": 1
              },
              "non_striker": "TM Head",
              "runs": {
                "batter": 0,
                "extras": 1,
                "total": 1
              }
            },
            {
              "batter": "TM Head",
              "bowler": "BJ Currie",
              "extras": {
                "wides": 1
              },
              "non_striker": "MR Marsh",
              "runs": {
                "batter": 0,
                "extras": 1,
                "total": 1
              }
            },
            {
              "batter": "TM Head",
              "bowler": "BJ Currie",
              "non_striker": "MR Marsh",
              "runs": {
                "batter": 1,
                "extras": 0,
                "total": 1
              }
            }
          ]
        },
        {
          "over": 2,
          "deliveries": [
            {
              "batter": "TM Head",
              "bowler": "BJ McMullen",
              "non_striker": "MR Marsh",
              "runs": {
                "batter": 4,
                "extras": 0,
                "total": 4
              }
            },
            {
              "batter": "TM Head",
              "bowler": "BJ McMullen",
              "non_striker": "MR Marsh",
              "runs": {
                "batter": 4,
                "extras": 0,
                "total": 4
              }
            },
            {
              "batter": "TM Head",
              "bowler": "BJ McMullen",
              "non_striker": "MR Marsh",
              "runs": {
                "batter": 0,
                "extras": 0,
                "total": 0
              }
            },
            {
              "batter": "TM Head",
              "bowler": "BJ McMullen",
              "non_striker": "MR Marsh",
              "runs": {
                "batter": 1,
                "extras": 0,
                "total": 1
              }
            },
            {
              "batter": "MR Marsh",
              "bowler": "BJ McMullen",
              "non_striker": "TM Head",
              "runs": {
                "batter": 0,
                "extras": 0,
                "total": 0
              }
            },
            {
              "batter": "MR Marsh",
              "bowler": "BJ McMullen",
              "non_striker": "TM Head",
              "runs": {
                "batter": 4,
                "extras": 0,
                "total": 4
              }
            }
          ]
        },
        {
          "over": 3,
          "deliveries": [
            {
              "batter": "TM Head",
              "bowler": "BJ Currie",
              "non_striker": "MR Marsh",
              "runs": {
                "batter": 0,
                "extras": 0,
                "total": 0
              }
            },
            {
              "batter": "TM Head",
              "bowler": "BJ Currie",
              "non_striker": "MR Marsh",
              "runs": {
                "batter": 0,
                "extras": 0,
                "total": 0
              },
              "wickets": [
                {
                  "player_out": "TM Head",
                  "fielders": [
                    {
                      "name": "HG Munsey"
                    }
                  ],
                  "kind": "caught"
                }
              ]
            },
            {
              "batter": "C Green",
              "bowler": "BJ Currie",
              "non_striker": "MR Marsh",
              "runs": {
                "batter": 0,
                "extras": 0,
                "total": 0
              }
            },
            {
              "batter": "C Green",
              "bowler": "BJ Currie",
              "non_striker": "MR Marsh",
              "runs": {
                "batter": 0,
                "extras": 0,
                "total": 0
              }
            },
            {
              "batter": "C Green",
              "bowler": "BJ Currie",
              "non_striker": "MR Marsh",
              "runs": {
                "batter": 1,
                "extras": 0,
                "total": 1
              }
            },
            {
              "batter": "MR Marsh",
              "bowler": "BJ Currie",
              "non_striker": "C Green",
              "runs": {
                "batter": 0,
                "extras": 0,
                "total": 0
              }
            }
          ]
        },
        {
          "over": 4,
          "deliveries": [
            {
              "batter": "C Green",
              "bowler": "BJ McMullen",
              "non_striker": "MR Marsh",
              "runs": {
                "batter": 0,
                "extras": 0,
                "total": 0
              }
            },
            {
              "batter": "C Green",
              "bowler": "BJ McMullen",
              "extras": {
                "wides": 5
              },
              "non_striker": "MR Marsh",
              "runs": {
                "batter": 0,
                "extras": 5,
                "total": 5
              }
            },
            {
              "batter": "C Green",
              "bowler": "BJ McMullen",
              "non_striker": "MR Marsh",
              "runs": {
                "batter": 0,
                "extras": 0,
                "total": 0
              }
            },
            {
              "batter": "C Green",
              "bowler": "BJ McMullen",
              "extras": {
                "byes": 1
              },
              "non_striker": "MR Marsh",
              "runs": {
                "batter": 0,
                "extras": 1,
                "total": 1
              }
            },
            {
              "batter": "MR Marsh",
              "bowler": "BJ McMullen",
              "non_striker": "C Green",
              "runs": {
                "batter": 0,
                "extras": 0,
                "total": 0
              }
            },
            {
              "batter": "MR Marsh",
              "bowler": "BJ McMullen",
              "non_striker": "C Green",
              "runs": {
                "batter": 0,
                "extras": 0,
                "total": 0
              }
            },
            {
              "batter": "MR Marsh",
              "bowler": "BJ McMullen",
              "non_striker": "C Green",
              "runs": {
                "batter": 4,
                "extras": 0,
                "total": 4
              }
            }
          ]
        },
        {
          "over": 5,
          "deliveries": [
            {
              "batter": "C Green",
              "bowler": "BJ Currie",
              "non_striker": "MR Marsh",
              "runs": {
                "batter": 1,
                "extras": 0,
                "total": 1
              }
            },
            {
              "batter": "MR Marsh",
              "bowler": "BJ Currie",
              "non_striker": "C Green",
              "runs": {
                "batter": 6,
                "extras": 0,
                "total": 6
              }
            },
            {
              "batter": "MR Marsh",
              "bowler": "BJ Currie",
              "extras": {
                "wides": 1
              },
              "non_striker": "C Green",
              "runs": {
                "batter": 0,
                "extras": 1,
                "total": 1
              }
            },
            {
              "batter": "MR Marsh",
              "bowler": "BJ Currie",
              "non_striker": "C Green",
              "runs": {
                "batter": 1,
                "extras": 0,
                "total": 1
              }
            },
            {
              "batter": "C Green",
              "bowler": "BJ Currie",
              "non_striker": "MR Marsh",
              "runs": {
                "batter": 6,
                "extras": 0,
                "total": 6
              }
            },
            {
              "batter": "C Green",
              "bowler": "BJ Currie",
              "non_striker": "MR Marsh",
              "runs": {
                "batter": 1,
                "extras": 0,
                "total": 1
              }
            },
            {
              "batter": "MR Marsh",
              "bowler": "BJ Currie",
              "non_striker": "C Green",
              "runs": {
                "batter": 0,
                "extras": 0,
                "total": 0
              }
            }
          ]
        },
        {
          "over": 6,
          "deliveries": [
            {
              "batter": "C Green",
              "bowler": "CB Sole",
              "non_striker": "MR Marsh",
              "runs": {
                "batter": 1,
                "extras": 0,
                "total": 1
              }
            },
            {
              "batter": "MR Marsh",
              "bowler": "CB Sole",
              "non_striker": "C Green",
              "runs": {
                "batter": 6,
                "extras": 0,
                "total": 6
              }
            },
            {
              "batter": "MR Marsh",
              "bowler": "CB Sole",
              "non_striker": "C Green",
              "runs": {
                "batter": 1,
                "extras": 0,
                "total": 1
              }
            },
            {
              "batter": "C Green",
              "bowler": "CB Sole",
              "non_striker": "MR Marsh",
              "runs": {
                "batter": 1,
                "extras": 0,
                "total": 1
              }
            },
            {
              "batter": "MR Marsh",
              "bowler": "CB Sole",
              "non_striker": "C Green",
              "runs": {
                "batter": 1,
                "extras": 0,
                "total": 1
              }
            },
            {
              "batter": "C Green",
              "bowler": "CB Sole",
              "non_striker": "MR Marsh",
              "runs": {
                "batter": 1,
                "extras": 0,
                "total": 1
              }
            }
          ]
        },
        {
          "over": 7,
          "deliveries": [
            {
              "batter": "C Green",
              "bowler": "SM Sharif",
              "extras": {
                "wides": 1
              },
              "non_striker": "MR Marsh",
              "runs": {
                "batter": 0,
                "extras": 1,
                "total": 1
              }
            },
            {
              "batter": "C Green",
              "bowler": "SM Sharif",
              "non_striker": "MR Marsh",
              "runs": {
                "batter": 1,
                "extras": 0,
                "total": 1
              }
            },
            {
              "batter": "MR Marsh",
              "bowler": "SM Sharif",
              "non_striker": "C Green",
              "runs": {
                "batter": 4,
                "extras": 0,
                "total": 4
              }
            },
            {
              "batter": "MR Marsh",
              "bowler": "SM Sharif",
              "non_striker": "C Green",
              "runs": {
                "batter": 1,
                "extras": 0,
                "total": 1
              }
            },
            {
              "batter": "C Green",
              "bowler": "SM Sharif",
              "non_striker": "MR Marsh",
              "runs": {
                "batter": 0,
                "extras": 0,
                "total": 0
              }
            },
            {
              "batter": "C Green",
              "bowler": "SM Sharif",
              "non_striker": "MR Marsh",
              "runs": {
                "batter": 1,
                "extras": 0,
                "total": 1
              }
            },
            {
              "batter": "MR Marsh",
              "bowler": "SM Sharif",
              "non_striker": "C Green",
              "runs": {
                "batter": 1,
                "extras": 0,
                "total": 1
              }
            }
          ]
        },
        {
          "over": 8,
          "deliveries": [
            {
              "batter": "MR Marsh",
              "bowler": "MRJ Watt",
              "non_striker": "C Green",
              "runs": {
                "batter": 1,
                "extras": 0,
                "total": 1
              }
            },
            {
              "batter": "C Green",
              "bowler": "MRJ Watt",
              "non_striker": "MR Marsh",
              "runs": {
                "batter": 1,
                "extras": 0,
                "total": 1
              }
            },
            {
              "batter": "MR Marsh",
              "bowler": "MRJ Watt",
              "non_striker": "C Green",
              "runs": {
                "batter": 0,
                "extras": 0,
                "total": 0
              }
            },
            {
              "batter": "MR Marsh",
              "bowler": "MRJ Watt",
              "non_striker": "C Green",
              "runs": {
                "batter": 1,
                "extras": 0,
                "total": 1
              }
            },
            {
              "batter": "C Green",
              "bowler": "MRJ Watt",
              "extras": {
                "wides": 1
              },
              "non_striker": "MR Marsh",
              "runs": {
                "batter": 0,
                "extras": 1,
                "total": 1
              }
            },
            {
              "batter": "C Green",
              "bowler": "MRJ Watt",
              "non_striker": "MR Marsh",
              "runs": {
                "batter": 4,
                "extras": 0,
                "total": 4
              }
            },
            {
              "batter": "C Green",
              "bowler": "MRJ Watt",
              "non_striker": "MR Marsh",
              "runs": {
                "batter": 6,
                "extras": 0,
                "total": 6
              }
            }
          ]
        },
        {
          "over": 9,
          "deliveries": [
            {
              "batter": "MR Marsh",
              "bowler": "J Jarvis",
              "non_striker": "C Green",
              "runs": {
                "batter": 0,
                "extras": 0,
                "total": 0
              }
            },
            {
              "batter": "MR Marsh",
              "bowler": "J Jarvis",
              "non_striker": "C Green",
              "runs": {
                "batter": 0,
                "extras": 0,
                "total": 0
              },
              "wickets": [
                {
                  "player_out": "MR Marsh",
                  "kind": "bowled"
                }
              ]
            },
            {
              "batter": "TH David",
              "bowler": "J Jarvis",
              "non_striker": "C Green",
              "runs": {
                "batter": 2,
                "extras": 0,
                "total": 2
              }
            },
            {
              "batter": "TH David",
              "bowler": "J Jarvis",
              "non_striker": "C Green",
              "runs": {
                "batter": 2,
                "extras": 0,
                "total": 2
              }
            },
            {
              "batter": "TH David",
              "bowler": "J Jarvis",
              "non_striker": "C Green",
              "runs": {
                "batter": 1,
                "extras": 0,
                "total": 1
              }
            },
            {
              "batter": "C Green",
              "bowler": "J Jarvis",
              "non_striker": "TH David",
              "runs": {
                "batter": 2,
                "extras": 0,
                "total": 2
              }
            }
          ]
        },
        {
          "over": 10,
          "deliveries": [
            {
              "batter": "TH David",
              "bowler": "CB Sole",
              "non_striker": "C Green",
              "runs": {
                "batter": 1,
                "extras": 0,
                "total": 1
              }
            },
            {
              "batter": "C Green",
              "bowler": "CB Sole",
              "non_striker": "TH David",
              "runs": {
                "batter": 0,
                "extras": 0,
                "total": 0
              }
            },
            {
              "batter": "C Green",
              "bowler": "CB Sole",
              "non_striker": "TH David",
              "runs": {
                "batter": 0,
                "extras": 0,
                "total": 0
              }
            },
            {
              "batter": "C Green",
              "bowler": "CB Sole",
              "non_striker": "TH David",
              "runs": {
                "batter": 6,
                "extras": 0,
                "total": 6
              }
            },
            {
              "batter": "C Green",
              "bowler": "CB Sole",
              "non_striker": "TH David",
              "runs": {
                "batter": 1,
                "extras": 0,
                "total": 1
              }
            },
            {
              "batter": "TH David",
              "bowler": "CB Sole",
              "non_striker": "C Green",
              "runs": {
                "batter": 1,
                "extras": 0,
                "total": 1
              }
            }
          ]
        },
        {
          "over": 11,
          "deliveries": [
            {
              "batter": "TH David",
              "bowler": "SM Sharif",
              "non_striker": "C Green",
              "runs": {
                "batter": 6,
                "extras": 0,
                "total": 6
              }
            },
            {
              "batter": "TH David",
              "bowler": "SM Sharif",
              "non_striker": "C Green",
              "runs": {
                "batter": 1,
                "extras": 0,
                "total": 1
              }
            },
            {
              "batter": "C Green",
              "bowler": "SM Sharif",
              "non_striker": "TH David",
              "runs": {
                "batter": 0,
                "extras": 0,
                "total": 0
              }
            },
            {
              "batter": "C Green",
              "bowler": "SM Sharif",
              "non_striker": "TH David",
              "runs": {
                "batter": 0,
                "extras": 0,
                "total": 0
              }
            },
            {
              "batter": "C Green",
              "bowler": "SM Sharif",
              "extras": {
                "wides": 1
              },
              "non_striker": "TH David",
              "runs": {
                "batter": 0,
                "extras": 1,
                "total": 1
              }
            },
            {
              "batter": "C Green",
              "bowler": "SM Sharif",
              "non_striker": "TH David",
              "runs": {
                "batter": 1,
                "extras": 0,
                "total": 1
              }
            },
            {
              "batter": "TH David",
              "bowler": "SM Sharif",
              "non_striker": "C Green",
              "runs": {
                "batter": 2,
                "extras": 0,
                "total": 2
              }
            }
          ]
        },
        {
          "over": 12,
          "deliveries": [
            {
              "batter": "C Green",
              "bowler": "MRJ Watt",
              "non_striker": "TH David",
              "runs": {
                "batter": 0,
                "extras": 0,
                "total": 0
              }
            },
            {
              "batter": "C Green",
              "bowler": "MRJ Watt",
              "non_striker": "TH David",
              "runs": {
                "batter": 1,
                "extras": 0,
                "total": 1
              }
            },
            {
              "batter": "TH David",
              "bowler": "MRJ Watt",
              "non_striker": "C Green",
              "runs": {
                "batter": 0,
                "extras": 0,
                "total": 0
              }
            },
            {
              "batter": "TH David",
              "bowler": "MRJ Watt",
              "non_striker": "C Green",
              "runs": {
                "batter": 1,
                "extras": 0,
                "total": 1
              }
            },
            {
              "batter": "C Green",
              "bowler": "MRJ Watt",
              "non_striker": "TH David",
              "runs": {
                "batter": 6,
                "extras": 0,
                "total": 6
              }
            },
            {
              "batter": "C Green",
              "bowler": "MRJ Watt",
              "non_striker": "TH David",
              "runs": {
                "batter": 1,
                "extras": 0,
                "total": 1
              }
            }
          ]
        },
        {
          "over": 13,
          "deliveries": [
            {
              "batter": "C Green",
              "bowler": "J Jarvis",
              "non_striker": "TH David",
              "runs": {
                "batter": 2,
                "extras": 0,
                "total": 2
              }
            },
            {
              "batter": "C Green",
              "bowler": "J Jarvis",
              "non_striker": "TH David",
              "runs": {
                "batter": 4,
                "extras": 0,
                "total": 4
              }
            },
            {
              "batter": "C Green",
              "bowler": "J Jarvis",
              "non_striker": "TH David",
              "runs": {
                "batter": 1,
                "extras": 0,
                "total": 1
              }
            },
            {
              "batter": "TH David",
              "bowler": "J Jarvis",
              "non_striker": "C Green",
              "runs": {
                "batter": 0,
                "extras": 0,
                "total": 0
              }
            },
            {
              "batter": "TH David",
              "bowler": "J Jarvis",
              "non_striker": "C Green",
              "runs": {
                "batter": 4,
                "extras": 0,
                "total": 4
              }
            },
            {
              "batter": "TH David",
              "bowler": "J Jarvis",
              "non_striker": "C Green",
              "runs": {
                "batter": 4,
                "extras": 0,
                "total": 4
              }
            }
          ]
        },
        {
          "over": 14,
          "deliveries": [
            {
              "batter": "C Green",
              "bowler": "CB Sole",
              "non_striker": "TH David",
              "runs": {
                "batter": 1,
                "extras": 0,
                "total": 1
              }
            },
            {
              "batter": "TH David",
              "bowler": "CB Sole",
              "non_striker": "C Green",
              "runs": {
                "batter": 0,
                "extras": 0,
                "total": 0
              },
              "wickets": [
                {
                  "player_out": "TH David",
                  "fielders": [
                    {
                      "name": "J Jarvis"
                    }
                  ],
                  "kind": "caught"
                }
              ]
            },
            {
              "batter": "AM Hardie",
              "bowler": "CB Sole",
              "non_striker": "C Green",
              "runs": {
                "batter": 0,
                "extras": 0,
                "total": 0
              }
            },
            {
              "batter": "AM Hardie",
              "bowler": "CB Sole",
              "non_striker": "C Green",
              "runs": {
                "batter": 1,
                "extras": 0,
                "total": 1
              }
            },
            {
              "batter": "C Green",
              "bowler": "CB Sole",
              "non_striker": "AM Hardie",
              "runs": {
                "batter": 1,
                "extras": 0,
                "total": 1
              }
            },
            {
              "batter": "AM Hardie",
              "bowler": "CB Sole",
              "non_striker": "C Green",
              "runs": {
                "batter": 1,
                "extras": 0,
                "total": 1
              }
            }
          ]
        },
        {
          "over": 15,
          "deliveries": [
            {
              "batter": "AM Hardie",
              "bowler": "MRJ Watt",
              "non_striker": "C Green",
              "runs": {
                "batter": 4,
                "extras": 0,
                "total": 4
              }
            },
            {
              "batter": "AM Hardie",
              "bowler": "MRJ Watt",
              "non_striker": "C Green",
              "runs": {
                "batter": 1,
                "extras": 0,
                "total": 1
              }
            },
            {
              "batter": "C Green",
              "bowler": "MRJ Watt",
              "non_striker": "AM Hardie",
              "runs": {
                "batter": 0,
                "extras": 0,
                "total": 0
              }
            },
            {
              "batter": "C Green",
              "bowler": "MRJ Watt",
              "non_striker": "AM Hardie",
              "runs": {
                "batter": 6,
                "extras": 0,
                "total": 6
              }
            },
            {
              "batter": "C Green",
              "bowler": "MRJ Watt",
              "non_striker": "AM Hardie",
              "runs": {
                "batter": 2,
                "extras": 0,
                "total": 2
              }
            },
            {
              "batter": "C Green",
              "bowler": "MRJ Watt",
              "non_striker": "AM Hardie",
              "runs": {
                "batter": 2,
                "extras": 0,
                "total": 2
              }
            }
          ]
        },
        {
          "over": 16,
          "deliveries": [
            {
              "batter": "AM Hardie",
              "bowler": "CB Sole",
              "non_striker": "C Green",
              "runs": {
                "batter": 4,
                "extras": 0,
                "total": 4
              }
            }
          ]
        }
      ],
      "powerplays": [
        {
          "from": 0.1,
          "to": 5.7,
          "type": "mandatory"
        }
      ],
      "target": {
        "overs": 20,
        "runs": 150
      }
    }
  ]
}