{
  "meta": {
    "data_version": "1.1.0",
    "created": "2024-06-23",
    "revision": 1
  },
  "info": {
    "balls_per_over": 6,
    "city": "Port  Soif",
    "dates": [
      "2024-06-23"
    ],
    "event": {
      "name": "Jersey tour of Guernsey",
      "match_number": 3
    },
    "gender": "male",
    "match_type": "T20",
    "match_type_number": 2718,
    "officials": {
      "reserve_umpires": [
        "C Brooks"
      ],
      "umpires": [
        "J Vosser"
      ]
    },
    "outcome": {
      "winner": "Guernsey",
      "by": {
        "wickets": 4
      }
    },
    "overs": 20,
    "player_of_match": [
      "T Nightingale"
    ],
    "players": {
      "Jersey": [
        "C Brennan",
        "NA Greenwood",
        "JW Jenner",
        "JAD Lawrenson",
        "H Carlyon",
        "ZM Tribe",
        "B Ward",
        "J Kemp",
        "D Birrell",
        "S Simpson",
        "T Britton"
      ],
      "Guernsey": [
        "B Fitchet",
        "A Martel",
        "T Nightingale",
        "MWR Stokes",
        "IDA Damarell",
        "OB Nightingale",
        "M Dale-Bradley",
        "LB Ferbrache",
        "D Mullen",
        "LT Bichard",
        "C Forshaw"
      ]
    },
    "registry": {
      "people": {
        "A Martel": "65cd62a9",
        "B Fitchet": "d77ecd14",
        "B Ward": "9e0bd203",
        "C Brennan": "80f9fd4f",
        "C Brooks": "53e855df",
        "C Forshaw": "0ed66ce6",
        "D Birrell": "aea11d1d",
        "D Mullen": "61da7440",
        "H Carlyon": "42bf1b7d",
        "IDA Damarell": "580ae7f2",
        "J Kemp": "0ab42b8d",
        "J Vosser": "d1b1eba7",
        "JAD Lawrenson": "c810b349",
        "JW Jenner": "32a8161e",
        "LB Ferbrache": "0f72f582",
        "LT Bichard": "dfcdb11e",
        "M Dale-Bradley": "62b2aa65",
        "MWR Stokes": "c573d173",
        "NA Greenwood": "7ca68967",
        "OB Nightingale": "1deb4c0c",
        "S Simpson": "c8ea9add",
        "T Britton": "f91c322b",
        "T Nightingale": "51a125b3",
        "ZM Tribe": "96fe3e9f"
      }
    },
    "season": "2024",
    "team_type": "international",
    "teams": [
      "Jersey",
      "Guernsey"
    ],
    "toss": {
      "decision": "field",
      "winner": "Guernsey"
    },
    "venue": "Guernsey Rovers Athletic Club Ground, Port Soif"
  },
  "innings": [
    {
      "team": "Jersey",
      "overs": [
        {
          "over": 0,
          "deliveries": [
            {
              "batter": "C Brennan",
              "bowler": "D Mullen",
              "non_striker": "NA Greenwood",
              "runs": {
                "batter": 0,
                "extras": 0,
                "total": 0
              }
            },
            {
              "batter": "C Brennan",
              "bowler": "D Mullen",
              "non_striker": "NA Greenwood",
              "runs": {
                "batter": 2,
                "extras": 0,
                "total": 2
              }
            },
            {
              "batter": "C Brennan",
              "bowler": "D Mullen",
              "non_striker": "NA Greenwood",
              "runs": {
                "batter": 0,
                "extras": 0,
                "total": 0
              },
              "wickets": [
                {
                  "player_out": "C Brennan",
                  "kind": "caught and bowled"
                }
              ]
            },
            {
              "batter": "JW Jenner",
              "bowler": "D Mullen",
              "non_striker": "NA Greenwood",
              "runs": {
                "batter": 0,
                "extras": 0,
                "total": 0
              }
            },
            {
              "batter": "JW Jenner",
              "bowler": "D Mullen",
              "non_striker": "NA Greenwood",
              "runs": {
                "batter": 0,
                "extras": 0,
                "total": 0
              }
            },
            {
              "batter": "JW Jenner",
              "bowler": "D Mullen",
              "non_striker": "NA Greenwood",
              "runs": {
                "batter": 0,
                "extras": 0,
                "total": 0
              }
            }
          ]
        },
        {
          "over": 1,
          "deliveries": [
            {
              "batter": "NA Greenwood",
              "bowler": "LT Bichard",
              "non_striker": "JW Jenner",
              "runs": {
                "batter": 1,
                "extras": 0,
                "total": 1
              }
            },
            {
              "batter": "JW Jenner",
              "bowler": "LT Bichard",
              "non_striker": "NA Greenwood",
              "runs": {
                "batter": 0,
                "extras": 0,
                "total": 0
              }
            },
            {
              "batter": "JW Jenner",
              "bowler": "LT Bichard",
              "non_striker": "NA Greenwood",
              "runs": {
                "batter": 1,
                "extras": 0,
                "total": 1
              }
            },
            {
              "batter": "NA Greenwood",
              "bowler": "LT Bichard",
              "non_striker": "JW Jenner",
              "runs": {
                "batter": 0,
                "extras": 0,
                "total": 0
              }
            },
            {
              "batter": "NA Greenwood",
              "bowler": "LT Bichard",
              "non_striker": "JW Jenner",
              "runs": {
                "batter": 1,
                "extras": 0,
                "total": 1
              }
            },
            {
              "batter": "JW Jenner",
              "bowler": "LT Bichard",
              "non_striker": "NA Greenwood",
              "runs": {
                "batter": 1,
                "extras": 0,
                "total": 1
              }
            }
          ]
        },
        {
          "over": 2,
          "deliveries": [
            {
              "batter": "JW Jenner",
              "bowler": "D Mullen",
              "non_striker": "NA Greenwood",
              "runs": {
                "batter": 1,
                "extras": 0,
                "total": 1
              }
            },
            {
              "batter": "NA Greenwood",
              "bowler": "D Mullen",
              "non_striker": "JW Jenner",
              "runs": {
                "batter": 0,
                "extras": 0,
                "total": 0
              }
            },
            {
              "batter": "NA Greenwood",
              "bowler": "D Mullen",
              "non_striker": "JW Jenner",
              "runs": {
                "batter": 1,
                "extras": 0,
                "total": 1
              }
            },
            {
              "batter": "JW Jenner",
              "bowler": "D Mullen",
              "non_striker": "NA Greenwood",
              "runs": {
                "batter": 6,
                "extras": 0,
                "total": 6
              }
            },
            {
              "batter": "JW Jenner",
              "bowler": "D Mullen",
              "non_striker": "NA Greenwood",
              "runs": {
                "batter": 6,
                "extras": 0,
                "total": 6
              }
            },
            {
              "batter": "JW Jenner",
              "bowler": "D Mullen",
              "non_striker": "NA Greenwood",
              "runs": {
                "batter": 1,
                "extras": 0,
                "total": 1
              }
            }
          ]
        },
        {
          "over": 3,
          "deliveries": [
            {
              "batter": "JW Jenner",
              "bowler": "LT Bichard",
              "extras": {
                "wides": 1
              },
              "non_striker": "NA Greenwood",
              "runs": {
                "batter": 0,
                "extras": 1,
                "total": 1
              }
            },
            {
              "batter": "JW Jenner",
              "bowler": "LT Bichard",
              "non_striker": "NA Greenwood",
              "runs": {
                "batter": 0,
                "extras": 0,
                "total": 0
              }
            },
            {
              "batter": "JW Jenner",
              "bowler": "LT Bichard",
              "non_striker": "NA Greenwood",
              "runs": {
                "batter": 1,
                "extras": 0,
                "total": 1
              }
            },
            {
              "batter": "NA Greenwood",
              "bowler": "LT Bichard",
              "non_striker": "JW Jenner",
              "runs": {
                "batter": 1,
                "extras": 0,
                "total": 1
              }
            },
            {
              "batter": "JW Jenner",
              "bowler": "LT Bichard",
              "non_striker": "NA Greenwood",
              "runs": {
                "batter": 4,
                "extras": 0,
                "total": 4
              }
            },
            {
              "batter": "JW Jenner",
              "bowler": "LT Bichard",
              "non_striker": "NA Greenwood",
              "runs": {
                "batter": 4,
                "extras": 0,
                "total": 4
              }
            },
            {
              "batter": "JW Jenner",
              "bowler": "LT Bichard",
              "non_striker": "NA Greenwood",
              "runs": {
                "batter": 1,
                "extras": 0,
                "total": 1
              }
            }
          ]
        },
        {
          "over": 4,
          "deliveries": [
            {
              "batter": "JW Jenner",
              "bowler": "M Dale-Bradley",
              "non_striker": "NA Greenwood",
              "runs": {
                "batter": 0,
                "extras": 0,
                "total": 0
              }
            },
            {
              "batter": "JW Jenner",
              "bowler": "M Dale-Bradley",
              "non_striker": "NA Greenwood",
              "runs": {
                "batter": 0,
                "extras": 0,
                "total": 0
              },
              "wickets": [
                {
                  "player_out": "JW Jenner",
                  "kind": "lbw"
                }
              ]
            },
            {
              "batter": "JAD Lawrenson",
              "bowler": "M Dale-Bradley",
              "non_striker": "NA Greenwood",
              "runs": {
                "batter": 0,
                "extras": 0,
                "total": 0
              }
            },
            {
              "batter": "JAD Lawrenson",
              "bowler": "M Dale-Bradley",
              "non_striker": "NA Greenwood",
              "runs": {
                "batter": 1,
                "extras": 0,
                "total": 1
              }
            },
            {
              "batter": "NA Greenwood",
              "bowler": "M Dale-Bradley",
              "extras": {
                "wides": 1
              },
              "non_striker": "JAD Lawrenson",
              "runs": {
                "batter": 0,
                "extras": 1,
                "total": 1
              }
            },
            {
              "batter": "NA Greenwood",
              "bowler": "M Dale-Bradley",
              "non_striker": "JAD Lawrenson",
              "runs": {
                "batter": 4,
                "extras": 0,
                "total": 4
              }
            },
            {
              "batter": "NA Greenwood",
              "bowler": "M Dale-Bradley",
              "non_striker": "JAD Lawrenson",
              "runs": {
                "batter": 1,
                "extras": 0,
                "total": 1
              }
            }
          ]
        },
        {
          "over": 5,
          "deliveries": [
            {
              "batter": "NA Greenwood",
              "bowler": "C Forshaw",
              "non_striker": "JAD Lawrenson",
              "runs": {
                "batter": 0,
                "extras": 0,
                "total": 0
              }
            },
            {
              "batter": "NA Greenwood",
              "bowler": "C Forshaw",
              "non_striker": "JAD Lawrenson",
              "runs": {
                "batter": 1,
                "extras": 0,
                "total": 1
              }
            },
            {
              "batter": "JAD Lawrenson",
              "bowler": "C Forshaw",
              "non_striker": "NA Greenwood",
              "runs": {
                "batter": 0,
                "extras": 0,
                "total": 0
              }
            },
            {
              "batter": "JAD Lawrenson",
              "bowler": "C Forshaw",
              "non_striker": "NA Greenwood",
              "runs": {
                "batter": 2,
                "extras": 0,
                "total": 2
              }
            },
            {
              "batter": "JAD Lawrenson",
              "bowler": "C Forshaw",
              "non_striker": "NA Greenwood",
              "runs": {
                "batter": 1,
                "extras": 0,
                "total": 1
              }
            },
            {
              "batter": "NA Greenwood",
              "bowler": "C Forshaw",
              "non_striker": "JAD Lawrenson",
              "runs": {
                "batter": 1,
                "extras": 0,
                "total": 1
              }
            }
          ]
        },
        {
          "over": 6,
          "deliveries": [
            {
              "batter": "NA Greenwood",
              "bowler": "M Dale-Bradley",
              "non_striker": "JAD Lawrenson",
              "runs": {
                "batter": 1,
                "extras": 0,
                "total": 1
              }
            },
            {
              "batter": "JAD Lawrenson",
              "bowler": "M Dale-Bradley",
              "non_striker": "NA Greenwood",
              "runs": {
                "batter": 4,
                "extras": 0,
                "total": 4
              }
            },
            {
              "batter": "JAD Lawrenson",
              "bowler": "M Dale-Bradley",
              "non_striker": "NA Greenwood",
              "runs": {
                "batter": 1,
                "extras": 0,
                "total": 1
              }
            },
            {
              "batter": "NA Greenwood",
              "bowler": "M Dale-Bradley",
              "non_striker": "JAD Lawrenson",
              "runs": {
                "batter": 0,
                "extras": 0,
                "total": 0
              }
            },
            {
              "batter": "NA Greenwood",
              "bowler": "M Dale-Bradley",
              "non_striker": "JAD Lawrenson",
              "runs": {
                "batter": 1,
                "extras": 0,
                "total": 1
              }
            },
            {
              "batter": "JAD Lawrenson",
              "bowler": "M Dale-Bradley",
              "non_striker": "NA Greenwood",
              "runs": {
                "batter": 1,
                "extras": 0,
                "total": 1
              }
            }
          ]
        },
        {
          "over": 7,
          "deliveries": [
            {
              "batter": "JAD Lawrenson",
              "bowler": "A Martel",
              "non_striker": "NA Greenwood",
              "runs": {
                "batter": 2,
                "extras": 0,
                "total": 2
              }
            },
            {
              "batter": "JAD Lawrenson",
              "bowler": "A Martel",
              "non_striker": "NA Greenwood",
              "runs": {
                "batter": 0,
                "extras": 0,
                "total": 0
              }
            },
            {
              "batter": "JAD Lawrenson",
              "bowler": "A Martel",
              "non_striker": "NA Greenwood",
              "runs": {
                "batter": 4,
                "extras": 0,
                "total": 4
              }
            },
            {
              "batter": "JAD Lawrenson",
              "bowler": "A Martel",
              "non_striker": "NA Greenwood",
              "runs": {
                "batter": 0,
                "extras": 0,
                "total": 0
              }
            },
            {
              "batter": "JAD Lawrenson",
              "bowler": "A Martel",
              "non_striker": "NA Greenwood",
              "runs": {
                "batter": 1,
                "extras": 0,
                "total": 1
              }
            },
            {
              "batter": "NA Greenwood",
              "bowler": "A Martel",
              "non_striker": "JAD Lawrenson",
              "runs": {
                "batter": 4,
                "extras": 0,
                "total": 4
              }
            }
          ]
        },
        {
          "over": 8,
          "deliveries": [
            {
              "batter": "JAD Lawrenson",
              "bowler": "MWR Stokes",
              "non_striker": "NA Greenwood",
              "runs": {
                "batter": 1,
                "extras": 0,
                "total": 1
              }
            },
            {
              "batter": "NA Greenwood",
              "bowler": "MWR Stokes",
              "non_striker": "JAD Lawrenson",
              "runs": {
                "batter": 0,
                "extras": 0,
                "total": 0
              }
            },
            {
              "batter": "NA Greenwood",
              "bowler": "MWR Stokes",
              "non_striker": "JAD Lawrenson",
              "runs": {
                "batter": 1,
                "extras": 0,
                "total": 1
              }
            },
            {
              "batter": "JAD Lawrenson",
              "bowler": "MWR Stokes",
              "non_striker": "NA Greenwood",
              "runs": {
                "batter": 0,
                "extras": 0,
                "total": 0
              }
            },
            {
              "batter": "JAD Lawrenson",
              "bowler": "MWR Stokes",
              "non_striker": "NA Greenwood",
              "runs": {
                "batter": 2,
                "extras": 0,
                "total": 2
              }
            },
            {
              "batter": "JAD Lawrenson",
              "bowler": "MWR Stokes",
              "non_striker": "NA Greenwood",
              "runs": {
                "batter": 1,
                "extras": 0,
                "total": 1
              }
            }
          ]
        },
        {
          "over": 9,
          "deliveries": [
            {
              "batter": "JAD Lawrenson",
              "bowler": "M Dale-Bradley",
              "non_striker": "NA Greenwood",
              "runs": {
                "batter": 1,
                "extras": 0,
                "total": 1
              }
            },
            {
              "batter": "NA Greenwood",
              "bowler": "M Dale-Bradley",
              "non_striker": "JAD Lawrenson",
              "runs": {
                "batter": 1,
                "extras": 0,
                "total": 1
              }
            },
            {
              "batter": "JAD Lawrenson",
              "bowler": "M Dale-Bradley",
              "non_striker": "NA Greenwood",
              "runs": {
                "batter": 0,
                "extras": 0,
                "total": 0
              }
            },
            {
              "batter": "JAD Lawrenson",
              "bowler": "M Dale-Bradley",
              "non_striker": "NA Greenwood",
              "runs": {
                "batter": 0,
                "extras": 0,
                "total": 0
              },
              "wickets": [
                {
                  "player_out": "JAD Lawrenson",
                  "fielders": [
                    {
                      "name": "LB Ferbrache"
                    }
                  ],
                  "kind": "caught"
                }
              ]
            },
            {
              "batter": "H Carlyon",
              "bowler": "M Dale-Bradley",
              "non_striker": "NA Greenwood",
              "runs": {
                "batter": 0,
                "extras": 0,
                "total": 0
              }
            },
            {
              "batter": "H Carlyon",
              "bowler": "M Dale-Bradley",
              "non_striker": "NA Greenwood",
              "runs": {
                "batter": 1,
                "extras": 0,
                "total": 1
              }
            }
          ]
        },
        {
          "over": 10,
          "deliveries": [
            {
              "batter": "H Carlyon",
              "bowler": "MWR Stokes",
              "non_striker": "NA Greenwood",
              "runs": {
                "batter": 0,
                "extras": 0,
                "total": 0
              }
            },
            {
              "batter": "H Carlyon",
              "bowler": "MWR Stokes",
              "non_striker": "NA Greenwood",
              "runs": {
                "batter": 2,
                "extras": 0,
                "total": 2
              }
            },
            {
              "batter": "H Carlyon",
              "bowler": "MWR Stokes",
              "non_striker": "NA Greenwood",
              "runs": {
                "batter": 1,
                "extras": 0,
                "total": 1
              }
            },
            {
              "batter": "NA Greenwood",
              "bowler": "MWR Stokes",
              "non_striker": "H Carlyon",
              "runs": {
                "batter": 2,
                "extras": 0,
                "total": 2
              }
            },
            {
              "batter": "NA Greenwood",
              "bowler": "MWR Stokes",
              "non_striker": "H Carlyon",
              "runs": {
                "batter": 0,
                "extras": 0,
                "total": 0
              }
            },
            {
              "batter": "NA Greenwood",
              "bowler": "MWR Stokes",
              "non_striker": "H Carlyon",
              "runs": {
                "batter": 0,
                "extras": 0,
                "total": 0
              }
            }
          ]
        },
        {
          "over": 11,
          "deliveries": [
            {
              "batter": "H Carlyon",
              "bowler": "M Dale-Bradley",
              "non_striker": "NA Greenwood",
              "runs": {
                "batter": 0,
                "extras": 0,
                "total": 0
              },
              "wickets": [
                {
                  "player_out": "H Carlyon",
                  "fielders": [
                    {
                      "name": "OB Nightingale"
                    }
                  ],
                  "kind": "caught"
                }
              ]
            },
            {
              "batter": "ZM Tribe",
              "bowler": "M Dale-Bradley",
              "non_striker": "NA Greenwood",
              "runs": {
                "batter": 0,
                "extras": 0,
                "total": 0
              }
            },
            {
              "batter": "ZM Tribe",
              "bowler": "M Dale-Bradley",
              "non_striker": "NA Greenwood",
              "runs": {
                "batter": 0,
                "extras": 0,
                "total": 0
              }
            },
            {
              "batter": "ZM Tribe",
              "bowler": "M Dale-Bradley",
              "non_striker": "NA Greenwood",
              "runs": {
                "batter": 2,
                "extras": 0,
                "total": 2
              }
            },
            {
              "batter": "ZM Tribe",
              "bowler": "M Dale-Bradley",
              "non_striker": "NA Greenwood",
              "runs": {
                "batter": 1,
                "extras": 0,
                "total": 1
              }
            },
            {
              "batter": "NA Greenwood",
              "bowler": "M Dale-Bradley",
              "non_striker": "ZM Tribe",
              "runs": {
                "batter": 1,
                "extras": 0,
                "total": 1
              }
            }
          ]
        },
        {
          "over": 12,
          "deliveries": [
            {
              "batter": "NA Greenwood",
              "bowler": "A Martel",
              "extras": {
                "wides": 1
              },
              "non_striker": "ZM Tribe",
              "runs": {
                "batter": 0,
                "extras": 1,
                "total": 1
              },
              "wickets": [
                {
                  "player_out": "NA Greenwood",
                  "fielders": [
                    {
                      "name": "IDA Damarell"
                    }
                  ],
                  "kind": "stumped"
                }
              ]
            },
            {
              "batter": "B Ward",
              "bowler": "A Martel",
              "non_striker": "ZM Tribe",
              "runs": {
                "batter": 1,
                "extras": 0,
                "total": 1
              }
            },
            {
              "batter": "ZM Tribe",
              "bowler": "A Martel",
              "non_striker": "B Ward",
              "runs": {
                "batter": 2,
                "extras": 0,
                "total": 2
              }
            },
            {
              "batter": "ZM Tribe",
              "bowler": "A Martel",
              "non_striker": "B Ward",
              "runs": {
                "batter": 0,
                "extras": 0,
                "total": 0
              }
            },
            {
              "batter": "ZM Tribe",
              "bowler": "A Martel",
              "non_striker": "B Ward",
              "runs": {
                "batter": 6,
                "extras": 0,
                "total": 6
              }
            },
            {
              "batter": "ZM Tribe",
              "bowler": "A Martel",
              "non_striker": "B Ward",
              "runs": {
                "batter": 0,
                "extras": 0,
                "total": 0
              }
            },
            {
              "batter": "ZM Tribe",
              "bowler": "A Martel",
              "non_striker": "B Ward",
              "runs": {
                "batter": 1,
                "extras": 0,
                "total": 1
              }
            }
          ]
        },
        {
          "over": 13,
          "deliveries": [
            {
              "batter": "ZM Tribe",
              "bowler": "D Mullen",
              "non_striker": "B Ward",
              "runs": {
                "batter": 0,
                "extras": 0,
                "total": 0
              }
            },
            {
              "batter": "ZM Tribe",
              "bowler": "D Mullen",
              "non_striker": "B Ward",
              "runs": {
                "batter": 1,
                "extras": 0,
                "total": 1
              }
            },
            {
              "batter": "B Ward",
              "bowler": "D Mullen",
              "non_striker": "ZM Tribe",
              "runs": {
                "batter": 1,
                "extras": 0,
                "total": 1
              }
            },
            {
              "batter": "ZM Tribe",
              "bowler": "D Mullen",
              "non_striker": "B Ward",
              "runs": {
                "batter": 1,
                "extras": 0,
                "total": 1
              }
            },
            {
              "batter": "B Ward",
              "bowler": "D Mullen",
              "non_striker": "ZM Tribe",
              "runs": {
                "batter": 2,
                "extras": 0,
                "total": 2
              }
            },
            {
              "batter": "B Ward",
              "bowler": "D Mullen",
              "non_striker": "ZM Tribe",
              "runs": {
                "batter": 0,
                "extras": 0,
                "total": 0
              }
            }
          ]
        },
        {
          "over": 14,
          "deliveries": [
            {
              "batter": "ZM Tribe",
              "bowler": "A Martel",
              "non_striker": "B Ward",
              "runs": {
                "batter": 1,
                "extras": 0,
                "total": 1
              }
            },
            {
              "batter": "B Ward",
              "bowler": "A Martel",
              "non_striker": "ZM Tribe",
              "runs": {
                "batter": 0,
                "extras": 0,
                "total": 0
              }
            },
            {
              "batter": "B Ward",
              "bowler": "A Martel",
              "non_striker": "ZM Tribe",
              "runs": {
                "batter": 2,
                "extras": 0,
                "total": 2
              }
            },
            {
              "batter": "B Ward",
              "bowler": "A Martel",
              "non_striker": "ZM Tribe",
              "runs": {
                "batter": 4,
                "extras": 0,
                "total": 4
              }
            },
            {
              "batter": "B Ward",
              "bowler": "A Martel",
              "non_striker": "ZM Tribe",
              "runs": {
                "batter": 1,
                "extras": 0,
                "total": 1
              }
            },
            {
              "batter": "ZM Tribe",
              "bowler": "A Martel",
              "non_striker": "B Ward",
              "runs": {
                "batter": 2,
                "extras": 0,
                "total": 2
              }
            }
          ]
        },
        {
          "over": 15,
          "deliveries": [
            {
              "batter": "B Ward",
              "bowler": "C Forshaw",
              "non_striker": "ZM Tribe",
              "runs": {
                "batter": 2,
                "extras": 0,
                "total": 2
              }
            },
            {
              "batter": "B Ward",
              "bowler": "C Forshaw",
              "non_striker": "ZM Tribe",
              "runs": {
                "batter": 0,
                "extras": 0,
                "total": 0
              },
              "wickets": [
                {
                  "player_out": "B Ward",
                  "fielders": [
                    {
                      "name": "OB Nightingale"
                    }
                  ],
                  "kind": "caught"
                }
              ]
            },
            {
              "batter": "J Kemp",
              "bowler": "C Forshaw",
              "non_striker": "ZM Tribe",
              "runs": {
                "batter": 1,
                "extras": 0,
                "total": 1
              }
            },
            {
              "batter": "ZM Tribe",
              "bowler": "C Forshaw",
              "non_striker": "J Kemp",
              "runs": {
                "batter": 3,
                "extras": 0,
                "total": 3
              }
            },
            {
              "batter": "J Kemp",
              "bowler": "C Forshaw",
              "non_striker": "ZM Tribe",
              "runs": {
                "batter": 0,
                "extras": 0,
                "total": 0
              },
              "wickets": [
                {
                  "player_out": "J Kemp",
                  "fielders": [
                    {
                      "name": "D Mullen"
                    }
                  ],
                  "kind": "caught"
                }
              ]
            },
            {
              "batter": "D Birrell",
              "bowler": "C Forshaw",
              "non_striker": "ZM Tribe",
              "runs": {
                "batter": 0,
                "extras": 0,
                "total": 0
              }
            }
          ]
        },
        {
          "over": 16,
          "deliveries": [
            {
              "batter": "ZM Tribe",
              "bowler": "LT Bichard",
              "non_striker": "D Birrell",
              "runs": {
                "batter": 1,
                "extras": 0,
                "total": 1
              }
            },
            {
              "batter": "D Birrell",
              "bowler": "LT Bichard",
              "non_striker": "ZM Tribe",
              "runs": {
                "batter": 2,
                "extras": 0,
                "total": 2
              }
            },
            {
              "batter": "D Birrell",
              "bowler": "LT Bichard",
              "non_striker": "ZM Tribe",
              "runs": {
                "batter": 1,
                "extras": 0,
                "total": 1
              }
            },
            {
              "batter": "ZM Tribe",
              "bowler": "LT Bichard",
              "non_striker": "D Birrell",
              "runs": {
                "batter": 2,
                "extras": 0,
                "total": 2
              }
            },
            {
              "batter": "ZM Tribe",
              "bowler": "LT Bichard",
              "non_striker": "D Birrell",
              "runs": {
                "batter": 4,
                "extras": 0,
                "total": 4
              }
            },
            {
              "batter": "ZM Tribe",
              "bowler": "LT Bichard",
              "non_striker": "D Birrell",
              "runs": {
                "batter": 2,
                "extras": 0,
                "total": 2
              }
            }
          ]
        },
        {
          "over": 17,
          "deliveries": [
            {
              "batter": "D Birrell",
              "bowler": "C Forshaw",
              "non_striker": "ZM Tribe",
              "runs": {
                "batter": 0,
                "extras": 0,
                "total": 0
              },
              "wickets": [
                {
                  "player_out": "D Birrell",
                  "fielders": [
                    {
                      "name": "T Nightingale"
                    }
                  ],
                  "kind": "caught"
                }
              ]
            },
            {
              "batter": "S Simpson",
              "bowler": "C Forshaw",
              "non_striker": "ZM Tribe",
              "runs": {
                "batter": 0,
                "extras": 0,
                "total": 0
              }
            },
            {
              "batter": "S Simpson",
              "bowler": "C Forshaw",
              "non_striker": "ZM Tribe",
              "runs": {
                "batter": 1,
                "extras": 0,
                "total": 1
              }
            },
            {
              "batter": "ZM Tribe",
              "bowler": "C Forshaw",
              "non_striker": "S Simpson",
              "runs": {
                "batter": 1,
                "extras": 0,
                "total": 1
              }
            },
            {
              "batter": "S Simpson",
              "bowler": "C Forshaw",
              "non_striker": "ZM Tribe",
              "runs": {
                "batter": 4,
                "extras": 0,
                "total": 4
              }
            },
            {
              "batter": "S Simpson",
              "bowler": "C Forshaw",
              "non_striker": "ZM Tribe",
              "runs": {
                "batter": 0,
                "extras": 0,
                "total": 0
              }
            }
          ]
        },
        {
          "over": 18,
          "deliveries": [
            {
              "batter": "ZM Tribe",
              "bowler": "D Mullen",
              "non_striker": "S Simpson",
              "runs": {
                "batter": 1,
                "extras": 0,
                "total": 1
              }
            },
            {
              "batter": "S Simpson",
              "bowler": "D Mullen",
              "extras": {
                "legbyes": 1
              },
              "non_striker": "ZM Tribe",
              "runs": {
                "batter": 0,
                "extras": 1,
                "total": 1
              }
            },
            {
              "batter": "ZM Tribe",
              "bowler": "D Mullen",
              "non_striker": "S Simpson",
              "runs": {
                "batter": 1,
                "extras": 0,
                "total": 1
              }
            },
            {
              "batter": "S Simpson",
              "bowler": "D Mullen",
              "non_striker": "ZM Tribe",
              "runs": {
                "batter": 1,
                "extras": 0,
                "total": 1
              }
            },
            {
              "batter": "ZM Tribe",
              "bowler": "D Mullen",
              "non_striker": "S Simpson",
              "runs": {
                "batter": 1,
                "extras": 0,
                "total": 1
              }
            },
            {
              "batter": "S Simpson",
              "bowler": "D Mullen",
              "non_striker": "ZM Tribe",
              "runs": {
                "batter": 1,
                "extras": 0,
                "total": 1
              }
            }
          ]
        },
        {
          "over": 19,
          "deliveries": [
            {
              "batter": "S Simpson",
              "bowler": "LT Bichard",
              "non_striker": "ZM Tribe",
              "runs": {
                "batter": 0,
                "extras": 0,
                "total": 0
              }
            },
            {
              "batter": "S Simpson",
              "bowler": "LT Bichard",
              "non_striker": "ZM Tribe",
              "runs": {
                "batter": 1,
                "extras": 0,
                "total": 1
              }
            },
            {
              "batter": "ZM Tribe",
              "bowler": "LT Bichard",
              "non_striker": "S Simpson",
              "runs": {
                "batter": 4,
                "extras": 0,
                "total": 4
              }
            },
            {
              "batter": "ZM Tribe",
              "bowler": "LT Bichard",
              "non_striker": "S Simpson",
              "runs": {
                "batter": 0,
                "extras": 0,
                "total": 0
              }
            },
            {
              "batter": "ZM Tribe",
              "bowler": "LT Bichard",
              "non_striker": "S Simpson",
              "runs": {
                "batter": 2,
                "extras": 0,
                "total": 2
              }
            },
            {
              "batter": "ZM Tribe",
              "bowler": "LT Bichard",
              "non_striker": "S Simpson",
              "runs": {
                "batter": 4,
                "extras": 0,
                "total": 4
              }
            }
          ]
        }
      ],
      "powerplays": [
        {
          "from": 0.1,
          "to": 5.6,
          "type": "mandatory"
        }
      ]
    },
    {
      "team": "Guernsey",
      "overs": [
        {
          "over": 0,
          "deliveries": [
            {
              "batter": "B Fitchet",
              "bowler": "D Birrell",
              "non_striker": "A Martel",
              "runs": {
                "batter": 0,
                "extras": 0,
                "total": 0
              }
            },
            {
              "batter": "B Fitchet",
              "bowler": "D Birrell",
              "non_striker": "A Martel",
              "runs": {
                "batter": 4,
                "extras": 0,
                "total": 4
              }
            },
            {
              "batter": "B Fitchet",
              "bowler": "D Birrell",
              "non_striker": "A Martel",
              "runs": {
                "batter": 0,
                "extras": 0,
                "total": 0
              }
            },
            {
              "batter": "B Fitchet",
              "bowler": "D Birrell",
              "non_striker": "A Martel",
              "runs": {
                "batter": 1,
                "extras": 0,
                "total": 1
              }
            },
            {
              "batter": "A Martel",
              "bowler": "D Birrell",
              "non_striker": "B Fitchet",
              "runs": {
                "batter": 0,
                "extras": 0,
                "total": 0
              }
            },
            {
              "batter": "A Martel",
              "bowler": "D Birrell",
              "non_striker": "B Fitchet",
              "runs": {
                "batter": 0,
                "extras": 0,
                "total": 0
              }
            }
          ]
        },
        {
          "over": 1,
          "deliveries": [
            {
              "batter": "B Fitchet",
              "bowler": "S Simpson",
              "non_striker": "A Martel",
              "runs": {
                "batter": 0,
                "extras": 0,
                "total": 0
              }
            },
            {
              "batter": "B Fitchet",
              "bowler": "S Simpson",
              "non_striker": "A Martel",
              "runs": {
                "batter": 4,
                "extras": 0,
                "total": 4
              }
            },
            {
              "batter": "B Fitchet",
              "bowler": "S Simpson",
              "non_striker": "A Martel",
              "runs": {
                "batter": 4,
                "extras": 0,
                "total": 4
              }
            },
            {
              "batter": "B Fitchet",
              "bowler": "S Simpson",
              "non_striker": "A Martel",
              "runs": {
                "batter": 4,
                "extras": 0,
                "total": 4
              }
            },
            {
              "batter": "B Fitchet",
              "bowler": "S Simpson",
              "non_striker": "A Martel",
              "runs": {
                "batter": 0,
                "extras": 0,
                "total": 0
              }
            },
            {
              "batter": "B Fitchet",
              "bowler": "S Simpson",
              "non_striker": "A Martel",
              "runs": {
                "batter": 0,
                "extras": 0,
                "total": 0
              }
            }
          ]
        },
        {
          "over": 2,
          "deliveries": [
            {
              "batter": "A Martel",
              "bowler": "D Birrell",
              "non_striker": "B Fitchet",
              "runs": {
                "batter": 0,
                "extras": 0,
                "total": 0
              }
            },
            {
              "batter": "A Martel",
              "bowler": "D Birrell",
              "non_striker": "B Fitchet",
              "runs": {
                "batter": 6,
                "extras": 0,
                "total": 6
              }
            },
            {
              "batter": "A Martel",
              "bowler": "D Birrell",
              "non_striker": "B Fitchet",
              "runs": {
                "batter": 6,
                "extras": 0,
                "total": 6
              }
            },
            {
              "batter": "A Martel",
              "bowler": "D Birrell",
              "non_striker": "B Fitchet",
              "runs": {
                "batter": 4,
                "extras": 0,
                "total": 4
              }
            },
            {
              "batter": "A Martel",
              "bowler": "D Birrell",
              "non_striker": "B Fitchet",
              "runs": {
                "batter": 4,
                "extras": 0,
                "total": 4
              }
            },
            {
              "batter": "A Martel",
              "bowler": "D Birrell",
              "non_striker": "B Fitchet",
              "runs": {
                "batter": 0,
                "extras": 0,
                "total": 0
              }
            }
          ]
        },
        {
          "over": 3,
          "deliveries": [
            {
              "batter": "B Fitchet",
              "bowler": "NA Greenwood",
              "non_striker": "A Martel",
              "runs": {
                "batter": 1,
                "extras": 0,
                "total": 1
              }
            },
            {
              "batter": "A Martel",
              "bowler": "NA Greenwood",
              "non_striker": "B Fitchet",
              "runs": {
                "batter": 0,
                "extras": 0,
                "total": 0
              }
            },
            {
              "batter": "A Martel",
              "bowler": "NA Greenwood",
              "non_striker": "B Fitchet",
              "runs": {
                "batter": 0,
                "extras": 0,
                "total": 0
              }
            },
            {
              "batter": "A Martel",
              "bowler": "NA Greenwood",
              "non_striker": "B Fitchet",
              "runs": {
                "batter": 0,
                "extras": 0,
                "total": 0
              }
            },
            {
              "batter": "A Martel",
              "bowler": "NA Greenwood",
              "non_striker": "B Fitchet",
              "runs": {
                "batter": 0,
                "extras": 0,
                "total": 0
              }
            },
            {
              "batter": "A Martel",
              "bowler": "NA Greenwood",
              "non_striker": "B Fitchet",
              "runs": {
                "batter": 0,
                "extras": 0,
                "total": 0
              }
            }
          ]
        },
        {
          "over": 4,
          "deliveries": [
            {
              "batter": "B Fitchet",
              "bowler": "S Simpson",
              "non_striker": "A Martel",
              "runs": {
                "batter": 0,
                "extras": 0,
                "total": 0
              },
              "wickets": [
                {
                  "player_out": "B Fitchet",
                  "fielders": [
                    {
                      "name": "JW Jenner"
                    }
                  ],
                  "kind": "caught"
                }
              ]
            },
            {
              "batter": "T Nightingale",
              "bowler": "S Simpson",
              "non_striker": "A Martel",
              "runs": {
                "batter": 0,
                "extras": 0,
                "total": 0
              }
            },
            {
              "batter": "T Nightingale",
              "bowler": "S Simpson",
              "non_striker": "A Martel",
              "runs": {
                "batter": 1,
                "extras": 0,
                "total": 1
              }
            },
            {
              "batter": "A Martel",
              "bowler": "S Simpson",
              "non_striker": "T Nightingale",
              "runs": {
                "batter": 0,
                "extras": 0,
                "total": 0
              },
              "wickets": [
                {
                  "player_out": "A Martel",
                  "kind": "bowled"
                }
              ]
            },
            {
              "batter": "MWR Stokes",
              "bowler": "S Simpson",
              "non_striker": "T Nightingale",
              "runs": {
                "batter": 0,
                "extras": 0,
                "total": 0
              }
            },
            {
              "batter": "MWR Stokes",
              "bowler": "S Simpson",
              "non_striker": "T Nightingale",
              "runs": {
                "batter": 0,
                "extras": 0,
                "total": 0
              }
            }
          ]
        },
        {
          "over": 5,
          "deliveries": [
            {
              "batter": "T Nightingale",
              "bowler": "NA Greenwood",
              "non_striker": "MWR Stokes",
              "runs": {
                "batter": 0,
                "extras": 0,
                "total": 0
              }
            },
            {
              "batter": "T Nightingale",
              "bowler": "NA Greenwood",
              "non_striker": "MWR Stokes",
              "runs": {
                "batter": 0,
                "extras": 0,
                "total": 0
              }
            },
            {
              "batter": "T Nightingale",
              "bowler": "NA Greenwood",
              "non_striker": "MWR Stokes",
              "runs": {
                "batter": 4,
                "extras": 0,
                "total": 4
              }
            },
            {
              "batter": "T Nightingale",
              "bowler": "NA Greenwood",
              "non_striker": "MWR Stokes",
              "runs": {
                "batter": 0,
                "extras": 0,
                "total": 0
              }
            },
            {
              "batter": "T Nightingale",
              "bowler": "NA Greenwood",
              "non_striker": "MWR Stokes",
              "runs": {
                "batter": 4,
                "extras": 0,
                "total": 4
              }
            },
            {
              "batter": "T Nightingale",
              "bowler": "NA Greenwood",
              "non_striker": "MWR Stokes",
              "runs": {
                "batter": 4,
                "extras": 0,
                "total": 4
              }
            }
          ]
        },
        {
          "over": 6,
          "deliveries": [
            {
              "batter": "MWR Stokes",
              "bowler": "B Ward",
              "non_striker": "T Nightingale",
              "runs": {
                "batter": 1,
                "extras": 0,
                "total": 1
              }
            },
            {
              "batter": "T Nightingale",
              "bowler": "B Ward",
              "non_striker": "MWR Stokes",
              "runs": {
                "batter": 2,
                "extras": 0,
                "total": 2
              }
            },
            {
              "batter": "T Nightingale",
              "bowler": "B Ward",
              "non_striker": "MWR Stokes",
              "runs": {
                "batter": 1,
                "extras": 0,
                "total": 1
              }
            },
            {
              "batter": "MWR Stokes",
              "bowler": "B Ward",
              "non_striker": "T Nightingale",
              "runs": {
                "batter": 1,
                "extras": 0,
                "total": 1
              }
            },
            {
              "batter": "T Nightingale",
              "bowler": "B Ward",
              "non_striker": "MWR Stokes",
              "runs": {
                "batter": 1,
                "extras": 0,
                "total": 1
              }
            },
            {
              "batter": "MWR Stokes",
              "bowler": "B Ward",
              "non_striker": "T Nightingale",
              "runs": {
                "batter": 0,
                "extras": 0,
                "total": 0
              }
            }
          ]
        },
        {
          "over": 7,
          "deliveries": [
            {
              "batter": "T Nightingale",
              "bowler": "T Britton",
              "extras": {
                "wides": 1
              },
              "non_striker": "MWR Stokes",
              "runs": {
                "batter": 0,
                "extras": 1,
                "total": 1
              }
            },
            {
              "batter": "T Nightingale",
              "bowler": "T Britton",
              "non_striker": "MWR Stokes",
              "runs": {
                "batter": 4,
                "extras": 0,
                "total": 4
              }
            },
            {
              "batter": "T Nightingale",
              "bowler": "T Britton",
              "non_striker": "MWR Stokes",
              "runs": {
                "batter": 0,
                "extras": 0,
                "total": 0
              }
            },
            {
              "batter": "T Nightingale",
              "bowler": "T Britton",
              "non_striker": "MWR Stokes",
              "runs": {
                "batter": 1,
                "extras": 0,
                "total": 1
              }
            },
            {
              "batter": "MWR Stokes",
              "bowler": "T Britton",
              "non_striker": "T Nightingale",
              "runs": {
                "batter": 1,
                "extras": 0,
                "total": 1
              }
            },
            {
              "batter": "T Nightingale",
              "bowler": "T Britton",
              "non_striker": "MWR Stokes",
              "runs": {
                "batter": 0,
                "extras": 0,
                "total": 0
              }
            },
            {
              "batter": "T Nightingale",
              "bowler": "T Britton",
              "non_striker": "MWR Stokes",
              "runs": {
                "batter": 0,
                "extras": 0,
                "total": 0
              }
            }
          ]
        },
        {
          "over": 8,
          "deliveries": [
            {
              "batter": "MWR Stokes",
              "bowler": "B Ward",
              "non_striker": "T Nightingale",
              "runs": {
                "batter": 2,
                "extras": 0,
                "total": 2
              }
            },
            {
              "batter": "MWR Stokes",
              "bowler": "B Ward",
              "non_striker": "T Nightingale",
              "runs": {
                "batter": 4,
                "extras": 0,
                "total": 4
              }
            },
            {
              "batter": "MWR Stokes",
              "bowler": "B Ward",
              "non_striker": "T Nightingale",
              "runs": {
                "batter": 1,
                "extras": 0,
                "total": 1
              }
            },
            {
              "batter": "T Nightingale",
              "bowler": "B Ward",
              "non_striker": "MWR Stokes",
              "runs": {
                "batter": 1,
                "extras": 0,
                "total": 1
              }
            },
            {
              "batter": "MWR Stokes",
              "bowler": "B Ward",
              "non_striker": "T Nightingale",
              "runs": {
                "batter": 0,
                "extras": 0,
                "total": 0
              }
            },
            {
              "batter": "MWR Stokes",
              "bowler": "B Ward",
              "non_striker": "T Nightingale",
              "runs": {
                "batter": 0,
                "extras": 0,
                "total": 0
              },
              "wickets": [
                {
                  "player_out": "MWR Stokes",
                  "fielders": [
                    {
                      "name": "NA Greenwood"
                    }
                  ],
                  "kind": "caught"
                }
              ]
            }
          ]
        },
        {
          "over": 9,
          "deliveries": [
            {
              "batter": "T Nightingale",
              "bowler": "T Britton",
              "non_striker": "IDA Damarell",
              "runs": {
                "batter": 4,
                "extras": 0,
                "total": 4
              }
            },
            {
              "batter": "T Nightingale",
              "bowler": "T Britton",
              "non_striker": "IDA Damarell",
              "runs": {
                "batter": 0,
                "extras": 0,
                "total": 0
              }
            },
            {
              "batter": "T Nightingale",
              "bowler": "T Britton",
              "non_striker": "IDA Damarell",
              "runs": {
                "batter": 1,
                "extras": 0,
                "total": 1
              }
            },
            {
              "batter": "IDA Damarell",
              "bowler": "T Britton",
              "non_striker": "T Nightingale",
              "runs": {
                "batter": 1,
                "extras": 0,
                "total": 1
              }
            },
            {
              "batter": "T Nightingale",
              "bowler": "T Britton",
              "non_striker": "IDA Damarell",
              "runs": {
                "batter": 1,
                "extras": 0,
                "total": 1
              }
            },
            {
              "batter": "IDA Damarell",
              "bowler": "T Britton",
              "non_striker": "T Nightingale",
              "runs": {
                "batter": 1,
                "extras": 0,
                "total": 1
              }
            }
          ]
        },
        {
          "over": 10,
          "deliveries": [
            {
              "batter": "IDA Damarell",
              "bowler": "H Carlyon",
              "non_striker": "T Nightingale",
              "runs": {
                "batter": 1,
                "extras": 0,
                "total": 1
              }
            },
            {
              "batter": "T Nightingale",
              "bowler": "H Carlyon",
              "non_striker": "IDA Damarell",
              "runs": {
                "batter": 1,
                "extras": 0,
                "total": 1
              }
            },
            {
              "batter": "IDA Damarell",
              "bowler": "H Carlyon",
              "non_striker": "T Nightingale",
              "runs": {
                "batter": 1,
                "extras": 0,
                "total": 1
              }
            },
            {
              "batter": "T Nightingale",
              "bowler": "H Carlyon",
              "non_striker": "IDA Damarell",
              "runs": {
                "batter": 1,
                "extras": 0,
                "total": 1
              }
            },
            {
              "batter": "IDA Damarell",
              "bowler": "H Carlyon",
              "non_striker": "T Nightingale",
              "runs": {
                "batter": 2,
                "extras": 0,
                "total": 2
              }
            },
            {
              "batter": "IDA Damarell",
              "bowler": "H Carlyon",
              "extras": {
                "wides": 1
              },
              "non_striker": "T Nightingale",
              "runs": {
                "batter": 0,
                "extras": 1,
                "total": 1
              }
            },
            {
              "batter": "IDA Damarell",
              "bowler": "H Carlyon",
              "non_striker": "T Nightingale",
              "runs": {
                "batter": 3,
                "extras": 0,
                "total": 3
              }
            }
          ]
        },
        {
          "over": 11,
          "deliveries": [
            {
              "batter": "IDA Damarell",
              "bowler": "NA Greenwood",
              "non_striker": "T Nightingale",
              "runs": {
                "batter": 1,
                "extras": 0,
                "total": 1
              }
            },
            {
              "batter": "T Nightingale",
              "bowler": "NA Greenwood",
              "non_striker": "IDA Damarell",
              "runs": {
                "batter": 1,
                "extras": 0,
                "total": 1
              }
            },
            {
              "batter": "IDA Damarell",
              "bowler": "NA Greenwood",
              "non_striker": "T Nightingale",
              "runs": {
                "batter": 0,
                "extras": 0,
                "total": 0
              }
            },
            {
              "batter": "IDA Damarell",
              "bowler": "NA Greenwood",
              "non_striker": "T Nightingale",
              "runs": {
                "batter": 0,
                "extras": 0,
                "total": 0
              }
            },
            {
              "batter": "IDA Damarell",
              "bowler": "NA Greenwood",
              "non_striker": "T Nightingale",
              "runs": {
                "batter": 1,
                "extras": 0,
                "total": 1
              }
            },
            {
              "batter": "T Nightingale",
              "bowler": "NA Greenwood",
              "non_striker": "IDA Damarell",
              "runs": {
                "batter": 1,
                "extras": 0,
                "total": 1
              }
            }
          ]
        },
        {
          "over": 12,
          "deliveries": [
            {
              "batter": "T Nightingale",
              "bowler": "B Ward",
              "non_striker": "IDA Damarell",
              "runs": {
                "batter": 1,
                "extras": 0,
                "total": 1
              }
            },
            {
              "batter": "IDA Damarell",
              "bowler": "B Ward",
              "extras": {
                "legbyes": 1
              },
              "non_striker": "T Nightingale",
              "runs": {
                "batter": 0,
                "extras": 1,
                "total": 1
              }
            },
            {
              "batter": "T Nightingale",
              "bowler": "B Ward",
              "non_striker": "IDA Damarell",
              "runs": {
                "batter": 0,
                "extras": 0,
                "total": 0
              }
            },
            {
              "batter": "T Nightingale",
              "bowler": "B Ward",
              "non_striker": "IDA Damarell",
              "runs": {
                "batter": 1,
                "extras": 0,
                "total": 1
              }
            },
            {
              "batter": "IDA Damarell",
              "bowler": "B Ward",
              "non_striker": "T Nightingale",
              "runs": {
                "batter": 1,
                "extras": 0,
                "total": 1
              }
            },
            {
              "batter": "T Nightingale",
              "bowler": "B Ward",
              "non_striker": "IDA Damarell",
              "runs": {
                "batter": 4,
                "extras": 0,
                "total": 4
              }
            }
          ]
        },
        {
          "over": 13,
          "deliveries": [
            {
              "batter": "IDA Damarell",
              "bowler": "S Simpson",
              "non_striker": "T Nightingale",
              "runs": {
                "batter": 1,
                "extras": 0,
                "total": 1
              }
            },
            {
              "batter": "T Nightingale",
              "bowler": "S Simpson",
              "non_striker": "IDA Damarell",
              "runs": {
                "batter": 1,
                "extras": 0,
                "total": 1
              }
            },
            {
              "batter": "IDA Damarell",
              "bowler": "S Simpson",
              "non_striker": "T Nightingale",
              "runs": {
                "batter": 4,
                "extras": 0,
                "total": 4
              }
            },
            {
              "batter": "IDA Damarell",
              "bowler": "S Simpson",
              "non_striker": "T Nightingale",
              "runs": {
                "batter": 0,
                "extras": 0,
                "total": 0
              }
            },
            {
              "batter": "IDA Damarell",
              "bowler": "S Simpson",
              "non_striker": "T Nightingale",
              "runs": {
                "batter": 1,
                "extras": 0,
                "total": 1
              }
            },
            {
              "batter": "T Nightingale",
              "bowler": "S Simpson",
              "non_striker": "IDA Damarell",
              "runs": {
                "batter": 1,
                "extras": 0,
                "total": 1
              }
            }
          ]
        },
        {
          "over": 14,
          "deliveries": [
            {
              "batter": "T Nightingale",
              "bowler": "B Ward",
              "non_striker": "IDA Damarell",
              "runs": {
                "batter": 2,
                "extras": 0,
                "total": 2
              }
            },
            {
              "batter": "T Nightingale",
              "bowler": "B Ward",
              "non_striker": "IDA Damarell",
              "runs": {
                "batter": 6,
                "extras": 0,
                "total": 6
              }
            },
            {
              "batter": "T Nightingale",
              "bowler": "B Ward",
              "non_striker": "IDA Damarell",
              "runs": {
                "batter": 6,
                "extras": 0,
                "total": 6
              }
            },
            {
              "batter": "T Nightingale",
              "bowler": "B Ward",
              "non_striker": "IDA Damarell",
              "runs": {
                "batter": 6,
                "extras": 0,
                "total": 6
              }
            },
            {
              "batter": "T Nightingale",
              "bowler": "B Ward",
              "non_striker": "IDA Damarell",
              "runs": {
                "batter": 0,
                "extras": 0,
                "total": 0
              },
              "wickets": [
                {
                  "player_out": "T Nightingale",
                  "fielders": [
                    {
                      "name": "D Birrell"
                    }
                  ],
                  "kind": "caught"
                }
              ]
            },
            {
              "batter": "OB Nightingale",
              "bowler": "B Ward",
              "non_striker": "IDA Damarell",
              "runs": {
                "batter": 0,
                "extras": 0,
                "total": 0
              }
            }
          ]
        },
        {
          "over": 15,
          "deliveries": [
            {
              "batter": "IDA Damarell",
              "bowler": "S Simpson",
              "non_striker": "OB Nightingale",
              "runs": {
                "batter": 2,
                "extras": 0,
                "total": 2
              }
            },
            {
              "batter": "IDA Damarell",
              "bowler": "S Simpson",
              "non_striker": "OB Nightingale",
              "runs": {
                "batter": 0,
                "extras": 0,
                "total": 0
              }
            },
            {
              "batter": "IDA Damarell",
              "bowler": "S Simpson",
              "non_striker": "OB Nightingale",
              "runs": {
                "batter": 1,
                "extras": 0,
                "total": 1
              }
            },
            {
              "batter": "OB Nightingale",
              "bowler": "S Simpson",
              "non_striker": "IDA Damarell",
              "runs": {
                "batter": 1,
                "extras": 0,
                "total": 1
              }
            },
            {
              "batter": "IDA Damarell",
              "bowler": "S Simpson",
              "non_striker": "OB Nightingale",
              "runs": {
                "batter": 1,
                "extras": 0,
                "total": 1
              }
            },
            {
              "batter": "OB Nightingale",
              "bowler": "S Simpson",
              "extras": {
                "wides": 1
              },
              "non_striker": "IDA Damarell",
              "runs": {
                "batter": 0,
                "extras": 1,
                "total": 1
              }
            },
            {
              "batter": "OB Nightingale",
              "bowler": "S Simpson",
              "non_striker": "IDA Damarell",
              "runs": {
                "batter": 2,
                "extras": 0,
                "total": 2
              }
            }
          ]
        },
        {
          "over": 16,
          "deliveries": [
            {
              "batter": "IDA Damarell",
              "bowler": "T Britton",
              "non_striker": "OB Nightingale",
              "runs": {
                "batter": 1,
                "extras": 0,
                "total": 1
              }
            },
            {
              "batter": "OB Nightingale",
              "bowler": "T Britton",
              "non_striker": "IDA Damarell",
              "runs": {
                "batter": 1,
                "extras": 0,
                "total": 1
              }
            },
            {
              "batter": "IDA Damarell",
              "bowler": "T Britton",
              "non_striker": "OB Nightingale",
              "runs": {
                "batter": 0,
                "extras": 0,
                "total": 0
              },
              "wickets": [
                {
                  "player_out": "IDA Damarell",
                  "fielders": [
                    {
                      "name": "J Kemp"
                    }
                  ],
                  "kind": "stumped"
                }
              ]
            },
            {
              "batter": "M Dale-Bradley",
              "bowler": "T Britton",
              "non_striker": "OB Nightingale",
              "runs": {
                "batter": 1,
                "extras": 0,
                "total": 1
              }
            },
            {
              "batter": "OB Nightingale",
              "bowler": "T Britton",
              "non_striker": "M Dale-Bradley",
              "runs": {
                "batter": 2,
                "extras": 0,
                "total": 2
              }
            },
            {
              "batter": "OB Nightingale",
              "bowler": "T Britton",
              "non_striker": "M Dale-Bradley",
              "runs": {
                "batter": 0,
                "extras": 0,
                "total": 0
              },
              "wickets": [
                {
                  "player_out": "OB Nightingale",
                  "fielders": [
                    {
                      "name": "C Brennan"
                    }
                  ],
                  "kind": "caught"
                }
              ]
            }
          ]
        },
        {
          "over": 17,
          "deliveries": [
            {
              "batter": "M Dale-Bradley",
              "bowler": "D Birrell",
              "non_striker": "LB Ferbrache",
              "runs": {
                "batter": 0,
                "extras": 0,
                "total": 0
              }
            },
            {
              "batter": "M Dale-Bradley",
              "bowler": "D Birrell",
              "non_striker": "LB Ferbrache",
              "runs": {
                "batter": 1,
                "extras": 0,
                "total": 1
              }
            },
            {
              "batter": "LB Ferbrache",
              "bowler": "D Birrell",
              "non_striker": "M Dale-Bradley",
              "runs": {
                "batter": 0,
                "extras": 0,
                "total": 0
              }
            },
            {
              "batter": "LB Ferbrache",
              "bowler": "D Birrell",
              "non_striker": "M Dale-Bradley",
              "runs": {
                "batter": 1,
                "extras": 0,
                "total": 1
              }
            },
            {
              "batter": "M Dale-Bradley",
              "bowler": "D Birrell",
              "non_striker": "LB Ferbrache",
              "runs": {
                "batter": 0,
                "extras": 0,
                "total": 0
              }
            },
            {
              "batter": "M Dale-Bradley",
              "bowler": "D Birrell",
              "non_striker": "LB Ferbrache",
              "runs": {
                "batter": 1,
                "extras": 0,
                "total": 1
              }
            }
          ]
        },
        {
          "over": 18,
          "deliveries": [
            {
              "batter": "M Dale-Bradley",
              "bowler": "T Britton",
              "non_striker": "LB Ferbrache",
              "runs": {
                "batter": 0,
                "extras": 0,
                "total": 0
              }
            },
            {
              "batter": "M Dale-Bradley",
              "bowler": "T Britton",
              "non_striker": "LB Ferbrache",
              "runs": {
                "batter": 0,
                "extras": 0,
                "total": 0
              }
            },
            {
              "batter": "M Dale-Bradley",
              "bowler": "T Britton",
              "non_striker": "LB Ferbrache",
              "runs": {
                "batter": 0,
                "extras": 0,
                "total": 0
              }
            },
            {
              "batter": "M Dale-Bradley",
              "bowler": "T Britton",
              "non_striker": "LB Ferbrache",
              "runs": {
                "batter": 1,
                "extras": 0,
                "total": 1
              }
            },
            {
              "batter": "LB Ferbrache",
              "bowler": "T Britton",
              "non_striker": "M Dale-Bradley",
              "runs": {
                "batter": 0,
                "extras": 0,
                "total": 0
              }
            },
            {
              "batter": "LB Ferbrache",
              "bowler": "T Britton",
              "non_striker": "M Dale-Bradley",
              "runs": {
                "batter": 0,
                "extras": 0,
                "total": 0
              }
            }
          ]
        },
        {
          "over": 19,
          "deliveries": [
            {
              "batter": "M Dale-Bradley",
              "bowler": "D Birrell",
              "non_striker": "LB Ferbrache",
              "runs": {
                "batter": 2,
                "extras": 0,
                "total": 2
              }
            }
          ]
        }
      ],
      "powerplays": [
        {
          "from": 0.1,
          "to": 5.6,
          "type": "mandatory"
        }
      ],
      "target": {
        "overs": 20,
        "runs": 149
      }
    }
  ]
}