{
  "meta": {
    "data_version": "1.1.0",
    "created": "2025-03-23",
    "revision": 1
  },
  "info": {
    "balls_per_over": 6,
    "city": "Auckland",
    "dates": [
      "2025-03-21"
    ],
    "event": {
      "name": "Pakistan tour of New Zealand",
      "match_number": 3
    },
    "gender": "male",
    "match_type": "T20",
    "match_type_number": 3124,
    "officials": {
      "match_referees": [
        "JJ Crowe"
      ],
      "reserve_umpires": [
        "WR Knights"
      ],
      "tv_umpires": [
        "CM Brown"
      ],
      "umpires": [
        "SJ Nogajski",
        "SB Haig"
      ]
    },
    "outcome": {
      "winner": "Pakistan",
      "by": {
        "wickets": 9
      }
    },
    "overs": 20,
    "player_of_match": [
      "Hassan Nawaz"
    ],
    "players": {
      "New Zealand": [
        "TL Seifert",
        "FH Allen",
        "MS Chapman",
        "DJ Mitchell",
        "JDS Neesham",
        "MJ Hay",
        "MG Bracewell",
        "KA Jamieson",
        "IS Sodhi",
        "JA Duffy",
        "BV Sears"
      ],
      "Pakistan": [
        "Mohammad Haris",
        "Hassan Nawaz",
        "Agha Salman",
        "Irfan Khan",
        "Shadab Khan",
        "Abdul Samad",
        "Khushdil Shah",
        "Abbas Afridi",
        "Shaheen Shah Afridi",
        "Haris Rauf",
        "Abrar Ahmed"
      ]
    },
    "registry": {
      "people": {
        "Abbas Afridi": "2cec2a92",
        "Abdul Samad": "8e554b6b",
        "Abrar Ahmed": "abb7c76c",
        "Agha Salman": "89c16049",
        "BV Sears": "e1891e00",
        "CM Brown": "448f4f1c",
        "DJ Mitchell": "eade4650",
        "FH Allen": "bf74b130",
        "Haris Rauf": "24bb1c2f",
        "Hassan Nawaz": "26a8b2fe",
        "IS Sodhi": "641ac5ff",
        "Irfan Khan": "ee95065d",
        "JA Duffy": "dadbdb68",
        "JDS Neesham": "9219eff0",
        "JJ Crowe": "2e760301",
        "KA Jamieson": "68c56d09",
        "Khushdil Shah": "fce581b5",
        "MG Bracewell": "e38bce7a",
        "MJ Hay": "732f711b",
        "MS Chapman": "7fa12533",
        "Mohammad Haris": "ff3f6fc1",
        "SB Haig": "811655b3",
        "SJ Nogajski": "9b3f9323",
        "Shadab Khan": "9de62878",
        "Shaheen Shah Afridi": "45a7e761",
        "TL Seifert": "4663bd23",
        "WR Knights": "63cbf8d8"
      }
    },
    "season": "2024/25",
    "team_type": "international",
    "teams": [
      "New Zealand",
      "Pakistan"
    ],
    "toss": {
      "decision": "field",
      "winner": "Pakistan"
    },
    "venue": "Eden Park, Auckland"
  },
  "innings": [
    {
      "team": "New Zealand",
      "overs": [
        {
          "over": 0,
          "deliveries": [
            {
              "batter": "TL Seifert",
              "bowler": "Shaheen Shah Afridi",
              "non_striker": "FH Allen",
              "runs": {
                "batter": 1,
                "extras": 0,
                "total": 1
              }
            },
            {
              "batter": "FH Allen",
              "bowler": "Shaheen Shah Afridi",
              "non_striker": "TL Seifert",
              "runs": {
                "batter": 0,
                "extras": 0,
                "total": 0
              }
            },
            {
              "batter": "FH Allen",
              "bowler": "Shaheen Shah Afridi",
              "extras": {
                "legbyes": 1
              },
              "non_striker": "TL Seifert",
              "runs": {
                "batter": 0,
                "extras": 1,
                "total": 1
              }
            },
            {
              "batter": "TL Seifert",
              "bowler": "Shaheen Shah Afridi",
              "non_striker": "FH Allen",
              "runs": {
                "batter": 1,
                "extras": 0,
                "total": 1
              }
            },
            {
              "batter": "FH Allen",
              "bowler": "Shaheen Shah Afridi",
              "non_striker": "TL Seifert",
              "runs": {
                "batter": 0,
                "extras": 0,
                "total": 0
              },
              "wickets": [
                {
                  "player_out": "FH Allen",
                  "fielders": [
                    {
                      "name": "Haris Rauf"
                    }
                  ],
                  "kind": "caught"
                }
              ]
            },
            {
              "batter": "MS Chapman",
              "bowler": "Shaheen Shah Afridi",
              "non_striker": "TL Seifert",
              "runs": {
                "batter": 1,
                "extras": 0,
                "total": 1
              }
            }
          ]
        },
        {
          "over": 1,
          "deliveries": [
            {
              "batter": "MS Chapman",
              "bowler": "Abrar Ahmed",
              "non_striker": "TL Seifert",
              "runs": {
                "batter": 1,
                "extras": 0,
                "total": 1
              }
            },
            {
              "batter": "TL Seifert",
              "bowler": "Abrar Ahmed",
              "non_striker": "MS Chapman",
              "runs": {
                "batter": 0,
                "extras": 0,
                "total": 0
              }
            },
            {
              "batter": "TL Seifert",
              "bowler": "Abrar Ahmed",
              "non_striker": "MS Chapman",
              "runs": {
                "batter": 4,
                "extras": 0,
                "total": 4
              }
            },
            {
              "batter": "TL Seifert",
              "bowler": "Abrar Ahmed",
              "non_striker": "MS Chapman",
              "runs": {
                "batter": 6,
                "extras": 0,
                "total": 6
              }
            },
            {
              "batter": "TL Seifert",
              "bowler": "Abrar Ahmed",
              "non_striker": "MS Chapman",
              "runs": {
                "batter": 0,
                "extras": 0,
                "total": 0
              }
            },
            {
              "batter": "TL Seifert",
              "bowler": "Abrar Ahmed",
              "non_striker": "MS Chapman",
              "runs": {
                "batter": 6,
                "extras": 0,
                "total": 6
              }
            }
          ]
        },
        {
          "over": 2,
          "deliveries": [
            {
              "batter": "MS Chapman",
              "bowler": "Shaheen Shah Afridi",
              "non_striker": "TL Seifert",
              "runs": {
                "batter": 4,
                "extras": 0,
                "total": 4
              }
            },
            {
              "batter": "MS Chapman",
              "bowler": "Shaheen Shah Afridi",
              "non_striker": "TL Seifert",
              "runs": {
                "batter": 0,
                "extras": 0,
                "total": 0
              }
            },
            {
              "batter": "MS Chapman",
              "bowler": "Shaheen Shah Afridi",
              "non_striker": "TL Seifert",
              "runs": {
                "batter": 4,
                "extras": 0,
                "total": 4
              }
            },
            {
              "batter": "MS Chapman",
              "bowler": "Shaheen Shah Afridi",
              "non_striker": "TL Seifert",
              "runs": {
                "batter": 0,
                "extras": 0,
                "total": 0
              }
            },
            {
              "batter": "MS Chapman",
              "bowler": "Shaheen Shah Afridi",
              "non_striker": "TL Seifert",
              "runs": {
                "batter": 0,
                "extras": 0,
                "total": 0
              }
            },
            {
              "batter": "MS Chapman",
              "bowler": "Shaheen Shah Afridi",
              "non_striker": "TL Seifert",
              "runs": {
                "batter": 1,
                "extras": 0,
                "total": 1
              }
            }
          ]
        },
        {
          "over": 3,
          "deliveries": [
            {
              "batter": "MS Chapman",
              "bowler": "Abrar Ahmed",
              "non_striker": "TL Seifert",
              "runs": {
                "batter": 0,
                "extras": 0,
                "total": 0
              }
            },
            {
              "batter": "MS Chapman",
              "bowler": "Abrar Ahmed",
              "non_striker": "TL Seifert",
              "runs": {
                "batter": 0,
                "extras": 0,
                "total": 0
              }
            },
            {
              "batter": "MS Chapman",
              "bowler": "Abrar Ahmed",
              "non_striker": "TL Seifert",
              "runs": {
                "batter": 1,
                "extras": 0,
                "total": 1
              }
            },
            {
              "batter": "TL Seifert",
              "bowler": "Abrar Ahmed",
              "non_striker": "MS Chapman",
              "runs": {
                "batter": 1,
                "extras": 0,
                "total": 1
              }
            },
            {
              "batter": "MS Chapman",
              "bowler": "Abrar Ahmed",
              "non_striker": "TL Seifert",
              "runs": {
                "batter": 4,
                "extras": 0,
                "total": 4
              }
            },
            {
              "batter": "MS Chapman",
              "bowler": "Abrar Ahmed",
              "non_striker": "TL Seifert",
              "runs": {
                "batter": 6,
                "extras": 0,
                "total": 6
              }
            }
          ]
        },
        {
          "over": 4,
          "deliveries": [
            {
              "batter": "TL Seifert",
              "bowler": "Haris Rauf",
              "extras": {
                "wides": 1
              },
              "non_striker": "MS Chapman",
              "runs": {
                "batter": 0,
                "extras": 1,
                "total": 1
              }
            },
            {
              "batter": "TL Seifert",
              "bowler": "Haris Rauf",
              "non_striker": "MS Chapman",
              "runs": {
                "batter": 0,
                "extras": 0,
                "total": 0
              },
              "wickets": [
                {
                  "player_out": "TL Seifert",
                  "fielders": [
                    {
                      "name": "Agha Salman"
                    }
                  ],
                  "kind": "caught"
                }
              ]
            },
            {
              "batter": "DJ Mitchell",
              "bowler": "Haris Rauf",
              "non_striker": "MS Chapman",
              "runs": {
                "batter": 0,
                "extras": 0,
                "total": 0
              }
            },
            {
              "batter": "DJ Mitchell",
              "bowler": "Haris Rauf",
              "non_striker": "MS Chapman",
              "runs": {
                "batter": 1,
                "extras": 0,
                "total": 1
              }
            },
            {
              "batter": "MS Chapman",
              "bowler": "Haris Rauf",
              "non_striker": "DJ Mitchell",
              "runs": {
                "batter": 0,
                "extras": 0,
                "total": 0
              }
            },
            {
              "batter": "MS Chapman",
              "bowler": "Haris Rauf",
              "non_striker": "DJ Mitchell",
              "runs": {
                "batter": 4,
                "extras": 0,
                "total": 4
              }
            },
            {
              "batter": "MS Chapman",
              "bowler": "Haris Rauf",
              "non_striker": "DJ Mitchell",
              "runs": {
                "batter": 1,
                "extras": 0,
                "total": 1
              }
            }
          ]
        },
        {
          "over": 5,
          "deliveries": [
            {
              "batter": "MS Chapman",
              "bowler": "Abbas Afridi",
              "non_striker": "DJ Mitchell",
              "runs": {
                "batter": 0,
                "extras": 0,
                "total": 0
              }
            },
            {
              "batter": "MS Chapman",
              "bowler": "Abbas Afridi",
              "non_striker": "DJ Mitchell",
              "runs": {
                "batter": 1,
                "extras": 0,
                "total": 1
              }
            },
            {
              "batter": "DJ Mitchell",
              "bowler": "Abbas Afridi",
              "non_striker": "MS Chapman",
              "runs": {
                "batter": 4,
                "extras": 0,
                "total": 4
              }
            },
            {
              "batter": "DJ Mitchell",
              "bowler": "Abbas Afridi",
              "non_striker": "MS Chapman",
              "runs": {
                "batter": 0,
                "extras": 0,
                "total": 0
              }
            },
            {
              "batter": "DJ Mitchell",
              "bowler": "Abbas Afridi",
              "non_striker": "MS Chapman",
              "runs": {
                "batter": 3,
                "extras": 0,
                "total": 3
              }
            },
            {
              "batter": "MS Chapman",
              "bowler": "Abbas Afridi",
              "non_striker": "DJ Mitchell",
              "runs": {
                "batter": 1,
                "extras": 0,
                "total": 1
              }
            }
          ]
        },
        {
          "over": 6,
          "deliveries": [
            {
              "batter": "MS Chapman",
              "bowler": "Haris Rauf",
              "non_striker": "DJ Mitchell",
              "runs": {
                "batter": 2,
                "extras": 0,
                "total": 2
              }
            },
            {
              "batter": "MS Chapman",
              "bowler": "Haris Rauf",
              "non_striker": "DJ Mitchell",
              "runs": {
                "batter": 4,
                "extras": 0,
                "total": 4
              }
            },
            {
              "batter": "MS Chapman",
              "bowler": "Haris Rauf",
              "non_striker": "DJ Mitchell",
              "runs": {
                "batter": 2,
                "extras": 0,
                "total": 2
              }
            },
            {
              "batter": "MS Chapman",
              "bowler": "Haris Rauf",
              "non_striker": "DJ Mitchell",
              "runs": {
                "batter": 1,
                "extras": 0,
                "total": 1
              }
            },
            {
              "batter": "DJ Mitchell",
              "bowler": "Haris Rauf",
              "non_striker": "MS Chapman",
              "runs": {
                "batter": 1,
                "extras": 0,
                "total": 1
              }
            },
            {
              "batter": "MS Chapman",
              "bowler": "Haris Rauf",
              "non_striker": "DJ Mitchell",
              "runs": {
                "batter": 1,
                "extras": 0,
                "total": 1
              }
            }
          ]
        },
        {
          "over": 7,
          "deliveries": [
            {
              "batter": "MS Chapman",
              "bowler": "Shadab Khan",
              "non_striker": "DJ Mitchell",
              "runs": {
                "batter": 1,
                "extras": 0,
                "total": 1
              }
            },
            {
              "batter": "DJ Mitchell",
              "bowler": "Shadab Khan",
              "non_striker": "MS Chapman",
              "runs": {
                "batter": 0,
                "extras": 0,
                "total": 0
              }
            },
            {
              "batter": "DJ Mitchell",
              "bowler": "Shadab Khan",
              "non_striker": "MS Chapman",
              "runs": {
                "batter": 1,
                "extras": 0,
                "total": 1
              }
            },
            {
              "batter": "MS Chapman",
              "bowler": "Shadab Khan",
              "non_striker": "DJ Mitchell",
              "runs": {
                "batter": 4,
                "extras": 0,
                "total": 4
              }
            },
            {
              "batter": "MS Chapman",
              "bowler": "Shadab Khan",
              "non_striker": "DJ Mitchell",
              "runs": {
                "batter": 4,
                "extras": 0,
                "total": 4
              }
            },
            {
              "batter": "MS Chapman",
              "bowler": "Shadab Khan",
              "non_striker": "DJ Mitchell",
              "runs": {
                "batter": 1,
                "extras": 0,
                "total": 1
              }
            }
          ]
        },
        {
          "over": 8,
          "deliveries": [
            {
              "batter": "MS Chapman",
              "bowler": "Khushdil Shah",
              "non_striker": "DJ Mitchell",
              "runs": {
                "batter": 2,
                "extras": 0,
                "total": 2
              }
            },
            {
              "batter": "MS Chapman",
              "bowler": "Khushdil Shah",
              "non_striker": "DJ Mitchell",
              "runs": {
                "batter": 2,
                "extras": 0,
                "total": 2
              }
            },
            {
              "batter": "MS Chapman",
              "bowler": "Khushdil Shah",
              "non_striker": "DJ Mitchell",
              "runs": {
                "batter": 1,
                "extras": 0,
                "total": 1
              }
            },
            {
              "batter": "DJ Mitchell",
              "bowler": "Khushdil Shah",
              "non_striker": "MS Chapman",
              "runs": {
                "batter": 6,
                "extras": 0,
                "total": 6
              }
            },
            {
              "batter": "DJ Mitchell",
              "bowler": "Khushdil Shah",
              "non_striker": "MS Chapman",
              "runs": {
                "batter": 1,
                "extras": 0,
                "total": 1
              }
            },
            {
              "batter": "MS Chapman",
              "bowler": "Khushdil Shah",
              "non_striker": "DJ Mitchell",
              "runs": {
                "batter": 6,
                "extras": 0,
                "total": 6
              }
            }
          ]
        },
        {
          "over": 9,
          "deliveries": [
            {
              "batter": "DJ Mitchell",
              "bowler": "Shadab Khan",
              "non_striker": "MS Chapman",
              "runs": {
                "batter": 0,
                "extras": 0,
                "total": 0
              },
              "wickets": [
                {
                  "player_out": "DJ Mitchell",
                  "fielders": [
                    {
                      "name": "Haris Rauf"
                    }
                  ],
                  "kind": "caught"
                }
              ]
            },
            {
              "batter": "JDS Neesham",
              "bowler": "Shadab Khan",
              "non_striker": "MS Chapman",
              "runs": {
                "batter": 0,
                "extras": 0,
                "total": 0
              }
            },
            {
              "batter": "JDS Neesham",
              "bowler": "Shadab Khan",
              "non_striker": "MS Chapman",
              "runs": {
                "batter": 1,
                "extras": 0,
                "total": 1
              }
            },
            {
              "batter": "MS Chapman",
              "bowler": "Shadab Khan",
              "non_striker": "JDS Neesham",
              "runs": {
                "batter": 1,
                "extras": 0,
                "total": 1
              }
            },
            {
              "batter": "JDS Neesham",
              "bowler": "Shadab Khan",
              "non_striker": "MS Chapman",
              "runs": {
                "batter": 1,
                "extras": 0,
                "total": 1
              }
            },
            {
              "batter": "MS Chapman",
              "bowler": "Shadab Khan",
              "non_striker": "JDS Neesham",
              "runs": {
                "batter": 4,
                "extras": 0,
                "total": 4
              }
            }
          ]
        },
        {
          "over": 10,
          "deliveries": [
            {
              "batter": "JDS Neesham",
              "bowler": "Agha Salman",
              "non_striker": "MS Chapman",
              "runs": {
                "batter": 0,
                "extras": 0,
                "total": 0
              }
            },
            {
              "batter": "JDS Neesham",
              "bowler": "Agha Salman",
              "extras": {
                "byes": 4
              },
              "non_striker": "MS Chapman",
              "runs": {
                "batter": 0,
                "extras": 4,
                "total": 4
              }
            },
            {
              "batter": "JDS Neesham",
              "bowler": "Agha Salman",
              "non_striker": "MS Chapman",
              "runs": {
                "batter": 1,
                "extras": 0,
                "total": 1
              }
            },
            {
              "batter": "MS Chapman",
              "bowler": "Agha Salman",
              "non_striker": "JDS Neesham",
              "runs": {
                "batter": 6,
                "extras": 0,
                "total": 6
              }
            },
            {
              "batter": "MS Chapman",
              "bowler": "Agha Salman",
              "non_striker": "JDS Neesham",
              "runs": {
                "batter": 4,
                "extras": 0,
                "total": 4
              }
            },
            {
              "batter": "MS Chapman",
              "bowler": "Agha Salman",
              "extras": {
                "wides": 1
              },
              "non_striker": "JDS Neesham",
              "runs": {
                "batter": 0,
                "extras": 1,
                "total": 1
              }
            },
            {
              "batter": "MS Chapman",
              "bowler": "Agha Salman",
              "non_striker": "JDS Neesham",
              "runs": {
                "batter": 1,
                "extras": 0,
                "total": 1
              }
            }
          ]
        },
        {
          "over": 11,
          "deliveries": [
            {
              "batter": "MS Chapman",
              "bowler": "Abbas Afridi",
              "non_striker": "JDS Neesham",
              "runs": {
                "batter": 4,
                "extras": 0,
                "total": 4
              }
            },
            {
              "batter": "MS Chapman",
              "bowler": "Abbas Afridi",
              "non_striker": "JDS Neesham",
              "runs": {
                "batter": 6,
                "extras": 0,
                "total": 6
              }
            },
            {
              "batter": "MS Chapman",
              "bowler": "Abbas Afridi",
              "non_striker": "JDS Neesham",
              "runs": {
                "batter": 2,
                "extras": 0,
                "total": 2
              }
            },
            {
              "batter": "MS Chapman",
              "bowler": "Abbas Afridi",
              "non_striker": "JDS Neesham",
              "runs": {
                "batter": 1,
                "extras": 0,
                "total": 1
              }
            },
            {
              "batter": "JDS Neesham",
              "bowler": "Abbas Afridi",
              "non_striker": "MS Chapman",
              "runs": {
                "batter": 0,
                "extras": 0,
                "total": 0
              },
              "wickets": [
                {
                  "player_out": "JDS Neesham",
                  "kind": "lbw"
                }
              ]
            },
            {
              "batter": "MJ Hay",
              "bowler": "Abbas Afridi",
              "non_striker": "MS Chapman",
              "runs": {
                "batter": 0,
                "extras": 0,
                "total": 0
              }
            }
          ]
        },
        {
          "over": 12,
          "deliveries": [
            {
              "batter": "MS Chapman",
              "bowler": "Shaheen Shah Afridi",
              "non_striker": "MJ Hay",
              "runs": {
                "batter": 1,
                "extras": 0,
                "total": 1
              }
            },
            {
              "batter": "MJ Hay",
              "bowler": "Shaheen Shah Afridi",
              "non_striker": "MS Chapman",
              "runs": {
                "batter": 0,
                "extras": 0,
                "total": 0
              }
            },
            {
              "batter": "MJ Hay",
              "bowler": "Shaheen Shah Afridi",
              "non_striker": "MS Chapman",
              "runs": {
                "batter": 1,
                "extras": 0,
                "total": 1
              }
            },
            {
              "batter": "MS Chapman",
              "bowler": "Shaheen Shah Afridi",
              "non_striker": "MJ Hay",
              "runs": {
                "batter": 4,
                "extras": 0,
                "total": 4
              }
            },
            {
              "batter": "MS Chapman",
              "bowler": "Shaheen Shah Afridi",
              "non_striker": "MJ Hay",
              "runs": {
                "batter": 0,
                "extras": 0,
                "total": 0
              },
              "wickets": [
                {
                  "player_out": "MS Chapman",
                  "fielders": [
                    {
                      "name": "Shadab Khan"
                    }
                  ],
                  "kind": "caught"
                }
              ]
            },
            {
              "batter": "MG Bracewell",
              "bowler": "Shaheen Shah Afridi",
              "non_striker": "MJ Hay",
              "runs": {
                "batter": 1,
                "extras": 0,
                "total": 1
              }
            }
          ]
        },
        {
          "over": 13,
          "deliveries": [
            {
              "batter": "MG Bracewell",
              "bowler": "Shadab Khan",
              "non_striker": "MJ Hay",
              "runs": {
                "batter": 0,
                "extras": 0,
                "total": 0
              }
            },
            {
              "batter": "MG Bracewell",
              "bowler": "Shadab Khan",
              "non_striker": "MJ Hay",
              "runs": {
                "batter": 0,
                "extras": 0,
                "total": 0
              }
            },
            {
              "batter": "MG Bracewell",
              "bowler": "Shadab Khan",
              "extras": {
                "legbyes": 1
              },
              "non_striker": "MJ Hay",
              "runs": {
                "batter": 0,
                "extras": 1,
                "total": 1
              }
            },
            {
              "batter": "MJ Hay",
              "bowler": "Shadab Khan",
              "non_striker": "MG Bracewell",
              "runs": {
                "batter": 0,
                "extras": 0,
                "total": 0
              }
            },
            {
              "batter": "MJ Hay",
              "bowler": "Shadab Khan",
              "non_striker": "MG Bracewell",
              "runs": {
                "batter": 1,
                "extras": 0,
                "total": 1
              }
            },
            {
              "batter": "MG Bracewell",
              "bowler": "Shadab Khan",
              "non_striker": "MJ Hay",
              "runs": {
                "batter": 6,
                "extras": 0,
                "total": 6
              }
            }
          ]
        },
        {
          "over": 14,
          "deliveries": [
            {
              "batter": "MJ Hay",
              "bowler": "Abrar Ahmed",
              "non_striker": "MG Bracewell",
              "runs": {
                "batter": 6,
                "extras": 0,
                "total": 6
              }
            },
            {
              "batter": "MJ Hay",
              "bowler": "Abrar Ahmed",
              "non_striker": "MG Bracewell",
              "runs": {
                "batter": 1,
                "extras": 0,
                "total": 1
              }
            },
            {
              "batter": "MG Bracewell",
              "bowler": "Abrar Ahmed",
              "non_striker": "MJ Hay",
              "runs": {
                "batter": 6,
                "extras": 0,
                "total": 6
              }
            },
            {
              "batter": "MG Bracewell",
              "bowler": "Abrar Ahmed",
              "non_striker": "MJ Hay",
              "runs": {
                "batter": 1,
                "extras": 0,
                "total": 1
              }
            },
            {
              "batter": "MJ Hay",
              "bowler": "Abrar Ahmed",
              "non_striker": "MG Bracewell",
              "runs": {
                "batter": 0,
                "extras": 0,
                "total": 0
              },
              "wickets": [
                {
                  "player_out": "MJ Hay",
                  "kind": "bowled"
                }
              ]
            },
            {
              "batter": "KA Jamieson",
              "bowler": "Abrar Ahmed",
              "non_striker": "MG Bracewell",
              "runs": {
                "batter": 0,
                "extras": 0,
                "total": 0
              },
              "wickets": [
                {
                  "player_out": "KA Jamieson",
                  "kind": "bowled"
                }
              ]
            }
          ]
        },
        {
          "over": 15,
          "deliveries": [
            {
              "batter": "MG Bracewell",
              "bowler": "Shadab Khan",
              "non_striker": "IS Sodhi",
              "runs": {
                "batter": 0,
                "extras": 0,
                "total": 0
              }
            },
            {
              "batter": "MG Bracewell",
              "bowler": "Shadab Khan",
              "non_striker": "IS Sodhi",
              "runs": {
                "batter": 2,
                "extras": 0,
                "total": 2
              }
            },
            {
              "batter": "MG Bracewell",
              "bowler": "Shadab Khan",
              "non_striker": "IS Sodhi",
              "runs": {
                "batter": 4,
                "extras": 0,
                "total": 4
              }
            },
            {
              "batter": "MG Bracewell",
              "bowler": "Shadab Khan",
              "non_striker": "IS Sodhi",
              "runs": {
                "batter": 1,
                "extras": 0,
                "total": 1
              }
            },
            {
              "batter": "IS Sodhi",
              "bowler": "Shadab Khan",
              "non_striker": "MG Bracewell",
              "runs": {
                "batter": 1,
                "extras": 0,
                "total": 1
              }
            },
            {
              "batter": "MG Bracewell",
              "bowler": "Shadab Khan",
              "non_striker": "IS Sodhi",
              "runs": {
                "batter": 0,
                "extras": 0,
                "total": 0
              }
            }
          ]
        },
        {
          "over": 16,
          "deliveries": [
            {
              "batter": "IS Sodhi",
              "bowler": "Haris Rauf",
              "non_striker": "MG Bracewell",
              "runs": {
                "batter": 0,
                "extras": 0,
                "total": 0
              }
            },
            {
              "batter": "IS Sodhi",
              "bowler": "Haris Rauf",
              "non_striker": "MG Bracewell",
              "runs": {
                "batter": 0,
                "extras": 0,
                "total": 0
              }
            },
            {
              "batter": "IS Sodhi",
              "bowler": "Haris Rauf",
              "non_striker": "MG Bracewell",
              "runs": {
                "batter": 1,
                "extras": 0,
                "total": 1
              }
            },
            {
              "batter": "MG Bracewell",
              "bowler": "Haris Rauf",
              "non_striker": "IS Sodhi",
              "runs": {
                "batter": 0,
                "extras": 0,
                "total": 0
              }
            },
            {
              "batter": "MG Bracewell",
              "bowler": "Haris Rauf",
              "non_striker": "IS Sodhi",
              "runs": {
                "batter": 1,
                "extras": 0,
                "total": 1
              }
            },
            {
              "batter": "IS Sodhi",
              "bowler": "Haris Rauf",
              "non_striker": "MG Bracewell",
              "runs": {
                "batter": 1,
                "extras": 0,
                "total": 1
              }
            }
          ]
        },
        {
          "over": 17,
          "deliveries": [
            {
              "batter": "IS Sodhi",
              "bowler": "Shaheen Shah Afridi",
              "non_striker": "MG Bracewell",
              "runs": {
                "batter": 1,
                "extras": 0,
                "total": 1
              }
            },
            {
              "batter": "MG Bracewell",
              "bowler": "Shaheen Shah Afridi",
              "non_striker": "IS Sodhi",
              "runs": {
                "batter": 1,
                "extras": 0,
                "total": 1
              }
            },
            {
              "batter": "IS Sodhi",
              "bowler": "Shaheen Shah Afridi",
              "non_striker": "MG Bracewell",
              "runs": {
                "batter": 4,
                "extras": 0,
                "total": 4
              }
            },
            {
              "batter": "IS Sodhi",
              "bowler": "Shaheen Shah Afridi",
              "non_striker": "MG Bracewell",
              "runs": {
                "batter": 1,
                "extras": 0,
                "total": 1
              }
            },
            {
              "batter": "MG Bracewell",
              "bowler": "Shaheen Shah Afridi",
              "extras": {
                "wides": 1
              },
              "non_striker": "IS Sodhi",
              "runs": {
                "batter": 0,
                "extras": 1,
                "total": 1
              }
            },
            {
              "batter": "MG Bracewell",
              "bowler": "Shaheen Shah Afridi",
              "non_striker": "IS Sodhi",
              "runs": {
                "batter": 4,
                "extras": 0,
                "total": 4
              }
            },
            {
              "batter": "MG Bracewell",
              "bowler": "Shaheen Shah Afridi",
              "extras": {
                "wides": 1
              },
              "non_striker": "IS Sodhi",
              "runs": {
                "batter": 0,
                "extras": 1,
                "total": 1
              }
            },
            {
              "batter": "MG Bracewell",
              "bowler": "Shaheen Shah Afridi",
              "non_striker": "IS Sodhi",
              "runs": {
                "batter": 4,
                "extras": 0,
                "total": 4
              }
            }
          ]
        },
        {
          "over": 18,
          "deliveries": [
            {
              "batter": "IS Sodhi",
              "bowler": "Haris Rauf",
              "non_striker": "MG Bracewell",
              "runs": {
                "batter": 1,
                "extras": 0,
                "total": 1
              }
            },
            {
              "batter": "MG Bracewell",
              "bowler": "Haris Rauf",
              "non_striker": "IS Sodhi",
              "runs": {
                "batter": 0,
                "extras": 0,
                "total": 0
              },
              "wickets": [
                {
                  "player_out": "MG Bracewell",
                  "kind": "bowled"
                }
              ]
            },
            {
              "batter": "JA Duffy",
              "bowler": "Haris Rauf",
              "non_striker": "IS Sodhi",
              "runs": {
                "batter": 1,
                "extras": 0,
                "total": 1
              }
            },
            {
              "batter": "IS Sodhi",
              "bowler": "Haris Rauf",
              "non_striker": "JA Duffy",
              "runs": {
                "batter": 0,
                "extras": 0,
                "total": 0
              },
              "wickets": [
                {
                  "player_out": "IS Sodhi",
                  "fielders": [
                    {
                      "name": "Mohammad Haris"
                    }
                  ],
                  "kind": "caught"
                }
              ]
            },
            {
              "batter": "BV Sears",
              "bowler": "Haris Rauf",
              "non_striker": "JA Duffy",
              "runs": {
                "batter": 2,
                "extras": 0,
                "total": 2
              }
            },
            {
              "batter": "BV Sears",
              "bowler": "Haris Rauf",
              "non_striker": "JA Duffy",
              "runs": {
                "batter": 4,
                "extras": 0,
                "total": 4
              }
            }
          ]
        },
        {
          "over": 19,
          "deliveries": [
            {
              "batter": "JA Duffy",
              "bowler": "Abbas Afridi",
              "extras": {
                "legbyes": 1
              },
              "non_striker": "BV Sears",
              "runs": {
                "batter": 0,
                "extras": 1,
                "total": 1
              }
            },
            {
              "batter": "BV Sears",
              "bowler": "Abbas Afridi",
              "non_striker": "JA Duffy",
              "runs": {
                "batter": 1,
                "extras": 0,
                "total": 1
              }
            },
            {
              "batter": "JA Duffy",
              "bowler": "Abbas Afridi",
              "non_striker": "BV Sears",
              "runs": {
                "batter": 1,
                "extras": 0,
                "total": 1
              }
            },
            {
              "batter": "BV Sears",
              "bowler": "Abbas Afridi",
              "extras": {
                "legbyes": 1
              },
              "non_striker": "JA Duffy",
              "runs": {
                "batter": 0,
                "extras": 1,
                "total": 1
              }
            },
            {
              "batter": "JA Duffy",
              "bowler": "Abbas Afridi",
              "non_striker": "BV Sears",
              "runs": {
                "batter": 0,
                "extras": 0,
                "total": 0
              },
              "wickets": [
                {
                  "player_out": "JA Duffy",
                  "fielders": [
                    {
                      "name": "Irfan Khan"
                    }
                  ],
                  "kind": "caught"
                }
              ]
            }
          ]
        }
      ],
      "powerplays": [
        {
          "from": 0.1,
          "to": 5.6,
          "type": "mandatory"
        }
      ]
    },
    {
      "team": "Pakistan",
      "overs": [
        {
          "over": 0,
          "deliveries": [
            {
              "batter": "Mohammad Haris",
              "bowler": "KA Jamieson",
              "non_striker": "Hassan Nawaz",
              "runs": {
                "batter": 1,
                "extras": 0,
                "total": 1
              }
            },
            {
              "batter": "Hassan Nawaz",
              "bowler": "KA Jamieson",
              "non_striker": "Mohammad Haris",
              "runs": {
                "batter": 0,
                "extras": 0,
                "total": 0
              }
            },
            {
              "batter": "Hassan Nawaz",
              "bowler": "KA Jamieson",
              "non_striker": "Mohammad Haris",
              "runs": {
                "batter": 1,
                "extras": 0,
                "total": 1
              }
            },
            {
              "batter": "Mohammad Haris",
              "bowler": "KA Jamieson",
              "non_striker": "Hassan Nawaz",
              "runs": {
                "batter": 6,
                "extras": 0,
                "total": 6
              }
            },
            {
              "batter": "Mohammad Haris",
              "bowler": "KA Jamieson",
              "non_striker": "Hassan Nawaz",
              "runs": {
                "batter": 6,
                "extras": 0,
                "total": 6
              }
            },
            {
              "batter": "Mohammad Haris",
              "bowler": "KA Jamieson",
              "non_striker": "Hassan Nawaz",
              "runs": {
                "batter": 1,
                "extras": 0,
                "total": 1
              }
            }
          ]
        },
        {
          "over": 1,
          "deliveries": [
            {
              "batter": "Mohammad Haris",
              "bowler": "JA Duffy",
              "non_striker": "Hassan Nawaz",
              "runs": {
                "batter": 1,
                "extras": 0,
                "total": 1
              }
            },
            {
              "batter": "Hassan Nawaz",
              "bowler": "JA Duffy",
              "non_striker": "Mohammad Haris",
              "runs": {
                "batter": 1,
                "extras": 0,
                "total": 1
              }
            },
            {
              "batter": "Mohammad Haris",
              "bowler": "JA Duffy",
              "non_striker": "Hassan Nawaz",
              "runs": {
                "batter": 4,
                "extras": 0,
                "total": 4
              }
            },
            {
              "batter": "Mohammad Haris",
              "bowler": "JA Duffy",
              "non_striker": "Hassan Nawaz",
              "runs": {
                "batter": 0,
                "extras": 0,
                "total": 0
              }
            },
            {
              "batter": "Mohammad Haris",
              "bowler": "JA Duffy",
              "non_striker": "Hassan Nawaz",
              "runs": {
                "batter": 0,
                "extras": 0,
                "total": 0
              }
            },
            {
              "batter": "Mohammad Haris",
              "bowler": "JA Duffy",
              "non_striker": "Hassan Nawaz",
              "runs": {
                "batter": 4,
                "extras": 0,
                "total": 4
              }
            }
          ]
        },
        {
          "over": 2,
          "deliveries": [
            {
              "batter": "Hassan Nawaz",
              "bowler": "BV Sears",
              "extras": {
                "wides": 1
              },
              "non_striker": "Mohammad Haris",
              "runs": {
                "batter": 0,
                "extras": 1,
                "total": 1
              }
            },
            {
              "batter": "Hassan Nawaz",
              "bowler": "BV Sears",
              "non_striker": "Mohammad Haris",
              "runs": {
                "batter": 1,
                "extras": 0,
                "total": 1
              }
            },
            {
              "batter": "Mohammad Haris",
              "bowler": "BV Sears",
              "non_striker": "Hassan Nawaz",
              "runs": {
                "batter": 4,
                "extras": 0,
                "total": 4
              }
            },
            {
              "batter": "Mohammad Haris",
              "bowler": "BV Sears",
              "non_striker": "Hassan Nawaz",
              "runs": {
                "batter": 0,
                "extras": 0,
                "total": 0
              }
            },
            {
              "batter": "Mohammad Haris",
              "bowler": "BV Sears",
              "non_striker": "Hassan Nawaz",
              "runs": {
                "batter": 1,
                "extras": 0,
                "total": 1
              }
            },
            {
              "batter": "Hassan Nawaz",
              "bowler": "BV Sears",
              "non_striker": "Mohammad Haris",
              "runs": {
                "batter": 4,
                "extras": 0,
                "total": 4
              }
            },
            {
              "batter": "Hassan Nawaz",
              "bowler": "BV Sears",
              "non_striker": "Mohammad Haris",
              "runs": {
                "batter": 0,
                "extras": 0,
                "total": 0
              }
            }
          ]
        },
        {
          "over": 3,
          "deliveries": [
            {
              "batter": "Mohammad Haris",
              "bowler": "KA Jamieson",
              "non_striker": "Hassan Nawaz",
              "runs": {
                "batter": 1,
                "extras": 0,
                "total": 1
              }
            },
            {
              "batter": "Hassan Nawaz",
              "bowler": "KA Jamieson",
              "extras": {
                "wides": 1
              },
              "non_striker": "Mohammad Haris",
              "runs": {
                "batter": 0,
                "extras": 1,
                "total": 1
              }
            },
            {
              "batter": "Hassan Nawaz",
              "bowler": "KA Jamieson",
              "extras": {
                "wides": 1
              },
              "non_striker": "Mohammad Haris",
              "runs": {
                "batter": 0,
                "extras": 1,
                "total": 1
              }
            },
            {
              "batter": "Hassan Nawaz",
              "bowler": "KA Jamieson",
              "non_striker": "Mohammad Haris",
              "runs": {
                "batter": 0,
                "extras": 0,
                "total": 0
              }
            },
            {
              "batter": "Hassan Nawaz",
              "bowler": "KA Jamieson",
              "non_striker": "Mohammad Haris",
              "runs": {
                "batter": 4,
                "extras": 0,
                "total": 4
              }
            },
            {
              "batter": "Hassan Nawaz",
              "bowler": "KA Jamieson",
              "non_striker": "Mohammad Haris",
              "runs": {
                "batter": 2,
                "extras": 0,
                "total": 2
              }
            },
            {
              "batter": "Hassan Nawaz",
              "bowler": "KA Jamieson",
              "non_striker": "Mohammad Haris",
              "runs": {
                "batter": 0,
                "extras": 0,
                "total": 0
              }
            },
            {
              "batter": "Hassan Nawaz",
              "bowler": "KA Jamieson",
              "non_striker": "Mohammad Haris",
              "runs": {
                "batter": 6,
                "extras": 0,
                "total": 6
              }
            }
          ]
        },
        {
          "over": 4,
          "deliveries": [
            {
              "batter": "Mohammad Haris",
              "bowler": "MG Bracewell",
              "non_striker": "Hassan Nawaz",
              "runs": {
                "batter": 6,
                "extras": 0,
                "total": 6
              }
            },
            {
              "batter": "Mohammad Haris",
              "bowler": "MG Bracewell",
              "non_striker": "Hassan Nawaz",
              "runs": {
                "batter": 1,
                "extras": 0,
                "total": 1
              }
            },
            {
              "batter": "Hassan Nawaz",
              "bowler": "MG Bracewell",
              "non_striker": "Mohammad Haris",
              "runs": {
                "batter": 1,
                "extras": 0,
                "total": 1
              }
            },
            {
              "batter": "Mohammad Haris",
              "bowler": "MG Bracewell",
              "non_striker": "Hassan Nawaz",
              "runs": {
                "batter": 1,
                "extras": 0,
                "total": 1
              }
            },
            {
              "batter": "Hassan Nawaz",
              "bowler": "MG Bracewell",
              "non_striker": "Mohammad Haris",
              "runs": {
                "batter": 6,
                "extras": 0,
                "total": 6
              }
            },
            {
              "batter": "Hassan Nawaz",
              "bowler": "MG Bracewell",
              "non_striker": "Mohammad Haris",
              "runs": {
                "batter": 1,
                "extras": 0,
                "total": 1
              }
            }
          ]
        },
        {
          "over": 5,
          "deliveries": [
            {
              "batter": "Hassan Nawaz",
              "bowler": "JA Duffy",
              "non_striker": "Mohammad Haris",
              "runs": {
                "batter": 3,
                "extras": 0,
                "total": 3
              }
            },
            {
              "batter": "Mohammad Haris",
              "bowler": "JA Duffy",
              "non_striker": "Hassan Nawaz",
              "runs": {
                "batter": 0,
                "extras": 0,
                "total": 0
              }
            },
            {
              "batter": "Mohammad Haris",
              "bowler": "JA Duffy",
              "non_striker": "Hassan Nawaz",
              "runs": {
                "batter": 4,
                "extras": 0,
                "total": 4
              }
            },
            {
              "batter": "Mohammad Haris",
              "bowler": "JA Duffy",
              "non_striker": "Hassan Nawaz",
              "runs": {
                "batter": 0,
                "extras": 0,
                "total": 0
              }
            },
            {
              "batter": "Mohammad Haris",
              "bowler": "JA Duffy",
              "non_striker": "Hassan Nawaz",
              "runs": {
                "batter": 0,
                "extras": 0,
                "total": 0
              },
              "wickets": [
                {
                  "player_out": "Mohammad Haris",
                  "fielders": [
                    {
                      "name": "MJ Hay"
                    }
                  ],
                  "kind": "caught"
                }
              ]
            },
            {
              "batter": "Agha Salman",
              "bowler": "JA Duffy",
              "non_striker": "Hassan Nawaz",
              "runs": {
                "batter": 1,
                "extras": 0,
                "total": 1
              }
            }
          ]
        },
        {
          "over": 6,
          "deliveries": [
            {
              "batter": "Agha Salman",
              "bowler": "IS Sodhi",
              "non_striker": "Hassan Nawaz",
              "runs": {
                "batter": 1,
                "extras": 0,
                "total": 1
              }
            },
            {
              "batter": "Hassan Nawaz",
              "bowler": "IS Sodhi",
              "non_striker": "Agha Salman",
              "runs": {
                "batter": 6,
                "extras": 0,
                "total": 6
              }
            },
            {
              "batter": "Hassan Nawaz",
              "bowler": "IS Sodhi",
              "non_striker": "Agha Salman",
              "runs": {
                "batter": 1,
                "extras": 0,
                "total": 1
              }
            },
            {
              "batter": "Agha Salman",
              "bowler": "IS Sodhi",
              "non_striker": "Hassan Nawaz",
              "runs": {
                "batter": 1,
                "extras": 0,
                "total": 1
              }
            },
            {
              "batter": "Hassan Nawaz",
              "bowler": "IS Sodhi",
              "non_striker": "Agha Salman",
              "runs": {
                "batter": 4,
                "extras": 0,
                "total": 4
              }
            },
            {
              "batter": "Hassan Nawaz",
              "bowler": "IS Sodhi",
              "non_striker": "Agha Salman",
              "runs": {
                "batter": 1,
                "extras": 0,
                "total": 1
              }
            }
          ]
        },
        {
          "over": 7,
          "deliveries": [
            {
              "batter": "Hassan Nawaz",
              "bowler": "BV Sears",
              "non_striker": "Agha Salman",
              "runs": {
                "batter": 0,
                "extras": 0,
                "total": 0
              }
            },
            {
              "batter": "Hassan Nawaz",
              "bowler": "BV Sears",
              "non_striker": "Agha Salman",
              "runs": {
                "batter": 4,
                "extras": 0,
                "total": 4
              }
            },
            {
              "batter": "Hassan Nawaz",
              "bowler": "BV Sears",
              "non_striker": "Agha Salman",
              "runs": {
                "batter": 1,
                "extras": 0,
                "total": 1
              }
            },
            {
              "batter": "Agha Salman",
              "bowler": "BV Sears",
              "non_striker": "Hassan Nawaz",
              "runs": {
                "batter": 4,
                "extras": 0,
                "total": 4
              }
            },
            {
              "batter": "Agha Salman",
              "bowler": "BV Sears",
              "non_striker": "Hassan Nawaz",
              "runs": {
                "batter": 1,
                "extras": 0,
                "total": 1
              }
            },
            {
              "batter": "Hassan Nawaz",
              "bowler": "BV Sears",
              "non_striker": "Agha Salman",
              "runs": {
                "batter": 0,
                "extras": 0,
                "total": 0
              }
            }
          ]
        },
        {
          "over": 8,
          "deliveries": [
            {
              "batter": "Agha Salman",
              "bowler": "JDS Neesham",
              "non_striker": "Hassan Nawaz",
              "runs": {
                "batter": 1,
                "extras": 0,
                "total": 1
              }
            },
            {
              "batter": "Hassan Nawaz",
              "bowler": "JDS Neesham",
              "non_striker": "Agha Salman",
              "runs": {
                "batter": 0,
                "extras": 0,
                "total": 0
              }
            },
            {
              "batter": "Hassan Nawaz",
              "bowler": "JDS Neesham",
              "non_striker": "Agha Salman",
              "runs": {
                "batter": 0,
                "extras": 0,
                "total": 0
              }
            },
            {
              "batter": "Hassan Nawaz",
              "bowler": "JDS Neesham",
              "extras": {
                "wides": 1
              },
              "non_striker": "Agha Salman",
              "runs": {
                "batter": 0,
                "extras": 1,
                "total": 1
              }
            },
            {
              "batter": "Hassan Nawaz",
              "bowler": "JDS Neesham",
              "non_striker": "Agha Salman",
              "runs": {
                "batter": 6,
                "extras": 0,
                "total": 6
              }
            },
            {
              "batter": "Hassan Nawaz",
              "bowler": "JDS Neesham",
              "non_striker": "Agha Salman",
              "runs": {
                "batter": 1,
                "extras": 0,
                "total": 1
              }
            },
            {
              "batter": "Agha Salman",
              "bowler": "JDS Neesham",
              "non_striker": "Hassan Nawaz",
              "runs": {
                "batter": 0,
                "extras": 0,
                "total": 0
              }
            }
          ]
        },
        {
          "over": 9,
          "deliveries": [
            {
              "batter": "Hassan Nawaz",
              "bowler": "BV Sears",
              "non_striker": "Agha Salman",
              "runs": {
                "batter": 4,
                "extras": 0,
                "total": 4
              }
            },
            {
              "batter": "Hassan Nawaz",
              "bowler": "BV Sears",
              "non_striker": "Agha Salman",
              "runs": {
                "batter": 6,
                "extras": 0,
                "total": 6
              }
            },
            {
              "batter": "Hassan Nawaz",
              "bowler": "BV Sears",
              "non_striker": "Agha Salman",
              "runs": {
                "batter": 4,
                "extras": 0,
                "total": 4
              }
            },
            {
              "batter": "Hassan Nawaz",
              "bowler": "BV Sears",
              "non_striker": "Agha Salman",
              "runs": {
                "batter": 1,
                "extras": 0,
                "total": 1
              }
            },
            {
              "batter": "Agha Salman",
              "bowler": "BV Sears",
              "non_striker": "Hassan Nawaz",
              "runs": {
                "batter": 0,
                "extras": 0,
                "total": 0
              }
            },
            {
              "batter": "Agha Salman",
              "bowler": "BV Sears",
              "non_striker": "Hassan Nawaz",
              "runs": {
                "batter": 1,
                "extras": 0,
                "total": 1
              }
            }
          ]
        },
        {
          "over": 10,
          "deliveries": [
            {
              "batter": "Agha Salman",
              "bowler": "MG Bracewell",
              "non_striker": "Hassan Nawaz",
              "runs": {
                "batter": 0,
                "extras": 0,
                "total": 0
              }
            },
            {
              "batter": "Agha Salman",
              "bowler": "MG Bracewell",
              "non_striker": "Hassan Nawaz",
              "runs": {
                "batter": 1,
                "extras": 0,
                "total": 1
              }
            },
            {
              "batter": "Hassan Nawaz",
              "bowler": "MG Bracewell",
              "non_striker": "Agha Salman",
              "runs": {
                "batter": 4,
                "extras": 0,
                "total": 4
              }
            },
            {
              "batter": "Hassan Nawaz",
              "bowler": "MG Bracewell",
              "non_striker": "Agha Salman",
              "runs": {
                "batter": 1,
                "extras": 0,
                "total": 1
              }
            },
            {
              "batter": "Agha Salman",
              "bowler": "MG Bracewell",
              "non_striker": "Hassan Nawaz",
              "runs": {
                "batter": 0,
                "extras": 0,
                "total": 0
              }
            },
            {
              "batter": "Agha Salman",
              "bowler": "MG Bracewell",
              "non_striker": "Hassan Nawaz",
              "runs": {
                "batter": 1,
                "extras": 0,
                "total": 1
              }
            }
          ]
        },
        {
          "over": 11,
          "deliveries": [
            {
              "batter": "Agha Salman",
              "bowler": "KA Jamieson",
              "non_striker": "Hassan Nawaz",
              "runs": {
                "batter": 4,
                "extras": 0,
                "total": 4
              }
            },
            {
              "batter": "Agha Salman",
              "bowler": "KA Jamieson",
              "non_striker": "Hassan Nawaz",
              "runs": {
                "batter": 0,
                "extras": 0,
                "total": 0
              }
            },
            {
              "batter": "Agha Salman",
              "bowler": "KA Jamieson",
              "non_striker": "Hassan Nawaz",
              "runs": {
                "batter": 0,
                "extras": 0,
                "total": 0
              }
            },
            {
              "batter": "Agha Salman",
              "bowler": "KA Jamieson",
              "extras": {
                "legbyes": 1
              },
              "non_striker": "Hassan Nawaz",
              "runs": {
                "batter": 0,
                "extras": 1,
                "total": 1
              }
            },
            {
              "batter": "Hassan Nawaz",
              "bowler": "KA Jamieson",
              "non_striker": "Agha Salman",
              "runs": {
                "batter": 4,
                "extras": 0,
                "total": 4
              }
            },
            {
              "batter": "Hassan Nawaz",
              "bowler": "KA Jamieson",
              "non_striker": "Agha Salman",
              "runs": {
                "batter": 2,
                "extras": 0,
                "total": 2
              }
            }
          ]
        },
        {
          "over": 12,
          "deliveries": [
            {
              "batter": "Agha Salman",
              "bowler": "JA Duffy",
              "non_striker": "Hassan Nawaz",
              "runs": {
                "batter": 6,
                "extras": 0,
                "total": 6
              }
            },
            {
              "batter": "Agha Salman",
              "bowler": "JA Duffy",
              "non_striker": "Hassan Nawaz",
              "runs": {
                "batter": 4,
                "extras": 0,
                "total": 4
              }
            },
            {
              "batter": "Agha Salman",
              "bowler": "JA Duffy",
              "non_striker": "Hassan Nawaz",
              "runs": {
                "batter": 2,
                "extras": 0,
                "total": 2
              }
            },
            {
              "batter": "Agha Salman",
              "bowler": "JA Duffy",
              "non_striker": "Hassan Nawaz",
              "runs": {
                "batter": 0,
                "extras": 0,
                "total": 0
              }
            },
            {
              "batter": "Agha Salman",
              "bowler": "JA Duffy",
              "non_striker": "Hassan Nawaz",
              "runs": {
                "batter": 6,
                "extras": 0,
                "total": 6
              }
            },
            {
              "batter": "Agha Salman",
              "bowler": "JA Duffy",
              "non_striker": "Hassan Nawaz",
              "runs": {
                "batter": 1,
                "extras": 0,
                "total": 1
              }
            }
          ]
        },
        {
          "over": 13,
          "deliveries": [
            {
              "batter": "Agha Salman",
              "bowler": "IS Sodhi",
              "non_striker": "Hassan Nawaz",
              "runs": {
                "batter": 4,
                "extras": 0,
                "total": 4
              }
            },
            {
              "batter": "Agha Salman",
              "bowler": "IS Sodhi",
              "non_striker": "Hassan Nawaz",
              "runs": {
                "batter": 4,
                "extras": 0,
                "total": 4
              }
            },
            {
              "batter": "Agha Salman",
              "bowler": "IS Sodhi",
              "non_striker": "Hassan Nawaz",
              "runs": {
                "batter": 4,
                "extras": 0,
                "total": 4
              }
            },
            {
              "batter": "Agha Salman",
              "bowler": "IS Sodhi",
              "non_striker": "Hassan Nawaz",
              "runs": {
                "batter": 1,
                "extras": 0,
                "total": 1
              }
            },
            {
              "batter": "Hassan Nawaz",
              "bowler": "IS Sodhi",
              "non_striker": "Agha Salman",
              "runs": {
                "batter": 0,
                "extras": 0,
                "total": 0
              }
            },
            {
              "batter": "Hassan Nawaz",
              "bowler": "IS Sodhi",
              "non_striker": "Agha Salman",
              "runs": {
                "batter": 1,
                "extras": 0,
                "total": 1
              }
            }
          ]
        },
        {
          "over": 14,
          "deliveries": [
            {
              "batter": "Hassan Nawaz",
              "bowler": "BV Sears",
              "non_striker": "Agha Salman",
              "runs": {
                "batter": 1,
                "extras": 0,
                "total": 1
              }
            },
            {
              "batter": "Agha Salman",
              "bowler": "BV Sears",
              "extras": {
                "legbyes": 4
              },
              "non_striker": "Hassan Nawaz",
              "runs": {
                "batter": 0,
                "extras": 4,
                "total": 4
              }
            },
            {
              "batter": "Agha Salman",
              "bowler": "BV Sears",
              "non_striker": "Hassan Nawaz",
              "runs": {
                "batter": 1,
                "extras": 0,
                "total": 1
              }
            },
            {
              "batter": "Hassan Nawaz",
              "bowler": "BV Sears",
              "non_striker": "Agha Salman",
              "runs": {
                "batter": 0,
                "extras": 0,
                "total": 0
              }
            },
            {
              "batter": "Hassan Nawaz",
              "bowler": "BV Sears",
              "non_striker": "Agha Salman",
              "runs": {
                "batter": 6,
                "extras": 0,
                "total": 6
              }
            },
            {
              "batter": "Hassan Nawaz",
              "bowler": "BV Sears",
              "non_striker": "Agha Salman",
              "runs": {
                "batter": 6,
                "extras": 0,
                "total": 6
              }
            }
          ]
        },
        {
          "over": 15,
          "deliveries": [
            {
              "batter": "Agha Salman",
              "bowler": "KA Jamieson",
              "non_striker": "Hassan Nawaz",
              "runs": {
                "batter": 1,
                "extras": 0,
                "total": 1
              }
            },
            {
              "batter": "Hassan Nawaz",
              "bowler": "KA Jamieson",
              "non_striker": "Agha Salman",
              "runs": {
                "batter": 2,
                "extras": 0,
                "total": 2
              }
            },
            {
              "batter": "Hassan Nawaz",
              "bowler": "KA Jamieson",
              "non_striker": "Agha Salman",
              "runs": {
                "batter": 1,
                "extras": 0,
                "total": 1
              }
            },
            {
              "batter": "Agha Salman",
              "bowler": "KA Jamieson",
              "non_striker": "Hassan Nawaz",
              "runs": {
                "batter": 1,
                "extras": 0,
                "total": 1
              }
            },
            {
              "batter": "Hassan Nawaz",
              "bowler": "KA Jamieson",
              "extras": {
                "wides": 1
              },
              "non_striker": "Agha Salman",
              "runs": {
                "batter": 0,
                "extras": 1,
                "total": 1
              }
            },
            {
              "batter": "Hassan Nawaz",
              "bowler": "KA Jamieson",
              "non_striker": "Agha Salman",
              "runs": {
                "batter": 4,
                "extras": 0,
                "total": 4
              }
            },
            {
              "batter": "Hassan Nawaz",
              "bowler": "KA Jamieson",
              "non_striker": "Agha Salman",
              "runs": {
                "batter": 4,
                "extras": 0,
                "total": 4
              }
            }
          ]
        }
      ],
      "powerplays": [
        {
          "from": 0.1,
          "to": 5.6,
          "type": "mandatory"
        }
      ],
      "target": {
        "overs": 20,
        "runs": 205
      }
    }
  ]
}