{
  "meta": {
    "data_version": "1.1.0",
    "created": "2024-09-02",
    "revision": 1
  },
  "info": {
    "balls_per_over": 6,
    "city": "Castel",
    "dates": [
      "2024-08-28"
    ],
    "event": {
      "name": "ICC Men's T20 World Cup Sub Regional Europe Qualifier Group C",
      "stage": "Final"
    },
    "gender": "male",
    "match_type": "T20",
    "match_type_number": 2825,
    "officials": {
      "match_referees": [
        "GH Pienaar"
      ],
      "reserve_umpires": [
        "RJ Veillard"
      ],
      "umpires": [
        "AY Harris",
        "AA Baig"
      ]
    },
    "outcome": {
      "winner": "Guernsey",
      "by": {
        "wickets": 6
      }
    },
    "overs": 20,
    "player_of_match": [
      "MWR Stokes"
    ],
    "players": {
      "Denmark": [
        "T Bharaj",
        "HAM Shah",
        "S Thanikaithasan",
        "SA Ahmad",
        "Surya Anand",
        "ND Laegsgaard",
        "OD Hald",
        "Delawar Khan",
        "Saran Aslam",
        "E Karimi",
        "Toqeer Ahmad"
      ],
      "Guernsey": [
        "LB Ferbrache",
        "J Butler",
        "B Fitchet",
        "T Nightingale",
        "MWR Stokes",
        "IDA Damarell",
        "OB Nightingale",
        "LT Bichard",
        "A Martel",
        "M Dale-Bradley",
        "C Forshaw",
        "Harry Johnson"
      ]
    },
    "registry": {
      "people": {
        "A Martel": "65cd62a9",
        "AA Baig": "5c67c7a6",
        "AY Harris": "90d95b82",
        "B Fitchet": "d77ecd14",
        "C Forshaw": "0ed66ce6",
        "Delawar Khan": "28b99edd",
        "E Karimi": "95bd9407",
        "GH Pienaar": "3516e46b",
        "HAM Shah": "007113d7",
        "Harry Johnson": "80b92515",
        "IDA Damarell": "580ae7f2",
        "J Butler": "efcb778e",
        "LB Ferbrache": "0f72f582",
        "LT Bichard": "dfcdb11e",
        "M Dale-Bradley": "62b2aa65",
        "MWR Stokes": "c573d173",
        "ND Laegsgaard": "b0f2d3bd",
        "OB Nightingale": "1deb4c0c",
        "OD Hald": "38189be1",
        "RJ Veillard": "0a8ebf05",
        "S Thanikaithasan": "498aacac",
        "SA Ahmad": "8de618ab",
        "Saran Aslam": "2a00735b",
        "Surya Anand": "ef141f36",
        "T Bharaj": "49556abb",
        "T Nightingale": "51a125b3",
        "Toqeer Ahmad": "d4f2a7b0"
      }
    },
    "season": "2024",
    "team_type": "international",
    "teams": [
      "Denmark",
      "Guernsey"
    ],
    "toss": {
      "decision": "field",
      "winner": "Guernsey"
    },
    "venue": "King George V Sports Ground, Castel"
  },
  "innings": [
    {
      "team": "Denmark",
      "overs": [
        {
          "over": 0,
          "deliveries": [
            {
              "batter": "T Bharaj",
              "bowler": "Harry Johnson",
              "non_striker": "HAM Shah",
              "runs": {
                "batter": 0,
                "extras": 0,
                "total": 0
              }
            },
            {
              "batter": "T Bharaj",
              "bowler": "Harry Johnson",
              "non_striker": "HAM Shah",
              "runs": {
                "batter": 0,
                "extras": 0,
                "total": 0
              }
            },
            {
              "batter": "T Bharaj",
              "bowler": "Harry Johnson",
              "non_striker": "HAM Shah",
              "runs": {
                "batter": 0,
                "extras": 0,
                "total": 0
              }
            },
            {
              "batter": "T Bharaj",
              "bowler": "Harry Johnson",
              "non_striker": "HAM Shah",
              "runs": {
                "batter": 0,
                "extras": 0,
                "total": 0
              }
            },
            {
              "batter": "T Bharaj",
              "bowler": "Harry Johnson",
              "non_striker": "HAM Shah",
              "runs": {
                "batter": 1,
                "extras": 0,
                "total": 1
              }
            },
            {
              "batter": "HAM Shah",
              "bowler": "Harry Johnson",
              "non_striker": "T Bharaj",
              "runs": {
                "batter": 4,
                "extras": 0,
                "total": 4
              }
            }
          ]
        },
        {
          "over": 1,
          "deliveries": [
            {
              "batter": "T Bharaj",
              "bowler": "LT Bichard",
              "extras": {
                "legbyes": 1
              },
              "non_striker": "HAM Shah",
              "runs": {
                "batter": 0,
                "extras": 1,
                "total": 1
              }
            },
            {
              "batter": "HAM Shah",
              "bowler": "LT Bichard",
              "non_striker": "T Bharaj",
              "runs": {
                "batter": 0,
                "extras": 0,
                "total": 0
              }
            },
            {
              "batter": "HAM Shah",
              "bowler": "LT Bichard",
              "non_striker": "T Bharaj",
              "runs": {
                "batter": 0,
                "extras": 0,
                "total": 0
              }
            },
            {
              "batter": "HAM Shah",
              "bowler": "LT Bichard",
              "non_striker": "T Bharaj",
              "runs": {
                "batter": 0,
                "extras": 0,
                "total": 0
              }
            },
            {
              "batter": "HAM Shah",
              "bowler": "LT Bichard",
              "non_striker": "T Bharaj",
              "runs": {
                "batter": 1,
                "extras": 0,
                "total": 1
              }
            },
            {
              "batter": "T Bharaj",
              "bowler": "LT Bichard",
              "non_striker": "HAM Shah",
              "runs": {
                "batter": 4,
                "extras": 0,
                "total": 4
              }
            }
          ]
        },
        {
          "over": 2,
          "deliveries": [
            {
              "batter": "HAM Shah",
              "bowler": "C Forshaw",
              "non_striker": "T Bharaj",
              "runs": {
                "batter": 6,
                "extras": 0,
                "total": 6
              }
            },
            {
              "batter": "HAM Shah",
              "bowler": "C Forshaw",
              "non_striker": "T Bharaj",
              "runs": {
                "batter": 1,
                "extras": 0,
                "total": 1
              }
            },
            {
              "batter": "T Bharaj",
              "bowler": "C Forshaw",
              "non_striker": "HAM Shah",
              "runs": {
                "batter": 4,
                "extras": 0,
                "total": 4
              }
            },
            {
              "batter": "T Bharaj",
              "bowler": "C Forshaw",
              "non_striker": "HAM Shah",
              "runs": {
                "batter": 0,
                "extras": 0,
                "total": 0
              },
              "wickets": [
                {
                  "player_out": "T Bharaj",
                  "fielders": [
                    {
                      "name": "IDA Damarell"
                    }
                  ],
                  "kind": "caught"
                }
              ]
            },
            {
              "batter": "S Thanikaithasan",
              "bowler": "C Forshaw",
              "non_striker": "HAM Shah",
              "runs": {
                "batter": 0,
                "extras": 0,
                "total": 0
              },
              "wickets": [
                {
                  "player_out": "S Thanikaithasan",
                  "fielders": [
                    {
                      "name": "IDA Damarell"
                    }
                  ],
                  "kind": "caught"
                }
              ]
            },
            {
              "batter": "SA Ahmad",
              "bowler": "C Forshaw",
              "non_striker": "HAM Shah",
              "runs": {
                "batter": 0,
                "extras": 0,
                "total": 0
              }
            }
          ]
        },
        {
          "over": 3,
          "deliveries": [
            {
              "batter": "HAM Shah",
              "bowler": "M Dale-Bradley",
              "non_striker": "SA Ahmad",
              "runs": {
                "batter": 0,
                "extras": 0,
                "total": 0
              }
            },
            {
              "batter": "HAM Shah",
              "bowler": "M Dale-Bradley",
              "non_striker": "SA Ahmad",
              "runs": {
                "batter": 4,
                "extras": 0,
                "total": 4
              }
            },
            {
              "batter": "HAM Shah",
              "bowler": "M Dale-Bradley",
              "non_striker": "SA Ahmad",
              "runs": {
                "batter": 0,
                "extras": 0,
                "total": 0
              }
            },
            {
              "batter": "HAM Shah",
              "bowler": "M Dale-Bradley",
              "non_striker": "SA Ahmad",
              "runs": {
                "batter": 4,
                "extras": 0,
                "total": 4
              }
            },
            {
              "batter": "HAM Shah",
              "bowler": "M Dale-Bradley",
              "non_striker": "SA Ahmad",
              "runs": {
                "batter": 0,
                "extras": 0,
                "total": 0
              }
            },
            {
              "batter": "HAM Shah",
              "bowler": "M Dale-Bradley",
              "non_striker": "SA Ahmad",
              "runs": {
                "batter": 0,
                "extras": 0,
                "total": 0
              }
            }
          ]
        },
        {
          "over": 4,
          "deliveries": [
            {
              "batter": "SA Ahmad",
              "bowler": "Harry Johnson",
              "extras": {
                "wides": 1
              },
              "non_striker": "HAM Shah",
              "runs": {
                "batter": 0,
                "extras": 1,
                "total": 1
              }
            },
            {
              "batter": "SA Ahmad",
              "bowler": "Harry Johnson",
              "non_striker": "HAM Shah",
              "runs": {
                "batter": 0,
                "extras": 0,
                "total": 0
              }
            },
            {
              "batter": "SA Ahmad",
              "bowler": "Harry Johnson",
              "non_striker": "HAM Shah",
              "runs": {
                "batter": 0,
                "extras": 0,
                "total": 0
              },
              "wickets": [
                {
                  "player_out": "SA Ahmad",
                  "fielders": [
                    {
                      "name": "LT Bichard"
                    }
                  ],
                  "kind": "caught"
                }
              ]
            },
            {
              "batter": "Surya Anand",
              "bowler": "Harry Johnson",
              "non_striker": "HAM Shah",
              "runs": {
                "batter": 1,
                "extras": 0,
                "total": 1
              }
            },
            {
              "batter": "HAM Shah",
              "bowler": "Harry Johnson",
              "non_striker": "Surya Anand",
              "runs": {
                "batter": 0,
                "extras": 0,
                "total": 0
              }
            },
            {
              "batter": "HAM Shah",
              "bowler": "Harry Johnson",
              "non_striker": "Surya Anand",
              "runs": {
                "batter": 0,
                "extras": 0,
                "total": 0
              }
            },
            {
              "batter": "HAM Shah",
              "bowler": "Harry Johnson",
              "non_striker": "Surya Anand",
              "runs": {
                "batter": 1,
                "extras": 0,
                "total": 1
              }
            }
          ]
        },
        {
          "over": 5,
          "deliveries": [
            {
              "batter": "HAM Shah",
              "bowler": "LT Bichard",
              "non_striker": "Surya Anand",
              "runs": {
                "batter": 1,
                "extras": 0,
                "total": 1
              }
            },
            {
              "batter": "Surya Anand",
              "bowler": "LT Bichard",
              "non_striker": "HAM Shah",
              "runs": {
                "batter": 0,
                "extras": 0,
                "total": 0
              }
            },
            {
              "batter": "Surya Anand",
              "bowler": "LT Bichard",
              "non_striker": "HAM Shah",
              "runs": {
                "batter": 0,
                "extras": 0,
                "total": 0
              }
            },
            {
              "batter": "Surya Anand",
              "bowler": "LT Bichard",
              "non_striker": "HAM Shah",
              "runs": {
                "batter": 1,
                "extras": 0,
                "total": 1
              }
            },
            {
              "batter": "HAM Shah",
              "bowler": "LT Bichard",
              "non_striker": "Surya Anand",
              "runs": {
                "batter": 0,
                "extras": 0,
                "total": 0
              },
              "wickets": [
                {
                  "player_out": "HAM Shah",
                  "fielders": [
                    {
                      "name": "IDA Damarell"
                    }
                  ],
                  "kind": "caught"
                }
              ]
            },
            {
              "batter": "ND Laegsgaard",
              "bowler": "LT Bichard",
              "non_striker": "Surya Anand",
              "runs": {
                "batter": 0,
                "extras": 0,
                "total": 0
              }
            }
          ]
        },
        {
          "over": 6,
          "deliveries": [
            {
              "batter": "Surya Anand",
              "bowler": "MWR Stokes",
              "non_striker": "ND Laegsgaard",
              "runs": {
                "batter": 1,
                "extras": 0,
                "total": 1
              }
            },
            {
              "batter": "ND Laegsgaard",
              "bowler": "MWR Stokes",
              "non_striker": "Surya Anand",
              "runs": {
                "batter": 1,
                "extras": 0,
                "total": 1
              }
            },
            {
              "batter": "Surya Anand",
              "bowler": "MWR Stokes",
              "non_striker": "ND Laegsgaard",
              "runs": {
                "batter": 1,
                "extras": 0,
                "total": 1
              }
            },
            {
              "batter": "ND Laegsgaard",
              "bowler": "MWR Stokes",
              "non_striker": "Surya Anand",
              "runs": {
                "batter": 0,
                "extras": 0,
                "total": 0
              }
            },
            {
              "batter": "ND Laegsgaard",
              "bowler": "MWR Stokes",
              "non_striker": "Surya Anand",
              "runs": {
                "batter": 6,
                "extras": 0,
                "total": 6
              }
            },
            {
              "batter": "ND Laegsgaard",
              "bowler": "MWR Stokes",
              "non_striker": "Surya Anand",
              "runs": {
                "batter": 6,
                "extras": 0,
                "total": 6
              }
            }
          ]
        },
        {
          "over": 7,
          "deliveries": [
            {
              "batter": "Surya Anand",
              "bowler": "T Nightingale",
              "non_striker": "ND Laegsgaard",
              "runs": {
                "batter": 0,
                "extras": 0,
                "total": 0
              }
            },
            {
              "batter": "Surya Anand",
              "bowler": "T Nightingale",
              "non_striker": "ND Laegsgaard",
              "runs": {
                "batter": 1,
                "extras": 0,
                "total": 1
              }
            },
            {
              "batter": "ND Laegsgaard",
              "bowler": "T Nightingale",
              "non_striker": "Surya Anand",
              "runs": {
                "batter": 2,
                "extras": 0,
                "total": 2
              }
            },
            {
              "batter": "ND Laegsgaard",
              "bowler": "T Nightingale",
              "non_striker": "Surya Anand",
              "runs": {
                "batter": 1,
                "extras": 0,
                "total": 1
              }
            },
            {
              "batter": "ND Laegsgaard",
              "bowler": "T Nightingale",
              "non_striker": "Surya Anand",
              "runs": {
                "batter": 0,
                "extras": 0,
                "total": 0
              }
            },
            {
              "batter": "ND Laegsgaard",
              "bowler": "T Nightingale",
              "non_striker": "Surya Anand",
              "runs": {
                "batter": 0,
                "extras": 0,
                "total": 0
              }
            }
          ]
        },
        {
          "over": 8,
          "deliveries": [
            {
              "batter": "Surya Anand",
              "bowler": "C Forshaw",
              "non_striker": "ND Laegsgaard",
              "runs": {
                "batter": 0,
                "extras": 0,
                "total": 0
              }
            },
            {
              "batter": "Surya Anand",
              "bowler": "C Forshaw",
              "non_striker": "ND Laegsgaard",
              "runs": {
                "batter": 0,
                "extras": 0,
                "total": 0
              }
            },
            {
              "batter": "Surya Anand",
              "bowler": "C Forshaw",
              "non_striker": "ND Laegsgaard",
              "runs": {
                "batter": 1,
                "extras": 0,
                "total": 1
              }
            },
            {
              "batter": "ND Laegsgaard",
              "bowler": "C Forshaw",
              "non_striker": "Surya Anand",
              "runs": {
                "batter": 1,
                "extras": 0,
                "total": 1
              }
            },
            {
              "batter": "Surya Anand",
              "bowler": "C Forshaw",
              "non_striker": "ND Laegsgaard",
              "runs": {
                "batter": 1,
                "extras": 0,
                "total": 1
              }
            },
            {
              "batter": "ND Laegsgaard",
              "bowler": "C Forshaw",
              "non_striker": "Surya Anand",
              "runs": {
                "batter": 6,
                "extras": 0,
                "total": 6
              }
            }
          ]
        },
        {
          "over": 9,
          "deliveries": [
            {
              "batter": "Surya Anand",
              "bowler": "M Dale-Bradley",
              "non_striker": "ND Laegsgaard",
              "runs": {
                "batter": 1,
                "extras": 0,
                "total": 1
              }
            },
            {
              "batter": "ND Laegsgaard",
              "bowler": "M Dale-Bradley",
              "non_striker": "Surya Anand",
              "runs": {
                "batter": 4,
                "extras": 0,
                "total": 4
              }
            },
            {
              "batter": "ND Laegsgaard",
              "bowler": "M Dale-Bradley",
              "non_striker": "Surya Anand",
              "runs": {
                "batter": 0,
                "extras": 0,
                "total": 0
              }
            },
            {
              "batter": "ND Laegsgaard",
              "bowler": "M Dale-Bradley",
              "non_striker": "Surya Anand",
              "runs": {
                "batter": 1,
                "extras": 0,
                "total": 1
              }
            },
            {
              "batter": "Surya Anand",
              "bowler": "M Dale-Bradley",
              "extras": {
                "wides": 5
              },
              "non_striker": "ND Laegsgaard",
              "runs": {
                "batter": 0,
                "extras": 5,
                "total": 5
              }
            },
            {
              "batter": "Surya Anand",
              "bowler": "M Dale-Bradley",
              "non_striker": "ND Laegsgaard",
              "runs": {
                "batter": 0,
                "extras": 0,
                "total": 0
              }
            },
            {
              "batter": "Surya Anand",
              "bowler": "M Dale-Bradley",
              "non_striker": "ND Laegsgaard",
              "runs": {
                "batter": 1,
                "extras": 0,
                "total": 1
              }
            }
          ]
        },
        {
          "over": 10,
          "deliveries": [
            {
              "batter": "Surya Anand",
              "bowler": "Harry Johnson",
              "non_striker": "ND Laegsgaard",
              "runs": {
                "batter": 1,
                "extras": 0,
                "total": 1
              }
            },
            {
              "batter": "ND Laegsgaard",
              "bowler": "Harry Johnson",
              "non_striker": "Surya Anand",
              "runs": {
                "batter": 0,
                "extras": 0,
                "total": 0
              }
            },
            {
              "batter": "ND Laegsgaard",
              "bowler": "Harry Johnson",
              "non_striker": "Surya Anand",
              "runs": {
                "batter": 1,
                "extras": 0,
                "total": 1
              }
            },
            {
              "batter": "Surya Anand",
              "bowler": "Harry Johnson",
              "non_striker": "ND Laegsgaard",
              "runs": {
                "batter": 0,
                "extras": 0,
                "total": 0
              }
            },
            {
              "batter": "Surya Anand",
              "bowler": "Harry Johnson",
              "non_striker": "ND Laegsgaard",
              "runs": {
                "batter": 4,
                "extras": 0,
                "total": 4
              }
            },
            {
              "batter": "Surya Anand",
              "bowler": "Harry Johnson",
              "non_striker": "ND Laegsgaard",
              "runs": {
                "batter": 0,
                "extras": 0,
                "total": 0
              }
            }
          ]
        },
        {
          "over": 11,
          "deliveries": [
            {
              "batter": "ND Laegsgaard",
              "bowler": "A Martel",
              "non_striker": "Surya Anand",
              "runs": {
                "batter": 1,
                "extras": 0,
                "total": 1
              }
            },
            {
              "batter": "Surya Anand",
              "bowler": "A Martel",
              "non_striker": "ND Laegsgaard",
              "runs": {
                "batter": 0,
                "extras": 0,
                "total": 0
              }
            },
            {
              "batter": "Surya Anand",
              "bowler": "A Martel",
              "non_striker": "ND Laegsgaard",
              "runs": {
                "batter": 1,
                "extras": 0,
                "total": 1
              }
            },
            {
              "batter": "ND Laegsgaard",
              "bowler": "A Martel",
              "non_striker": "Surya Anand",
              "runs": {
                "batter": 1,
                "extras": 0,
                "total": 1
              }
            },
            {
              "batter": "Surya Anand",
              "bowler": "A Martel",
              "non_striker": "ND Laegsgaard",
              "runs": {
                "batter": 0,
                "extras": 0,
                "total": 0
              }
            },
            {
              "batter": "Surya Anand",
              "bowler": "A Martel",
              "non_striker": "ND Laegsgaard",
              "runs": {
                "batter": 1,
                "extras": 0,
                "total": 1
              }
            }
          ]
        },
        {
          "over": 12,
          "deliveries": [
            {
              "batter": "Surya Anand",
              "bowler": "M Dale-Bradley",
              "non_striker": "ND Laegsgaard",
              "runs": {
                "batter": 0,
                "extras": 0,
                "total": 0
              }
            },
            {
              "batter": "Surya Anand",
              "bowler": "M Dale-Bradley",
              "non_striker": "ND Laegsgaard",
              "runs": {
                "batter": 1,
                "extras": 0,
                "total": 1
              }
            },
            {
              "batter": "ND Laegsgaard",
              "bowler": "M Dale-Bradley",
              "non_striker": "Surya Anand",
              "runs": {
                "batter": 1,
                "extras": 0,
                "total": 1
              }
            },
            {
              "batter": "Surya Anand",
              "bowler": "M Dale-Bradley",
              "non_striker": "ND Laegsgaard",
              "runs": {
                "batter": 0,
                "extras": 0,
                "total": 0
              },
              "wickets": [
                {
                  "player_out": "Surya Anand",
                  "fielders": [
                    {
                      "name": "MWR Stokes"
                    }
                  ],
                  "kind": "caught"
                }
              ]
            },
            {
              "batter": "OD Hald",
              "bowler": "M Dale-Bradley",
              "non_striker": "ND Laegsgaard",
              "runs": {
                "batter": 1,
                "extras": 0,
                "total": 1
              }
            },
            {
              "batter": "ND Laegsgaard",
              "bowler": "M Dale-Bradley",
              "non_striker": "OD Hald",
              "runs": {
                "batter": 0,
                "extras": 0,
                "total": 0
              }
            }
          ]
        },
        {
          "over": 13,
          "deliveries": [
            {
              "batter": "OD Hald",
              "bowler": "T Nightingale",
              "non_striker": "ND Laegsgaard",
              "runs": {
                "batter": 0,
                "extras": 0,
                "total": 0
              }
            },
            {
              "batter": "OD Hald",
              "bowler": "T Nightingale",
              "non_striker": "ND Laegsgaard",
              "runs": {
                "batter": 0,
                "extras": 0,
                "total": 0
              }
            },
            {
              "batter": "OD Hald",
              "bowler": "T Nightingale",
              "non_striker": "ND Laegsgaard",
              "runs": {
                "batter": 1,
                "extras": 0,
                "total": 1
              }
            },
            {
              "batter": "ND Laegsgaard",
              "bowler": "T Nightingale",
              "extras": {
                "wides": 1
              },
              "non_striker": "OD Hald",
              "runs": {
                "batter": 0,
                "extras": 1,
                "total": 1
              }
            },
            {
              "batter": "ND Laegsgaard",
              "bowler": "T Nightingale",
              "non_striker": "OD Hald",
              "runs": {
                "batter": 1,
                "extras": 0,
                "total": 1
              }
            },
            {
              "batter": "OD Hald",
              "bowler": "T Nightingale",
              "non_striker": "ND Laegsgaard",
              "runs": {
                "batter": 1,
                "extras": 0,
                "total": 1
              }
            },
            {
              "batter": "ND Laegsgaard",
              "bowler": "T Nightingale",
              "non_striker": "OD Hald",
              "runs": {
                "batter": 1,
                "extras": 0,
                "total": 1
              }
            }
          ]
        },
        {
          "over": 14,
          "deliveries": [
            {
              "batter": "ND Laegsgaard",
              "bowler": "C Forshaw",
              "extras": {
                "byes": 1
              },
              "non_striker": "OD Hald",
              "runs": {
                "batter": 0,
                "extras": 1,
                "total": 1
              }
            },
            {
              "batter": "OD Hald",
              "bowler": "C Forshaw",
              "extras": {
                "legbyes": 1
              },
              "non_striker": "ND Laegsgaard",
              "runs": {
                "batter": 0,
                "extras": 1,
                "total": 1
              }
            },
            {
              "batter": "ND Laegsgaard",
              "bowler": "C Forshaw",
              "non_striker": "OD Hald",
              "runs": {
                "batter": 1,
                "extras": 0,
                "total": 1
              }
            },
            {
              "batter": "OD Hald",
              "bowler": "C Forshaw",
              "non_striker": "ND Laegsgaard",
              "runs": {
                "batter": 1,
                "extras": 0,
                "total": 1
              }
            },
            {
              "batter": "ND Laegsgaard",
              "bowler": "C Forshaw",
              "non_striker": "OD Hald",
              "runs": {
                "batter": 1,
                "extras": 0,
                "total": 1
              }
            },
            {
              "batter": "OD Hald",
              "bowler": "C Forshaw",
              "non_striker": "ND Laegsgaard",
              "runs": {
                "batter": 2,
                "extras": 0,
                "total": 2
              }
            }
          ]
        },
        {
          "over": 15,
          "deliveries": [
            {
              "batter": "ND Laegsgaard",
              "bowler": "LT Bichard",
              "non_striker": "OD Hald",
              "runs": {
                "batter": 1,
                "extras": 0,
                "total": 1
              }
            },
            {
              "batter": "OD Hald",
              "bowler": "LT Bichard",
              "non_striker": "ND Laegsgaard",
              "runs": {
                "batter": 0,
                "extras": 0,
                "total": 0
              }
            },
            {
              "batter": "OD Hald",
              "bowler": "LT Bichard",
              "non_striker": "ND Laegsgaard",
              "runs": {
                "batter": 1,
                "extras": 0,
                "total": 1
              }
            },
            {
              "batter": "ND Laegsgaard",
              "bowler": "LT Bichard",
              "non_striker": "OD Hald",
              "runs": {
                "batter": 1,
                "extras": 0,
                "total": 1
              }
            },
            {
              "batter": "OD Hald",
              "bowler": "LT Bichard",
              "non_striker": "ND Laegsgaard",
              "runs": {
                "batter": 1,
                "extras": 0,
                "total": 1
              }
            },
            {
              "batter": "ND Laegsgaard",
              "bowler": "LT Bichard",
              "non_striker": "OD Hald",
              "runs": {
                "batter": 0,
                "extras": 0,
                "total": 0
              }
            }
          ]
        },
        {
          "over": 16,
          "deliveries": [
            {
              "batter": "OD Hald",
              "bowler": "Harry Johnson",
              "non_striker": "ND Laegsgaard",
              "runs": {
                "batter": 1,
                "extras": 0,
                "total": 1
              }
            },
            {
              "batter": "ND Laegsgaard",
              "bowler": "Harry Johnson",
              "non_striker": "OD Hald",
              "runs": {
                "batter": 4,
                "extras": 0,
                "total": 4
              }
            },
            {
              "batter": "ND Laegsgaard",
              "bowler": "Harry Johnson",
              "non_striker": "OD Hald",
              "runs": {
                "batter": 6,
                "extras": 0,
                "total": 6
              }
            },
            {
              "batter": "ND Laegsgaard",
              "bowler": "Harry Johnson",
              "extras": {
                "wides": 1
              },
              "non_striker": "OD Hald",
              "runs": {
                "batter": 0,
                "extras": 1,
                "total": 1
              }
            },
            {
              "batter": "ND Laegsgaard",
              "bowler": "Harry Johnson",
              "non_striker": "OD Hald",
              "runs": {
                "batter": 6,
                "extras": 0,
                "total": 6
              }
            },
            {
              "batter": "ND Laegsgaard",
              "bowler": "Harry Johnson",
              "extras": {
                "wides": 1
              },
              "non_striker": "OD Hald",
              "runs": {
                "batter": 0,
                "extras": 1,
                "total": 1
              }
            },
            {
              "batter": "ND Laegsgaard",
              "bowler": "Harry Johnson",
              "non_striker": "OD Hald",
              "runs": {
                "batter": 6,
                "extras": 0,
                "total": 6
              }
            },
            {
              "batter": "ND Laegsgaard",
              "bowler": "Harry Johnson",
              "non_striker": "OD Hald",
              "runs": {
                "batter": 1,
                "extras": 0,
                "total": 1
              }
            }
          ]
        },
        {
          "over": 17,
          "deliveries": [
            {
              "batter": "ND Laegsgaard",
              "bowler": "M Dale-Bradley",
              "non_striker": "OD Hald",
              "runs": {
                "batter": 1,
                "extras": 0,
                "total": 1
              }
            },
            {
              "batter": "OD Hald",
              "bowler": "M Dale-Bradley",
              "non_striker": "ND Laegsgaard",
              "runs": {
                "batter": 4,
                "extras": 0,
                "total": 4
              }
            },
            {
              "batter": "OD Hald",
              "bowler": "M Dale-Bradley",
              "non_striker": "ND Laegsgaard",
              "runs": {
                "batter": 0,
                "extras": 0,
                "total": 0
              }
            },
            {
              "batter": "OD Hald",
              "bowler": "M Dale-Bradley",
              "non_striker": "ND Laegsgaard",
              "runs": {
                "batter": 6,
                "extras": 0,
                "total": 6
              }
            },
            {
              "batter": "OD Hald",
              "bowler": "M Dale-Bradley",
              "non_striker": "ND Laegsgaard",
              "runs": {
                "batter": 1,
                "extras": 0,
                "total": 1
              }
            },
            {
              "batter": "ND Laegsgaard",
              "bowler": "M Dale-Bradley",
              "non_striker": "OD Hald",
              "runs": {
                "batter": 0,
                "extras": 0,
                "total": 0
              },
              "wickets": [
                {
                  "player_out": "ND Laegsgaard",
                  "fielders": [
                    {
                      "name": "LT Bichard"
                    }
                  ],
                  "kind": "caught"
                }
              ]
            }
          ]
        },
        {
          "over": 18,
          "deliveries": [
            {
              "batter": "OD Hald",
              "bowler": "LT Bichard",
              "non_striker": "Delawar Khan",
              "runs": {
                "batter": 1,
                "extras": 0,
                "total": 1
              }
            },
            {
              "batter": "Delawar Khan",
              "bowler": "LT Bichard",
              "non_striker": "OD Hald",
              "runs": {
                "batter": 1,
                "extras": 0,
                "total": 1
              }
            },
            {
              "batter": "OD Hald",
              "bowler": "LT Bichard",
              "non_striker": "Delawar Khan",
              "runs": {
                "batter": 1,
                "extras": 0,
                "total": 1
              }
            },
            {
              "batter": "Delawar Khan",
              "bowler": "LT Bichard",
              "non_striker": "OD Hald",
              "runs": {
                "batter": 1,
                "extras": 0,
                "total": 1
              }
            },
            {
              "batter": "OD Hald",
              "bowler": "LT Bichard",
              "non_striker": "Delawar Khan",
              "runs": {
                "batter": 1,
                "extras": 0,
                "total": 1
              }
            },
            {
              "batter": "Delawar Khan",
              "bowler": "LT Bichard",
              "non_striker": "OD Hald",
              "runs": {
                "batter": 1,
                "extras": 0,
                "total": 1
              }
            }
          ]
        },
        {
          "over": 19,
          "deliveries": [
            {
              "batter": "Delawar Khan",
              "bowler": "C Forshaw",
              "non_striker": "OD Hald",
              "runs": {
                "batter": 2,
                "extras": 0,
                "total": 2
              }
            },
            {
              "batter": "Delawar Khan",
              "bowler": "C Forshaw",
              "non_striker": "OD Hald",
              "runs": {
                "batter": 2,
                "extras": 0,
                "total": 2
              }
            },
            {
              "batter": "Delawar Khan",
              "bowler": "C Forshaw",
              "non_striker": "OD Hald",
              "runs": {
                "batter": 0,
                "extras": 0,
                "total": 0
              }
            },
            {
              "batter": "Delawar Khan",
              "bowler": "C Forshaw",
              "non_striker": "OD Hald",
              "runs": {
                "batter": 1,
                "extras": 0,
                "total": 1
              }
            },
            {
              "batter": "OD Hald",
              "bowler": "C Forshaw",
              "non_striker": "Delawar Khan",
              "runs": {
                "batter": 4,
                "extras": 0,
                "total": 4
              }
            },
            {
              "batter": "OD Hald",
              "bowler": "C Forshaw",
              "non_striker": "Delawar Khan",
              "runs": {
                "batter": 1,
                "extras": 0,
                "total": 1
              },
              "wickets": [
                {
                  "player_out": "OD Hald",
                  "fielders": [
                    {
                      "name": "T Nightingale"
                    }
                  ],
                  "kind": "run out"
                }
              ]
            }
          ]
        }
      ],
      "powerplays": [
        {
          "from": 0.1,
          "to": 5.6,
          "type": "mandatory"
        }
      ]
    },
    {
      "team": "Guernsey",
      "overs": [
        {
          "over": 0,
          "deliveries": [
            {
              "batter": "J Butler",
              "bowler": "ND Laegsgaard",
              "non_striker": "B Fitchet",
              "replacements": {
                "match": [
                  {
                    "in": "LB Ferbrache",
                    "out": "LT Bichard",
                    "team": "Guernsey",
                    "reason": "concussion_substitute"
                  }
                ]
              },
              "runs": {
                "batter": 0,
                "extras": 0,
                "total": 0
              }
            },
            {
              "batter": "J Butler",
              "bowler": "ND Laegsgaard",
              "non_striker": "B Fitchet",
              "runs": {
                "batter": 1,
                "extras": 0,
                "total": 1
              }
            },
            {
              "batter": "B Fitchet",
              "bowler": "ND Laegsgaard",
              "non_striker": "J Butler",
              "runs": {
                "batter": 6,
                "extras": 0,
                "total": 6
              }
            },
            {
              "batter": "B Fitchet",
              "bowler": "ND Laegsgaard",
              "non_striker": "J Butler",
              "runs": {
                "batter": 0,
                "extras": 0,
                "total": 0
              }
            },
            {
              "batter": "B Fitchet",
              "bowler": "ND Laegsgaard",
              "non_striker": "J Butler",
              "runs": {
                "batter": 0,
                "extras": 0,
                "total": 0
              }
            },
            {
              "batter": "B Fitchet",
              "bowler": "ND Laegsgaard",
              "non_striker": "J Butler",
              "runs": {
                "batter": 1,
                "extras": 0,
                "total": 1
              }
            }
          ]
        },
        {
          "over": 1,
          "deliveries": [
            {
              "batter": "B Fitchet",
              "bowler": "Toqeer Ahmad",
              "non_striker": "J Butler",
              "runs": {
                "batter": 0,
                "extras": 0,
                "total": 0
              }
            },
            {
              "batter": "B Fitchet",
              "bowler": "Toqeer Ahmad",
              "non_striker": "J Butler",
              "runs": {
                "batter": 0,
                "extras": 0,
                "total": 0
              },
              "wickets": [
                {
                  "player_out": "B Fitchet",
                  "kind": "bowled"
                }
              ]
            },
            {
              "batter": "T Nightingale",
              "bowler": "Toqeer Ahmad",
              "non_striker": "J Butler",
              "runs": {
                "batter": 0,
                "extras": 0,
                "total": 0
              }
            },
            {
              "batter": "T Nightingale",
              "bowler": "Toqeer Ahmad",
              "non_striker": "J Butler",
              "runs": {
                "batter": 1,
                "extras": 0,
                "total": 1
              }
            },
            {
              "batter": "J Butler",
              "bowler": "Toqeer Ahmad",
              "non_striker": "T Nightingale",
              "runs": {
                "batter": 0,
                "extras": 0,
                "total": 0
              }
            },
            {
              "batter": "J Butler",
              "bowler": "Toqeer Ahmad",
              "non_striker": "T Nightingale",
              "runs": {
                "batter": 1,
                "extras": 0,
                "total": 1
              }
            }
          ]
        },
        {
          "over": 2,
          "deliveries": [
            {
              "batter": "J Butler",
              "bowler": "Surya Anand",
              "non_striker": "T Nightingale",
              "runs": {
                "batter": 1,
                "extras": 0,
                "total": 1
              }
            },
            {
              "batter": "T Nightingale",
              "bowler": "Surya Anand",
              "non_striker": "J Butler",
              "runs": {
                "batter": 0,
                "extras": 0,
                "total": 0
              }
            },
            {
              "batter": "T Nightingale",
              "bowler": "Surya Anand",
              "non_striker": "J Butler",
              "runs": {
                "batter": 0,
                "extras": 0,
                "total": 0
              }
            },
            {
              "batter": "T Nightingale",
              "bowler": "Surya Anand",
              "non_striker": "J Butler",
              "runs": {
                "batter": 1,
                "extras": 0,
                "total": 1
              }
            },
            {
              "batter": "J Butler",
              "bowler": "Surya Anand",
              "non_striker": "T Nightingale",
              "runs": {
                "batter": 0,
                "extras": 0,
                "total": 0
              }
            },
            {
              "batter": "J Butler",
              "bowler": "Surya Anand",
              "non_striker": "T Nightingale",
              "runs": {
                "batter": 1,
                "extras": 0,
                "total": 1
              }
            }
          ]
        },
        {
          "over": 3,
          "deliveries": [
            {
              "batter": "J Butler",
              "bowler": "Toqeer Ahmad",
              "extras": {
                "legbyes": 1
              },
              "non_striker": "T Nightingale",
              "runs": {
                "batter": 0,
                "extras": 1,
                "total": 1
              }
            },
            {
              "batter": "T Nightingale",
              "bowler": "Toqeer Ahmad",
              "non_striker": "J Butler",
              "runs": {
                "batter": 2,
                "extras": 0,
                "total": 2
              }
            },
            {
              "batter": "T Nightingale",
              "bowler": "Toqeer Ahmad",
              "non_striker": "J Butler",
              "runs": {
                "batter": 0,
                "extras": 0,
                "total": 0
              }
            },
            {
              "batter": "T Nightingale",
              "bowler": "Toqeer Ahmad",
              "non_striker": "J Butler",
              "runs": {
                "batter": 1,
                "extras": 0,
                "total": 1
              }
            },
            {
              "batter": "J Butler",
              "bowler": "Toqeer Ahmad",
              "non_striker": "T Nightingale",
              "runs": {
                "batter": 6,
                "extras": 0,
                "total": 6
              }
            },
            {
              "batter": "J Butler",
              "bowler": "Toqeer Ahmad",
              "non_striker": "T Nightingale",
              "runs": {
                "batter": 4,
                "extras": 0,
                "total": 4
              }
            }
          ]
        },
        {
          "over": 4,
          "deliveries": [
            {
              "batter": "T Nightingale",
              "bowler": "Surya Anand",
              "non_striker": "J Butler",
              "runs": {
                "batter": 4,
                "extras": 0,
                "total": 4
              }
            },
            {
              "batter": "T Nightingale",
              "bowler": "Surya Anand",
              "non_striker": "J Butler",
              "runs": {
                "batter": 4,
                "extras": 0,
                "total": 4
              }
            },
            {
              "batter": "T Nightingale",
              "bowler": "Surya Anand",
              "non_striker": "J Butler",
              "runs": {
                "batter": 0,
                "extras": 0,
                "total": 0
              }
            },
            {
              "batter": "T Nightingale",
              "bowler": "Surya Anand",
              "non_striker": "J Butler",
              "runs": {
                "batter": 0,
                "extras": 0,
                "total": 0
              },
              "wickets": [
                {
                  "player_out": "T Nightingale",
                  "fielders": [
                    {
                      "name": "HAM Shah"
                    }
                  ],
                  "kind": "caught"
                }
              ]
            },
            {
              "batter": "MWR Stokes",
              "bowler": "Surya Anand",
              "non_striker": "J Butler",
              "runs": {
                "batter": 2,
                "extras": 0,
                "total": 2
              }
            },
            {
              "batter": "MWR Stokes",
              "bowler": "Surya Anand",
              "non_striker": "J Butler",
              "runs": {
                "batter": 2,
                "extras": 0,
                "total": 2
              }
            }
          ]
        },
        {
          "over": 5,
          "deliveries": [
            {
              "batter": "J Butler",
              "bowler": "OD Hald",
              "non_striker": "MWR Stokes",
              "runs": {
                "batter": 4,
                "extras": 0,
                "total": 4
              }
            },
            {
              "batter": "J Butler",
              "bowler": "OD Hald",
              "non_striker": "MWR Stokes",
              "runs": {
                "batter": 1,
                "extras": 0,
                "total": 1
              }
            },
            {
              "batter": "MWR Stokes",
              "bowler": "OD Hald",
              "non_striker": "J Butler",
              "runs": {
                "batter": 4,
                "extras": 0,
                "total": 4
              }
            },
            {
              "batter": "MWR Stokes",
              "bowler": "OD Hald",
              "non_striker": "J Butler",
              "runs": {
                "batter": 0,
                "extras": 0,
                "total": 0
              }
            },
            {
              "batter": "MWR Stokes",
              "bowler": "OD Hald",
              "non_striker": "J Butler",
              "runs": {
                "batter": 4,
                "extras": 0,
                "total": 4
              }
            },
            {
              "batter": "MWR Stokes",
              "bowler": "OD Hald",
              "non_striker": "J Butler",
              "runs": {
                "batter": 4,
                "extras": 0,
                "total": 4
              }
            }
          ]
        },
        {
          "over": 6,
          "deliveries": [
            {
              "batter": "J Butler",
              "bowler": "Surya Anand",
              "non_striker": "MWR Stokes",
              "runs": {
                "batter": 1,
                "extras": 0,
                "total": 1
              }
            },
            {
              "batter": "MWR Stokes",
              "bowler": "Surya Anand",
              "non_striker": "J Butler",
              "runs": {
                "batter": 1,
                "extras": 0,
                "total": 1
              }
            },
            {
              "batter": "J Butler",
              "bowler": "Surya Anand",
              "non_striker": "MWR Stokes",
              "runs": {
                "batter": 1,
                "extras": 0,
                "total": 1
              }
            },
            {
              "batter": "MWR Stokes",
              "bowler": "Surya Anand",
              "non_striker": "J Butler",
              "runs": {
                "batter": 0,
                "extras": 0,
                "total": 0
              }
            },
            {
              "batter": "MWR Stokes",
              "bowler": "Surya Anand",
              "non_striker": "J Butler",
              "runs": {
                "batter": 4,
                "extras": 0,
                "total": 4
              }
            },
            {
              "batter": "MWR Stokes",
              "bowler": "Surya Anand",
              "non_striker": "J Butler",
              "runs": {
                "batter": 1,
                "extras": 0,
                "total": 1
              }
            }
          ]
        },
        {
          "over": 7,
          "deliveries": [
            {
              "batter": "MWR Stokes",
              "bowler": "E Karimi",
              "non_striker": "J Butler",
              "runs": {
                "batter": 1,
                "extras": 0,
                "total": 1
              }
            },
            {
              "batter": "J Butler",
              "bowler": "E Karimi",
              "non_striker": "MWR Stokes",
              "runs": {
                "batter": 1,
                "extras": 0,
                "total": 1
              }
            },
            {
              "batter": "MWR Stokes",
              "bowler": "E Karimi",
              "non_striker": "J Butler",
              "runs": {
                "batter": 0,
                "extras": 0,
                "total": 0
              }
            },
            {
              "batter": "MWR Stokes",
              "bowler": "E Karimi",
              "non_striker": "J Butler",
              "runs": {
                "batter": 1,
                "extras": 0,
                "total": 1
              }
            },
            {
              "batter": "J Butler",
              "bowler": "E Karimi",
              "non_striker": "MWR Stokes",
              "runs": {
                "batter": 6,
                "extras": 0,
                "total": 6
              }
            },
            {
              "batter": "J Butler",
              "bowler": "E Karimi",
              "non_striker": "MWR Stokes",
              "runs": {
                "batter": 1,
                "extras": 0,
                "total": 1
              }
            }
          ]
        },
        {
          "over": 8,
          "deliveries": [
            {
              "batter": "J Butler",
              "bowler": "ND Laegsgaard",
              "non_striker": "MWR Stokes",
              "runs": {
                "batter": 0,
                "extras": 0,
                "total": 0
              }
            },
            {
              "batter": "J Butler",
              "bowler": "ND Laegsgaard",
              "non_striker": "MWR Stokes",
              "runs": {
                "batter": 4,
                "extras": 0,
                "total": 4
              }
            },
            {
              "batter": "J Butler",
              "bowler": "ND Laegsgaard",
              "non_striker": "MWR Stokes",
              "runs": {
                "batter": 1,
                "extras": 0,
                "total": 1
              }
            },
            {
              "batter": "MWR Stokes",
              "bowler": "ND Laegsgaard",
              "non_striker": "J Butler",
              "runs": {
                "batter": 1,
                "extras": 0,
                "total": 1
              }
            },
            {
              "batter": "J Butler",
              "bowler": "ND Laegsgaard",
              "non_striker": "MWR Stokes",
              "runs": {
                "batter": 2,
                "extras": 0,
                "total": 2
              }
            },
            {
              "batter": "J Butler",
              "bowler": "ND Laegsgaard",
              "non_striker": "MWR Stokes",
              "runs": {
                "batter": 4,
                "extras": 0,
                "total": 4
              }
            }
          ]
        },
        {
          "over": 9,
          "deliveries": [
            {
              "batter": "MWR Stokes",
              "bowler": "SA Ahmad",
              "non_striker": "J Butler",
              "runs": {
                "batter": 0,
                "extras": 0,
                "total": 0
              }
            },
            {
              "batter": "MWR Stokes",
              "bowler": "SA Ahmad",
              "non_striker": "J Butler",
              "runs": {
                "batter": 1,
                "extras": 0,
                "total": 1
              }
            },
            {
              "batter": "J Butler",
              "bowler": "SA Ahmad",
              "non_striker": "MWR Stokes",
              "runs": {
                "batter": 0,
                "extras": 0,
                "total": 0
              }
            },
            {
              "batter": "J Butler",
              "bowler": "SA Ahmad",
              "non_striker": "MWR Stokes",
              "runs": {
                "batter": 1,
                "extras": 0,
                "total": 1
              }
            },
            {
              "batter": "MWR Stokes",
              "bowler": "SA Ahmad",
              "non_striker": "J Butler",
              "runs": {
                "batter": 1,
                "extras": 0,
                "total": 1
              }
            },
            {
              "batter": "J Butler",
              "bowler": "SA Ahmad",
              "non_striker": "MWR Stokes",
              "runs": {
                "batter": 0,
                "extras": 0,
                "total": 0
              }
            }
          ]
        },
        {
          "over": 10,
          "deliveries": [
            {
              "batter": "MWR Stokes",
              "bowler": "Delawar Khan",
              "non_striker": "J Butler",
              "runs": {
                "batter": 2,
                "extras": 0,
                "total": 2
              }
            },
            {
              "batter": "MWR Stokes",
              "bowler": "Delawar Khan",
              "non_striker": "J Butler",
              "runs": {
                "batter": 0,
                "extras": 0,
                "total": 0
              }
            },
            {
              "batter": "MWR Stokes",
              "bowler": "Delawar Khan",
              "non_striker": "J Butler",
              "runs": {
                "batter": 4,
                "extras": 0,
                "total": 4
              }
            },
            {
              "batter": "MWR Stokes",
              "bowler": "Delawar Khan",
              "non_striker": "J Butler",
              "runs": {
                "batter": 1,
                "extras": 0,
                "total": 1
              }
            },
            {
              "batter": "J Butler",
              "bowler": "Delawar Khan",
              "non_striker": "MWR Stokes",
              "runs": {
                "batter": 0,
                "extras": 0,
                "total": 0
              }
            },
            {
              "batter": "J Butler",
              "bowler": "Delawar Khan",
              "non_striker": "MWR Stokes",
              "runs": {
                "batter": 1,
                "extras": 0,
                "total": 1
              }
            }
          ]
        },
        {
          "over": 11,
          "deliveries": [
            {
              "batter": "J Butler",
              "bowler": "SA Ahmad",
              "non_striker": "MWR Stokes",
              "runs": {
                "batter": 1,
                "extras": 0,
                "total": 1
              }
            },
            {
              "batter": "MWR Stokes",
              "bowler": "SA Ahmad",
              "extras": {
                "wides": 1
              },
              "non_striker": "J Butler",
              "runs": {
                "batter": 0,
                "extras": 1,
                "total": 1
              }
            },
            {
              "batter": "MWR Stokes",
              "bowler": "SA Ahmad",
              "non_striker": "J Butler",
              "runs": {
                "batter": 1,
                "extras": 0,
                "total": 1
              }
            },
            {
              "batter": "J Butler",
              "bowler": "SA Ahmad",
              "non_striker": "MWR Stokes",
              "runs": {
                "batter": 0,
                "extras": 0,
                "total": 0
              },
              "wickets": [
                {
                  "player_out": "J Butler",
                  "kind": "bowled"
                }
              ]
            },
            {
              "batter": "IDA Damarell",
              "bowler": "SA Ahmad",
              "non_striker": "MWR Stokes",
              "runs": {
                "batter": 0,
                "extras": 0,
                "total": 0
              }
            },
            {
              "batter": "IDA Damarell",
              "bowler": "SA Ahmad",
              "non_striker": "MWR Stokes",
              "runs": {
                "batter": 1,
                "extras": 0,
                "total": 1
              }
            },
            {
              "batter": "MWR Stokes",
              "bowler": "SA Ahmad",
              "non_striker": "IDA Damarell",
              "runs": {
                "batter": 1,
                "extras": 0,
                "total": 1
              }
            }
          ]
        },
        {
          "over": 12,
          "deliveries": [
            {
              "batter": "MWR Stokes",
              "bowler": "ND Laegsgaard",
              "non_striker": "IDA Damarell",
              "runs": {
                "batter": 1,
                "extras": 0,
                "total": 1
              }
            },
            {
              "batter": "IDA Damarell",
              "bowler": "ND Laegsgaard",
              "non_striker": "MWR Stokes",
              "runs": {
                "batter": 1,
                "extras": 0,
                "total": 1
              }
            },
            {
              "batter": "MWR Stokes",
              "bowler": "ND Laegsgaard",
              "non_striker": "IDA Damarell",
              "runs": {
                "batter": 1,
                "extras": 0,
                "total": 1
              }
            },
            {
              "batter": "IDA Damarell",
              "bowler": "ND Laegsgaard",
              "non_striker": "MWR Stokes",
              "runs": {
                "batter": 0,
                "extras": 0,
                "total": 0
              },
              "wickets": [
                {
                  "player_out": "IDA Damarell",
                  "kind": "lbw"
                }
              ]
            },
            {
              "batter": "OB Nightingale",
              "bowler": "ND Laegsgaard",
              "non_striker": "MWR Stokes",
              "runs": {
                "batter": 0,
                "extras": 0,
                "total": 0
              }
            },
            {
              "batter": "OB Nightingale",
              "bowler": "ND Laegsgaard",
              "non_striker": "MWR Stokes",
              "runs": {
                "batter": 0,
                "extras": 0,
                "total": 0
              }
            }
          ]
        },
        {
          "over": 13,
          "deliveries": [
            {
              "batter": "MWR Stokes",
              "bowler": "SA Ahmad",
              "non_striker": "OB Nightingale",
              "runs": {
                "batter": 4,
                "extras": 0,
                "total": 4
              }
            },
            {
              "batter": "MWR Stokes",
              "bowler": "SA Ahmad",
              "non_striker": "OB Nightingale",
              "runs": {
                "batter": 1,
                "extras": 0,
                "total": 1
              }
            },
            {
              "batter": "OB Nightingale",
              "bowler": "SA Ahmad",
              "non_striker": "MWR Stokes",
              "runs": {
                "batter": 1,
                "extras": 0,
                "total": 1
              }
            },
            {
              "batter": "MWR Stokes",
              "bowler": "SA Ahmad",
              "non_striker": "OB Nightingale",
              "runs": {
                "batter": 2,
                "extras": 0,
                "total": 2
              }
            },
            {
              "batter": "MWR Stokes",
              "bowler": "SA Ahmad",
              "non_striker": "OB Nightingale",
              "runs": {
                "batter": 1,
                "extras": 0,
                "total": 1
              }
            },
            {
              "batter": "OB Nightingale",
              "bowler": "SA Ahmad",
              "extras": {
                "noballs": 1
              },
              "non_striker": "MWR Stokes",
              "runs": {
                "batter": 1,
                "extras": 1,
                "total": 2
              }
            },
            {
              "batter": "MWR Stokes",
              "bowler": "SA Ahmad",
              "non_striker": "OB Nightingale",
              "runs": {
                "batter": 6,
                "extras": 0,
                "total": 6
              }
            }
          ]
        },
        {
          "over": 14,
          "deliveries": [
            {
              "batter": "OB Nightingale",
              "bowler": "ND Laegsgaard",
              "non_striker": "MWR Stokes",
              "runs": {
                "batter": 0,
                "extras": 0,
                "total": 0
              }
            },
            {
              "batter": "OB Nightingale",
              "bowler": "ND Laegsgaard",
              "non_striker": "MWR Stokes",
              "runs": {
                "batter": 0,
                "extras": 0,
                "total": 0
              }
            },
            {
              "batter": "OB Nightingale",
              "bowler": "ND Laegsgaard",
              "non_striker": "MWR Stokes",
              "runs": {
                "batter": 4,
                "extras": 0,
                "total": 4
              }
            },
            {
              "batter": "OB Nightingale",
              "bowler": "ND Laegsgaard",
              "non_striker": "MWR Stokes",
              "runs": {
                "batter": 1,
                "extras": 0,
                "total": 1
              }
            },
            {
              "batter": "MWR Stokes",
              "bowler": "ND Laegsgaard",
              "non_striker": "OB Nightingale",
              "runs": {
                "batter": 1,
                "extras": 0,
                "total": 1
              }
            },
            {
              "batter": "OB Nightingale",
              "bowler": "ND Laegsgaard",
              "non_striker": "MWR Stokes",
              "runs": {
                "batter": 0,
                "extras": 0,
                "total": 0
              }
            }
          ]
        },
        {
          "over": 15,
          "deliveries": [
            {
              "batter": "MWR Stokes",
              "bowler": "Toqeer Ahmad",
              "non_striker": "OB Nightingale",
              "runs": {
                "batter": 0,
                "extras": 0,
                "total": 0
              }
            },
            {
              "batter": "MWR Stokes",
              "bowler": "Toqeer Ahmad",
              "non_striker": "OB Nightingale",
              "runs": {
                "batter": 1,
                "extras": 0,
                "total": 1
              }
            },
            {
              "batter": "OB Nightingale",
              "bowler": "Toqeer Ahmad",
              "non_striker": "MWR Stokes",
              "runs": {
                "batter": 4,
                "extras": 0,
                "total": 4
              }
            },
            {
              "batter": "OB Nightingale",
              "bowler": "Toqeer Ahmad",
              "non_striker": "MWR Stokes",
              "runs": {
                "batter": 1,
                "extras": 0,
                "total": 1
              }
            },
            {
              "batter": "MWR Stokes",
              "bowler": "Toqeer Ahmad",
              "non_striker": "OB Nightingale",
              "runs": {
                "batter": 1,
                "extras": 0,
                "total": 1
              }
            },
            {
              "batter": "OB Nightingale",
              "bowler": "Toqeer Ahmad",
              "non_striker": "MWR Stokes",
              "runs": {
                "batter": 1,
                "extras": 0,
                "total": 1
              }
            }
          ]
        },
        {
          "over": 16,
          "deliveries": [
            {
              "batter": "OB Nightingale",
              "bowler": "Delawar Khan",
              "non_striker": "MWR Stokes",
              "runs": {
                "batter": 1,
                "extras": 0,
                "total": 1
              }
            },
            {
              "batter": "MWR Stokes",
              "bowler": "Delawar Khan",
              "non_striker": "OB Nightingale",
              "runs": {
                "batter": 2,
                "extras": 0,
                "total": 2
              }
            },
            {
              "batter": "MWR Stokes",
              "bowler": "Delawar Khan",
              "non_striker": "OB Nightingale",
              "runs": {
                "batter": 1,
                "extras": 0,
                "total": 1
              }
            },
            {
              "batter": "OB Nightingale",
              "bowler": "Delawar Khan",
              "extras": {
                "wides": 1
              },
              "non_striker": "MWR Stokes",
              "runs": {
                "batter": 0,
                "extras": 1,
                "total": 1
              }
            },
            {
              "batter": "OB Nightingale",
              "bowler": "Delawar Khan",
              "non_striker": "MWR Stokes",
              "runs": {
                "batter": 1,
                "extras": 0,
                "total": 1
              }
            },
            {
              "batter": "MWR Stokes",
              "bowler": "Delawar Khan",
              "non_striker": "OB Nightingale",
              "runs": {
                "batter": 1,
                "extras": 0,
                "total": 1
              }
            },
            {
              "batter": "OB Nightingale",
              "bowler": "Delawar Khan",
              "non_striker": "MWR Stokes",
              "runs": {
                "batter": 2,
                "extras": 0,
                "total": 2
              }
            }
          ]
        },
        {
          "over": 17,
          "deliveries": [
            {
              "batter": "MWR Stokes",
              "bowler": "SA Ahmad",
              "non_striker": "OB Nightingale",
              "runs": {
                "batter": 0,
                "extras": 0,
                "total": 0
              }
            },
            {
              "batter": "MWR Stokes",
              "bowler": "SA Ahmad",
              "non_striker": "OB Nightingale",
              "runs": {
                "batter": 2,
                "extras": 0,
                "total": 2
              }
            },
            {
              "batter": "MWR Stokes",
              "bowler": "SA Ahmad",
              "non_striker": "OB Nightingale",
              "runs": {
                "batter": 1,
                "extras": 0,
                "total": 1
              }
            },
            {
              "batter": "OB Nightingale",
              "bowler": "SA Ahmad",
              "non_striker": "MWR Stokes",
              "runs": {
                "batter": 1,
                "extras": 0,
                "total": 1
              }
            },
            {
              "batter": "MWR Stokes",
              "bowler": "SA Ahmad",
              "non_striker": "OB Nightingale",
              "runs": {
                "batter": 2,
                "extras": 0,
                "total": 2
              }
            },
            {
              "batter": "MWR Stokes",
              "bowler": "SA Ahmad",
              "non_striker": "OB Nightingale",
              "runs": {
                "batter": 1,
                "extras": 0,
                "total": 1
              }
            }
          ]
        },
        {
          "over": 18,
          "deliveries": [
            {
              "batter": "MWR Stokes",
              "bowler": "Toqeer Ahmad",
              "non_striker": "OB Nightingale",
              "runs": {
                "batter": 1,
                "extras": 0,
                "total": 1
              }
            },
            {
              "batter": "OB Nightingale",
              "bowler": "Toqeer Ahmad",
              "non_striker": "MWR Stokes",
              "runs": {
                "batter": 4,
                "extras": 0,
                "total": 4
              }
            },
            {
              "batter": "OB Nightingale",
              "bowler": "Toqeer Ahmad",
              "non_striker": "MWR Stokes",
              "runs": {
                "batter": 1,
                "extras": 0,
                "total": 1
              }
            },
            {
              "batter": "MWR Stokes",
              "bowler": "Toqeer Ahmad",
              "non_striker": "OB Nightingale",
              "runs": {
                "batter": 1,
                "extras": 0,
                "total": 1
              }
            }
          ]
        }
      ],
      "powerplays": [
        {
          "from": 0.1,
          "to": 5.6,
          "type": "mandatory"
        }
      ],
      "target": {
        "overs": 20,
        "runs": 159
      }
    }
  ]
}