{
  "meta": {
    "data_version": "1.1.0",
    "created": "2024-09-03",
    "revision": 1
  },
  "info": {
    "balls_per_over": 6,
    "city": "Kuala Lumpur",
    "dates": [
      "2024-09-02"
    ],
    "event": {
      "name": "ICC Men's T20 World Cup Asia Qualifier A",
      "match_number": 7
    },
    "gender": "male",
    "match_type": "T20",
    "match_type_number": 2832,
    "officials": {
      "match_referees": [
        "V Narayan Kutty"
      ],
      "reserve_umpires": [
        "Shiju Sam"
      ],
      "umpires": [
        "BB Pradhan",
        "Morshed Ali Khan"
      ]
    },
    "outcome": {
      "winner": "Hong Kong",
      "by": {
        "runs": 23
      },
      "method": "D/L"
    },
    "overs": 20,
    "player_of_match": [
      "Zeeshan Ali"
    ],
    "players": {
      "Hong Kong": [
        "JJ Atkinson",
        "Zeeshan Ali",
        "Nizakat Khan",
        "Babar Hayat",
        "Aizaz Khan",
        "M Coetzee",
        "Yasim Murtaza",
        "Ehsan Khan",
        "Anas Khan",
        "Ateeq Iqbal",
        "A Shukla"
      ],
      "Singapore": [
        "Aritra Dutta",
        "R Sheshadri",
        "WA Simpson",
        "S Chandramohan",
        "Manpreet Singh",
        "Janak Prakash",
        "AE Paraam",
        "A Mutreja",
        "H Bharadwaj",
        "AR Puri",
        "R Kalimuthu"
      ]
    },
    "registry": {
      "people": {
        "A Mutreja": "a2ec22d2",
        "A Shukla": "a1e80d06",
        "AE Paraam": "b56f5b6f",
        "AR Puri": "1f490b28",
        "Aizaz Khan": "f6c2659d",
        "Anas Khan": "66a7f213",
        "Aritra Dutta": "f3a5c378",
        "Ateeq Iqbal": "29b322c7",
        "BB Pradhan": "8603d942",
        "Babar Hayat": "fbb657bb",
        "Ehsan Khan": "d3851cd8",
        "H Bharadwaj": "2e89652e",
        "JJ Atkinson": "bf2d865c",
        "Janak Prakash": "f092b4c7",
        "M Coetzee": "3f149080",
        "Manpreet Singh": "e9d6a2ce",
        "Morshed Ali Khan": "a7c3cf5f",
        "Nizakat Khan": "e3eb9e46",
        "R Kalimuthu": "5892ac75",
        "R Sheshadri": "d4aa2ddb",
        "S Chandramohan": "2a6ccc1c",
        "Shiju Sam": "1e2f3eae",
        "V Narayan Kutty": "4bacee3d",
        "WA Simpson": "6de0f650",
        "Yasim Murtaza": "c9d05f1a",
        "Zeeshan Ali": "987187b9"
      }
    },
    "season": "2024",
    "team_type": "international",
    "teams": [
      "Hong Kong",
      "Singapore"
    ],
    "toss": {
      "decision": "field",
      "winner": "Singapore"
    },
    "venue": "Bayuemas Oval, Kuala Lumpur"
  },
  "innings": [
    {
      "team": "Hong Kong",
      "overs": [
        {
          "over": 0,
          "deliveries": [
            {
              "batter": "JJ Atkinson",
              "bowler": "AE Paraam",
              "non_striker": "Zeeshan Ali",
              "runs": {
                "batter": 0,
                "extras": 0,
                "total": 0
              }
            },
            {
              "batter": "JJ Atkinson",
              "bowler": "AE Paraam",
              "non_striker": "Zeeshan Ali",
              "runs": {
                "batter": 0,
                "extras": 0,
                "total": 0
              }
            },
            {
              "batter": "JJ Atkinson",
              "bowler": "AE Paraam",
              "non_striker": "Zeeshan Ali",
              "runs": {
                "batter": 2,
                "extras": 0,
                "total": 2
              }
            },
            {
              "batter": "JJ Atkinson",
              "bowler": "AE Paraam",
              "non_striker": "Zeeshan Ali",
              "runs": {
                "batter": 0,
                "extras": 0,
                "total": 0
              }
            },
            {
              "batter": "JJ Atkinson",
              "bowler": "AE Paraam",
              "non_striker": "Zeeshan Ali",
              "runs": {
                "batter": 1,
                "extras": 0,
                "total": 1
              }
            },
            {
              "batter": "Zeeshan Ali",
              "bowler": "AE Paraam",
              "extras": {
                "wides": 3
              },
              "non_striker": "JJ Atkinson",
              "runs": {
                "batter": 0,
                "extras": 3,
                "total": 3
              }
            },
            {
              "batter": "Zeeshan Ali",
              "bowler": "AE Paraam",
              "non_striker": "JJ Atkinson",
              "runs": {
                "batter": 1,
                "extras": 0,
                "total": 1
              }
            }
          ]
        },
        {
          "over": 1,
          "deliveries": [
            {
              "batter": "Zeeshan Ali",
              "bowler": "Janak Prakash",
              "extras": {
                "wides": 1
              },
              "non_striker": "JJ Atkinson",
              "runs": {
                "batter": 0,
                "extras": 1,
                "total": 1
              }
            },
            {
              "batter": "Zeeshan Ali",
              "bowler": "Janak Prakash",
              "non_striker": "JJ Atkinson",
              "runs": {
                "batter": 0,
                "extras": 0,
                "total": 0
              }
            },
            {
              "batter": "Zeeshan Ali",
              "bowler": "Janak Prakash",
              "non_striker": "JJ Atkinson",
              "runs": {
                "batter": 2,
                "extras": 0,
                "total": 2
              }
            },
            {
              "batter": "Zeeshan Ali",
              "bowler": "Janak Prakash",
              "non_striker": "JJ Atkinson",
              "runs": {
                "batter": 4,
                "extras": 0,
                "total": 4
              }
            },
            {
              "batter": "Zeeshan Ali",
              "bowler": "Janak Prakash",
              "non_striker": "JJ Atkinson",
              "runs": {
                "batter": 4,
                "extras": 0,
                "total": 4
              }
            },
            {
              "batter": "Zeeshan Ali",
              "bowler": "Janak Prakash",
              "non_striker": "JJ Atkinson",
              "runs": {
                "batter": 0,
                "extras": 0,
                "total": 0
              }
            },
            {
              "batter": "Zeeshan Ali",
              "bowler": "Janak Prakash",
              "non_striker": "JJ Atkinson",
              "runs": {
                "batter": 1,
                "extras": 0,
                "total": 1
              }
            }
          ]
        },
        {
          "over": 2,
          "deliveries": [
            {
              "batter": "Zeeshan Ali",
              "bowler": "AE Paraam",
              "non_striker": "JJ Atkinson",
              "runs": {
                "batter": 1,
                "extras": 0,
                "total": 1
              }
            },
            {
              "batter": "JJ Atkinson",
              "bowler": "AE Paraam",
              "non_striker": "Zeeshan Ali",
              "runs": {
                "batter": 0,
                "extras": 0,
                "total": 0
              },
              "wickets": [
                {
                  "player_out": "JJ Atkinson",
                  "kind": "lbw"
                }
              ]
            },
            {
              "batter": "Nizakat Khan",
              "bowler": "AE Paraam",
              "non_striker": "Zeeshan Ali",
              "runs": {
                "batter": 0,
                "extras": 0,
                "total": 0
              }
            },
            {
              "batter": "Nizakat Khan",
              "bowler": "AE Paraam",
              "non_striker": "Zeeshan Ali",
              "runs": {
                "batter": 0,
                "extras": 0,
                "total": 0
              }
            },
            {
              "batter": "Nizakat Khan",
              "bowler": "AE Paraam",
              "non_striker": "Zeeshan Ali",
              "runs": {
                "batter": 0,
                "extras": 0,
                "total": 0
              }
            },
            {
              "batter": "Nizakat Khan",
              "bowler": "AE Paraam",
              "non_striker": "Zeeshan Ali",
              "runs": {
                "batter": 0,
                "extras": 0,
                "total": 0
              }
            }
          ]
        },
        {
          "over": 3,
          "deliveries": [
            {
              "batter": "Zeeshan Ali",
              "bowler": "Janak Prakash",
              "non_striker": "Nizakat Khan",
              "runs": {
                "batter": 3,
                "extras": 0,
                "total": 3
              }
            },
            {
              "batter": "Nizakat Khan",
              "bowler": "Janak Prakash",
              "non_striker": "Zeeshan Ali",
              "runs": {
                "batter": 4,
                "extras": 0,
                "total": 4
              }
            },
            {
              "batter": "Nizakat Khan",
              "bowler": "Janak Prakash",
              "non_striker": "Zeeshan Ali",
              "runs": {
                "batter": 0,
                "extras": 0,
                "total": 0
              }
            },
            {
              "batter": "Nizakat Khan",
              "bowler": "Janak Prakash",
              "non_striker": "Zeeshan Ali",
              "runs": {
                "batter": 0,
                "extras": 0,
                "total": 0
              }
            },
            {
              "batter": "Nizakat Khan",
              "bowler": "Janak Prakash",
              "non_striker": "Zeeshan Ali",
              "runs": {
                "batter": 0,
                "extras": 0,
                "total": 0
              }
            },
            {
              "batter": "Nizakat Khan",
              "bowler": "Janak Prakash",
              "non_striker": "Zeeshan Ali",
              "runs": {
                "batter": 0,
                "extras": 0,
                "total": 0
              }
            }
          ]
        },
        {
          "over": 4,
          "deliveries": [
            {
              "batter": "Zeeshan Ali",
              "bowler": "AE Paraam",
              "non_striker": "Nizakat Khan",
              "runs": {
                "batter": 2,
                "extras": 0,
                "total": 2
              }
            },
            {
              "batter": "Zeeshan Ali",
              "bowler": "AE Paraam",
              "non_striker": "Nizakat Khan",
              "runs": {
                "batter": 0,
                "extras": 0,
                "total": 0
              }
            },
            {
              "batter": "Zeeshan Ali",
              "bowler": "AE Paraam",
              "non_striker": "Nizakat Khan",
              "runs": {
                "batter": 2,
                "extras": 0,
                "total": 2
              }
            },
            {
              "batter": "Zeeshan Ali",
              "bowler": "AE Paraam",
              "non_striker": "Nizakat Khan",
              "runs": {
                "batter": 0,
                "extras": 0,
                "total": 0
              }
            },
            {
              "batter": "Zeeshan Ali",
              "bowler": "AE Paraam",
              "non_striker": "Nizakat Khan",
              "runs": {
                "batter": 1,
                "extras": 0,
                "total": 1
              }
            },
            {
              "batter": "Nizakat Khan",
              "bowler": "AE Paraam",
              "non_striker": "Zeeshan Ali",
              "runs": {
                "batter": 6,
                "extras": 0,
                "total": 6
              }
            }
          ]
        },
        {
          "over": 5,
          "deliveries": [
            {
              "batter": "Zeeshan Ali",
              "bowler": "R Kalimuthu",
              "non_striker": "Nizakat Khan",
              "runs": {
                "batter": 6,
                "extras": 0,
                "total": 6
              }
            },
            {
              "batter": "Zeeshan Ali",
              "bowler": "R Kalimuthu",
              "non_striker": "Nizakat Khan",
              "runs": {
                "batter": 6,
                "extras": 0,
                "total": 6
              }
            },
            {
              "batter": "Zeeshan Ali",
              "bowler": "R Kalimuthu",
              "non_striker": "Nizakat Khan",
              "runs": {
                "batter": 0,
                "extras": 0,
                "total": 0
              }
            },
            {
              "batter": "Zeeshan Ali",
              "bowler": "R Kalimuthu",
              "non_striker": "Nizakat Khan",
              "runs": {
                "batter": 4,
                "extras": 0,
                "total": 4
              }
            },
            {
              "batter": "Zeeshan Ali",
              "bowler": "R Kalimuthu",
              "non_striker": "Nizakat Khan",
              "runs": {
                "batter": 6,
                "extras": 0,
                "total": 6
              }
            },
            {
              "batter": "Zeeshan Ali",
              "bowler": "R Kalimuthu",
              "extras": {
                "wides": 1
              },
              "non_striker": "Nizakat Khan",
              "runs": {
                "batter": 0,
                "extras": 1,
                "total": 1
              }
            },
            {
              "batter": "Zeeshan Ali",
              "bowler": "R Kalimuthu",
              "extras": {
                "noballs": 1
              },
              "non_striker": "Nizakat Khan",
              "runs": {
                "batter": 0,
                "extras": 1,
                "total": 1
              }
            },
            {
              "batter": "Zeeshan Ali",
              "bowler": "R Kalimuthu",
              "non_striker": "Nizakat Khan",
              "runs": {
                "batter": 6,
                "extras": 0,
                "total": 6
              }
            }
          ]
        },
        {
          "over": 6,
          "deliveries": [
            {
              "batter": "Nizakat Khan",
              "bowler": "H Bharadwaj",
              "non_striker": "Zeeshan Ali",
              "runs": {
                "batter": 1,
                "extras": 0,
                "total": 1
              }
            },
            {
              "batter": "Zeeshan Ali",
              "bowler": "H Bharadwaj",
              "non_striker": "Nizakat Khan",
              "runs": {
                "batter": 1,
                "extras": 0,
                "total": 1
              }
            },
            {
              "batter": "Nizakat Khan",
              "bowler": "H Bharadwaj",
              "non_striker": "Zeeshan Ali",
              "runs": {
                "batter": 1,
                "extras": 0,
                "total": 1
              }
            },
            {
              "batter": "Zeeshan Ali",
              "bowler": "H Bharadwaj",
              "non_striker": "Nizakat Khan",
              "runs": {
                "batter": 0,
                "extras": 0,
                "total": 0
              }
            },
            {
              "batter": "Zeeshan Ali",
              "bowler": "H Bharadwaj",
              "non_striker": "Nizakat Khan",
              "runs": {
                "batter": 0,
                "extras": 0,
                "total": 0
              }
            },
            {
              "batter": "Zeeshan Ali",
              "bowler": "H Bharadwaj",
              "non_striker": "Nizakat Khan",
              "runs": {
                "batter": 1,
                "extras": 0,
                "total": 1
              }
            }
          ]
        },
        {
          "over": 7,
          "deliveries": [
            {
              "batter": "Zeeshan Ali",
              "bowler": "AR Puri",
              "non_striker": "Nizakat Khan",
              "runs": {
                "batter": 4,
                "extras": 0,
                "total": 4
              }
            },
            {
              "batter": "Zeeshan Ali",
              "bowler": "AR Puri",
              "non_striker": "Nizakat Khan",
              "runs": {
                "batter": 1,
                "extras": 0,
                "total": 1
              }
            },
            {
              "batter": "Nizakat Khan",
              "bowler": "AR Puri",
              "non_striker": "Zeeshan Ali",
              "runs": {
                "batter": 4,
                "extras": 0,
                "total": 4
              }
            },
            {
              "batter": "Nizakat Khan",
              "bowler": "AR Puri",
              "non_striker": "Zeeshan Ali",
              "runs": {
                "batter": 0,
                "extras": 0,
                "total": 0
              }
            },
            {
              "batter": "Nizakat Khan",
              "bowler": "AR Puri",
              "non_striker": "Zeeshan Ali",
              "runs": {
                "batter": 6,
                "extras": 0,
                "total": 6
              }
            },
            {
              "batter": "Nizakat Khan",
              "bowler": "AR Puri",
              "non_striker": "Zeeshan Ali",
              "runs": {
                "batter": 1,
                "extras": 0,
                "total": 1
              }
            }
          ]
        },
        {
          "over": 8,
          "deliveries": [
            {
              "batter": "Nizakat Khan",
              "bowler": "H Bharadwaj",
              "non_striker": "Zeeshan Ali",
              "runs": {
                "batter": 6,
                "extras": 0,
                "total": 6
              }
            },
            {
              "batter": "Nizakat Khan",
              "bowler": "H Bharadwaj",
              "non_striker": "Zeeshan Ali",
              "runs": {
                "batter": 4,
                "extras": 0,
                "total": 4
              }
            },
            {
              "batter": "Nizakat Khan",
              "bowler": "H Bharadwaj",
              "non_striker": "Zeeshan Ali",
              "runs": {
                "batter": 1,
                "extras": 0,
                "total": 1
              }
            },
            {
              "batter": "Zeeshan Ali",
              "bowler": "H Bharadwaj",
              "non_striker": "Nizakat Khan",
              "runs": {
                "batter": 1,
                "extras": 0,
                "total": 1
              }
            },
            {
              "batter": "Nizakat Khan",
              "bowler": "H Bharadwaj",
              "non_striker": "Zeeshan Ali",
              "runs": {
                "batter": 0,
                "extras": 0,
                "total": 0
              },
              "wickets": [
                {
                  "player_out": "Nizakat Khan",
                  "kind": "bowled"
                }
              ]
            },
            {
              "batter": "Babar Hayat",
              "bowler": "H Bharadwaj",
              "non_striker": "Zeeshan Ali",
              "runs": {
                "batter": 0,
                "extras": 0,
                "total": 0
              }
            }
          ]
        },
        {
          "over": 9,
          "deliveries": [
            {
              "batter": "Zeeshan Ali",
              "bowler": "AE Paraam",
              "non_striker": "Babar Hayat",
              "runs": {
                "batter": 0,
                "extras": 0,
                "total": 0
              }
            },
            {
              "batter": "Zeeshan Ali",
              "bowler": "AE Paraam",
              "extras": {
                "legbyes": 1
              },
              "non_striker": "Babar Hayat",
              "runs": {
                "batter": 0,
                "extras": 1,
                "total": 1
              }
            },
            {
              "batter": "Babar Hayat",
              "bowler": "AE Paraam",
              "non_striker": "Zeeshan Ali",
              "runs": {
                "batter": 0,
                "extras": 0,
                "total": 0
              }
            },
            {
              "batter": "Babar Hayat",
              "bowler": "AE Paraam",
              "non_striker": "Zeeshan Ali",
              "runs": {
                "batter": 0,
                "extras": 0,
                "total": 0
              }
            },
            {
              "batter": "Babar Hayat",
              "bowler": "AE Paraam",
              "non_striker": "Zeeshan Ali",
              "runs": {
                "batter": 4,
                "extras": 0,
                "total": 4
              }
            },
            {
              "batter": "Babar Hayat",
              "bowler": "AE Paraam",
              "non_striker": "Zeeshan Ali",
              "runs": {
                "batter": 1,
                "extras": 0,
                "total": 1
              }
            }
          ]
        },
        {
          "over": 10,
          "deliveries": [
            {
              "batter": "Babar Hayat",
              "bowler": "R Sheshadri",
              "non_striker": "Zeeshan Ali",
              "runs": {
                "batter": 1,
                "extras": 0,
                "total": 1
              }
            },
            {
              "batter": "Zeeshan Ali",
              "bowler": "R Sheshadri",
              "non_striker": "Babar Hayat",
              "runs": {
                "batter": 2,
                "extras": 0,
                "total": 2
              }
            },
            {
              "batter": "Zeeshan Ali",
              "bowler": "R Sheshadri",
              "non_striker": "Babar Hayat",
              "runs": {
                "batter": 4,
                "extras": 0,
                "total": 4
              }
            },
            {
              "batter": "Zeeshan Ali",
              "bowler": "R Sheshadri",
              "non_striker": "Babar Hayat",
              "runs": {
                "batter": 1,
                "extras": 0,
                "total": 1
              }
            },
            {
              "batter": "Babar Hayat",
              "bowler": "R Sheshadri",
              "non_striker": "Zeeshan Ali",
              "runs": {
                "batter": 0,
                "extras": 0,
                "total": 0
              }
            },
            {
              "batter": "Babar Hayat",
              "bowler": "R Sheshadri",
              "non_striker": "Zeeshan Ali",
              "runs": {
                "batter": 4,
                "extras": 0,
                "total": 4
              }
            }
          ]
        },
        {
          "over": 11,
          "deliveries": [
            {
              "batter": "Zeeshan Ali",
              "bowler": "AR Puri",
              "non_striker": "Babar Hayat",
              "runs": {
                "batter": 6,
                "extras": 0,
                "total": 6
              }
            },
            {
              "batter": "Zeeshan Ali",
              "bowler": "AR Puri",
              "non_striker": "Babar Hayat",
              "runs": {
                "batter": 0,
                "extras": 0,
                "total": 0
              },
              "wickets": [
                {
                  "player_out": "Zeeshan Ali",
                  "fielders": [
                    {
                      "name": "Janak Prakash"
                    }
                  ],
                  "kind": "caught"
                }
              ]
            },
            {
              "batter": "Aizaz Khan",
              "bowler": "AR Puri",
              "non_striker": "Babar Hayat",
              "runs": {
                "batter": 0,
                "extras": 0,
                "total": 0
              }
            },
            {
              "batter": "Aizaz Khan",
              "bowler": "AR Puri",
              "non_striker": "Babar Hayat",
              "runs": {
                "batter": 3,
                "extras": 0,
                "total": 3
              }
            },
            {
              "batter": "Babar Hayat",
              "bowler": "AR Puri",
              "non_striker": "Aizaz Khan",
              "runs": {
                "batter": 0,
                "extras": 0,
                "total": 0
              }
            },
            {
              "batter": "Babar Hayat",
              "bowler": "AR Puri",
              "non_striker": "Aizaz Khan",
              "runs": {
                "batter": 4,
                "extras": 0,
                "total": 4
              }
            }
          ]
        },
        {
          "over": 12,
          "deliveries": [
            {
              "batter": "Aizaz Khan",
              "bowler": "H Bharadwaj",
              "non_striker": "Babar Hayat",
              "runs": {
                "batter": 1,
                "extras": 0,
                "total": 1
              }
            },
            {
              "batter": "Babar Hayat",
              "bowler": "H Bharadwaj",
              "non_striker": "Aizaz Khan",
              "runs": {
                "batter": 0,
                "extras": 0,
                "total": 0
              }
            },
            {
              "batter": "Babar Hayat",
              "bowler": "H Bharadwaj",
              "non_striker": "Aizaz Khan",
              "runs": {
                "batter": 1,
                "extras": 0,
                "total": 1
              }
            },
            {
              "batter": "Aizaz Khan",
              "bowler": "H Bharadwaj",
              "non_striker": "Babar Hayat",
              "runs": {
                "batter": 1,
                "extras": 0,
                "total": 1
              }
            },
            {
              "batter": "Babar Hayat",
              "bowler": "H Bharadwaj",
              "non_striker": "Aizaz Khan",
              "runs": {
                "batter": 0,
                "extras": 0,
                "total": 0
              }
            },
            {
              "batter": "Babar Hayat",
              "bowler": "H Bharadwaj",
              "non_striker": "Aizaz Khan",
              "runs": {
                "batter": 1,
                "extras": 0,
                "total": 1
              }
            }
          ]
        },
        {
          "over": 13,
          "deliveries": [
            {
              "batter": "Babar Hayat",
              "bowler": "R Kalimuthu",
              "extras": {
                "legbyes": 1
              },
              "non_striker": "Aizaz Khan",
              "runs": {
                "batter": 0,
                "extras": 1,
                "total": 1
              }
            },
            {
              "batter": "Aizaz Khan",
              "bowler": "R Kalimuthu",
              "non_striker": "Babar Hayat",
              "runs": {
                "batter": 0,
                "extras": 0,
                "total": 0
              }
            },
            {
              "batter": "Aizaz Khan",
              "bowler": "R Kalimuthu",
              "non_striker": "Babar Hayat",
              "runs": {
                "batter": 6,
                "extras": 0,
                "total": 6
              }
            },
            {
              "batter": "Aizaz Khan",
              "bowler": "R Kalimuthu",
              "non_striker": "Babar Hayat",
              "runs": {
                "batter": 0,
                "extras": 0,
                "total": 0
              }
            },
            {
              "batter": "Aizaz Khan",
              "bowler": "R Kalimuthu",
              "non_striker": "Babar Hayat",
              "runs": {
                "batter": 1,
                "extras": 0,
                "total": 1
              }
            },
            {
              "batter": "Babar Hayat",
              "bowler": "R Kalimuthu",
              "non_striker": "Aizaz Khan",
              "runs": {
                "batter": 0,
                "extras": 0,
                "total": 0
              }
            }
          ]
        },
        {
          "over": 14,
          "deliveries": [
            {
              "batter": "Aizaz Khan",
              "bowler": "H Bharadwaj",
              "non_striker": "Babar Hayat",
              "runs": {
                "batter": 1,
                "extras": 0,
                "total": 1
              }
            },
            {
              "batter": "Babar Hayat",
              "bowler": "H Bharadwaj",
              "non_striker": "Aizaz Khan",
              "runs": {
                "batter": 1,
                "extras": 0,
                "total": 1
              }
            },
            {
              "batter": "Aizaz Khan",
              "bowler": "H Bharadwaj",
              "non_striker": "Babar Hayat",
              "runs": {
                "batter": 2,
                "extras": 0,
                "total": 2
              }
            },
            {
              "batter": "Aizaz Khan",
              "bowler": "H Bharadwaj",
              "non_striker": "Babar Hayat",
              "runs": {
                "batter": 1,
                "extras": 0,
                "total": 1
              }
            },
            {
              "batter": "Babar Hayat",
              "bowler": "H Bharadwaj",
              "non_striker": "Aizaz Khan",
              "runs": {
                "batter": 1,
                "extras": 0,
                "total": 1
              }
            },
            {
              "batter": "Aizaz Khan",
              "bowler": "H Bharadwaj",
              "non_striker": "Babar Hayat",
              "runs": {
                "batter": 1,
                "extras": 0,
                "total": 1
              }
            }
          ]
        },
        {
          "over": 15,
          "deliveries": [
            {
              "batter": "Aizaz Khan",
              "bowler": "AR Puri",
              "non_striker": "Babar Hayat",
              "runs": {
                "batter": 1,
                "extras": 0,
                "total": 1
              }
            },
            {
              "batter": "Babar Hayat",
              "bowler": "AR Puri",
              "non_striker": "Aizaz Khan",
              "runs": {
                "batter": 6,
                "extras": 0,
                "total": 6
              }
            },
            {
              "batter": "Babar Hayat",
              "bowler": "AR Puri",
              "non_striker": "Aizaz Khan",
              "runs": {
                "batter": 0,
                "extras": 0,
                "total": 0
              },
              "wickets": [
                {
                  "player_out": "Babar Hayat",
                  "fielders": [
                    {
                      "name": "A Mutreja"
                    }
                  ],
                  "kind": "caught"
                }
              ]
            },
            {
              "batter": "M Coetzee",
              "bowler": "AR Puri",
              "non_striker": "Aizaz Khan",
              "runs": {
                "batter": 1,
                "extras": 0,
                "total": 1
              }
            },
            {
              "batter": "Aizaz Khan",
              "bowler": "AR Puri",
              "non_striker": "M Coetzee",
              "runs": {
                "batter": 1,
                "extras": 0,
                "total": 1
              }
            },
            {
              "batter": "M Coetzee",
              "bowler": "AR Puri",
              "non_striker": "Aizaz Khan",
              "runs": {
                "batter": 0,
                "extras": 0,
                "total": 0
              },
              "wickets": [
                {
                  "player_out": "M Coetzee",
                  "fielders": [
                    {
                      "name": "Manpreet Singh"
                    },
                    {
                      "name": "AE Paraam"
                    }
                  ],
                  "kind": "run out"
                }
              ]
            }
          ]
        },
        {
          "over": 16,
          "deliveries": [
            {
              "batter": "Aizaz Khan",
              "bowler": "Janak Prakash",
              "non_striker": "Yasim Murtaza",
              "runs": {
                "batter": 1,
                "extras": 0,
                "total": 1
              }
            },
            {
              "batter": "Yasim Murtaza",
              "bowler": "Janak Prakash",
              "non_striker": "Aizaz Khan",
              "runs": {
                "batter": 1,
                "extras": 0,
                "total": 1
              }
            },
            {
              "batter": "Aizaz Khan",
              "bowler": "Janak Prakash",
              "non_striker": "Yasim Murtaza",
              "runs": {
                "batter": 1,
                "extras": 0,
                "total": 1
              }
            },
            {
              "batter": "Yasim Murtaza",
              "bowler": "Janak Prakash",
              "non_striker": "Aizaz Khan",
              "runs": {
                "batter": 1,
                "extras": 0,
                "total": 1
              },
              "wickets": [
                {
                  "player_out": "Yasim Murtaza",
                  "fielders": [
                    {
                      "name": "Manpreet Singh"
                    },
                    {
                      "name": "H Bharadwaj"
                    }
                  ],
                  "kind": "run out"
                }
              ]
            },
            {
              "batter": "Ehsan Khan",
              "bowler": "Janak Prakash",
              "non_striker": "Aizaz Khan",
              "runs": {
                "batter": 0,
                "extras": 0,
                "total": 0
              }
            },
            {
              "batter": "Ehsan Khan",
              "bowler": "Janak Prakash",
              "non_striker": "Aizaz Khan",
              "runs": {
                "batter": 0,
                "extras": 0,
                "total": 0
              }
            }
          ]
        },
        {
          "over": 17,
          "deliveries": [
            {
              "batter": "Aizaz Khan",
              "bowler": "R Kalimuthu",
              "non_striker": "Ehsan Khan",
              "runs": {
                "batter": 4,
                "extras": 0,
                "total": 4
              }
            },
            {
              "batter": "Aizaz Khan",
              "bowler": "R Kalimuthu",
              "non_striker": "Ehsan Khan",
              "runs": {
                "batter": 1,
                "extras": 0,
                "total": 1
              }
            },
            {
              "batter": "Ehsan Khan",
              "bowler": "R Kalimuthu",
              "non_striker": "Aizaz Khan",
              "runs": {
                "batter": 1,
                "extras": 0,
                "total": 1
              }
            },
            {
              "batter": "Aizaz Khan",
              "bowler": "R Kalimuthu",
              "non_striker": "Ehsan Khan",
              "runs": {
                "batter": 4,
                "extras": 0,
                "total": 4
              }
            },
            {
              "batter": "Aizaz Khan",
              "bowler": "R Kalimuthu",
              "non_striker": "Ehsan Khan",
              "runs": {
                "batter": 0,
                "extras": 0,
                "total": 0
              },
              "wickets": [
                {
                  "player_out": "Aizaz Khan",
                  "fielders": [
                    {
                      "name": "AR Puri"
                    }
                  ],
                  "kind": "caught"
                }
              ]
            },
            {
              "batter": "Anas Khan",
              "bowler": "R Kalimuthu",
              "non_striker": "Ehsan Khan",
              "runs": {
                "batter": 4,
                "extras": 0,
                "total": 4
              }
            }
          ]
        },
        {
          "over": 18,
          "deliveries": [
            {
              "batter": "Ehsan Khan",
              "bowler": "Janak Prakash",
              "non_striker": "Anas Khan",
              "runs": {
                "batter": 4,
                "extras": 0,
                "total": 4
              }
            },
            {
              "batter": "Ehsan Khan",
              "bowler": "Janak Prakash",
              "non_striker": "Anas Khan",
              "runs": {
                "batter": 0,
                "extras": 0,
                "total": 0
              }
            },
            {
              "batter": "Ehsan Khan",
              "bowler": "Janak Prakash",
              "non_striker": "Anas Khan",
              "runs": {
                "batter": 4,
                "extras": 0,
                "total": 4
              }
            },
            {
              "batter": "Ehsan Khan",
              "bowler": "Janak Prakash",
              "non_striker": "Anas Khan",
              "runs": {
                "batter": 1,
                "extras": 0,
                "total": 1
              }
            },
            {
              "batter": "Anas Khan",
              "bowler": "Janak Prakash",
              "non_striker": "Ehsan Khan",
              "runs": {
                "batter": 1,
                "extras": 0,
                "total": 1
              }
            },
            {
              "batter": "Ehsan Khan",
              "bowler": "Janak Prakash",
              "non_striker": "Anas Khan",
              "runs": {
                "batter": 2,
                "extras": 0,
                "total": 2
              }
            }
          ]
        },
        {
          "over": 19,
          "deliveries": [
            {
              "batter": "Anas Khan",
              "bowler": "R Kalimuthu",
              "non_striker": "Ehsan Khan",
              "runs": {
                "batter": 4,
                "extras": 0,
                "total": 4
              }
            },
            {
              "batter": "Anas Khan",
              "bowler": "R Kalimuthu",
              "extras": {
                "noballs": 1
              },
              "non_striker": "Ehsan Khan",
              "runs": {
                "batter": 0,
                "extras": 1,
                "total": 1
              }
            },
            {
              "batter": "Anas Khan",
              "bowler": "R Kalimuthu",
              "non_striker": "Ehsan Khan",
              "runs": {
                "batter": 1,
                "extras": 0,
                "total": 1
              }
            },
            {
              "batter": "Ehsan Khan",
              "bowler": "R Kalimuthu",
              "non_striker": "Anas Khan",
              "runs": {
                "batter": 0,
                "extras": 0,
                "total": 0
              },
              "wickets": [
                {
                  "player_out": "Ehsan Khan",
                  "fielders": [
                    {
                      "name": "Aritra Dutta"
                    }
                  ],
                  "kind": "caught"
                }
              ]
            },
            {
              "batter": "Ateeq Iqbal",
              "bowler": "R Kalimuthu",
              "non_striker": "Anas Khan",
              "runs": {
                "batter": 1,
                "extras": 0,
                "total": 1
              }
            },
            {
              "batter": "Anas Khan",
              "bowler": "R Kalimuthu",
              "non_striker": "Ateeq Iqbal",
              "runs": {
                "batter": 1,
                "extras": 0,
                "total": 1
              }
            },
            {
              "batter": "Ateeq Iqbal",
              "bowler": "R Kalimuthu",
              "non_striker": "Anas Khan",
              "runs": {
                "batter": 4,
                "extras": 0,
                "total": 4
              }
            }
          ]
        }
      ],
      "powerplays": [
        {
          "from": 0.1,
          "to": 5.8,
          "type": "mandatory"
        }
      ]
    },
    {
      "team": "Singapore",
      "overs": [
        {
          "over": 0,
          "deliveries": [
            {
              "batter": "Aritra Dutta",
              "bowler": "A Shukla",
              "extras": {
                "wides": 1
              },
              "non_striker": "R Sheshadri",
              "runs": {
                "batter": 0,
                "extras": 1,
                "total": 1
              }
            },
            {
              "batter": "Aritra Dutta",
              "bowler": "A Shukla",
              "non_striker": "R Sheshadri",
              "runs": {
                "batter": 4,
                "extras": 0,
                "total": 4
              }
            },
            {
              "batter": "Aritra Dutta",
              "bowler": "A Shukla",
              "non_striker": "R Sheshadri",
              "runs": {
                "batter": 0,
                "extras": 0,
                "total": 0
              }
            },
            {
              "batter": "Aritra Dutta",
              "bowler": "A Shukla",
              "non_striker": "R Sheshadri",
              "runs": {
                "batter": 6,
                "extras": 0,
                "total": 6
              }
            },
            {
              "batter": "Aritra Dutta",
              "bowler": "A Shukla",
              "extras": {
                "wides": 1
              },
              "non_striker": "R Sheshadri",
              "runs": {
                "batter": 0,
                "extras": 1,
                "total": 1
              }
            },
            {
              "batter": "Aritra Dutta",
              "bowler": "A Shukla",
              "extras": {
                "wides": 1
              },
              "non_striker": "R Sheshadri",
              "runs": {
                "batter": 0,
                "extras": 1,
                "total": 1
              }
            },
            {
              "batter": "Aritra Dutta",
              "bowler": "A Shukla",
              "non_striker": "R Sheshadri",
              "runs": {
                "batter": 0,
                "extras": 0,
                "total": 0
              }
            },
            {
              "batter": "Aritra Dutta",
              "bowler": "A Shukla",
              "non_striker": "R Sheshadri",
              "runs": {
                "batter": 1,
                "extras": 0,
                "total": 1
              }
            },
            {
              "batter": "R Sheshadri",
              "bowler": "A Shukla",
              "non_striker": "Aritra Dutta",
              "runs": {
                "batter": 0,
                "extras": 0,
                "total": 0
              }
            }
          ]
        },
        {
          "over": 1,
          "deliveries": [
            {
              "batter": "Aritra Dutta",
              "bowler": "Ateeq Iqbal",
              "non_striker": "R Sheshadri",
              "runs": {
                "batter": 0,
                "extras": 0,
                "total": 0
              }
            },
            {
              "batter": "Aritra Dutta",
              "bowler": "Ateeq Iqbal",
              "non_striker": "R Sheshadri",
              "runs": {
                "batter": 0,
                "extras": 0,
                "total": 0
              }
            },
            {
              "batter": "Aritra Dutta",
              "bowler": "Ateeq Iqbal",
              "non_striker": "R Sheshadri",
              "runs": {
                "batter": 1,
                "extras": 0,
                "total": 1
              }
            },
            {
              "batter": "R Sheshadri",
              "bowler": "Ateeq Iqbal",
              "non_striker": "Aritra Dutta",
              "runs": {
                "batter": 0,
                "extras": 0,
                "total": 0
              }
            },
            {
              "batter": "R Sheshadri",
              "bowler": "Ateeq Iqbal",
              "non_striker": "Aritra Dutta",
              "runs": {
                "batter": 1,
                "extras": 0,
                "total": 1
              }
            },
            {
              "batter": "Aritra Dutta",
              "bowler": "Ateeq Iqbal",
              "non_striker": "R Sheshadri",
              "runs": {
                "batter": 0,
                "extras": 0,
                "total": 0
              }
            }
          ]
        },
        {
          "over": 2,
          "deliveries": [
            {
              "batter": "R Sheshadri",
              "bowler": "Yasim Murtaza",
              "non_striker": "Aritra Dutta",
              "runs": {
                "batter": 1,
                "extras": 0,
                "total": 1
              }
            },
            {
              "batter": "Aritra Dutta",
              "bowler": "Yasim Murtaza",
              "non_striker": "R Sheshadri",
              "runs": {
                "batter": 6,
                "extras": 0,
                "total": 6
              }
            },
            {
              "batter": "Aritra Dutta",
              "bowler": "Yasim Murtaza",
              "non_striker": "R Sheshadri",
              "runs": {
                "batter": 0,
                "extras": 0,
                "total": 0
              },
              "wickets": [
                {
                  "player_out": "Aritra Dutta",
                  "fielders": [
                    {
                      "name": "Ateeq Iqbal"
                    }
                  ],
                  "kind": "caught"
                }
              ]
            },
            {
              "batter": "WA Simpson",
              "bowler": "Yasim Murtaza",
              "non_striker": "R Sheshadri",
              "runs": {
                "batter": 0,
                "extras": 0,
                "total": 0
              }
            },
            {
              "batter": "WA Simpson",
              "bowler": "Yasim Murtaza",
              "non_striker": "R Sheshadri",
              "runs": {
                "batter": 6,
                "extras": 0,
                "total": 6
              }
            },
            {
              "batter": "WA Simpson",
              "bowler": "Yasim Murtaza",
              "non_striker": "R Sheshadri",
              "runs": {
                "batter": 0,
                "extras": 0,
                "total": 0
              }
            }
          ]
        },
        {
          "over": 3,
          "deliveries": [
            {
              "batter": "R Sheshadri",
              "bowler": "A Shukla",
              "non_striker": "WA Simpson",
              "runs": {
                "batter": 1,
                "extras": 0,
                "total": 1
              }
            },
            {
              "batter": "WA Simpson",
              "bowler": "A Shukla",
              "non_striker": "R Sheshadri",
              "runs": {
                "batter": 1,
                "extras": 0,
                "total": 1
              }
            },
            {
              "batter": "R Sheshadri",
              "bowler": "A Shukla",
              "non_striker": "WA Simpson",
              "runs": {
                "batter": 1,
                "extras": 0,
                "total": 1
              }
            },
            {
              "batter": "WA Simpson",
              "bowler": "A Shukla",
              "non_striker": "R Sheshadri",
              "runs": {
                "batter": 0,
                "extras": 0,
                "total": 0
              }
            },
            {
              "batter": "WA Simpson",
              "bowler": "A Shukla",
              "non_striker": "R Sheshadri",
              "runs": {
                "batter": 2,
                "extras": 0,
                "total": 2
              }
            },
            {
              "batter": "WA Simpson",
              "bowler": "A Shukla",
              "non_striker": "R Sheshadri",
              "runs": {
                "batter": 0,
                "extras": 0,
                "total": 0
              }
            }
          ]
        },
        {
          "over": 4,
          "deliveries": [
            {
              "batter": "R Sheshadri",
              "bowler": "Ehsan Khan",
              "non_striker": "WA Simpson",
              "runs": {
                "batter": 0,
                "extras": 0,
                "total": 0
              },
              "wickets": [
                {
                  "player_out": "R Sheshadri",
                  "kind": "bowled"
                }
              ]
            },
            {
              "batter": "S Chandramohan",
              "bowler": "Ehsan Khan",
              "non_striker": "WA Simpson",
              "runs": {
                "batter": 1,
                "extras": 0,
                "total": 1
              }
            },
            {
              "batter": "WA Simpson",
              "bowler": "Ehsan Khan",
              "non_striker": "S Chandramohan",
              "runs": {
                "batter": 0,
                "extras": 0,
                "total": 0
              },
              "wickets": [
                {
                  "player_out": "WA Simpson",
                  "fielders": [
                    {
                      "name": "Nizakat Khan"
                    }
                  ],
                  "kind": "caught"
                }
              ]
            },
            {
              "batter": "Manpreet Singh",
              "bowler": "Ehsan Khan",
              "non_striker": "S Chandramohan",
              "runs": {
                "batter": 1,
                "extras": 0,
                "total": 1
              }
            },
            {
              "batter": "S Chandramohan",
              "bowler": "Ehsan Khan",
              "non_striker": "Manpreet Singh",
              "runs": {
                "batter": 1,
                "extras": 0,
                "total": 1
              }
            },
            {
              "batter": "Manpreet Singh",
              "bowler": "Ehsan Khan",
              "non_striker": "S Chandramohan",
              "runs": {
                "batter": 6,
                "extras": 0,
                "total": 6
              }
            }
          ]
        },
        {
          "over": 5,
          "deliveries": [
            {
              "batter": "S Chandramohan",
              "bowler": "Ateeq Iqbal",
              "non_striker": "Manpreet Singh",
              "runs": {
                "batter": 0,
                "extras": 0,
                "total": 0
              }
            },
            {
              "batter": "S Chandramohan",
              "bowler": "Ateeq Iqbal",
              "non_striker": "Manpreet Singh",
              "runs": {
                "batter": 0,
                "extras": 0,
                "total": 0
              }
            },
            {
              "batter": "S Chandramohan",
              "bowler": "Ateeq Iqbal",
              "non_striker": "Manpreet Singh",
              "runs": {
                "batter": 1,
                "extras": 0,
                "total": 1
              }
            },
            {
              "batter": "Manpreet Singh",
              "bowler": "Ateeq Iqbal",
              "non_striker": "S Chandramohan",
              "runs": {
                "batter": 1,
                "extras": 0,
                "total": 1
              }
            },
            {
              "batter": "S Chandramohan",
              "bowler": "Ateeq Iqbal",
              "non_striker": "Manpreet Singh",
              "runs": {
                "batter": 0,
                "extras": 0,
                "total": 0
              }
            },
            {
              "batter": "S Chandramohan",
              "bowler": "Ateeq Iqbal",
              "non_striker": "Manpreet Singh",
              "runs": {
                "batter": 2,
                "extras": 0,
                "total": 2
              }
            }
          ]
        },
        {
          "over": 6,
          "deliveries": [
            {
              "batter": "Manpreet Singh",
              "bowler": "Yasim Murtaza",
              "non_striker": "S Chandramohan",
              "runs": {
                "batter": 1,
                "extras": 0,
                "total": 1
              }
            },
            {
              "batter": "S Chandramohan",
              "bowler": "Yasim Murtaza",
              "non_striker": "Manpreet Singh",
              "runs": {
                "batter": 6,
                "extras": 0,
                "total": 6
              }
            },
            {
              "batter": "S Chandramohan",
              "bowler": "Yasim Murtaza",
              "non_striker": "Manpreet Singh",
              "runs": {
                "batter": 1,
                "extras": 0,
                "total": 1
              }
            },
            {
              "batter": "Manpreet Singh",
              "bowler": "Yasim Murtaza",
              "non_striker": "S Chandramohan",
              "runs": {
                "batter": 6,
                "extras": 0,
                "total": 6
              }
            },
            {
              "batter": "Manpreet Singh",
              "bowler": "Yasim Murtaza",
              "non_striker": "S Chandramohan",
              "runs": {
                "batter": 1,
                "extras": 0,
                "total": 1
              }
            },
            {
              "batter": "S Chandramohan",
              "bowler": "Yasim Murtaza",
              "non_striker": "Manpreet Singh",
              "runs": {
                "batter": 2,
                "extras": 0,
                "total": 2
              }
            }
          ]
        },
        {
          "over": 7,
          "deliveries": [
            {
              "batter": "Manpreet Singh",
              "bowler": "Ehsan Khan",
              "non_striker": "S Chandramohan",
              "runs": {
                "batter": 6,
                "extras": 0,
                "total": 6
              }
            },
            {
              "batter": "Manpreet Singh",
              "bowler": "Ehsan Khan",
              "non_striker": "S Chandramohan",
              "runs": {
                "batter": 0,
                "extras": 0,
                "total": 0
              }
            },
            {
              "batter": "Manpreet Singh",
              "bowler": "Ehsan Khan",
              "non_striker": "S Chandramohan",
              "runs": {
                "batter": 0,
                "extras": 0,
                "total": 0
              },
              "wickets": [
                {
                  "player_out": "Manpreet Singh",
                  "kind": "caught and bowled"
                }
              ]
            },
            {
              "batter": "Janak Prakash",
              "bowler": "Ehsan Khan",
              "non_striker": "S Chandramohan",
              "runs": {
                "batter": 1,
                "extras": 0,
                "total": 1
              }
            },
            {
              "batter": "S Chandramohan",
              "bowler": "Ehsan Khan",
              "non_striker": "Janak Prakash",
              "runs": {
                "batter": 1,
                "extras": 0,
                "total": 1
              }
            },
            {
              "batter": "Janak Prakash",
              "bowler": "Ehsan Khan",
              "non_striker": "S Chandramohan",
              "runs": {
                "batter": 1,
                "extras": 0,
                "total": 1
              }
            }
          ]
        }
      ],
      "powerplays": [
        {
          "from": 0.1,
          "to": 1.6,
          "type": "mandatory"
        }
      ],
      "target": {
        "overs": 8,
        "runs": 97
      }
    }
  ]
}