{
  "meta": {
    "data_version": "1.1.0",
    "created": "2024-10-07",
    "revision": 1
  },
  "info": {
    "balls_per_over": 6,
    "city": "Incheon",
    "dates": [
      "2024-10-04"
    ],
    "event": {
      "name": "ICC Men's T20 World Cup East Asia-Pacific Region Qualifier B",
      "match_number": 9
    },
    "gender": "male",
    "match_type": "T20",
    "match_type_number": 2891,
    "officials": {
      "match_referees": [
        "TL Anderson"
      ],
      "reserve_umpires": [
        "Sarika Prasad"
      ],
      "tv_umpires": [
        "Suresh Subramanian"
      ],
      "umpires": [
        "AK Rana",
        "Tanvir Ahmed"
      ]
    },
    "outcome": {
      "winner": "Indonesia",
      "by": {
        "runs": 3
      }
    },
    "overs": 20,
    "player_of_match": [
      "Gaurav Tiwari"
    ],
    "players": {
      "Indonesia": [
        "Ahmad Ramdoni",
        "Anjar Tadarus",
        "Gaurav Tiwari",
        "PR Surve",
        "DJ Hawoe",
        "KC Ramamoorthy",
        "IK Gamantika",
        "IKEG Artawan",
        "GD Arta",
        "F Banunaek",
        "RM Koda"
      ],
      "Philippines": [
        "HER Tyler",
        "DC Smith",
        "AS Samra",
        "N Tanner",
        "Rhys Burinaga",
        "M Podosky",
        "J Tuffin",
        "ASF Sirah",
        "Huzaifa Mohammed",
        "A Donovan",
        "KDA Lukies"
      ]
    },
    "registry": {
      "people": {
        "A Donovan": "02888f23",
        "AK Rana": "562d74d0",
        "AS Samra": "bf976fb0",
        "ASF Sirah": "06bcade5",
        "Ahmad Ramdoni": "b5f30525",
        "Anjar Tadarus": "72275237",
        "DC Smith": "a968d39b",
        "DJ Hawoe": "a62f55ba",
        "F Banunaek": "3c8faed4",
        "GD Arta": "e969e580",
        "Gaurav Tiwari": "cab3f89a",
        "HER Tyler": "0ba9de33",
        "Huzaifa Mohammed": "65a29a30",
        "IK Gamantika": "4d7c5b56",
        "IKEG Artawan": "190957d2",
        "J Tuffin": "8069f81f",
        "KC Ramamoorthy": "a89c270b",
        "KDA Lukies": "14af45c4",
        "M Podosky": "c46999c7",
        "N Tanner": "5f5efae1",
        "PR Surve": "206efeb1",
        "RM Koda": "f0a45427",
        "Rhys Burinaga": "a6cbe67b",
        "Sarika Prasad": "8ff397fa",
        "Suresh Subramanian": "4e869e23",
        "TL Anderson": "f52ddf8d",
        "Tanvir Ahmed": "ea2df1f1"
      }
    },
    "season": "2024",
    "team_type": "international",
    "teams": [
      "Indonesia",
      "Philippines"
    ],
    "toss": {
      "decision": "bat",
      "winner": "Indonesia"
    },
    "venue": "Yeonhui Cricket Ground, Incheon"
  },
  "innings": [
    {
      "team": "Indonesia",
      "overs": [
        {
          "over": 0,
          "deliveries": [
            {
              "batter": "Ahmad Ramdoni",
              "bowler": "J Tuffin",
              "non_striker": "Anjar Tadarus",
              "runs": {
                "batter": 0,
                "extras": 0,
                "total": 0
              }
            },
            {
              "batter": "Ahmad Ramdoni",
              "bowler": "J Tuffin",
              "non_striker": "Anjar Tadarus",
              "runs": {
                "batter": 2,
                "extras": 0,
                "total": 2
              }
            },
            {
              "batter": "Ahmad Ramdoni",
              "bowler": "J Tuffin",
              "non_striker": "Anjar Tadarus",
              "runs": {
                "batter": 0,
                "extras": 0,
                "total": 0
              }
            },
            {
              "batter": "Ahmad Ramdoni",
              "bowler": "J Tuffin",
              "non_striker": "Anjar Tadarus",
              "runs": {
                "batter": 1,
                "extras": 0,
                "total": 1
              }
            },
            {
              "batter": "Anjar Tadarus",
              "bowler": "J Tuffin",
              "non_striker": "Ahmad Ramdoni",
              "runs": {
                "batter": 0,
                "extras": 0,
                "total": 0
              }
            },
            {
              "batter": "Anjar Tadarus",
              "bowler": "J Tuffin",
              "extras": {
                "legbyes": 1
              },
              "non_striker": "Ahmad Ramdoni",
              "runs": {
                "batter": 0,
                "extras": 1,
                "total": 1
              }
            }
          ]
        },
        {
          "over": 1,
          "deliveries": [
            {
              "batter": "Anjar Tadarus",
              "bowler": "Huzaifa Mohammed",
              "non_striker": "Ahmad Ramdoni",
              "runs": {
                "batter": 0,
                "extras": 0,
                "total": 0
              }
            },
            {
              "batter": "Anjar Tadarus",
              "bowler": "Huzaifa Mohammed",
              "non_striker": "Ahmad Ramdoni",
              "runs": {
                "batter": 1,
                "extras": 0,
                "total": 1
              }
            },
            {
              "batter": "Ahmad Ramdoni",
              "bowler": "Huzaifa Mohammed",
              "non_striker": "Anjar Tadarus",
              "runs": {
                "batter": 0,
                "extras": 0,
                "total": 0
              }
            },
            {
              "batter": "Ahmad Ramdoni",
              "bowler": "Huzaifa Mohammed",
              "non_striker": "Anjar Tadarus",
              "runs": {
                "batter": 0,
                "extras": 0,
                "total": 0
              }
            },
            {
              "batter": "Ahmad Ramdoni",
              "bowler": "Huzaifa Mohammed",
              "non_striker": "Anjar Tadarus",
              "runs": {
                "batter": 0,
                "extras": 0,
                "total": 0
              }
            },
            {
              "batter": "Ahmad Ramdoni",
              "bowler": "Huzaifa Mohammed",
              "non_striker": "Anjar Tadarus",
              "runs": {
                "batter": 0,
                "extras": 0,
                "total": 0
              }
            }
          ]
        },
        {
          "over": 2,
          "deliveries": [
            {
              "batter": "Anjar Tadarus",
              "bowler": "J Tuffin",
              "non_striker": "Ahmad Ramdoni",
              "runs": {
                "batter": 1,
                "extras": 0,
                "total": 1
              }
            },
            {
              "batter": "Ahmad Ramdoni",
              "bowler": "J Tuffin",
              "non_striker": "Anjar Tadarus",
              "runs": {
                "batter": 0,
                "extras": 0,
                "total": 0
              }
            },
            {
              "batter": "Ahmad Ramdoni",
              "bowler": "J Tuffin",
              "non_striker": "Anjar Tadarus",
              "runs": {
                "batter": 1,
                "extras": 0,
                "total": 1
              }
            },
            {
              "batter": "Anjar Tadarus",
              "bowler": "J Tuffin",
              "non_striker": "Ahmad Ramdoni",
              "runs": {
                "batter": 1,
                "extras": 0,
                "total": 1
              }
            },
            {
              "batter": "Ahmad Ramdoni",
              "bowler": "J Tuffin",
              "non_striker": "Anjar Tadarus",
              "runs": {
                "batter": 2,
                "extras": 0,
                "total": 2
              }
            },
            {
              "batter": "Ahmad Ramdoni",
              "bowler": "J Tuffin",
              "non_striker": "Anjar Tadarus",
              "runs": {
                "batter": 1,
                "extras": 0,
                "total": 1
              }
            }
          ]
        },
        {
          "over": 3,
          "deliveries": [
            {
              "batter": "Ahmad Ramdoni",
              "bowler": "Huzaifa Mohammed",
              "non_striker": "Anjar Tadarus",
              "runs": {
                "batter": 0,
                "extras": 0,
                "total": 0
              }
            },
            {
              "batter": "Ahmad Ramdoni",
              "bowler": "Huzaifa Mohammed",
              "non_striker": "Anjar Tadarus",
              "runs": {
                "batter": 1,
                "extras": 0,
                "total": 1
              }
            },
            {
              "batter": "Anjar Tadarus",
              "bowler": "Huzaifa Mohammed",
              "non_striker": "Ahmad Ramdoni",
              "runs": {
                "batter": 4,
                "extras": 0,
                "total": 4
              }
            },
            {
              "batter": "Anjar Tadarus",
              "bowler": "Huzaifa Mohammed",
              "non_striker": "Ahmad Ramdoni",
              "runs": {
                "batter": 0,
                "extras": 0,
                "total": 0
              }
            },
            {
              "batter": "Anjar Tadarus",
              "bowler": "Huzaifa Mohammed",
              "extras": {
                "wides": 1
              },
              "non_striker": "Ahmad Ramdoni",
              "runs": {
                "batter": 0,
                "extras": 1,
                "total": 1
              }
            },
            {
              "batter": "Anjar Tadarus",
              "bowler": "Huzaifa Mohammed",
              "extras": {
                "wides": 1
              },
              "non_striker": "Ahmad Ramdoni",
              "runs": {
                "batter": 0,
                "extras": 1,
                "total": 1
              }
            },
            {
              "batter": "Anjar Tadarus",
              "bowler": "Huzaifa Mohammed",
              "non_striker": "Ahmad Ramdoni",
              "runs": {
                "batter": 0,
                "extras": 0,
                "total": 0
              }
            },
            {
              "batter": "Anjar Tadarus",
              "bowler": "Huzaifa Mohammed",
              "non_striker": "Ahmad Ramdoni",
              "runs": {
                "batter": 1,
                "extras": 0,
                "total": 1
              }
            }
          ]
        },
        {
          "over": 4,
          "deliveries": [
            {
              "batter": "Anjar Tadarus",
              "bowler": "DC Smith",
              "non_striker": "Ahmad Ramdoni",
              "runs": {
                "batter": 2,
                "extras": 0,
                "total": 2
              }
            },
            {
              "batter": "Anjar Tadarus",
              "bowler": "DC Smith",
              "non_striker": "Ahmad Ramdoni",
              "runs": {
                "batter": 0,
                "extras": 0,
                "total": 0
              }
            },
            {
              "batter": "Anjar Tadarus",
              "bowler": "DC Smith",
              "non_striker": "Ahmad Ramdoni",
              "runs": {
                "batter": 1,
                "extras": 0,
                "total": 1
              }
            },
            {
              "batter": "Ahmad Ramdoni",
              "bowler": "DC Smith",
              "non_striker": "Anjar Tadarus",
              "runs": {
                "batter": 0,
                "extras": 0,
                "total": 0
              }
            },
            {
              "batter": "Ahmad Ramdoni",
              "bowler": "DC Smith",
              "non_striker": "Anjar Tadarus",
              "runs": {
                "batter": 1,
                "extras": 0,
                "total": 1
              }
            },
            {
              "batter": "Anjar Tadarus",
              "bowler": "DC Smith",
              "non_striker": "Ahmad Ramdoni",
              "runs": {
                "batter": 0,
                "extras": 0,
                "total": 0
              }
            }
          ]
        },
        {
          "over": 5,
          "deliveries": [
            {
              "batter": "Ahmad Ramdoni",
              "bowler": "KDA Lukies",
              "non_striker": "Anjar Tadarus",
              "runs": {
                "batter": 0,
                "extras": 0,
                "total": 0
              }
            },
            {
              "batter": "Ahmad Ramdoni",
              "bowler": "KDA Lukies",
              "non_striker": "Anjar Tadarus",
              "runs": {
                "batter": 1,
                "extras": 0,
                "total": 1
              }
            },
            {
              "batter": "Anjar Tadarus",
              "bowler": "KDA Lukies",
              "non_striker": "Ahmad Ramdoni",
              "runs": {
                "batter": 0,
                "extras": 0,
                "total": 0
              }
            },
            {
              "batter": "Anjar Tadarus",
              "bowler": "KDA Lukies",
              "non_striker": "Ahmad Ramdoni",
              "runs": {
                "batter": 0,
                "extras": 0,
                "total": 0
              }
            },
            {
              "batter": "Anjar Tadarus",
              "bowler": "KDA Lukies",
              "non_striker": "Ahmad Ramdoni",
              "runs": {
                "batter": 2,
                "extras": 0,
                "total": 2
              }
            },
            {
              "batter": "Anjar Tadarus",
              "bowler": "KDA Lukies",
              "non_striker": "Ahmad Ramdoni",
              "runs": {
                "batter": 0,
                "extras": 0,
                "total": 0
              }
            }
          ]
        },
        {
          "over": 6,
          "deliveries": [
            {
              "batter": "Ahmad Ramdoni",
              "bowler": "DC Smith",
              "non_striker": "Anjar Tadarus",
              "runs": {
                "batter": 0,
                "extras": 0,
                "total": 0
              }
            },
            {
              "batter": "Ahmad Ramdoni",
              "bowler": "DC Smith",
              "non_striker": "Anjar Tadarus",
              "runs": {
                "batter": 0,
                "extras": 0,
                "total": 0
              }
            },
            {
              "batter": "Ahmad Ramdoni",
              "bowler": "DC Smith",
              "non_striker": "Anjar Tadarus",
              "runs": {
                "batter": 2,
                "extras": 0,
                "total": 2
              }
            },
            {
              "batter": "Ahmad Ramdoni",
              "bowler": "DC Smith",
              "non_striker": "Anjar Tadarus",
              "runs": {
                "batter": 0,
                "extras": 0,
                "total": 0
              }
            },
            {
              "batter": "Ahmad Ramdoni",
              "bowler": "DC Smith",
              "non_striker": "Anjar Tadarus",
              "runs": {
                "batter": 0,
                "extras": 0,
                "total": 0
              }
            },
            {
              "batter": "Ahmad Ramdoni",
              "bowler": "DC Smith",
              "non_striker": "Anjar Tadarus",
              "runs": {
                "batter": 0,
                "extras": 0,
                "total": 0
              }
            }
          ]
        },
        {
          "over": 7,
          "deliveries": [
            {
              "batter": "Anjar Tadarus",
              "bowler": "KDA Lukies",
              "non_striker": "Ahmad Ramdoni",
              "runs": {
                "batter": 0,
                "extras": 0,
                "total": 0
              }
            },
            {
              "batter": "Anjar Tadarus",
              "bowler": "KDA Lukies",
              "non_striker": "Ahmad Ramdoni",
              "runs": {
                "batter": 0,
                "extras": 0,
                "total": 0
              }
            },
            {
              "batter": "Anjar Tadarus",
              "bowler": "KDA Lukies",
              "non_striker": "Ahmad Ramdoni",
              "runs": {
                "batter": 0,
                "extras": 0,
                "total": 0
              }
            },
            {
              "batter": "Anjar Tadarus",
              "bowler": "KDA Lukies",
              "non_striker": "Ahmad Ramdoni",
              "runs": {
                "batter": 1,
                "extras": 0,
                "total": 1
              }
            },
            {
              "batter": "Ahmad Ramdoni",
              "bowler": "KDA Lukies",
              "non_striker": "Anjar Tadarus",
              "runs": {
                "batter": 0,
                "extras": 0,
                "total": 0
              }
            },
            {
              "batter": "Ahmad Ramdoni",
              "bowler": "KDA Lukies",
              "non_striker": "Anjar Tadarus",
              "runs": {
                "batter": 1,
                "extras": 0,
                "total": 1
              }
            }
          ]
        },
        {
          "over": 8,
          "deliveries": [
            {
              "batter": "Ahmad Ramdoni",
              "bowler": "DC Smith",
              "non_striker": "Anjar Tadarus",
              "runs": {
                "batter": 0,
                "extras": 0,
                "total": 0
              }
            },
            {
              "batter": "Ahmad Ramdoni",
              "bowler": "DC Smith",
              "extras": {
                "byes": 1
              },
              "non_striker": "Anjar Tadarus",
              "runs": {
                "batter": 0,
                "extras": 1,
                "total": 1
              }
            },
            {
              "batter": "Anjar Tadarus",
              "bowler": "DC Smith",
              "non_striker": "Ahmad Ramdoni",
              "runs": {
                "batter": 0,
                "extras": 0,
                "total": 0
              },
              "wickets": [
                {
                  "player_out": "Anjar Tadarus",
                  "kind": "bowled"
                }
              ]
            },
            {
              "batter": "Gaurav Tiwari",
              "bowler": "DC Smith",
              "non_striker": "Ahmad Ramdoni",
              "runs": {
                "batter": 1,
                "extras": 0,
                "total": 1
              }
            },
            {
              "batter": "Ahmad Ramdoni",
              "bowler": "DC Smith",
              "extras": {
                "byes": 1
              },
              "non_striker": "Gaurav Tiwari",
              "runs": {
                "batter": 0,
                "extras": 1,
                "total": 1
              }
            },
            {
              "batter": "Gaurav Tiwari",
              "bowler": "DC Smith",
              "non_striker": "Ahmad Ramdoni",
              "runs": {
                "batter": 0,
                "extras": 0,
                "total": 0
              },
              "wickets": [
                {
                  "player_out": "Gaurav Tiwari",
                  "kind": "bowled"
                }
              ]
            }
          ]
        },
        {
          "over": 9,
          "deliveries": [
            {
              "batter": "Ahmad Ramdoni",
              "bowler": "KDA Lukies",
              "non_striker": "PR Surve",
              "runs": {
                "batter": 2,
                "extras": 0,
                "total": 2
              }
            },
            {
              "batter": "Ahmad Ramdoni",
              "bowler": "KDA Lukies",
              "non_striker": "PR Surve",
              "runs": {
                "batter": 0,
                "extras": 0,
                "total": 0
              }
            },
            {
              "batter": "Ahmad Ramdoni",
              "bowler": "KDA Lukies",
              "non_striker": "PR Surve",
              "runs": {
                "batter": 0,
                "extras": 0,
                "total": 0
              }
            },
            {
              "batter": "Ahmad Ramdoni",
              "bowler": "KDA Lukies",
              "non_striker": "PR Surve",
              "runs": {
                "batter": 0,
                "extras": 0,
                "total": 0
              }
            },
            {
              "batter": "Ahmad Ramdoni",
              "bowler": "KDA Lukies",
              "non_striker": "PR Surve",
              "runs": {
                "batter": 1,
                "extras": 0,
                "total": 1
              }
            },
            {
              "batter": "PR Surve",
              "bowler": "KDA Lukies",
              "non_striker": "Ahmad Ramdoni",
              "runs": {
                "batter": 2,
                "extras": 0,
                "total": 2
              }
            }
          ]
        },
        {
          "over": 10,
          "deliveries": [
            {
              "batter": "Ahmad Ramdoni",
              "bowler": "DC Smith",
              "non_striker": "PR Surve",
              "runs": {
                "batter": 1,
                "extras": 0,
                "total": 1
              }
            },
            {
              "batter": "PR Surve",
              "bowler": "DC Smith",
              "extras": {
                "wides": 5
              },
              "non_striker": "Ahmad Ramdoni",
              "runs": {
                "batter": 0,
                "extras": 5,
                "total": 5
              }
            },
            {
              "batter": "PR Surve",
              "bowler": "DC Smith",
              "non_striker": "Ahmad Ramdoni",
              "runs": {
                "batter": 1,
                "extras": 0,
                "total": 1
              }
            },
            {
              "batter": "Ahmad Ramdoni",
              "bowler": "DC Smith",
              "non_striker": "PR Surve",
              "runs": {
                "batter": 1,
                "extras": 0,
                "total": 1
              }
            },
            {
              "batter": "PR Surve",
              "bowler": "DC Smith",
              "non_striker": "Ahmad Ramdoni",
              "runs": {
                "batter": 1,
                "extras": 0,
                "total": 1
              }
            },
            {
              "batter": "Ahmad Ramdoni",
              "bowler": "DC Smith",
              "non_striker": "PR Surve",
              "runs": {
                "batter": 0,
                "extras": 0,
                "total": 0
              }
            },
            {
              "batter": "Ahmad Ramdoni",
              "bowler": "DC Smith",
              "non_striker": "PR Surve",
              "runs": {
                "batter": 1,
                "extras": 0,
                "total": 1
              }
            }
          ]
        },
        {
          "over": 11,
          "deliveries": [
            {
              "batter": "Ahmad Ramdoni",
              "bowler": "KDA Lukies",
              "non_striker": "PR Surve",
              "runs": {
                "batter": 2,
                "extras": 0,
                "total": 2
              }
            },
            {
              "batter": "Ahmad Ramdoni",
              "bowler": "KDA Lukies",
              "non_striker": "PR Surve",
              "runs": {
                "batter": 0,
                "extras": 0,
                "total": 0
              },
              "wickets": [
                {
                  "player_out": "Ahmad Ramdoni",
                  "fielders": [
                    {
                      "name": "Rhys Burinaga"
                    }
                  ],
                  "kind": "caught"
                }
              ]
            },
            {
              "batter": "DJ Hawoe",
              "bowler": "KDA Lukies",
              "non_striker": "PR Surve",
              "runs": {
                "batter": 1,
                "extras": 0,
                "total": 1
              }
            },
            {
              "batter": "PR Surve",
              "bowler": "KDA Lukies",
              "non_striker": "DJ Hawoe",
              "runs": {
                "batter": 1,
                "extras": 0,
                "total": 1
              }
            },
            {
              "batter": "DJ Hawoe",
              "bowler": "KDA Lukies",
              "non_striker": "PR Surve",
              "runs": {
                "batter": 1,
                "extras": 0,
                "total": 1
              }
            },
            {
              "batter": "PR Surve",
              "bowler": "KDA Lukies",
              "non_striker": "DJ Hawoe",
              "runs": {
                "batter": 1,
                "extras": 0,
                "total": 1
              }
            }
          ]
        },
        {
          "over": 12,
          "deliveries": [
            {
              "batter": "PR Surve",
              "bowler": "A Donovan",
              "non_striker": "DJ Hawoe",
              "runs": {
                "batter": 2,
                "extras": 0,
                "total": 2
              }
            },
            {
              "batter": "PR Surve",
              "bowler": "A Donovan",
              "non_striker": "DJ Hawoe",
              "runs": {
                "batter": 1,
                "extras": 0,
                "total": 1
              }
            },
            {
              "batter": "DJ Hawoe",
              "bowler": "A Donovan",
              "non_striker": "PR Surve",
              "runs": {
                "batter": 1,
                "extras": 0,
                "total": 1
              }
            },
            {
              "batter": "PR Surve",
              "bowler": "A Donovan",
              "non_striker": "DJ Hawoe",
              "runs": {
                "batter": 2,
                "extras": 0,
                "total": 2
              }
            },
            {
              "batter": "PR Surve",
              "bowler": "A Donovan",
              "non_striker": "DJ Hawoe",
              "runs": {
                "batter": 0,
                "extras": 0,
                "total": 0
              }
            },
            {
              "batter": "PR Surve",
              "bowler": "A Donovan",
              "non_striker": "DJ Hawoe",
              "runs": {
                "batter": 0,
                "extras": 0,
                "total": 0
              }
            }
          ]
        },
        {
          "over": 13,
          "deliveries": [
            {
              "batter": "DJ Hawoe",
              "bowler": "ASF Sirah",
              "extras": {
                "wides": 1
              },
              "non_striker": "PR Surve",
              "runs": {
                "batter": 0,
                "extras": 1,
                "total": 1
              }
            },
            {
              "batter": "DJ Hawoe",
              "bowler": "ASF Sirah",
              "non_striker": "PR Surve",
              "runs": {
                "batter": 0,
                "extras": 0,
                "total": 0
              },
              "wickets": [
                {
                  "player_out": "DJ Hawoe",
                  "fielders": [
                    {
                      "name": "DC Smith"
                    }
                  ],
                  "kind": "caught"
                }
              ]
            },
            {
              "batter": "KC Ramamoorthy",
              "bowler": "ASF Sirah",
              "non_striker": "PR Surve",
              "runs": {
                "batter": 0,
                "extras": 0,
                "total": 0
              }
            },
            {
              "batter": "KC Ramamoorthy",
              "bowler": "ASF Sirah",
              "non_striker": "PR Surve",
              "runs": {
                "batter": 0,
                "extras": 0,
                "total": 0
              }
            },
            {
              "batter": "KC Ramamoorthy",
              "bowler": "ASF Sirah",
              "non_striker": "PR Surve",
              "runs": {
                "batter": 0,
                "extras": 0,
                "total": 0
              }
            },
            {
              "batter": "KC Ramamoorthy",
              "bowler": "ASF Sirah",
              "non_striker": "PR Surve",
              "runs": {
                "batter": 0,
                "extras": 0,
                "total": 0
              },
              "wickets": [
                {
                  "player_out": "KC Ramamoorthy",
                  "kind": "lbw"
                }
              ]
            },
            {
              "batter": "IK Gamantika",
              "bowler": "ASF Sirah",
              "non_striker": "PR Surve",
              "runs": {
                "batter": 0,
                "extras": 0,
                "total": 0
              }
            }
          ]
        },
        {
          "over": 14,
          "deliveries": [
            {
              "batter": "PR Surve",
              "bowler": "A Donovan",
              "non_striker": "IK Gamantika",
              "runs": {
                "batter": 4,
                "extras": 0,
                "total": 4
              }
            },
            {
              "batter": "PR Surve",
              "bowler": "A Donovan",
              "non_striker": "IK Gamantika",
              "runs": {
                "batter": 1,
                "extras": 0,
                "total": 1
              }
            },
            {
              "batter": "IK Gamantika",
              "bowler": "A Donovan",
              "extras": {
                "wides": 1
              },
              "non_striker": "PR Surve",
              "runs": {
                "batter": 0,
                "extras": 1,
                "total": 1
              }
            },
            {
              "batter": "IK Gamantika",
              "bowler": "A Donovan",
              "non_striker": "PR Surve",
              "runs": {
                "batter": 0,
                "extras": 0,
                "total": 0
              }
            },
            {
              "batter": "IK Gamantika",
              "bowler": "A Donovan",
              "non_striker": "PR Surve",
              "runs": {
                "batter": 0,
                "extras": 0,
                "total": 0
              }
            },
            {
              "batter": "IK Gamantika",
              "bowler": "A Donovan",
              "non_striker": "PR Surve",
              "runs": {
                "batter": 1,
                "extras": 0,
                "total": 1
              }
            },
            {
              "batter": "PR Surve",
              "bowler": "A Donovan",
              "non_striker": "IK Gamantika",
              "runs": {
                "batter": 1,
                "extras": 0,
                "total": 1
              }
            }
          ]
        },
        {
          "over": 15,
          "deliveries": [
            {
              "batter": "PR Surve",
              "bowler": "ASF Sirah",
              "extras": {
                "wides": 1
              },
              "non_striker": "IK Gamantika",
              "runs": {
                "batter": 0,
                "extras": 1,
                "total": 1
              }
            },
            {
              "batter": "PR Surve",
              "bowler": "ASF Sirah",
              "non_striker": "IK Gamantika",
              "runs": {
                "batter": 0,
                "extras": 0,
                "total": 0
              }
            },
            {
              "batter": "PR Surve",
              "bowler": "ASF Sirah",
              "non_striker": "IK Gamantika",
              "runs": {
                "batter": 1,
                "extras": 0,
                "total": 1
              }
            },
            {
              "batter": "IK Gamantika",
              "bowler": "ASF Sirah",
              "non_striker": "PR Surve",
              "runs": {
                "batter": 0,
                "extras": 0,
                "total": 0
              }
            },
            {
              "batter": "IK Gamantika",
              "bowler": "ASF Sirah",
              "extras": {
                "wides": 1
              },
              "non_striker": "PR Surve",
              "runs": {
                "batter": 0,
                "extras": 1,
                "total": 1
              }
            },
            {
              "batter": "IK Gamantika",
              "bowler": "ASF Sirah",
              "non_striker": "PR Surve",
              "runs": {
                "batter": 1,
                "extras": 0,
                "total": 1
              }
            },
            {
              "batter": "PR Surve",
              "bowler": "ASF Sirah",
              "non_striker": "IK Gamantika",
              "runs": {
                "batter": 0,
                "extras": 0,
                "total": 0
              }
            },
            {
              "batter": "PR Surve",
              "bowler": "ASF Sirah",
              "extras": {
                "byes": 3
              },
              "non_striker": "IK Gamantika",
              "runs": {
                "batter": 0,
                "extras": 3,
                "total": 3
              }
            }
          ]
        },
        {
          "over": 16,
          "deliveries": [
            {
              "batter": "PR Surve",
              "bowler": "Huzaifa Mohammed",
              "non_striker": "IK Gamantika",
              "runs": {
                "batter": 2,
                "extras": 0,
                "total": 2
              }
            },
            {
              "batter": "PR Surve",
              "bowler": "Huzaifa Mohammed",
              "non_striker": "IK Gamantika",
              "runs": {
                "batter": 1,
                "extras": 0,
                "total": 1
              }
            },
            {
              "batter": "IK Gamantika",
              "bowler": "Huzaifa Mohammed",
              "non_striker": "PR Surve",
              "runs": {
                "batter": 2,
                "extras": 0,
                "total": 2
              }
            },
            {
              "batter": "IK Gamantika",
              "bowler": "Huzaifa Mohammed",
              "non_striker": "PR Surve",
              "runs": {
                "batter": 0,
                "extras": 0,
                "total": 0
              },
              "wickets": [
                {
                  "player_out": "IK Gamantika",
                  "fielders": [
                    {
                      "name": "HER Tyler"
                    }
                  ],
                  "kind": "caught"
                }
              ]
            },
            {
              "batter": "IKEG Artawan",
              "bowler": "Huzaifa Mohammed",
              "non_striker": "PR Surve",
              "runs": {
                "batter": 1,
                "extras": 0,
                "total": 1
              }
            },
            {
              "batter": "PR Surve",
              "bowler": "Huzaifa Mohammed",
              "non_striker": "IKEG Artawan",
              "runs": {
                "batter": 2,
                "extras": 0,
                "total": 2
              }
            }
          ]
        },
        {
          "over": 17,
          "deliveries": [
            {
              "batter": "IKEG Artawan",
              "bowler": "ASF Sirah",
              "non_striker": "PR Surve",
              "runs": {
                "batter": 1,
                "extras": 0,
                "total": 1
              }
            },
            {
              "batter": "PR Surve",
              "bowler": "ASF Sirah",
              "non_striker": "IKEG Artawan",
              "runs": {
                "batter": 2,
                "extras": 0,
                "total": 2
              }
            },
            {
              "batter": "PR Surve",
              "bowler": "ASF Sirah",
              "non_striker": "IKEG Artawan",
              "runs": {
                "batter": 0,
                "extras": 0,
                "total": 0
              }
            },
            {
              "batter": "PR Surve",
              "bowler": "ASF Sirah",
              "non_striker": "IKEG Artawan",
              "runs": {
                "batter": 0,
                "extras": 0,
                "total": 0
              }
            },
            {
              "batter": "PR Surve",
              "bowler": "ASF Sirah",
              "non_striker": "IKEG Artawan",
              "runs": {
                "batter": 1,
                "extras": 0,
                "total": 1
              }
            },
            {
              "batter": "IKEG Artawan",
              "bowler": "ASF Sirah",
              "non_striker": "PR Surve",
              "runs": {
                "batter": 0,
                "extras": 0,
                "total": 0
              }
            }
          ]
        },
        {
          "over": 18,
          "deliveries": [
            {
              "batter": "PR Surve",
              "bowler": "Huzaifa Mohammed",
              "non_striker": "IKEG Artawan",
              "runs": {
                "batter": 2,
                "extras": 0,
                "total": 2
              }
            },
            {
              "batter": "PR Surve",
              "bowler": "Huzaifa Mohammed",
              "non_striker": "IKEG Artawan",
              "runs": {
                "batter": 1,
                "extras": 0,
                "total": 1
              }
            },
            {
              "batter": "IKEG Artawan",
              "bowler": "Huzaifa Mohammed",
              "non_striker": "PR Surve",
              "runs": {
                "batter": 0,
                "extras": 0,
                "total": 0
              }
            },
            {
              "batter": "IKEG Artawan",
              "bowler": "Huzaifa Mohammed",
              "non_striker": "PR Surve",
              "runs": {
                "batter": 0,
                "extras": 0,
                "total": 0
              },
              "wickets": [
                {
                  "player_out": "IKEG Artawan",
                  "kind": "bowled"
                }
              ]
            },
            {
              "batter": "GD Arta",
              "bowler": "Huzaifa Mohammed",
              "extras": {
                "wides": 1
              },
              "non_striker": "PR Surve",
              "runs": {
                "batter": 0,
                "extras": 1,
                "total": 1
              }
            },
            {
              "batter": "GD Arta",
              "bowler": "Huzaifa Mohammed",
              "non_striker": "PR Surve",
              "runs": {
                "batter": 1,
                "extras": 0,
                "total": 1
              }
            },
            {
              "batter": "PR Surve",
              "bowler": "Huzaifa Mohammed",
              "non_striker": "GD Arta",
              "runs": {
                "batter": 1,
                "extras": 0,
                "total": 1
              }
            }
          ]
        },
        {
          "over": 19,
          "deliveries": [
            {
              "batter": "PR Surve",
              "bowler": "ASF Sirah",
              "non_striker": "GD Arta",
              "runs": {
                "batter": 1,
                "extras": 0,
                "total": 1
              }
            },
            {
              "batter": "GD Arta",
              "bowler": "ASF Sirah",
              "extras": {
                "wides": 1
              },
              "non_striker": "PR Surve",
              "runs": {
                "batter": 0,
                "extras": 1,
                "total": 1
              }
            },
            {
              "batter": "GD Arta",
              "bowler": "ASF Sirah",
              "non_striker": "PR Surve",
              "runs": {
                "batter": 0,
                "extras": 0,
                "total": 0
              },
              "wickets": [
                {
                  "player_out": "GD Arta",
                  "kind": "bowled"
                }
              ]
            },
            {
              "batter": "F Banunaek",
              "bowler": "ASF Sirah",
              "non_striker": "PR Surve",
              "runs": {
                "batter": 0,
                "extras": 0,
                "total": 0
              }
            },
            {
              "batter": "F Banunaek",
              "bowler": "ASF Sirah",
              "non_striker": "PR Surve",
              "runs": {
                "batter": 1,
                "extras": 0,
                "total": 1
              }
            },
            {
              "batter": "PR Surve",
              "bowler": "ASF Sirah",
              "non_striker": "F Banunaek",
              "runs": {
                "batter": 2,
                "extras": 0,
                "total": 2
              }
            },
            {
              "batter": "PR Surve",
              "bowler": "ASF Sirah",
              "non_striker": "F Banunaek",
              "runs": {
                "batter": 2,
                "extras": 0,
                "total": 2
              }
            }
          ]
        }
      ],
      "powerplays": [
        {
          "from": 0.1,
          "to": 5.6,
          "type": "mandatory"
        }
      ]
    },
    {
      "team": "Philippines",
      "overs": [
        {
          "over": 0,
          "deliveries": [
            {
              "batter": "HER Tyler",
              "bowler": "RM Koda",
              "non_striker": "DC Smith",
              "runs": {
                "batter": 0,
                "extras": 0,
                "total": 0
              }
            },
            {
              "batter": "HER Tyler",
              "bowler": "RM Koda",
              "non_striker": "DC Smith",
              "runs": {
                "batter": 0,
                "extras": 0,
                "total": 0
              }
            },
            {
              "batter": "HER Tyler",
              "bowler": "RM Koda",
              "non_striker": "DC Smith",
              "runs": {
                "batter": 1,
                "extras": 0,
                "total": 1
              }
            },
            {
              "batter": "DC Smith",
              "bowler": "RM Koda",
              "non_striker": "HER Tyler",
              "runs": {
                "batter": 1,
                "extras": 0,
                "total": 1
              }
            },
            {
              "batter": "HER Tyler",
              "bowler": "RM Koda",
              "extras": {
                "legbyes": 2
              },
              "non_striker": "DC Smith",
              "runs": {
                "batter": 0,
                "extras": 2,
                "total": 2
              }
            },
            {
              "batter": "HER Tyler",
              "bowler": "RM Koda",
              "non_striker": "DC Smith",
              "runs": {
                "batter": 0,
                "extras": 0,
                "total": 0
              }
            }
          ]
        },
        {
          "over": 1,
          "deliveries": [
            {
              "batter": "DC Smith",
              "bowler": "Gaurav Tiwari",
              "non_striker": "HER Tyler",
              "runs": {
                "batter": 1,
                "extras": 0,
                "total": 1
              }
            },
            {
              "batter": "HER Tyler",
              "bowler": "Gaurav Tiwari",
              "non_striker": "DC Smith",
              "runs": {
                "batter": 0,
                "extras": 0,
                "total": 0
              }
            },
            {
              "batter": "HER Tyler",
              "bowler": "Gaurav Tiwari",
              "non_striker": "DC Smith",
              "runs": {
                "batter": 1,
                "extras": 0,
                "total": 1
              }
            },
            {
              "batter": "DC Smith",
              "bowler": "Gaurav Tiwari",
              "non_striker": "HER Tyler",
              "runs": {
                "batter": 1,
                "extras": 0,
                "total": 1
              }
            },
            {
              "batter": "HER Tyler",
              "bowler": "Gaurav Tiwari",
              "non_striker": "DC Smith",
              "runs": {
                "batter": 0,
                "extras": 0,
                "total": 0
              }
            },
            {
              "batter": "HER Tyler",
              "bowler": "Gaurav Tiwari",
              "non_striker": "DC Smith",
              "runs": {
                "batter": 0,
                "extras": 0,
                "total": 0
              }
            }
          ]
        },
        {
          "over": 2,
          "deliveries": [
            {
              "batter": "DC Smith",
              "bowler": "RM Koda",
              "non_striker": "HER Tyler",
              "runs": {
                "batter": 4,
                "extras": 0,
                "total": 4
              }
            },
            {
              "batter": "DC Smith",
              "bowler": "RM Koda",
              "non_striker": "HER Tyler",
              "runs": {
                "batter": 0,
                "extras": 0,
                "total": 0
              }
            },
            {
              "batter": "DC Smith",
              "bowler": "RM Koda",
              "non_striker": "HER Tyler",
              "runs": {
                "batter": 4,
                "extras": 0,
                "total": 4
              }
            },
            {
              "batter": "DC Smith",
              "bowler": "RM Koda",
              "non_striker": "HER Tyler",
              "runs": {
                "batter": 0,
                "extras": 0,
                "total": 0
              }
            },
            {
              "batter": "DC Smith",
              "bowler": "RM Koda",
              "non_striker": "HER Tyler",
              "runs": {
                "batter": 1,
                "extras": 0,
                "total": 1
              }
            },
            {
              "batter": "HER Tyler",
              "bowler": "RM Koda",
              "non_striker": "DC Smith",
              "runs": {
                "batter": 1,
                "extras": 0,
                "total": 1
              }
            }
          ]
        },
        {
          "over": 3,
          "deliveries": [
            {
              "batter": "HER Tyler",
              "bowler": "Gaurav Tiwari",
              "non_striker": "DC Smith",
              "runs": {
                "batter": 0,
                "extras": 0,
                "total": 0
              }
            },
            {
              "batter": "HER Tyler",
              "bowler": "Gaurav Tiwari",
              "non_striker": "DC Smith",
              "runs": {
                "batter": 0,
                "extras": 0,
                "total": 0
              }
            },
            {
              "batter": "HER Tyler",
              "bowler": "Gaurav Tiwari",
              "non_striker": "DC Smith",
              "runs": {
                "batter": 4,
                "extras": 0,
                "total": 4
              }
            },
            {
              "batter": "HER Tyler",
              "bowler": "Gaurav Tiwari",
              "non_striker": "DC Smith",
              "runs": {
                "batter": 0,
                "extras": 0,
                "total": 0
              },
              "wickets": [
                {
                  "player_out": "HER Tyler",
                  "kind": "bowled"
                }
              ]
            },
            {
              "batter": "AS Samra",
              "bowler": "Gaurav Tiwari",
              "non_striker": "DC Smith",
              "runs": {
                "batter": 0,
                "extras": 0,
                "total": 0
              }
            },
            {
              "batter": "AS Samra",
              "bowler": "Gaurav Tiwari",
              "non_striker": "DC Smith",
              "runs": {
                "batter": 0,
                "extras": 0,
                "total": 0
              }
            }
          ]
        },
        {
          "over": 4,
          "deliveries": [
            {
              "batter": "DC Smith",
              "bowler": "DJ Hawoe",
              "non_striker": "AS Samra",
              "runs": {
                "batter": 1,
                "extras": 0,
                "total": 1
              }
            },
            {
              "batter": "AS Samra",
              "bowler": "DJ Hawoe",
              "extras": {
                "legbyes": 1
              },
              "non_striker": "DC Smith",
              "runs": {
                "batter": 0,
                "extras": 1,
                "total": 1
              }
            },
            {
              "batter": "DC Smith",
              "bowler": "DJ Hawoe",
              "non_striker": "AS Samra",
              "runs": {
                "batter": 1,
                "extras": 0,
                "total": 1
              }
            },
            {
              "batter": "AS Samra",
              "bowler": "DJ Hawoe",
              "non_striker": "DC Smith",
              "runs": {
                "batter": 2,
                "extras": 0,
                "total": 2
              }
            },
            {
              "batter": "AS Samra",
              "bowler": "DJ Hawoe",
              "non_striker": "DC Smith",
              "runs": {
                "batter": 2,
                "extras": 0,
                "total": 2
              }
            },
            {
              "batter": "AS Samra",
              "bowler": "DJ Hawoe",
              "non_striker": "DC Smith",
              "runs": {
                "batter": 2,
                "extras": 0,
                "total": 2
              }
            }
          ]
        },
        {
          "over": 5,
          "deliveries": [
            {
              "batter": "DC Smith",
              "bowler": "Gaurav Tiwari",
              "non_striker": "AS Samra",
              "runs": {
                "batter": 1,
                "extras": 0,
                "total": 1
              }
            },
            {
              "batter": "AS Samra",
              "bowler": "Gaurav Tiwari",
              "non_striker": "DC Smith",
              "runs": {
                "batter": 0,
                "extras": 0,
                "total": 0
              },
              "wickets": [
                {
                  "player_out": "AS Samra",
                  "kind": "lbw"
                }
              ]
            },
            {
              "batter": "N Tanner",
              "bowler": "Gaurav Tiwari",
              "non_striker": "DC Smith",
              "runs": {
                "batter": 0,
                "extras": 0,
                "total": 0
              }
            },
            {
              "batter": "N Tanner",
              "bowler": "Gaurav Tiwari",
              "non_striker": "DC Smith",
              "runs": {
                "batter": 1,
                "extras": 0,
                "total": 1
              }
            },
            {
              "batter": "DC Smith",
              "bowler": "Gaurav Tiwari",
              "non_striker": "N Tanner",
              "runs": {
                "batter": 0,
                "extras": 0,
                "total": 0
              },
              "wickets": [
                {
                  "player_out": "DC Smith",
                  "kind": "bowled"
                }
              ]
            },
            {
              "batter": "Rhys Burinaga",
              "bowler": "Gaurav Tiwari",
              "non_striker": "N Tanner",
              "runs": {
                "batter": 0,
                "extras": 0,
                "total": 0
              }
            }
          ]
        },
        {
          "over": 6,
          "deliveries": [
            {
              "batter": "N Tanner",
              "bowler": "IKEG Artawan",
              "non_striker": "Rhys Burinaga",
              "runs": {
                "batter": 0,
                "extras": 0,
                "total": 0
              }
            },
            {
              "batter": "N Tanner",
              "bowler": "IKEG Artawan",
              "non_striker": "Rhys Burinaga",
              "runs": {
                "batter": 2,
                "extras": 0,
                "total": 2
              }
            },
            {
              "batter": "N Tanner",
              "bowler": "IKEG Artawan",
              "non_striker": "Rhys Burinaga",
              "runs": {
                "batter": 0,
                "extras": 0,
                "total": 0
              }
            },
            {
              "batter": "N Tanner",
              "bowler": "IKEG Artawan",
              "non_striker": "Rhys Burinaga",
              "runs": {
                "batter": 0,
                "extras": 0,
                "total": 0
              },
              "wickets": [
                {
                  "player_out": "N Tanner",
                  "kind": "bowled"
                }
              ]
            },
            {
              "batter": "M Podosky",
              "bowler": "IKEG Artawan",
              "non_striker": "Rhys Burinaga",
              "runs": {
                "batter": 0,
                "extras": 0,
                "total": 0
              },
              "wickets": [
                {
                  "player_out": "M Podosky",
                  "kind": "bowled"
                }
              ]
            },
            {
              "batter": "J Tuffin",
              "bowler": "IKEG Artawan",
              "non_striker": "Rhys Burinaga",
              "runs": {
                "batter": 1,
                "extras": 0,
                "total": 1
              }
            }
          ]
        },
        {
          "over": 7,
          "deliveries": [
            {
              "batter": "J Tuffin",
              "bowler": "Gaurav Tiwari",
              "non_striker": "Rhys Burinaga",
              "runs": {
                "batter": 0,
                "extras": 0,
                "total": 0
              }
            },
            {
              "batter": "J Tuffin",
              "bowler": "Gaurav Tiwari",
              "non_striker": "Rhys Burinaga",
              "runs": {
                "batter": 1,
                "extras": 0,
                "total": 1
              }
            },
            {
              "batter": "Rhys Burinaga",
              "bowler": "Gaurav Tiwari",
              "non_striker": "J Tuffin",
              "runs": {
                "batter": 2,
                "extras": 0,
                "total": 2
              }
            },
            {
              "batter": "Rhys Burinaga",
              "bowler": "Gaurav Tiwari",
              "non_striker": "J Tuffin",
              "runs": {
                "batter": 1,
                "extras": 0,
                "total": 1
              }
            },
            {
              "batter": "J Tuffin",
              "bowler": "Gaurav Tiwari",
              "non_striker": "Rhys Burinaga",
              "runs": {
                "batter": 0,
                "extras": 0,
                "total": 0
              }
            },
            {
              "batter": "J Tuffin",
              "bowler": "Gaurav Tiwari",
              "non_striker": "Rhys Burinaga",
              "runs": {
                "batter": 0,
                "extras": 0,
                "total": 0
              }
            }
          ]
        },
        {
          "over": 8,
          "deliveries": [
            {
              "batter": "Rhys Burinaga",
              "bowler": "IKEG Artawan",
              "non_striker": "J Tuffin",
              "runs": {
                "batter": 1,
                "extras": 0,
                "total": 1
              },
              "wickets": [
                {
                  "player_out": "Rhys Burinaga",
                  "fielders": [
                    {
                      "name": "IK Gamantika"
                    },
                    {
                      "name": "IKEG Artawan"
                    }
                  ],
                  "kind": "run out"
                }
              ]
            },
            {
              "batter": "J Tuffin",
              "bowler": "IKEG Artawan",
              "non_striker": "ASF Sirah",
              "runs": {
                "batter": 0,
                "extras": 0,
                "total": 0
              }
            },
            {
              "batter": "J Tuffin",
              "bowler": "IKEG Artawan",
              "non_striker": "ASF Sirah",
              "runs": {
                "batter": 1,
                "extras": 0,
                "total": 1
              }
            },
            {
              "batter": "ASF Sirah",
              "bowler": "IKEG Artawan",
              "non_striker": "J Tuffin",
              "runs": {
                "batter": 0,
                "extras": 0,
                "total": 0
              }
            },
            {
              "batter": "ASF Sirah",
              "bowler": "IKEG Artawan",
              "non_striker": "J Tuffin",
              "runs": {
                "batter": 0,
                "extras": 0,
                "total": 0
              }
            },
            {
              "batter": "ASF Sirah",
              "bowler": "IKEG Artawan",
              "non_striker": "J Tuffin",
              "runs": {
                "batter": 1,
                "extras": 0,
                "total": 1
              }
            }
          ]
        },
        {
          "over": 9,
          "deliveries": [
            {
              "batter": "ASF Sirah",
              "bowler": "IK Gamantika",
              "extras": {
                "wides": 1
              },
              "non_striker": "J Tuffin",
              "runs": {
                "batter": 0,
                "extras": 1,
                "total": 1
              }
            },
            {
              "batter": "ASF Sirah",
              "bowler": "IK Gamantika",
              "non_striker": "J Tuffin",
              "runs": {
                "batter": 1,
                "extras": 0,
                "total": 1
              }
            },
            {
              "batter": "J Tuffin",
              "bowler": "IK Gamantika",
              "non_striker": "ASF Sirah",
              "runs": {
                "batter": 3,
                "extras": 0,
                "total": 3
              }
            },
            {
              "batter": "ASF Sirah",
              "bowler": "IK Gamantika",
              "non_striker": "J Tuffin",
              "runs": {
                "batter": 0,
                "extras": 0,
                "total": 0
              }
            },
            {
              "batter": "ASF Sirah",
              "bowler": "IK Gamantika",
              "non_striker": "J Tuffin",
              "runs": {
                "batter": 0,
                "extras": 0,
                "total": 0
              }
            },
            {
              "batter": "ASF Sirah",
              "bowler": "IK Gamantika",
              "non_striker": "J Tuffin",
              "runs": {
                "batter": 1,
                "extras": 0,
                "total": 1
              }
            },
            {
              "batter": "J Tuffin",
              "bowler": "IK Gamantika",
              "non_striker": "ASF Sirah",
              "runs": {
                "batter": 0,
                "extras": 0,
                "total": 0
              }
            }
          ]
        },
        {
          "over": 10,
          "deliveries": [
            {
              "batter": "ASF Sirah",
              "bowler": "IKEG Artawan",
              "non_striker": "J Tuffin",
              "runs": {
                "batter": 0,
                "extras": 0,
                "total": 0
              }
            },
            {
              "batter": "ASF Sirah",
              "bowler": "IKEG Artawan",
              "non_striker": "J Tuffin",
              "runs": {
                "batter": 4,
                "extras": 0,
                "total": 4
              }
            },
            {
              "batter": "ASF Sirah",
              "bowler": "IKEG Artawan",
              "non_striker": "J Tuffin",
              "runs": {
                "batter": 2,
                "extras": 0,
                "total": 2
              }
            },
            {
              "batter": "ASF Sirah",
              "bowler": "IKEG Artawan",
              "non_striker": "J Tuffin",
              "runs": {
                "batter": 0,
                "extras": 0,
                "total": 0
              }
            },
            {
              "batter": "ASF Sirah",
              "bowler": "IKEG Artawan",
              "non_striker": "J Tuffin",
              "runs": {
                "batter": 2,
                "extras": 0,
                "total": 2
              }
            },
            {
              "batter": "ASF Sirah",
              "bowler": "IKEG Artawan",
              "non_striker": "J Tuffin",
              "runs": {
                "batter": 1,
                "extras": 0,
                "total": 1
              }
            }
          ]
        },
        {
          "over": 11,
          "deliveries": [
            {
              "batter": "ASF Sirah",
              "bowler": "IK Gamantika",
              "non_striker": "J Tuffin",
              "runs": {
                "batter": 0,
                "extras": 0,
                "total": 0
              },
              "wickets": [
                {
                  "player_out": "ASF Sirah",
                  "kind": "bowled"
                }
              ]
            },
            {
              "batter": "Huzaifa Mohammed",
              "bowler": "IK Gamantika",
              "non_striker": "J Tuffin",
              "runs": {
                "batter": 0,
                "extras": 0,
                "total": 0
              }
            },
            {
              "batter": "Huzaifa Mohammed",
              "bowler": "IK Gamantika",
              "non_striker": "J Tuffin",
              "runs": {
                "batter": 0,
                "extras": 0,
                "total": 0
              }
            },
            {
              "batter": "Huzaifa Mohammed",
              "bowler": "IK Gamantika",
              "non_striker": "J Tuffin",
              "runs": {
                "batter": 1,
                "extras": 0,
                "total": 1
              }
            },
            {
              "batter": "J Tuffin",
              "bowler": "IK Gamantika",
              "non_striker": "Huzaifa Mohammed",
              "runs": {
                "batter": 1,
                "extras": 0,
                "total": 1
              }
            },
            {
              "batter": "Huzaifa Mohammed",
              "bowler": "IK Gamantika",
              "non_striker": "J Tuffin",
              "runs": {
                "batter": 0,
                "extras": 0,
                "total": 0
              }
            }
          ]
        },
        {
          "over": 12,
          "deliveries": [
            {
              "batter": "J Tuffin",
              "bowler": "IKEG Artawan",
              "non_striker": "Huzaifa Mohammed",
              "runs": {
                "batter": 0,
                "extras": 0,
                "total": 0
              }
            },
            {
              "batter": "J Tuffin",
              "bowler": "IKEG Artawan",
              "non_striker": "Huzaifa Mohammed",
              "runs": {
                "batter": 0,
                "extras": 0,
                "total": 0
              }
            },
            {
              "batter": "J Tuffin",
              "bowler": "IKEG Artawan",
              "non_striker": "Huzaifa Mohammed",
              "runs": {
                "batter": 0,
                "extras": 0,
                "total": 0
              }
            },
            {
              "batter": "J Tuffin",
              "bowler": "IKEG Artawan",
              "non_striker": "Huzaifa Mohammed",
              "runs": {
                "batter": 2,
                "extras": 0,
                "total": 2
              }
            },
            {
              "batter": "J Tuffin",
              "bowler": "IKEG Artawan",
              "non_striker": "Huzaifa Mohammed",
              "runs": {
                "batter": 0,
                "extras": 0,
                "total": 0
              }
            },
            {
              "batter": "J Tuffin",
              "bowler": "IKEG Artawan",
              "extras": {
                "wides": 2
              },
              "non_striker": "Huzaifa Mohammed",
              "runs": {
                "batter": 0,
                "extras": 2,
                "total": 2
              }
            },
            {
              "batter": "Huzaifa Mohammed",
              "bowler": "IKEG Artawan",
              "non_striker": "J Tuffin",
              "runs": {
                "batter": 1,
                "extras": 0,
                "total": 1
              }
            }
          ]
        },
        {
          "over": 13,
          "deliveries": [
            {
              "batter": "Huzaifa Mohammed",
              "bowler": "IK Gamantika",
              "non_striker": "J Tuffin",
              "runs": {
                "batter": 1,
                "extras": 0,
                "total": 1
              }
            },
            {
              "batter": "J Tuffin",
              "bowler": "IK Gamantika",
              "non_striker": "Huzaifa Mohammed",
              "runs": {
                "batter": 0,
                "extras": 0,
                "total": 0
              }
            },
            {
              "batter": "J Tuffin",
              "bowler": "IK Gamantika",
              "non_striker": "Huzaifa Mohammed",
              "runs": {
                "batter": 1,
                "extras": 0,
                "total": 1
              }
            },
            {
              "batter": "Huzaifa Mohammed",
              "bowler": "IK Gamantika",
              "non_striker": "J Tuffin",
              "runs": {
                "batter": 1,
                "extras": 0,
                "total": 1
              }
            },
            {
              "batter": "J Tuffin",
              "bowler": "IK Gamantika",
              "non_striker": "Huzaifa Mohammed",
              "runs": {
                "batter": 1,
                "extras": 0,
                "total": 1
              }
            },
            {
              "batter": "Huzaifa Mohammed",
              "bowler": "IK Gamantika",
              "non_striker": "J Tuffin",
              "runs": {
                "batter": 0,
                "extras": 0,
                "total": 0
              },
              "wickets": [
                {
                  "player_out": "Huzaifa Mohammed",
                  "kind": "bowled"
                }
              ]
            }
          ]
        },
        {
          "over": 14,
          "deliveries": [
            {
              "batter": "J Tuffin",
              "bowler": "F Banunaek",
              "non_striker": "A Donovan",
              "runs": {
                "batter": 0,
                "extras": 0,
                "total": 0
              }
            },
            {
              "batter": "J Tuffin",
              "bowler": "F Banunaek",
              "non_striker": "A Donovan",
              "runs": {
                "batter": 2,
                "extras": 0,
                "total": 2
              }
            },
            {
              "batter": "J Tuffin",
              "bowler": "F Banunaek",
              "non_striker": "A Donovan",
              "runs": {
                "batter": 1,
                "extras": 0,
                "total": 1
              }
            },
            {
              "batter": "A Donovan",
              "bowler": "F Banunaek",
              "non_striker": "J Tuffin",
              "runs": {
                "batter": 0,
                "extras": 0,
                "total": 0
              }
            },
            {
              "batter": "A Donovan",
              "bowler": "F Banunaek",
              "non_striker": "J Tuffin",
              "runs": {
                "batter": 1,
                "extras": 0,
                "total": 1
              }
            },
            {
              "batter": "J Tuffin",
              "bowler": "F Banunaek",
              "non_striker": "A Donovan",
              "runs": {
                "batter": 1,
                "extras": 0,
                "total": 1
              }
            }
          ]
        },
        {
          "over": 15,
          "deliveries": [
            {
              "batter": "J Tuffin",
              "bowler": "IK Gamantika",
              "non_striker": "A Donovan",
              "runs": {
                "batter": 1,
                "extras": 0,
                "total": 1
              }
            },
            {
              "batter": "A Donovan",
              "bowler": "IK Gamantika",
              "non_striker": "J Tuffin",
              "runs": {
                "batter": 0,
                "extras": 0,
                "total": 0
              }
            },
            {
              "batter": "A Donovan",
              "bowler": "IK Gamantika",
              "non_striker": "J Tuffin",
              "runs": {
                "batter": 0,
                "extras": 0,
                "total": 0
              }
            },
            {
              "batter": "A Donovan",
              "bowler": "IK Gamantika",
              "extras": {
                "wides": 1
              },
              "non_striker": "J Tuffin",
              "runs": {
                "batter": 0,
                "extras": 1,
                "total": 1
              }
            },
            {
              "batter": "A Donovan",
              "bowler": "IK Gamantika",
              "non_striker": "J Tuffin",
              "runs": {
                "batter": 0,
                "extras": 0,
                "total": 0
              }
            },
            {
              "batter": "A Donovan",
              "bowler": "IK Gamantika",
              "non_striker": "J Tuffin",
              "runs": {
                "batter": 0,
                "extras": 0,
                "total": 0
              },
              "wickets": [
                {
                  "player_out": "A Donovan",
                  "fielders": [
                    {
                      "name": "Anjar Tadarus"
                    }
                  ],
                  "kind": "caught"
                }
              ]
            },
            {
              "batter": "KDA Lukies",
              "bowler": "IK Gamantika",
              "non_striker": "J Tuffin",
              "runs": {
                "batter": 0,
                "extras": 0,
                "total": 0
              }
            }
          ]
        },
        {
          "over": 16,
          "deliveries": [
            {
              "batter": "J Tuffin",
              "bowler": "RM Koda",
              "non_striker": "KDA Lukies",
              "runs": {
                "batter": 2,
                "extras": 0,
                "total": 2
              }
            },
            {
              "batter": "J Tuffin",
              "bowler": "RM Koda",
              "non_striker": "KDA Lukies",
              "runs": {
                "batter": 2,
                "extras": 0,
                "total": 2
              }
            },
            {
              "batter": "J Tuffin",
              "bowler": "RM Koda",
              "non_striker": "KDA Lukies",
              "runs": {
                "batter": 1,
                "extras": 0,
                "total": 1
              }
            },
            {
              "batter": "KDA Lukies",
              "bowler": "RM Koda",
              "non_striker": "J Tuffin",
              "runs": {
                "batter": 1,
                "extras": 0,
                "total": 1
              }
            },
            {
              "batter": "J Tuffin",
              "bowler": "RM Koda",
              "non_striker": "KDA Lukies",
              "runs": {
                "batter": 1,
                "extras": 0,
                "total": 1
              }
            },
            {
              "batter": "KDA Lukies",
              "bowler": "RM Koda",
              "non_striker": "J Tuffin",
              "runs": {
                "batter": 0,
                "extras": 0,
                "total": 0
              }
            }
          ]
        },
        {
          "over": 17,
          "deliveries": [
            {
              "batter": "J Tuffin",
              "bowler": "F Banunaek",
              "non_striker": "KDA Lukies",
              "runs": {
                "batter": 1,
                "extras": 0,
                "total": 1
              }
            },
            {
              "batter": "KDA Lukies",
              "bowler": "F Banunaek",
              "non_striker": "J Tuffin",
              "runs": {
                "batter": 0,
                "extras": 0,
                "total": 0
              }
            },
            {
              "batter": "KDA Lukies",
              "bowler": "F Banunaek",
              "non_striker": "J Tuffin",
              "runs": {
                "batter": 0,
                "extras": 0,
                "total": 0
              }
            },
            {
              "batter": "KDA Lukies",
              "bowler": "F Banunaek",
              "non_striker": "J Tuffin",
              "runs": {
                "batter": 0,
                "extras": 0,
                "total": 0
              }
            },
            {
              "batter": "KDA Lukies",
              "bowler": "F Banunaek",
              "non_striker": "J Tuffin",
              "runs": {
                "batter": 0,
                "extras": 0,
                "total": 0
              }
            },
            {
              "batter": "KDA Lukies",
              "bowler": "F Banunaek",
              "non_striker": "J Tuffin",
              "runs": {
                "batter": 0,
                "extras": 0,
                "total": 0
              }
            }
          ]
        },
        {
          "over": 18,
          "deliveries": [
            {
              "batter": "J Tuffin",
              "bowler": "RM Koda",
              "non_striker": "KDA Lukies",
              "runs": {
                "batter": 1,
                "extras": 0,
                "total": 1
              }
            },
            {
              "batter": "KDA Lukies",
              "bowler": "RM Koda",
              "non_striker": "J Tuffin",
              "runs": {
                "batter": 0,
                "extras": 0,
                "total": 0
              }
            },
            {
              "batter": "KDA Lukies",
              "bowler": "RM Koda",
              "non_striker": "J Tuffin",
              "runs": {
                "batter": 2,
                "extras": 0,
                "total": 2
              }
            },
            {
              "batter": "KDA Lukies",
              "bowler": "RM Koda",
              "extras": {
                "wides": 2
              },
              "non_striker": "J Tuffin",
              "runs": {
                "batter": 0,
                "extras": 2,
                "total": 2
              }
            },
            {
              "batter": "J Tuffin",
              "bowler": "RM Koda",
              "non_striker": "KDA Lukies",
              "runs": {
                "batter": 1,
                "extras": 0,
                "total": 1
              }
            },
            {
              "batter": "KDA Lukies",
              "bowler": "RM Koda",
              "non_striker": "J Tuffin",
              "runs": {
                "batter": 0,
                "extras": 0,
                "total": 0
              }
            },
            {
              "batter": "KDA Lukies",
              "bowler": "RM Koda",
              "non_striker": "J Tuffin",
              "runs": {
                "batter": 1,
                "extras": 0,
                "total": 1
              }
            }
          ]
        },
        {
          "over": 19,
          "deliveries": [
            {
              "batter": "KDA Lukies",
              "bowler": "F Banunaek",
              "non_striker": "J Tuffin",
              "runs": {
                "batter": 1,
                "extras": 0,
                "total": 1
              }
            },
            {
              "batter": "J Tuffin",
              "bowler": "F Banunaek",
              "non_striker": "KDA Lukies",
              "runs": {
                "batter": 0,
                "extras": 0,
                "total": 0
              }
            },
            {
              "batter": "J Tuffin",
              "bowler": "F Banunaek",
              "non_striker": "KDA Lukies",
              "runs": {
                "batter": 2,
                "extras": 0,
                "total": 2
              }
            },
            {
              "batter": "J Tuffin",
              "bowler": "F Banunaek",
              "non_striker": "KDA Lukies",
              "runs": {
                "batter": 2,
                "extras": 0,
                "total": 2
              }
            },
            {
              "batter": "J Tuffin",
              "bowler": "F Banunaek",
              "non_striker": "KDA Lukies",
              "runs": {
                "batter": 2,
                "extras": 0,
                "total": 2
              }
            },
            {
              "batter": "J Tuffin",
              "bowler": "F Banunaek",
              "non_striker": "KDA Lukies",
              "runs": {
                "batter": 1,
                "extras": 0,
                "total": 1
              }
            }
          ]
        }
      ],
      "powerplays": [
        {
          "from": 0.1,
          "to": 5.6,
          "type": "mandatory"
        }
      ],
      "target": {
        "overs": 20,
        "runs": 102
      }
    }
  ]
}