{
  "meta": {
    "data_version": "1.1.0",
    "created": "2024-10-02",
    "revision": 1
  },
  "info": {
    "balls_per_over": 6,
    "city": "King City",
    "dates": [
      "2024-09-29"
    ],
    "event": {
      "name": "Canada T20 Tri-Series",
      "match_number": 2
    },
    "gender": "male",
    "match_type": "T20",
    "match_type_number": 2877,
    "officials": {
      "match_referees": [
        "Neeyamur Rashid"
      ],
      "reserve_umpires": [
        "Bijal Patel"
      ],
      "umpires": [
        "AR Maddela",
        "R Shah"
      ]
    },
    "outcome": {
      "winner": "Nepal",
      "by": {
        "runs": 37
      }
    },
    "overs": 20,
    "player_of_match": [
      "Gulsan Jha"
    ],
    "players": {
      "Nepal": [
        "AK Sah",
        "Aasif Sheikh",
        "D Khanal",
        "Kushal Malla",
        "RK Paudel",
        "K Bhurtel",
        "Gulsan Jha",
        "DS Airee",
        "S Lamichhane",
        "Karan KC",
        "R Dhakal"
      ],
      "Oman": [
        "KH Prajapati",
        "Aqib Ilyas",
        "Shoaib Khan",
        "Ayan Khan",
        "Zeeshan Maqsood",
        "Khalid Kail",
        "PS Athavale",
        "Rafiullah",
        "Shakeel Ahmed",
        "Fayyaz Butt",
        "Kaleemullah"
      ]
    },
    "registry": {
      "people": {
        "AK Sah": "5b1d6583",
        "AR Maddela": "5c861579",
        "Aasif Sheikh": "dcbea954",
        "Aqib Ilyas": "b3b39bed",
        "Ayan Khan": "44d6a8b8",
        "Bijal Patel": "a56e35ba",
        "D Khanal": "c4bc3b59",
        "DS Airee": "1747ea18",
        "Fayyaz Butt": "bd9fbd51",
        "Gulsan Jha": "9811e35e",
        "K Bhurtel": "e3386c8a",
        "KH Prajapati": "c4e73ff1",
        "Kaleemullah": "72253b87",
        "Karan KC": "f53b3e1d",
        "Khalid Kail": "3ee90b67",
        "Kushal Malla": "7e9f1cde",
        "Neeyamur Rashid": "bd81a027",
        "PS Athavale": "c2f12310",
        "R Dhakal": "8399a7af",
        "R Shah": "3424e050",
        "RK Paudel": "1a3cc554",
        "Rafiullah": "369cc49c",
        "S Lamichhane": "b410bd3d",
        "Shakeel Ahmed": "e29e9c12",
        "Shoaib Khan": "21afb939",
        "Zeeshan Maqsood": "34464143"
      }
    },
    "season": "2024",
    "team_type": "international",
    "teams": [
      "Nepal",
      "Oman"
    ],
    "toss": {
      "decision": "field",
      "winner": "Oman"
    },
    "venue": "Maple Leaf North-West Ground, King City"
  },
  "innings": [
    {
      "team": "Nepal",
      "overs": [
        {
          "over": 0,
          "deliveries": [
            {
              "batter": "AK Sah",
              "bowler": "Kaleemullah",
              "non_striker": "Aasif Sheikh",
              "runs": {
                "batter": 0,
                "extras": 0,
                "total": 0
              }
            },
            {
              "batter": "AK Sah",
              "bowler": "Kaleemullah",
              "non_striker": "Aasif Sheikh",
              "runs": {
                "batter": 0,
                "extras": 0,
                "total": 0
              }
            },
            {
              "batter": "AK Sah",
              "bowler": "Kaleemullah",
              "non_striker": "Aasif Sheikh",
              "runs": {
                "batter": 0,
                "extras": 0,
                "total": 0
              }
            },
            {
              "batter": "AK Sah",
              "bowler": "Kaleemullah",
              "non_striker": "Aasif Sheikh",
              "runs": {
                "batter": 0,
                "extras": 0,
                "total": 0
              }
            },
            {
              "batter": "AK Sah",
              "bowler": "Kaleemullah",
              "non_striker": "Aasif Sheikh",
              "runs": {
                "batter": 0,
                "extras": 0,
                "total": 0
              }
            },
            {
              "batter": "AK Sah",
              "bowler": "Kaleemullah",
              "non_striker": "Aasif Sheikh",
              "runs": {
                "batter": 4,
                "extras": 0,
                "total": 4
              }
            }
          ]
        },
        {
          "over": 1,
          "deliveries": [
            {
              "batter": "Aasif Sheikh",
              "bowler": "Shakeel Ahmed",
              "non_striker": "AK Sah",
              "runs": {
                "batter": 0,
                "extras": 0,
                "total": 0
              }
            },
            {
              "batter": "Aasif Sheikh",
              "bowler": "Shakeel Ahmed",
              "non_striker": "AK Sah",
              "runs": {
                "batter": 0,
                "extras": 0,
                "total": 0
              }
            },
            {
              "batter": "Aasif Sheikh",
              "bowler": "Shakeel Ahmed",
              "non_striker": "AK Sah",
              "runs": {
                "batter": 1,
                "extras": 0,
                "total": 1
              }
            },
            {
              "batter": "AK Sah",
              "bowler": "Shakeel Ahmed",
              "non_striker": "Aasif Sheikh",
              "runs": {
                "batter": 1,
                "extras": 0,
                "total": 1
              }
            },
            {
              "batter": "Aasif Sheikh",
              "bowler": "Shakeel Ahmed",
              "non_striker": "AK Sah",
              "runs": {
                "batter": 4,
                "extras": 0,
                "total": 4
              }
            },
            {
              "batter": "Aasif Sheikh",
              "bowler": "Shakeel Ahmed",
              "non_striker": "AK Sah",
              "runs": {
                "batter": 0,
                "extras": 0,
                "total": 0
              }
            }
          ]
        },
        {
          "over": 2,
          "deliveries": [
            {
              "batter": "AK Sah",
              "bowler": "Kaleemullah",
              "non_striker": "Aasif Sheikh",
              "runs": {
                "batter": 0,
                "extras": 0,
                "total": 0
              }
            },
            {
              "batter": "AK Sah",
              "bowler": "Kaleemullah",
              "non_striker": "Aasif Sheikh",
              "runs": {
                "batter": 6,
                "extras": 0,
                "total": 6
              }
            },
            {
              "batter": "AK Sah",
              "bowler": "Kaleemullah",
              "non_striker": "Aasif Sheikh",
              "runs": {
                "batter": 2,
                "extras": 0,
                "total": 2
              }
            },
            {
              "batter": "AK Sah",
              "bowler": "Kaleemullah",
              "non_striker": "Aasif Sheikh",
              "runs": {
                "batter": 0,
                "extras": 0,
                "total": 0
              }
            },
            {
              "batter": "AK Sah",
              "bowler": "Kaleemullah",
              "non_striker": "Aasif Sheikh",
              "runs": {
                "batter": 1,
                "extras": 0,
                "total": 1
              }
            },
            {
              "batter": "Aasif Sheikh",
              "bowler": "Kaleemullah",
              "non_striker": "AK Sah",
              "runs": {
                "batter": 0,
                "extras": 0,
                "total": 0
              }
            }
          ]
        },
        {
          "over": 3,
          "deliveries": [
            {
              "batter": "AK Sah",
              "bowler": "Shakeel Ahmed",
              "non_striker": "Aasif Sheikh",
              "runs": {
                "batter": 2,
                "extras": 0,
                "total": 2
              }
            },
            {
              "batter": "AK Sah",
              "bowler": "Shakeel Ahmed",
              "non_striker": "Aasif Sheikh",
              "runs": {
                "batter": 1,
                "extras": 0,
                "total": 1
              }
            },
            {
              "batter": "Aasif Sheikh",
              "bowler": "Shakeel Ahmed",
              "non_striker": "AK Sah",
              "runs": {
                "batter": 0,
                "extras": 0,
                "total": 0
              }
            },
            {
              "batter": "Aasif Sheikh",
              "bowler": "Shakeel Ahmed",
              "non_striker": "AK Sah",
              "runs": {
                "batter": 0,
                "extras": 0,
                "total": 0
              }
            },
            {
              "batter": "Aasif Sheikh",
              "bowler": "Shakeel Ahmed",
              "non_striker": "AK Sah",
              "runs": {
                "batter": 0,
                "extras": 0,
                "total": 0
              }
            },
            {
              "batter": "Aasif Sheikh",
              "bowler": "Shakeel Ahmed",
              "non_striker": "AK Sah",
              "runs": {
                "batter": 6,
                "extras": 0,
                "total": 6
              }
            }
          ]
        },
        {
          "over": 4,
          "deliveries": [
            {
              "batter": "AK Sah",
              "bowler": "Fayyaz Butt",
              "non_striker": "Aasif Sheikh",
              "runs": {
                "batter": 2,
                "extras": 0,
                "total": 2
              }
            },
            {
              "batter": "AK Sah",
              "bowler": "Fayyaz Butt",
              "non_striker": "Aasif Sheikh",
              "runs": {
                "batter": 0,
                "extras": 0,
                "total": 0
              }
            },
            {
              "batter": "AK Sah",
              "bowler": "Fayyaz Butt",
              "non_striker": "Aasif Sheikh",
              "runs": {
                "batter": 4,
                "extras": 0,
                "total": 4
              }
            },
            {
              "batter": "AK Sah",
              "bowler": "Fayyaz Butt",
              "non_striker": "Aasif Sheikh",
              "runs": {
                "batter": 4,
                "extras": 0,
                "total": 4
              }
            },
            {
              "batter": "AK Sah",
              "bowler": "Fayyaz Butt",
              "non_striker": "Aasif Sheikh",
              "runs": {
                "batter": 0,
                "extras": 0,
                "total": 0
              }
            },
            {
              "batter": "AK Sah",
              "bowler": "Fayyaz Butt",
              "non_striker": "Aasif Sheikh",
              "runs": {
                "batter": 0,
                "extras": 0,
                "total": 0
              }
            }
          ]
        },
        {
          "over": 5,
          "deliveries": [
            {
              "batter": "Aasif Sheikh",
              "bowler": "Zeeshan Maqsood",
              "non_striker": "AK Sah",
              "runs": {
                "batter": 1,
                "extras": 0,
                "total": 1
              }
            },
            {
              "batter": "AK Sah",
              "bowler": "Zeeshan Maqsood",
              "non_striker": "Aasif Sheikh",
              "runs": {
                "batter": 0,
                "extras": 0,
                "total": 0
              },
              "wickets": [
                {
                  "player_out": "AK Sah",
                  "fielders": [
                    {
                      "name": "PS Athavale"
                    }
                  ],
                  "kind": "caught"
                }
              ]
            },
            {
              "batter": "D Khanal",
              "bowler": "Zeeshan Maqsood",
              "non_striker": "Aasif Sheikh",
              "runs": {
                "batter": 0,
                "extras": 0,
                "total": 0
              }
            },
            {
              "batter": "D Khanal",
              "bowler": "Zeeshan Maqsood",
              "non_striker": "Aasif Sheikh",
              "runs": {
                "batter": 0,
                "extras": 0,
                "total": 0
              }
            },
            {
              "batter": "D Khanal",
              "bowler": "Zeeshan Maqsood",
              "non_striker": "Aasif Sheikh",
              "runs": {
                "batter": 0,
                "extras": 0,
                "total": 0
              }
            },
            {
              "batter": "D Khanal",
              "bowler": "Zeeshan Maqsood",
              "non_striker": "Aasif Sheikh",
              "runs": {
                "batter": 0,
                "extras": 0,
                "total": 0
              }
            }
          ]
        },
        {
          "over": 6,
          "deliveries": [
            {
              "batter": "Aasif Sheikh",
              "bowler": "Fayyaz Butt",
              "non_striker": "D Khanal",
              "runs": {
                "batter": 1,
                "extras": 0,
                "total": 1
              }
            },
            {
              "batter": "D Khanal",
              "bowler": "Fayyaz Butt",
              "non_striker": "Aasif Sheikh",
              "runs": {
                "batter": 0,
                "extras": 0,
                "total": 0
              }
            },
            {
              "batter": "D Khanal",
              "bowler": "Fayyaz Butt",
              "non_striker": "Aasif Sheikh",
              "runs": {
                "batter": 2,
                "extras": 0,
                "total": 2
              }
            },
            {
              "batter": "D Khanal",
              "bowler": "Fayyaz Butt",
              "non_striker": "Aasif Sheikh",
              "runs": {
                "batter": 0,
                "extras": 0,
                "total": 0
              }
            },
            {
              "batter": "D Khanal",
              "bowler": "Fayyaz Butt",
              "non_striker": "Aasif Sheikh",
              "runs": {
                "batter": 0,
                "extras": 0,
                "total": 0
              },
              "wickets": [
                {
                  "player_out": "D Khanal",
                  "kind": "lbw"
                }
              ]
            },
            {
              "batter": "Kushal Malla",
              "bowler": "Fayyaz Butt",
              "non_striker": "Aasif Sheikh",
              "runs": {
                "batter": 0,
                "extras": 0,
                "total": 0
              }
            }
          ]
        },
        {
          "over": 7,
          "deliveries": [
            {
              "batter": "Aasif Sheikh",
              "bowler": "Zeeshan Maqsood",
              "non_striker": "Kushal Malla",
              "runs": {
                "batter": 0,
                "extras": 0,
                "total": 0
              }
            },
            {
              "batter": "Aasif Sheikh",
              "bowler": "Zeeshan Maqsood",
              "non_striker": "Kushal Malla",
              "runs": {
                "batter": 1,
                "extras": 0,
                "total": 1
              }
            },
            {
              "batter": "Kushal Malla",
              "bowler": "Zeeshan Maqsood",
              "non_striker": "Aasif Sheikh",
              "runs": {
                "batter": 1,
                "extras": 0,
                "total": 1
              }
            },
            {
              "batter": "Aasif Sheikh",
              "bowler": "Zeeshan Maqsood",
              "non_striker": "Kushal Malla",
              "runs": {
                "batter": 1,
                "extras": 0,
                "total": 1
              }
            },
            {
              "batter": "Kushal Malla",
              "bowler": "Zeeshan Maqsood",
              "non_striker": "Aasif Sheikh",
              "runs": {
                "batter": 0,
                "extras": 0,
                "total": 0
              }
            },
            {
              "batter": "Kushal Malla",
              "bowler": "Zeeshan Maqsood",
              "non_striker": "Aasif Sheikh",
              "runs": {
                "batter": 0,
                "extras": 0,
                "total": 0
              }
            }
          ]
        },
        {
          "over": 8,
          "deliveries": [
            {
              "batter": "Aasif Sheikh",
              "bowler": "Rafiullah",
              "extras": {
                "wides": 1
              },
              "non_striker": "Kushal Malla",
              "runs": {
                "batter": 0,
                "extras": 1,
                "total": 1
              }
            },
            {
              "batter": "Aasif Sheikh",
              "bowler": "Rafiullah",
              "non_striker": "Kushal Malla",
              "runs": {
                "batter": 1,
                "extras": 0,
                "total": 1
              }
            },
            {
              "batter": "Kushal Malla",
              "bowler": "Rafiullah",
              "extras": {
                "wides": 1
              },
              "non_striker": "Aasif Sheikh",
              "runs": {
                "batter": 0,
                "extras": 1,
                "total": 1
              }
            },
            {
              "batter": "Kushal Malla",
              "bowler": "Rafiullah",
              "non_striker": "Aasif Sheikh",
              "runs": {
                "batter": 0,
                "extras": 0,
                "total": 0
              }
            },
            {
              "batter": "Kushal Malla",
              "bowler": "Rafiullah",
              "non_striker": "Aasif Sheikh",
              "runs": {
                "batter": 0,
                "extras": 0,
                "total": 0
              }
            },
            {
              "batter": "Kushal Malla",
              "bowler": "Rafiullah",
              "extras": {
                "noballs": 1
              },
              "non_striker": "Aasif Sheikh",
              "runs": {
                "batter": 1,
                "extras": 1,
                "total": 2
              }
            },
            {
              "batter": "Aasif Sheikh",
              "bowler": "Rafiullah",
              "non_striker": "Kushal Malla",
              "runs": {
                "batter": 1,
                "extras": 0,
                "total": 1
              }
            },
            {
              "batter": "Kushal Malla",
              "bowler": "Rafiullah",
              "non_striker": "Aasif Sheikh",
              "runs": {
                "batter": 0,
                "extras": 0,
                "total": 0
              }
            },
            {
              "batter": "Kushal Malla",
              "bowler": "Rafiullah",
              "non_striker": "Aasif Sheikh",
              "runs": {
                "batter": 4,
                "extras": 0,
                "total": 4
              }
            }
          ]
        },
        {
          "over": 9,
          "deliveries": [
            {
              "batter": "Aasif Sheikh",
              "bowler": "Zeeshan Maqsood",
              "non_striker": "Kushal Malla",
              "runs": {
                "batter": 1,
                "extras": 0,
                "total": 1
              }
            },
            {
              "batter": "Kushal Malla",
              "bowler": "Zeeshan Maqsood",
              "non_striker": "Aasif Sheikh",
              "runs": {
                "batter": 1,
                "extras": 0,
                "total": 1
              }
            },
            {
              "batter": "Aasif Sheikh",
              "bowler": "Zeeshan Maqsood",
              "non_striker": "Kushal Malla",
              "runs": {
                "batter": 6,
                "extras": 0,
                "total": 6
              }
            },
            {
              "batter": "Aasif Sheikh",
              "bowler": "Zeeshan Maqsood",
              "non_striker": "Kushal Malla",
              "runs": {
                "batter": 1,
                "extras": 0,
                "total": 1
              }
            },
            {
              "batter": "Kushal Malla",
              "bowler": "Zeeshan Maqsood",
              "non_striker": "Aasif Sheikh",
              "runs": {
                "batter": 0,
                "extras": 0,
                "total": 0
              }
            },
            {
              "batter": "Kushal Malla",
              "bowler": "Zeeshan Maqsood",
              "non_striker": "Aasif Sheikh",
              "runs": {
                "batter": 1,
                "extras": 0,
                "total": 1
              }
            }
          ]
        },
        {
          "over": 10,
          "deliveries": [
            {
              "batter": "Kushal Malla",
              "bowler": "Aqib Ilyas",
              "non_striker": "Aasif Sheikh",
              "runs": {
                "batter": 1,
                "extras": 0,
                "total": 1
              }
            },
            {
              "batter": "Aasif Sheikh",
              "bowler": "Aqib Ilyas",
              "non_striker": "Kushal Malla",
              "runs": {
                "batter": 2,
                "extras": 0,
                "total": 2
              }
            },
            {
              "batter": "Aasif Sheikh",
              "bowler": "Aqib Ilyas",
              "non_striker": "Kushal Malla",
              "runs": {
                "batter": 0,
                "extras": 0,
                "total": 0
              },
              "wickets": [
                {
                  "player_out": "Aasif Sheikh",
                  "fielders": [
                    {
                      "name": "Rafiullah"
                    }
                  ],
                  "kind": "caught"
                }
              ]
            },
            {
              "batter": "RK Paudel",
              "bowler": "Aqib Ilyas",
              "non_striker": "Kushal Malla",
              "runs": {
                "batter": 1,
                "extras": 0,
                "total": 1
              }
            },
            {
              "batter": "Kushal Malla",
              "bowler": "Aqib Ilyas",
              "non_striker": "RK Paudel",
              "runs": {
                "batter": 1,
                "extras": 0,
                "total": 1
              }
            },
            {
              "batter": "RK Paudel",
              "bowler": "Aqib Ilyas",
              "non_striker": "Kushal Malla",
              "runs": {
                "batter": 0,
                "extras": 0,
                "total": 0
              }
            }
          ]
        },
        {
          "over": 11,
          "deliveries": [
            {
              "batter": "Kushal Malla",
              "bowler": "Ayan Khan",
              "non_striker": "RK Paudel",
              "runs": {
                "batter": 6,
                "extras": 0,
                "total": 6
              }
            },
            {
              "batter": "Kushal Malla",
              "bowler": "Ayan Khan",
              "extras": {
                "wides": 1
              },
              "non_striker": "RK Paudel",
              "runs": {
                "batter": 0,
                "extras": 1,
                "total": 1
              }
            },
            {
              "batter": "Kushal Malla",
              "bowler": "Ayan Khan",
              "non_striker": "RK Paudel",
              "runs": {
                "batter": 1,
                "extras": 0,
                "total": 1
              }
            },
            {
              "batter": "RK Paudel",
              "bowler": "Ayan Khan",
              "non_striker": "Kushal Malla",
              "runs": {
                "batter": 1,
                "extras": 0,
                "total": 1
              }
            },
            {
              "batter": "Kushal Malla",
              "bowler": "Ayan Khan",
              "non_striker": "RK Paudel",
              "runs": {
                "batter": 0,
                "extras": 0,
                "total": 0
              }
            },
            {
              "batter": "Kushal Malla",
              "bowler": "Ayan Khan",
              "non_striker": "RK Paudel",
              "runs": {
                "batter": 6,
                "extras": 0,
                "total": 6
              }
            },
            {
              "batter": "Kushal Malla",
              "bowler": "Ayan Khan",
              "non_striker": "RK Paudel",
              "runs": {
                "batter": 0,
                "extras": 0,
                "total": 0
              }
            }
          ]
        },
        {
          "over": 12,
          "deliveries": [
            {
              "batter": "RK Paudel",
              "bowler": "Aqib Ilyas",
              "non_striker": "Kushal Malla",
              "runs": {
                "batter": 0,
                "extras": 0,
                "total": 0
              }
            },
            {
              "batter": "RK Paudel",
              "bowler": "Aqib Ilyas",
              "non_striker": "Kushal Malla",
              "runs": {
                "batter": 0,
                "extras": 0,
                "total": 0
              },
              "wickets": [
                {
                  "player_out": "RK Paudel",
                  "fielders": [
                    {
                      "name": "KH Prajapati"
                    }
                  ],
                  "kind": "caught"
                }
              ]
            },
            {
              "batter": "K Bhurtel",
              "bowler": "Aqib Ilyas",
              "non_striker": "Kushal Malla",
              "runs": {
                "batter": 0,
                "extras": 0,
                "total": 0
              }
            },
            {
              "batter": "K Bhurtel",
              "bowler": "Aqib Ilyas",
              "non_striker": "Kushal Malla",
              "runs": {
                "batter": 1,
                "extras": 0,
                "total": 1
              }
            },
            {
              "batter": "Kushal Malla",
              "bowler": "Aqib Ilyas",
              "non_striker": "K Bhurtel",
              "runs": {
                "batter": 1,
                "extras": 0,
                "total": 1
              }
            },
            {
              "batter": "K Bhurtel",
              "bowler": "Aqib Ilyas",
              "non_striker": "Kushal Malla",
              "runs": {
                "batter": 1,
                "extras": 0,
                "total": 1
              }
            }
          ]
        },
        {
          "over": 13,
          "deliveries": [
            {
              "batter": "K Bhurtel",
              "bowler": "Shakeel Ahmed",
              "non_striker": "Kushal Malla",
              "runs": {
                "batter": 1,
                "extras": 0,
                "total": 1
              }
            },
            {
              "batter": "Kushal Malla",
              "bowler": "Shakeel Ahmed",
              "non_striker": "K Bhurtel",
              "runs": {
                "batter": 0,
                "extras": 0,
                "total": 0
              }
            },
            {
              "batter": "Kushal Malla",
              "bowler": "Shakeel Ahmed",
              "non_striker": "K Bhurtel",
              "runs": {
                "batter": 4,
                "extras": 0,
                "total": 4
              }
            },
            {
              "batter": "Kushal Malla",
              "bowler": "Shakeel Ahmed",
              "extras": {
                "wides": 1
              },
              "non_striker": "K Bhurtel",
              "runs": {
                "batter": 0,
                "extras": 1,
                "total": 1
              }
            },
            {
              "batter": "Kushal Malla",
              "bowler": "Shakeel Ahmed",
              "non_striker": "K Bhurtel",
              "runs": {
                "batter": 0,
                "extras": 0,
                "total": 0
              }
            },
            {
              "batter": "Kushal Malla",
              "bowler": "Shakeel Ahmed",
              "non_striker": "K Bhurtel",
              "runs": {
                "batter": 1,
                "extras": 0,
                "total": 1
              }
            },
            {
              "batter": "K Bhurtel",
              "bowler": "Shakeel Ahmed",
              "non_striker": "Kushal Malla",
              "runs": {
                "batter": 0,
                "extras": 0,
                "total": 0
              }
            }
          ]
        },
        {
          "over": 14,
          "deliveries": [
            {
              "batter": "Kushal Malla",
              "bowler": "Aqib Ilyas",
              "non_striker": "K Bhurtel",
              "runs": {
                "batter": 1,
                "extras": 0,
                "total": 1
              }
            },
            {
              "batter": "K Bhurtel",
              "bowler": "Aqib Ilyas",
              "non_striker": "Kushal Malla",
              "runs": {
                "batter": 0,
                "extras": 0,
                "total": 0
              }
            },
            {
              "batter": "K Bhurtel",
              "bowler": "Aqib Ilyas",
              "non_striker": "Kushal Malla",
              "runs": {
                "batter": 1,
                "extras": 0,
                "total": 1
              }
            },
            {
              "batter": "Kushal Malla",
              "bowler": "Aqib Ilyas",
              "non_striker": "K Bhurtel",
              "runs": {
                "batter": 0,
                "extras": 0,
                "total": 0
              },
              "wickets": [
                {
                  "player_out": "Kushal Malla",
                  "fielders": [
                    {
                      "name": "Shoaib Khan"
                    }
                  ],
                  "kind": "caught"
                }
              ]
            },
            {
              "batter": "Gulsan Jha",
              "bowler": "Aqib Ilyas",
              "non_striker": "K Bhurtel",
              "runs": {
                "batter": 1,
                "extras": 0,
                "total": 1
              }
            },
            {
              "batter": "K Bhurtel",
              "bowler": "Aqib Ilyas",
              "non_striker": "Gulsan Jha",
              "runs": {
                "batter": 0,
                "extras": 0,
                "total": 0
              }
            }
          ]
        },
        {
          "over": 15,
          "deliveries": [
            {
              "batter": "Gulsan Jha",
              "bowler": "Fayyaz Butt",
              "non_striker": "K Bhurtel",
              "runs": {
                "batter": 1,
                "extras": 0,
                "total": 1
              }
            },
            {
              "batter": "K Bhurtel",
              "bowler": "Fayyaz Butt",
              "non_striker": "Gulsan Jha",
              "runs": {
                "batter": 1,
                "extras": 0,
                "total": 1
              }
            },
            {
              "batter": "Gulsan Jha",
              "bowler": "Fayyaz Butt",
              "non_striker": "K Bhurtel",
              "runs": {
                "batter": 4,
                "extras": 0,
                "total": 4
              }
            },
            {
              "batter": "Gulsan Jha",
              "bowler": "Fayyaz Butt",
              "non_striker": "K Bhurtel",
              "runs": {
                "batter": 4,
                "extras": 0,
                "total": 4
              }
            },
            {
              "batter": "Gulsan Jha",
              "bowler": "Fayyaz Butt",
              "non_striker": "K Bhurtel",
              "runs": {
                "batter": 0,
                "extras": 0,
                "total": 0
              }
            },
            {
              "batter": "Gulsan Jha",
              "bowler": "Fayyaz Butt",
              "non_striker": "K Bhurtel",
              "runs": {
                "batter": 1,
                "extras": 0,
                "total": 1
              }
            }
          ]
        },
        {
          "over": 16,
          "deliveries": [
            {
              "batter": "Gulsan Jha",
              "bowler": "Aqib Ilyas",
              "non_striker": "K Bhurtel",
              "runs": {
                "batter": 6,
                "extras": 0,
                "total": 6
              }
            },
            {
              "batter": "Gulsan Jha",
              "bowler": "Aqib Ilyas",
              "non_striker": "K Bhurtel",
              "runs": {
                "batter": 6,
                "extras": 0,
                "total": 6
              }
            },
            {
              "batter": "Gulsan Jha",
              "bowler": "Aqib Ilyas",
              "non_striker": "K Bhurtel",
              "runs": {
                "batter": 1,
                "extras": 0,
                "total": 1
              }
            },
            {
              "batter": "K Bhurtel",
              "bowler": "Aqib Ilyas",
              "non_striker": "Gulsan Jha",
              "runs": {
                "batter": 1,
                "extras": 0,
                "total": 1
              }
            },
            {
              "batter": "Gulsan Jha",
              "bowler": "Aqib Ilyas",
              "non_striker": "K Bhurtel",
              "runs": {
                "batter": 1,
                "extras": 0,
                "total": 1
              }
            },
            {
              "batter": "K Bhurtel",
              "bowler": "Aqib Ilyas",
              "non_striker": "Gulsan Jha",
              "runs": {
                "batter": 6,
                "extras": 0,
                "total": 6
              }
            }
          ]
        },
        {
          "over": 17,
          "deliveries": [
            {
              "batter": "Gulsan Jha",
              "bowler": "Kaleemullah",
              "non_striker": "K Bhurtel",
              "runs": {
                "batter": 6,
                "extras": 0,
                "total": 6
              }
            },
            {
              "batter": "Gulsan Jha",
              "bowler": "Kaleemullah",
              "non_striker": "K Bhurtel",
              "runs": {
                "batter": 0,
                "extras": 0,
                "total": 0
              }
            },
            {
              "batter": "Gulsan Jha",
              "bowler": "Kaleemullah",
              "extras": {
                "wides": 1
              },
              "non_striker": "K Bhurtel",
              "runs": {
                "batter": 0,
                "extras": 1,
                "total": 1
              }
            },
            {
              "batter": "Gulsan Jha",
              "bowler": "Kaleemullah",
              "non_striker": "K Bhurtel",
              "runs": {
                "batter": 4,
                "extras": 0,
                "total": 4
              }
            },
            {
              "batter": "Gulsan Jha",
              "bowler": "Kaleemullah",
              "extras": {
                "wides": 1
              },
              "non_striker": "K Bhurtel",
              "runs": {
                "batter": 0,
                "extras": 1,
                "total": 1
              }
            },
            {
              "batter": "Gulsan Jha",
              "bowler": "Kaleemullah",
              "non_striker": "K Bhurtel",
              "runs": {
                "batter": 2,
                "extras": 0,
                "total": 2
              }
            },
            {
              "batter": "Gulsan Jha",
              "bowler": "Kaleemullah",
              "extras": {
                "wides": 2
              },
              "non_striker": "K Bhurtel",
              "runs": {
                "batter": 0,
                "extras": 2,
                "total": 2
              }
            },
            {
              "batter": "K Bhurtel",
              "bowler": "Kaleemullah",
              "extras": {
                "legbyes": 1
              },
              "non_striker": "Gulsan Jha",
              "runs": {
                "batter": 0,
                "extras": 1,
                "total": 1
              }
            },
            {
              "batter": "Gulsan Jha",
              "bowler": "Kaleemullah",
              "non_striker": "K Bhurtel",
              "runs": {
                "batter": 2,
                "extras": 0,
                "total": 2
              }
            }
          ]
        },
        {
          "over": 18,
          "deliveries": [
            {
              "batter": "K Bhurtel",
              "bowler": "Fayyaz Butt",
              "non_striker": "Gulsan Jha",
              "runs": {
                "batter": 4,
                "extras": 0,
                "total": 4
              }
            },
            {
              "batter": "K Bhurtel",
              "bowler": "Fayyaz Butt",
              "non_striker": "Gulsan Jha",
              "runs": {
                "batter": 0,
                "extras": 0,
                "total": 0
              }
            },
            {
              "batter": "K Bhurtel",
              "bowler": "Fayyaz Butt",
              "non_striker": "Gulsan Jha",
              "runs": {
                "batter": 3,
                "extras": 0,
                "total": 3
              }
            },
            {
              "batter": "Gulsan Jha",
              "bowler": "Fayyaz Butt",
              "non_striker": "K Bhurtel",
              "runs": {
                "batter": 0,
                "extras": 0,
                "total": 0
              }
            },
            {
              "batter": "Gulsan Jha",
              "bowler": "Fayyaz Butt",
              "non_striker": "K Bhurtel",
              "runs": {
                "batter": 1,
                "extras": 0,
                "total": 1
              }
            },
            {
              "batter": "K Bhurtel",
              "bowler": "Fayyaz Butt",
              "non_striker": "Gulsan Jha",
              "runs": {
                "batter": 1,
                "extras": 0,
                "total": 1
              }
            }
          ]
        },
        {
          "over": 19,
          "deliveries": [
            {
              "batter": "K Bhurtel",
              "bowler": "Shakeel Ahmed",
              "non_striker": "Gulsan Jha",
              "runs": {
                "batter": 0,
                "extras": 0,
                "total": 0
              },
              "wickets": [
                {
                  "player_out": "K Bhurtel",
                  "fielders": [
                    {
                      "name": "Ayan Khan"
                    }
                  ],
                  "kind": "caught"
                }
              ]
            },
            {
              "batter": "DS Airee",
              "bowler": "Shakeel Ahmed",
              "non_striker": "Gulsan Jha",
              "runs": {
                "batter": 0,
                "extras": 0,
                "total": 0
              }
            },
            {
              "batter": "DS Airee",
              "bowler": "Shakeel Ahmed",
              "non_striker": "Gulsan Jha",
              "runs": {
                "batter": 6,
                "extras": 0,
                "total": 6
              }
            },
            {
              "batter": "DS Airee",
              "bowler": "Shakeel Ahmed",
              "non_striker": "Gulsan Jha",
              "runs": {
                "batter": 6,
                "extras": 0,
                "total": 6
              }
            },
            {
              "batter": "DS Airee",
              "bowler": "Shakeel Ahmed",
              "non_striker": "Gulsan Jha",
              "runs": {
                "batter": 4,
                "extras": 0,
                "total": 4
              }
            },
            {
              "batter": "DS Airee",
              "bowler": "Shakeel Ahmed",
              "non_striker": "Gulsan Jha",
              "runs": {
                "batter": 2,
                "extras": 0,
                "total": 2
              }
            }
          ]
        }
      ],
      "powerplays": [
        {
          "from": 0.1,
          "to": 5.6,
          "type": "mandatory"
        }
      ]
    },
    {
      "team": "Oman",
      "overs": [
        {
          "over": 0,
          "deliveries": [
            {
              "batter": "KH Prajapati",
              "bowler": "Karan KC",
              "non_striker": "Aqib Ilyas",
              "runs": {
                "batter": 0,
                "extras": 0,
                "total": 0
              },
              "wickets": [
                {
                  "player_out": "KH Prajapati",
                  "kind": "lbw"
                }
              ]
            },
            {
              "batter": "Shoaib Khan",
              "bowler": "Karan KC",
              "non_striker": "Aqib Ilyas",
              "runs": {
                "batter": 1,
                "extras": 0,
                "total": 1
              }
            },
            {
              "batter": "Aqib Ilyas",
              "bowler": "Karan KC",
              "non_striker": "Shoaib Khan",
              "runs": {
                "batter": 0,
                "extras": 0,
                "total": 0
              }
            },
            {
              "batter": "Aqib Ilyas",
              "bowler": "Karan KC",
              "extras": {
                "wides": 1
              },
              "non_striker": "Shoaib Khan",
              "runs": {
                "batter": 0,
                "extras": 1,
                "total": 1
              }
            },
            {
              "batter": "Aqib Ilyas",
              "bowler": "Karan KC",
              "non_striker": "Shoaib Khan",
              "runs": {
                "batter": 1,
                "extras": 0,
                "total": 1
              }
            },
            {
              "batter": "Shoaib Khan",
              "bowler": "Karan KC",
              "non_striker": "Aqib Ilyas",
              "runs": {
                "batter": 2,
                "extras": 0,
                "total": 2
              }
            },
            {
              "batter": "Shoaib Khan",
              "bowler": "Karan KC",
              "non_striker": "Aqib Ilyas",
              "runs": {
                "batter": 0,
                "extras": 0,
                "total": 0
              }
            }
          ]
        },
        {
          "over": 1,
          "deliveries": [
            {
              "batter": "Aqib Ilyas",
              "bowler": "R Dhakal",
              "non_striker": "Shoaib Khan",
              "runs": {
                "batter": 1,
                "extras": 0,
                "total": 1
              }
            },
            {
              "batter": "Shoaib Khan",
              "bowler": "R Dhakal",
              "non_striker": "Aqib Ilyas",
              "runs": {
                "batter": 2,
                "extras": 0,
                "total": 2
              }
            },
            {
              "batter": "Shoaib Khan",
              "bowler": "R Dhakal",
              "non_striker": "Aqib Ilyas",
              "runs": {
                "batter": 0,
                "extras": 0,
                "total": 0
              }
            },
            {
              "batter": "Shoaib Khan",
              "bowler": "R Dhakal",
              "non_striker": "Aqib Ilyas",
              "runs": {
                "batter": 0,
                "extras": 0,
                "total": 0
              }
            },
            {
              "batter": "Shoaib Khan",
              "bowler": "R Dhakal",
              "non_striker": "Aqib Ilyas",
              "runs": {
                "batter": 1,
                "extras": 0,
                "total": 1
              }
            },
            {
              "batter": "Aqib Ilyas",
              "bowler": "R Dhakal",
              "non_striker": "Shoaib Khan",
              "runs": {
                "batter": 0,
                "extras": 0,
                "total": 0
              },
              "wickets": [
                {
                  "player_out": "Aqib Ilyas",
                  "fielders": [
                    {
                      "name": "Kushal Malla"
                    }
                  ],
                  "kind": "caught"
                }
              ]
            }
          ]
        },
        {
          "over": 2,
          "deliveries": [
            {
              "batter": "Shoaib Khan",
              "bowler": "Karan KC",
              "non_striker": "Ayan Khan",
              "runs": {
                "batter": 1,
                "extras": 0,
                "total": 1
              }
            },
            {
              "batter": "Ayan Khan",
              "bowler": "Karan KC",
              "non_striker": "Shoaib Khan",
              "runs": {
                "batter": 0,
                "extras": 0,
                "total": 0
              }
            },
            {
              "batter": "Ayan Khan",
              "bowler": "Karan KC",
              "non_striker": "Shoaib Khan",
              "runs": {
                "batter": 0,
                "extras": 0,
                "total": 0
              }
            },
            {
              "batter": "Ayan Khan",
              "bowler": "Karan KC",
              "non_striker": "Shoaib Khan",
              "runs": {
                "batter": 0,
                "extras": 0,
                "total": 0
              }
            },
            {
              "batter": "Ayan Khan",
              "bowler": "Karan KC",
              "non_striker": "Shoaib Khan",
              "runs": {
                "batter": 1,
                "extras": 0,
                "total": 1
              }
            },
            {
              "batter": "Shoaib Khan",
              "bowler": "Karan KC",
              "non_striker": "Ayan Khan",
              "runs": {
                "batter": 6,
                "extras": 0,
                "total": 6
              }
            }
          ]
        },
        {
          "over": 3,
          "deliveries": [
            {
              "batter": "Ayan Khan",
              "bowler": "R Dhakal",
              "non_striker": "Shoaib Khan",
              "runs": {
                "batter": 0,
                "extras": 0,
                "total": 0
              }
            },
            {
              "batter": "Ayan Khan",
              "bowler": "R Dhakal",
              "non_striker": "Shoaib Khan",
              "runs": {
                "batter": 0,
                "extras": 0,
                "total": 0
              }
            },
            {
              "batter": "Ayan Khan",
              "bowler": "R Dhakal",
              "non_striker": "Shoaib Khan",
              "runs": {
                "batter": 1,
                "extras": 0,
                "total": 1
              }
            },
            {
              "batter": "Shoaib Khan",
              "bowler": "R Dhakal",
              "non_striker": "Ayan Khan",
              "runs": {
                "batter": 0,
                "extras": 0,
                "total": 0
              }
            },
            {
              "batter": "Shoaib Khan",
              "bowler": "R Dhakal",
              "non_striker": "Ayan Khan",
              "runs": {
                "batter": 0,
                "extras": 0,
                "total": 0
              }
            },
            {
              "batter": "Shoaib Khan",
              "bowler": "R Dhakal",
              "non_striker": "Ayan Khan",
              "runs": {
                "batter": 0,
                "extras": 0,
                "total": 0
              }
            }
          ]
        },
        {
          "over": 4,
          "deliveries": [
            {
              "batter": "Ayan Khan",
              "bowler": "DS Airee",
              "non_striker": "Shoaib Khan",
              "runs": {
                "batter": 0,
                "extras": 0,
                "total": 0
              },
              "wickets": [
                {
                  "player_out": "Ayan Khan",
                  "kind": "bowled"
                }
              ]
            },
            {
              "batter": "Zeeshan Maqsood",
              "bowler": "DS Airee",
              "non_striker": "Shoaib Khan",
              "runs": {
                "batter": 0,
                "extras": 0,
                "total": 0
              }
            },
            {
              "batter": "Zeeshan Maqsood",
              "bowler": "DS Airee",
              "non_striker": "Shoaib Khan",
              "runs": {
                "batter": 0,
                "extras": 0,
                "total": 0
              }
            },
            {
              "batter": "Zeeshan Maqsood",
              "bowler": "DS Airee",
              "non_striker": "Shoaib Khan",
              "runs": {
                "batter": 0,
                "extras": 0,
                "total": 0
              }
            },
            {
              "batter": "Zeeshan Maqsood",
              "bowler": "DS Airee",
              "non_striker": "Shoaib Khan",
              "runs": {
                "batter": 0,
                "extras": 0,
                "total": 0
              }
            },
            {
              "batter": "Zeeshan Maqsood",
              "bowler": "DS Airee",
              "non_striker": "Shoaib Khan",
              "runs": {
                "batter": 0,
                "extras": 0,
                "total": 0
              }
            }
          ]
        },
        {
          "over": 5,
          "deliveries": [
            {
              "batter": "Shoaib Khan",
              "bowler": "R Dhakal",
              "non_striker": "Zeeshan Maqsood",
              "runs": {
                "batter": 0,
                "extras": 0,
                "total": 0
              }
            },
            {
              "batter": "Shoaib Khan",
              "bowler": "R Dhakal",
              "non_striker": "Zeeshan Maqsood",
              "runs": {
                "batter": 1,
                "extras": 0,
                "total": 1
              }
            },
            {
              "batter": "Zeeshan Maqsood",
              "bowler": "R Dhakal",
              "non_striker": "Shoaib Khan",
              "runs": {
                "batter": 4,
                "extras": 0,
                "total": 4
              }
            },
            {
              "batter": "Zeeshan Maqsood",
              "bowler": "R Dhakal",
              "non_striker": "Shoaib Khan",
              "runs": {
                "batter": 0,
                "extras": 0,
                "total": 0
              }
            },
            {
              "batter": "Zeeshan Maqsood",
              "bowler": "R Dhakal",
              "non_striker": "Shoaib Khan",
              "runs": {
                "batter": 1,
                "extras": 0,
                "total": 1
              }
            },
            {
              "batter": "Shoaib Khan",
              "bowler": "R Dhakal",
              "non_striker": "Zeeshan Maqsood",
              "runs": {
                "batter": 1,
                "extras": 0,
                "total": 1
              }
            }
          ]
        },
        {
          "over": 6,
          "deliveries": [
            {
              "batter": "Shoaib Khan",
              "bowler": "DS Airee",
              "non_striker": "Zeeshan Maqsood",
              "runs": {
                "batter": 1,
                "extras": 0,
                "total": 1
              }
            },
            {
              "batter": "Zeeshan Maqsood",
              "bowler": "DS Airee",
              "non_striker": "Shoaib Khan",
              "runs": {
                "batter": 0,
                "extras": 0,
                "total": 0
              }
            },
            {
              "batter": "Zeeshan Maqsood",
              "bowler": "DS Airee",
              "non_striker": "Shoaib Khan",
              "runs": {
                "batter": 0,
                "extras": 0,
                "total": 0
              }
            },
            {
              "batter": "Zeeshan Maqsood",
              "bowler": "DS Airee",
              "non_striker": "Shoaib Khan",
              "runs": {
                "batter": 0,
                "extras": 0,
                "total": 0
              }
            },
            {
              "batter": "Zeeshan Maqsood",
              "bowler": "DS Airee",
              "non_striker": "Shoaib Khan",
              "runs": {
                "batter": 1,
                "extras": 0,
                "total": 1
              }
            },
            {
              "batter": "Shoaib Khan",
              "bowler": "DS Airee",
              "non_striker": "Zeeshan Maqsood",
              "runs": {
                "batter": 0,
                "extras": 0,
                "total": 0
              }
            }
          ]
        },
        {
          "over": 7,
          "deliveries": [
            {
              "batter": "Zeeshan Maqsood",
              "bowler": "K Bhurtel",
              "extras": {
                "wides": 1
              },
              "non_striker": "Shoaib Khan",
              "runs": {
                "batter": 0,
                "extras": 1,
                "total": 1
              }
            },
            {
              "batter": "Zeeshan Maqsood",
              "bowler": "K Bhurtel",
              "non_striker": "Shoaib Khan",
              "runs": {
                "batter": 0,
                "extras": 0,
                "total": 0
              },
              "wickets": [
                {
                  "player_out": "Zeeshan Maqsood",
                  "fielders": [
                    {
                      "name": "R Dhakal"
                    }
                  ],
                  "kind": "caught"
                }
              ]
            },
            {
              "batter": "Khalid Kail",
              "bowler": "K Bhurtel",
              "non_striker": "Shoaib Khan",
              "runs": {
                "batter": 0,
                "extras": 0,
                "total": 0
              }
            },
            {
              "batter": "Khalid Kail",
              "bowler": "K Bhurtel",
              "non_striker": "Shoaib Khan",
              "runs": {
                "batter": 1,
                "extras": 0,
                "total": 1
              }
            },
            {
              "batter": "Shoaib Khan",
              "bowler": "K Bhurtel",
              "non_striker": "Khalid Kail",
              "runs": {
                "batter": 0,
                "extras": 0,
                "total": 0
              }
            },
            {
              "batter": "Shoaib Khan",
              "bowler": "K Bhurtel",
              "non_striker": "Khalid Kail",
              "runs": {
                "batter": 4,
                "extras": 0,
                "total": 4
              }
            },
            {
              "batter": "Shoaib Khan",
              "bowler": "K Bhurtel",
              "non_striker": "Khalid Kail",
              "runs": {
                "batter": 4,
                "extras": 0,
                "total": 4
              }
            }
          ]
        },
        {
          "over": 8,
          "deliveries": [
            {
              "batter": "Khalid Kail",
              "bowler": "S Lamichhane",
              "non_striker": "Shoaib Khan",
              "runs": {
                "batter": 1,
                "extras": 0,
                "total": 1
              }
            },
            {
              "batter": "Shoaib Khan",
              "bowler": "S Lamichhane",
              "non_striker": "Khalid Kail",
              "runs": {
                "batter": 0,
                "extras": 0,
                "total": 0
              }
            },
            {
              "batter": "Shoaib Khan",
              "bowler": "S Lamichhane",
              "non_striker": "Khalid Kail",
              "runs": {
                "batter": 0,
                "extras": 0,
                "total": 0
              }
            },
            {
              "batter": "Shoaib Khan",
              "bowler": "S Lamichhane",
              "non_striker": "Khalid Kail",
              "runs": {
                "batter": 1,
                "extras": 0,
                "total": 1
              }
            },
            {
              "batter": "Khalid Kail",
              "bowler": "S Lamichhane",
              "non_striker": "Shoaib Khan",
              "runs": {
                "batter": 1,
                "extras": 0,
                "total": 1
              }
            },
            {
              "batter": "Shoaib Khan",
              "bowler": "S Lamichhane",
              "non_striker": "Khalid Kail",
              "runs": {
                "batter": 0,
                "extras": 0,
                "total": 0
              }
            }
          ]
        },
        {
          "over": 9,
          "deliveries": [
            {
              "batter": "Khalid Kail",
              "bowler": "K Bhurtel",
              "non_striker": "Shoaib Khan",
              "runs": {
                "batter": 0,
                "extras": 0,
                "total": 0
              }
            },
            {
              "batter": "Khalid Kail",
              "bowler": "K Bhurtel",
              "non_striker": "Shoaib Khan",
              "runs": {
                "batter": 1,
                "extras": 0,
                "total": 1
              }
            },
            {
              "batter": "Shoaib Khan",
              "bowler": "K Bhurtel",
              "non_striker": "Khalid Kail",
              "runs": {
                "batter": 4,
                "extras": 0,
                "total": 4
              }
            },
            {
              "batter": "Shoaib Khan",
              "bowler": "K Bhurtel",
              "non_striker": "Khalid Kail",
              "runs": {
                "batter": 0,
                "extras": 0,
                "total": 0
              }
            },
            {
              "batter": "Shoaib Khan",
              "bowler": "K Bhurtel",
              "non_striker": "Khalid Kail",
              "runs": {
                "batter": 1,
                "extras": 0,
                "total": 1
              }
            },
            {
              "batter": "Khalid Kail",
              "bowler": "K Bhurtel",
              "non_striker": "Shoaib Khan",
              "runs": {
                "batter": 6,
                "extras": 0,
                "total": 6
              }
            }
          ]
        },
        {
          "over": 10,
          "deliveries": [
            {
              "batter": "Shoaib Khan",
              "bowler": "S Lamichhane",
              "non_striker": "Khalid Kail",
              "runs": {
                "batter": 0,
                "extras": 0,
                "total": 0
              }
            },
            {
              "batter": "Shoaib Khan",
              "bowler": "S Lamichhane",
              "non_striker": "Khalid Kail",
              "runs": {
                "batter": 1,
                "extras": 0,
                "total": 1
              }
            },
            {
              "batter": "Khalid Kail",
              "bowler": "S Lamichhane",
              "non_striker": "Shoaib Khan",
              "runs": {
                "batter": 0,
                "extras": 0,
                "total": 0
              }
            },
            {
              "batter": "Khalid Kail",
              "bowler": "S Lamichhane",
              "non_striker": "Shoaib Khan",
              "runs": {
                "batter": 1,
                "extras": 0,
                "total": 1
              }
            },
            {
              "batter": "Shoaib Khan",
              "bowler": "S Lamichhane",
              "non_striker": "Khalid Kail",
              "runs": {
                "batter": 6,
                "extras": 0,
                "total": 6
              }
            },
            {
              "batter": "Shoaib Khan",
              "bowler": "S Lamichhane",
              "extras": {
                "legbyes": 2
              },
              "non_striker": "Khalid Kail",
              "runs": {
                "batter": 0,
                "extras": 2,
                "total": 2
              }
            }
          ]
        },
        {
          "over": 11,
          "deliveries": [
            {
              "batter": "Khalid Kail",
              "bowler": "Gulsan Jha",
              "non_striker": "Shoaib Khan",
              "runs": {
                "batter": 0,
                "extras": 0,
                "total": 0
              }
            },
            {
              "batter": "Khalid Kail",
              "bowler": "Gulsan Jha",
              "non_striker": "Shoaib Khan",
              "runs": {
                "batter": 0,
                "extras": 0,
                "total": 0
              },
              "wickets": [
                {
                  "player_out": "Khalid Kail",
                  "fielders": [
                    {
                      "name": "Aasif Sheikh"
                    }
                  ],
                  "kind": "caught"
                }
              ]
            },
            {
              "batter": "PS Athavale",
              "bowler": "Gulsan Jha",
              "non_striker": "Shoaib Khan",
              "runs": {
                "batter": 0,
                "extras": 0,
                "total": 0
              }
            },
            {
              "batter": "PS Athavale",
              "bowler": "Gulsan Jha",
              "non_striker": "Shoaib Khan",
              "runs": {
                "batter": 1,
                "extras": 0,
                "total": 1
              }
            },
            {
              "batter": "Shoaib Khan",
              "bowler": "Gulsan Jha",
              "non_striker": "PS Athavale",
              "runs": {
                "batter": 0,
                "extras": 0,
                "total": 0
              }
            },
            {
              "batter": "Shoaib Khan",
              "bowler": "Gulsan Jha",
              "non_striker": "PS Athavale",
              "runs": {
                "batter": 2,
                "extras": 0,
                "total": 2
              }
            }
          ]
        },
        {
          "over": 12,
          "deliveries": [
            {
              "batter": "PS Athavale",
              "bowler": "S Lamichhane",
              "non_striker": "Shoaib Khan",
              "runs": {
                "batter": 0,
                "extras": 0,
                "total": 0
              }
            },
            {
              "batter": "PS Athavale",
              "bowler": "S Lamichhane",
              "non_striker": "Shoaib Khan",
              "runs": {
                "batter": 0,
                "extras": 0,
                "total": 0
              }
            },
            {
              "batter": "PS Athavale",
              "bowler": "S Lamichhane",
              "non_striker": "Shoaib Khan",
              "runs": {
                "batter": 0,
                "extras": 0,
                "total": 0
              }
            },
            {
              "batter": "PS Athavale",
              "bowler": "S Lamichhane",
              "non_striker": "Shoaib Khan",
              "runs": {
                "batter": 1,
                "extras": 0,
                "total": 1
              }
            },
            {
              "batter": "Shoaib Khan",
              "bowler": "S Lamichhane",
              "non_striker": "PS Athavale",
              "runs": {
                "batter": 1,
                "extras": 0,
                "total": 1
              }
            },
            {
              "batter": "PS Athavale",
              "bowler": "S Lamichhane",
              "non_striker": "Shoaib Khan",
              "runs": {
                "batter": 1,
                "extras": 0,
                "total": 1
              }
            }
          ]
        },
        {
          "over": 13,
          "deliveries": [
            {
              "batter": "PS Athavale",
              "bowler": "Gulsan Jha",
              "extras": {
                "wides": 1
              },
              "non_striker": "Shoaib Khan",
              "runs": {
                "batter": 0,
                "extras": 1,
                "total": 1
              }
            },
            {
              "batter": "PS Athavale",
              "bowler": "Gulsan Jha",
              "non_striker": "Shoaib Khan",
              "runs": {
                "batter": 4,
                "extras": 0,
                "total": 4
              }
            },
            {
              "batter": "PS Athavale",
              "bowler": "Gulsan Jha",
              "non_striker": "Shoaib Khan",
              "runs": {
                "batter": 0,
                "extras": 0,
                "total": 0
              }
            },
            {
              "batter": "PS Athavale",
              "bowler": "Gulsan Jha",
              "non_striker": "Shoaib Khan",
              "runs": {
                "batter": 1,
                "extras": 0,
                "total": 1
              }
            },
            {
              "batter": "Shoaib Khan",
              "bowler": "Gulsan Jha",
              "non_striker": "PS Athavale",
              "runs": {
                "batter": 0,
                "extras": 0,
                "total": 0
              }
            },
            {
              "batter": "Shoaib Khan",
              "bowler": "Gulsan Jha",
              "non_striker": "PS Athavale",
              "runs": {
                "batter": 4,
                "extras": 0,
                "total": 4
              }
            },
            {
              "batter": "Shoaib Khan",
              "bowler": "Gulsan Jha",
              "non_striker": "PS Athavale",
              "runs": {
                "batter": 1,
                "extras": 0,
                "total": 1
              }
            }
          ]
        },
        {
          "over": 14,
          "deliveries": [
            {
              "batter": "Shoaib Khan",
              "bowler": "K Bhurtel",
              "non_striker": "PS Athavale",
              "runs": {
                "batter": 0,
                "extras": 0,
                "total": 0
              }
            },
            {
              "batter": "Shoaib Khan",
              "bowler": "K Bhurtel",
              "non_striker": "PS Athavale",
              "runs": {
                "batter": 0,
                "extras": 0,
                "total": 0
              },
              "wickets": [
                {
                  "player_out": "Shoaib Khan",
                  "fielders": [
                    {
                      "name": "Karan KC"
                    }
                  ],
                  "kind": "caught"
                }
              ]
            },
            {
              "batter": "Rafiullah",
              "bowler": "K Bhurtel",
              "non_striker": "PS Athavale",
              "runs": {
                "batter": 1,
                "extras": 0,
                "total": 1
              }
            },
            {
              "batter": "PS Athavale",
              "bowler": "K Bhurtel",
              "non_striker": "Rafiullah",
              "runs": {
                "batter": 1,
                "extras": 0,
                "total": 1
              }
            },
            {
              "batter": "Rafiullah",
              "bowler": "K Bhurtel",
              "non_striker": "PS Athavale",
              "runs": {
                "batter": 6,
                "extras": 0,
                "total": 6
              }
            },
            {
              "batter": "Rafiullah",
              "bowler": "K Bhurtel",
              "non_striker": "PS Athavale",
              "runs": {
                "batter": 2,
                "extras": 0,
                "total": 2
              }
            }
          ]
        },
        {
          "over": 15,
          "deliveries": [
            {
              "batter": "PS Athavale",
              "bowler": "S Lamichhane",
              "non_striker": "Rafiullah",
              "runs": {
                "batter": 4,
                "extras": 0,
                "total": 4
              }
            },
            {
              "batter": "PS Athavale",
              "bowler": "S Lamichhane",
              "non_striker": "Rafiullah",
              "runs": {
                "batter": 2,
                "extras": 0,
                "total": 2
              }
            },
            {
              "batter": "PS Athavale",
              "bowler": "S Lamichhane",
              "non_striker": "Rafiullah",
              "runs": {
                "batter": 0,
                "extras": 0,
                "total": 0
              },
              "wickets": [
                {
                  "player_out": "PS Athavale",
                  "fielders": [
                    {
                      "name": "D Khanal"
                    }
                  ],
                  "kind": "caught"
                }
              ]
            },
            {
              "batter": "Shakeel Ahmed",
              "bowler": "S Lamichhane",
              "non_striker": "Rafiullah",
              "runs": {
                "batter": 0,
                "extras": 0,
                "total": 0
              }
            },
            {
              "batter": "Shakeel Ahmed",
              "bowler": "S Lamichhane",
              "non_striker": "Rafiullah",
              "runs": {
                "batter": 0,
                "extras": 0,
                "total": 0
              }
            },
            {
              "batter": "Shakeel Ahmed",
              "bowler": "S Lamichhane",
              "non_striker": "Rafiullah",
              "runs": {
                "batter": 0,
                "extras": 0,
                "total": 0
              }
            }
          ]
        },
        {
          "over": 16,
          "deliveries": [
            {
              "batter": "Rafiullah",
              "bowler": "Karan KC",
              "extras": {
                "legbyes": 1
              },
              "non_striker": "Shakeel Ahmed",
              "runs": {
                "batter": 0,
                "extras": 1,
                "total": 1
              }
            },
            {
              "batter": "Shakeel Ahmed",
              "bowler": "Karan KC",
              "non_striker": "Rafiullah",
              "runs": {
                "batter": 0,
                "extras": 0,
                "total": 0
              },
              "wickets": [
                {
                  "player_out": "Shakeel Ahmed",
                  "fielders": [
                    {
                      "name": "D Khanal"
                    }
                  ],
                  "kind": "caught"
                }
              ]
            },
            {
              "batter": "Fayyaz Butt",
              "bowler": "Karan KC",
              "non_striker": "Rafiullah",
              "runs": {
                "batter": 1,
                "extras": 0,
                "total": 1
              }
            },
            {
              "batter": "Rafiullah",
              "bowler": "Karan KC",
              "non_striker": "Fayyaz Butt",
              "runs": {
                "batter": 4,
                "extras": 0,
                "total": 4
              }
            },
            {
              "batter": "Rafiullah",
              "bowler": "Karan KC",
              "non_striker": "Fayyaz Butt",
              "runs": {
                "batter": 1,
                "extras": 0,
                "total": 1
              }
            },
            {
              "batter": "Fayyaz Butt",
              "bowler": "Karan KC",
              "non_striker": "Rafiullah",
              "runs": {
                "batter": 4,
                "extras": 0,
                "total": 4
              }
            }
          ]
        },
        {
          "over": 17,
          "deliveries": [
            {
              "batter": "Rafiullah",
              "bowler": "R Dhakal",
              "non_striker": "Fayyaz Butt",
              "runs": {
                "batter": 6,
                "extras": 0,
                "total": 6
              }
            },
            {
              "batter": "Rafiullah",
              "bowler": "R Dhakal",
              "non_striker": "Fayyaz Butt",
              "runs": {
                "batter": 1,
                "extras": 0,
                "total": 1
              }
            },
            {
              "batter": "Fayyaz Butt",
              "bowler": "R Dhakal",
              "non_striker": "Rafiullah",
              "runs": {
                "batter": 1,
                "extras": 0,
                "total": 1
              }
            },
            {
              "batter": "Rafiullah",
              "bowler": "R Dhakal",
              "non_striker": "Fayyaz Butt",
              "runs": {
                "batter": 0,
                "extras": 0,
                "total": 0
              }
            },
            {
              "batter": "Rafiullah",
              "bowler": "R Dhakal",
              "non_striker": "Fayyaz Butt",
              "runs": {
                "batter": 6,
                "extras": 0,
                "total": 6
              }
            },
            {
              "batter": "Rafiullah",
              "bowler": "R Dhakal",
              "non_striker": "Fayyaz Butt",
              "runs": {
                "batter": 6,
                "extras": 0,
                "total": 6
              }
            }
          ]
        },
        {
          "over": 18,
          "deliveries": [
            {
              "batter": "Fayyaz Butt",
              "bowler": "Karan KC",
              "non_striker": "Rafiullah",
              "runs": {
                "batter": 6,
                "extras": 0,
                "total": 6
              }
            },
            {
              "batter": "Fayyaz Butt",
              "bowler": "Karan KC",
              "non_striker": "Rafiullah",
              "runs": {
                "batter": 4,
                "extras": 0,
                "total": 4
              }
            },
            {
              "batter": "Fayyaz Butt",
              "bowler": "Karan KC",
              "non_striker": "Rafiullah",
              "runs": {
                "batter": 1,
                "extras": 0,
                "total": 1
              }
            },
            {
              "batter": "Rafiullah",
              "bowler": "Karan KC",
              "non_striker": "Fayyaz Butt",
              "runs": {
                "batter": 0,
                "extras": 0,
                "total": 0
              },
              "wickets": [
                {
                  "player_out": "Rafiullah",
                  "fielders": [
                    {
                      "name": "S Lamichhane"
                    }
                  ],
                  "kind": "caught"
                }
              ]
            },
            {
              "batter": "Kaleemullah",
              "bowler": "Karan KC",
              "non_striker": "Fayyaz Butt",
              "runs": {
                "batter": 0,
                "extras": 0,
                "total": 0
              }
            },
            {
              "batter": "Kaleemullah",
              "bowler": "Karan KC",
              "extras": {
                "wides": 1
              },
              "non_striker": "Fayyaz Butt",
              "runs": {
                "batter": 0,
                "extras": 1,
                "total": 1
              }
            },
            {
              "batter": "Kaleemullah",
              "bowler": "Karan KC",
              "non_striker": "Fayyaz Butt",
              "runs": {
                "batter": 1,
                "extras": 0,
                "total": 1
              }
            }
          ]
        },
        {
          "over": 19,
          "deliveries": [
            {
              "batter": "Kaleemullah",
              "bowler": "Gulsan Jha",
              "non_striker": "Fayyaz Butt",
              "runs": {
                "batter": 0,
                "extras": 0,
                "total": 0
              },
              "wickets": [
                {
                  "player_out": "Kaleemullah",
                  "fielders": [
                    {
                      "name": "AK Sah"
                    }
                  ],
                  "kind": "caught"
                }
              ]
            }
          ]
        }
      ],
      "powerplays": [
        {
          "from": 0.1,
          "to": 5.6,
          "type": "mandatory"
        }
      ],
      "target": {
        "overs": 20,
        "runs": 177
      }
    }
  ]
}