{
  "meta": {
    "data_version": "1.1.0",
    "created": "2024-11-24",
    "revision": 1
  },
  "info": {
    "balls_per_over": 6,
    "city": "Lagos",
    "dates": [
      "2024-11-24"
    ],
    "event": {
      "name": "ICC Men's T20 World Cup Sub Regional Africa Qualifier Group C",
      "match_number": 6
    },
    "gender": "male",
    "match_type": "T20",
    "match_type_number": 2978,
    "officials": {
      "match_referees": [
        "O Chirombe"
      ],
      "reserve_umpires": [
        "S Dambanevana"
      ],
      "umpires": [
        "Aasif Iqbal",
        "A Louw"
      ]
    },
    "outcome": {
      "winner": "Eswatini",
      "by": {
        "runs": 48
      }
    },
    "overs": 20,
    "player_of_match": [
      "Adil Butt"
    ],
    "players": {
      "Eswatini": [
        "Adil Butt",
        "Muhammad Amin",
        "J Suleman",
        "T Sandeep",
        "M Khojbariya",
        "Umair Qasim",
        "M Jele",
        "R Sandeep",
        "M Magagula",
        "S Jele",
        "TW Dlamini"
      ],
      "St Helena": [
        "S Crowie",
        "A Yon",
        "D Young",
        "R Francis",
        "J Essex",
        "B Isaac",
        "AR Leo",
        "J Thomas",
        "CR Richards",
        "B Leo",
        "BK Stroud"
      ]
    },
    "registry": {
      "people": {
        "A Louw": "5eecae5d",
        "A Yon": "99bf1fb7",
        "AR Leo": "e13f8b16",
        "Aasif Iqbal": "42c41e1a",
        "Adil Butt": "fde53ec1",
        "B Isaac": "2c14421f",
        "B Leo": "740a5494",
        "BK Stroud": "6577a6ad",
        "CR Richards": "c10a581f",
        "D Young": "5d9d83e6",
        "J Essex": "84012d7f",
        "J Suleman": "cacd240a",
        "J Thomas": "11b785d6",
        "M Jele": "1a8cedc8",
        "M Khojbariya": "e1631e47",
        "M Magagula": "7a787b98",
        "Muhammad Amin": "ce9ce42f",
        "O Chirombe": "6345307f",
        "R Francis": "06b766f4",
        "R Sandeep": "175937f6",
        "S Crowie": "4040951f",
        "S Dambanevana": "039923bd",
        "S Jele": "1c5c65d6",
        "T Sandeep": "b794a78d",
        "TW Dlamini": "a1cdd009",
        "Umair Qasim": "e086735b"
      }
    },
    "season": "2024/25",
    "team_type": "international",
    "teams": [
      "Eswatini",
      "St Helena"
    ],
    "toss": {
      "decision": "bat",
      "winner": "Eswatini"
    },
    "venue": "University of Lagos Cricket Oval"
  },
  "innings": [
    {
      "team": "Eswatini",
      "overs": [
        {
          "over": 0,
          "deliveries": [
            {
              "batter": "Adil Butt",
              "bowler": "R Francis",
              "extras": {
                "wides": 1
              },
              "non_striker": "Muhammad Amin",
              "runs": {
                "batter": 0,
                "extras": 1,
                "total": 1
              }
            },
            {
              "batter": "Adil Butt",
              "bowler": "R Francis",
              "non_striker": "Muhammad Amin",
              "runs": {
                "batter": 0,
                "extras": 0,
                "total": 0
              }
            },
            {
              "batter": "Adil Butt",
              "bowler": "R Francis",
              "non_striker": "Muhammad Amin",
              "runs": {
                "batter": 0,
                "extras": 0,
                "total": 0
              }
            },
            {
              "batter": "Adil Butt",
              "bowler": "R Francis",
              "non_striker": "Muhammad Amin",
              "runs": {
                "batter": 6,
                "extras": 0,
                "total": 6
              }
            },
            {
              "batter": "Adil Butt",
              "bowler": "R Francis",
              "non_striker": "Muhammad Amin",
              "runs": {
                "batter": 1,
                "extras": 0,
                "total": 1
              }
            },
            {
              "batter": "Muhammad Amin",
              "bowler": "R Francis",
              "non_striker": "Adil Butt",
              "runs": {
                "batter": 0,
                "extras": 0,
                "total": 0
              }
            },
            {
              "batter": "Muhammad Amin",
              "bowler": "R Francis",
              "non_striker": "Adil Butt",
              "runs": {
                "batter": 0,
                "extras": 0,
                "total": 0
              }
            }
          ]
        },
        {
          "over": 1,
          "deliveries": [
            {
              "batter": "Adil Butt",
              "bowler": "BK Stroud",
              "extras": {
                "wides": 1
              },
              "non_striker": "Muhammad Amin",
              "runs": {
                "batter": 0,
                "extras": 1,
                "total": 1
              }
            },
            {
              "batter": "Adil Butt",
              "bowler": "BK Stroud",
              "non_striker": "Muhammad Amin",
              "runs": {
                "batter": 0,
                "extras": 0,
                "total": 0
              }
            },
            {
              "batter": "Adil Butt",
              "bowler": "BK Stroud",
              "non_striker": "Muhammad Amin",
              "runs": {
                "batter": 0,
                "extras": 0,
                "total": 0
              }
            },
            {
              "batter": "Adil Butt",
              "bowler": "BK Stroud",
              "non_striker": "Muhammad Amin",
              "runs": {
                "batter": 2,
                "extras": 0,
                "total": 2
              }
            },
            {
              "batter": "Adil Butt",
              "bowler": "BK Stroud",
              "non_striker": "Muhammad Amin",
              "runs": {
                "batter": 3,
                "extras": 0,
                "total": 3
              }
            },
            {
              "batter": "Muhammad Amin",
              "bowler": "BK Stroud",
              "non_striker": "Adil Butt",
              "runs": {
                "batter": 4,
                "extras": 0,
                "total": 4
              }
            },
            {
              "batter": "Muhammad Amin",
              "bowler": "BK Stroud",
              "non_striker": "Adil Butt",
              "runs": {
                "batter": 0,
                "extras": 0,
                "total": 0
              }
            }
          ]
        },
        {
          "over": 2,
          "deliveries": [
            {
              "batter": "Adil Butt",
              "bowler": "R Francis",
              "non_striker": "Muhammad Amin",
              "runs": {
                "batter": 0,
                "extras": 0,
                "total": 0
              }
            },
            {
              "batter": "Adil Butt",
              "bowler": "R Francis",
              "non_striker": "Muhammad Amin",
              "runs": {
                "batter": 2,
                "extras": 0,
                "total": 2
              }
            },
            {
              "batter": "Adil Butt",
              "bowler": "R Francis",
              "non_striker": "Muhammad Amin",
              "runs": {
                "batter": 0,
                "extras": 0,
                "total": 0
              }
            },
            {
              "batter": "Adil Butt",
              "bowler": "R Francis",
              "non_striker": "Muhammad Amin",
              "runs": {
                "batter": 4,
                "extras": 0,
                "total": 4
              }
            },
            {
              "batter": "Adil Butt",
              "bowler": "R Francis",
              "non_striker": "Muhammad Amin",
              "runs": {
                "batter": 0,
                "extras": 0,
                "total": 0
              }
            },
            {
              "batter": "Adil Butt",
              "bowler": "R Francis",
              "non_striker": "Muhammad Amin",
              "runs": {
                "batter": 4,
                "extras": 0,
                "total": 4
              }
            }
          ]
        },
        {
          "over": 3,
          "deliveries": [
            {
              "batter": "Muhammad Amin",
              "bowler": "BK Stroud",
              "non_striker": "Adil Butt",
              "runs": {
                "batter": 0,
                "extras": 0,
                "total": 0
              }
            },
            {
              "batter": "Muhammad Amin",
              "bowler": "BK Stroud",
              "non_striker": "Adil Butt",
              "runs": {
                "batter": 0,
                "extras": 0,
                "total": 0
              },
              "wickets": [
                {
                  "player_out": "Muhammad Amin",
                  "kind": "bowled"
                }
              ]
            },
            {
              "batter": "J Suleman",
              "bowler": "BK Stroud",
              "non_striker": "Adil Butt",
              "runs": {
                "batter": 3,
                "extras": 0,
                "total": 3
              }
            },
            {
              "batter": "Adil Butt",
              "bowler": "BK Stroud",
              "non_striker": "J Suleman",
              "runs": {
                "batter": 0,
                "extras": 0,
                "total": 0
              }
            },
            {
              "batter": "Adil Butt",
              "bowler": "BK Stroud",
              "non_striker": "J Suleman",
              "runs": {
                "batter": 0,
                "extras": 0,
                "total": 0
              }
            },
            {
              "batter": "Adil Butt",
              "bowler": "BK Stroud",
              "non_striker": "J Suleman",
              "runs": {
                "batter": 2,
                "extras": 0,
                "total": 2
              }
            }
          ]
        },
        {
          "over": 4,
          "deliveries": [
            {
              "batter": "J Suleman",
              "bowler": "B Isaac",
              "non_striker": "Adil Butt",
              "runs": {
                "batter": 0,
                "extras": 0,
                "total": 0
              }
            },
            {
              "batter": "J Suleman",
              "bowler": "B Isaac",
              "non_striker": "Adil Butt",
              "runs": {
                "batter": 0,
                "extras": 0,
                "total": 0
              }
            },
            {
              "batter": "J Suleman",
              "bowler": "B Isaac",
              "non_striker": "Adil Butt",
              "runs": {
                "batter": 0,
                "extras": 0,
                "total": 0
              }
            },
            {
              "batter": "J Suleman",
              "bowler": "B Isaac",
              "non_striker": "Adil Butt",
              "runs": {
                "batter": 0,
                "extras": 0,
                "total": 0
              }
            },
            {
              "batter": "J Suleman",
              "bowler": "B Isaac",
              "non_striker": "Adil Butt",
              "runs": {
                "batter": 0,
                "extras": 0,
                "total": 0
              }
            },
            {
              "batter": "J Suleman",
              "bowler": "B Isaac",
              "non_striker": "Adil Butt",
              "runs": {
                "batter": 1,
                "extras": 0,
                "total": 1
              }
            }
          ]
        },
        {
          "over": 5,
          "deliveries": [
            {
              "batter": "J Suleman",
              "bowler": "BK Stroud",
              "non_striker": "Adil Butt",
              "runs": {
                "batter": 0,
                "extras": 0,
                "total": 0
              }
            },
            {
              "batter": "J Suleman",
              "bowler": "BK Stroud",
              "non_striker": "Adil Butt",
              "runs": {
                "batter": 4,
                "extras": 0,
                "total": 4
              }
            },
            {
              "batter": "J Suleman",
              "bowler": "BK Stroud",
              "non_striker": "Adil Butt",
              "runs": {
                "batter": 6,
                "extras": 0,
                "total": 6
              }
            },
            {
              "batter": "J Suleman",
              "bowler": "BK Stroud",
              "non_striker": "Adil Butt",
              "runs": {
                "batter": 1,
                "extras": 0,
                "total": 1
              }
            },
            {
              "batter": "Adil Butt",
              "bowler": "BK Stroud",
              "non_striker": "J Suleman",
              "runs": {
                "batter": 4,
                "extras": 0,
                "total": 4
              }
            },
            {
              "batter": "Adil Butt",
              "bowler": "BK Stroud",
              "non_striker": "J Suleman",
              "runs": {
                "batter": 1,
                "extras": 0,
                "total": 1
              }
            }
          ]
        },
        {
          "over": 6,
          "deliveries": [
            {
              "batter": "Adil Butt",
              "bowler": "B Isaac",
              "non_striker": "J Suleman",
              "runs": {
                "batter": 0,
                "extras": 0,
                "total": 0
              }
            },
            {
              "batter": "Adil Butt",
              "bowler": "B Isaac",
              "non_striker": "J Suleman",
              "runs": {
                "batter": 1,
                "extras": 0,
                "total": 1
              }
            },
            {
              "batter": "J Suleman",
              "bowler": "B Isaac",
              "non_striker": "Adil Butt",
              "runs": {
                "batter": 0,
                "extras": 0,
                "total": 0
              }
            },
            {
              "batter": "J Suleman",
              "bowler": "B Isaac",
              "extras": {
                "wides": 1
              },
              "non_striker": "Adil Butt",
              "runs": {
                "batter": 0,
                "extras": 1,
                "total": 1
              }
            },
            {
              "batter": "J Suleman",
              "bowler": "B Isaac",
              "non_striker": "Adil Butt",
              "runs": {
                "batter": 1,
                "extras": 0,
                "total": 1
              }
            },
            {
              "batter": "Adil Butt",
              "bowler": "B Isaac",
              "non_striker": "J Suleman",
              "runs": {
                "batter": 6,
                "extras": 0,
                "total": 6
              }
            },
            {
              "batter": "Adil Butt",
              "bowler": "B Isaac",
              "non_striker": "J Suleman",
              "runs": {
                "batter": 4,
                "extras": 0,
                "total": 4
              }
            }
          ]
        },
        {
          "over": 7,
          "deliveries": [
            {
              "batter": "J Suleman",
              "bowler": "A Yon",
              "non_striker": "Adil Butt",
              "runs": {
                "batter": 0,
                "extras": 0,
                "total": 0
              }
            },
            {
              "batter": "J Suleman",
              "bowler": "A Yon",
              "non_striker": "Adil Butt",
              "runs": {
                "batter": 0,
                "extras": 0,
                "total": 0
              }
            },
            {
              "batter": "J Suleman",
              "bowler": "A Yon",
              "non_striker": "Adil Butt",
              "runs": {
                "batter": 0,
                "extras": 0,
                "total": 0
              },
              "wickets": [
                {
                  "player_out": "J Suleman",
                  "kind": "bowled"
                }
              ]
            },
            {
              "batter": "T Sandeep",
              "bowler": "A Yon",
              "non_striker": "Adil Butt",
              "runs": {
                "batter": 1,
                "extras": 0,
                "total": 1
              }
            },
            {
              "batter": "Adil Butt",
              "bowler": "A Yon",
              "non_striker": "T Sandeep",
              "runs": {
                "batter": 1,
                "extras": 0,
                "total": 1
              }
            },
            {
              "batter": "T Sandeep",
              "bowler": "A Yon",
              "non_striker": "Adil Butt",
              "runs": {
                "batter": 0,
                "extras": 0,
                "total": 0
              }
            }
          ]
        },
        {
          "over": 8,
          "deliveries": [
            {
              "batter": "Adil Butt",
              "bowler": "B Leo",
              "non_striker": "T Sandeep",
              "runs": {
                "batter": 2,
                "extras": 0,
                "total": 2
              }
            },
            {
              "batter": "Adil Butt",
              "bowler": "B Leo",
              "non_striker": "T Sandeep",
              "runs": {
                "batter": 4,
                "extras": 0,
                "total": 4
              }
            },
            {
              "batter": "Adil Butt",
              "bowler": "B Leo",
              "non_striker": "T Sandeep",
              "runs": {
                "batter": 1,
                "extras": 0,
                "total": 1
              }
            },
            {
              "batter": "T Sandeep",
              "bowler": "B Leo",
              "non_striker": "Adil Butt",
              "runs": {
                "batter": 0,
                "extras": 0,
                "total": 0
              }
            },
            {
              "batter": "T Sandeep",
              "bowler": "B Leo",
              "non_striker": "Adil Butt",
              "runs": {
                "batter": 1,
                "extras": 0,
                "total": 1
              }
            },
            {
              "batter": "Adil Butt",
              "bowler": "B Leo",
              "non_striker": "T Sandeep",
              "runs": {
                "batter": 0,
                "extras": 0,
                "total": 0
              }
            }
          ]
        },
        {
          "over": 9,
          "deliveries": [
            {
              "batter": "T Sandeep",
              "bowler": "A Yon",
              "non_striker": "Adil Butt",
              "runs": {
                "batter": 0,
                "extras": 0,
                "total": 0
              }
            },
            {
              "batter": "T Sandeep",
              "bowler": "A Yon",
              "non_striker": "Adil Butt",
              "runs": {
                "batter": 0,
                "extras": 0,
                "total": 0
              }
            },
            {
              "batter": "T Sandeep",
              "bowler": "A Yon",
              "non_striker": "Adil Butt",
              "runs": {
                "batter": 1,
                "extras": 0,
                "total": 1
              }
            },
            {
              "batter": "Adil Butt",
              "bowler": "A Yon",
              "non_striker": "T Sandeep",
              "runs": {
                "batter": 2,
                "extras": 0,
                "total": 2
              }
            },
            {
              "batter": "Adil Butt",
              "bowler": "A Yon",
              "non_striker": "T Sandeep",
              "runs": {
                "batter": 1,
                "extras": 0,
                "total": 1
              }
            },
            {
              "batter": "T Sandeep",
              "bowler": "A Yon",
              "non_striker": "Adil Butt",
              "runs": {
                "batter": 1,
                "extras": 0,
                "total": 1
              }
            }
          ]
        },
        {
          "over": 10,
          "deliveries": [
            {
              "batter": "T Sandeep",
              "bowler": "B Leo",
              "non_striker": "Adil Butt",
              "runs": {
                "batter": 0,
                "extras": 0,
                "total": 0
              }
            },
            {
              "batter": "T Sandeep",
              "bowler": "B Leo",
              "non_striker": "Adil Butt",
              "runs": {
                "batter": 0,
                "extras": 0,
                "total": 0
              }
            },
            {
              "batter": "T Sandeep",
              "bowler": "B Leo",
              "extras": {
                "legbyes": 1
              },
              "non_striker": "Adil Butt",
              "runs": {
                "batter": 0,
                "extras": 1,
                "total": 1
              }
            },
            {
              "batter": "Adil Butt",
              "bowler": "B Leo",
              "non_striker": "T Sandeep",
              "runs": {
                "batter": 1,
                "extras": 0,
                "total": 1
              }
            },
            {
              "batter": "T Sandeep",
              "bowler": "B Leo",
              "non_striker": "Adil Butt",
              "runs": {
                "batter": 0,
                "extras": 0,
                "total": 0
              },
              "wickets": [
                {
                  "player_out": "T Sandeep",
                  "kind": "bowled"
                }
              ]
            },
            {
              "batter": "M Khojbariya",
              "bowler": "B Leo",
              "non_striker": "Adil Butt",
              "runs": {
                "batter": 0,
                "extras": 0,
                "total": 0
              }
            }
          ]
        },
        {
          "over": 11,
          "deliveries": [
            {
              "batter": "Adil Butt",
              "bowler": "A Yon",
              "non_striker": "M Khojbariya",
              "runs": {
                "batter": 1,
                "extras": 0,
                "total": 1
              }
            },
            {
              "batter": "M Khojbariya",
              "bowler": "A Yon",
              "extras": {
                "wides": 2
              },
              "non_striker": "Adil Butt",
              "runs": {
                "batter": 0,
                "extras": 2,
                "total": 2
              }
            },
            {
              "batter": "Adil Butt",
              "bowler": "A Yon",
              "non_striker": "M Khojbariya",
              "runs": {
                "batter": 0,
                "extras": 0,
                "total": 0
              }
            },
            {
              "batter": "Adil Butt",
              "bowler": "A Yon",
              "non_striker": "M Khojbariya",
              "runs": {
                "batter": 4,
                "extras": 0,
                "total": 4
              }
            },
            {
              "batter": "Adil Butt",
              "bowler": "A Yon",
              "non_striker": "M Khojbariya",
              "runs": {
                "batter": 2,
                "extras": 0,
                "total": 2
              }
            },
            {
              "batter": "Adil Butt",
              "bowler": "A Yon",
              "non_striker": "M Khojbariya",
              "runs": {
                "batter": 1,
                "extras": 0,
                "total": 1
              }
            },
            {
              "batter": "M Khojbariya",
              "bowler": "A Yon",
              "non_striker": "Adil Butt",
              "runs": {
                "batter": 1,
                "extras": 0,
                "total": 1
              }
            }
          ]
        },
        {
          "over": 12,
          "deliveries": [
            {
              "batter": "M Khojbariya",
              "bowler": "B Leo",
              "non_striker": "Adil Butt",
              "runs": {
                "batter": 4,
                "extras": 0,
                "total": 4
              }
            },
            {
              "batter": "M Khojbariya",
              "bowler": "B Leo",
              "non_striker": "Adil Butt",
              "runs": {
                "batter": 2,
                "extras": 0,
                "total": 2
              }
            },
            {
              "batter": "M Khojbariya",
              "bowler": "B Leo",
              "non_striker": "Adil Butt",
              "runs": {
                "batter": 4,
                "extras": 0,
                "total": 4
              }
            },
            {
              "batter": "M Khojbariya",
              "bowler": "B Leo",
              "non_striker": "Adil Butt",
              "runs": {
                "batter": 4,
                "extras": 0,
                "total": 4
              }
            },
            {
              "batter": "M Khojbariya",
              "bowler": "B Leo",
              "non_striker": "Adil Butt",
              "runs": {
                "batter": 0,
                "extras": 0,
                "total": 0
              }
            },
            {
              "batter": "M Khojbariya",
              "bowler": "B Leo",
              "non_striker": "Adil Butt",
              "runs": {
                "batter": 0,
                "extras": 0,
                "total": 0
              }
            }
          ]
        },
        {
          "over": 13,
          "deliveries": [
            {
              "batter": "Adil Butt",
              "bowler": "A Yon",
              "non_striker": "M Khojbariya",
              "runs": {
                "batter": 4,
                "extras": 0,
                "total": 4
              }
            },
            {
              "batter": "Adil Butt",
              "bowler": "A Yon",
              "non_striker": "M Khojbariya",
              "runs": {
                "batter": 4,
                "extras": 0,
                "total": 4
              }
            },
            {
              "batter": "Adil Butt",
              "bowler": "A Yon",
              "non_striker": "M Khojbariya",
              "runs": {
                "batter": 0,
                "extras": 0,
                "total": 0
              }
            },
            {
              "batter": "Adil Butt",
              "bowler": "A Yon",
              "non_striker": "M Khojbariya",
              "runs": {
                "batter": 1,
                "extras": 0,
                "total": 1
              }
            },
            {
              "batter": "M Khojbariya",
              "bowler": "A Yon",
              "extras": {
                "wides": 1
              },
              "non_striker": "Adil Butt",
              "runs": {
                "batter": 0,
                "extras": 1,
                "total": 1
              }
            },
            {
              "batter": "M Khojbariya",
              "bowler": "A Yon",
              "non_striker": "Adil Butt",
              "runs": {
                "batter": 4,
                "extras": 0,
                "total": 4
              }
            },
            {
              "batter": "M Khojbariya",
              "bowler": "A Yon",
              "non_striker": "Adil Butt",
              "runs": {
                "batter": 1,
                "extras": 0,
                "total": 1
              }
            }
          ]
        },
        {
          "over": 14,
          "deliveries": [
            {
              "batter": "M Khojbariya",
              "bowler": "B Leo",
              "non_striker": "Adil Butt",
              "runs": {
                "batter": 0,
                "extras": 0,
                "total": 0
              }
            },
            {
              "batter": "M Khojbariya",
              "bowler": "B Leo",
              "non_striker": "Adil Butt",
              "runs": {
                "batter": 2,
                "extras": 0,
                "total": 2
              }
            },
            {
              "batter": "M Khojbariya",
              "bowler": "B Leo",
              "non_striker": "Adil Butt",
              "runs": {
                "batter": 1,
                "extras": 0,
                "total": 1
              }
            },
            {
              "batter": "Adil Butt",
              "bowler": "B Leo",
              "non_striker": "M Khojbariya",
              "runs": {
                "batter": 6,
                "extras": 0,
                "total": 6
              }
            },
            {
              "batter": "Adil Butt",
              "bowler": "B Leo",
              "non_striker": "M Khojbariya",
              "runs": {
                "batter": 6,
                "extras": 0,
                "total": 6
              }
            },
            {
              "batter": "Adil Butt",
              "bowler": "B Leo",
              "non_striker": "M Khojbariya",
              "runs": {
                "batter": 0,
                "extras": 0,
                "total": 0
              },
              "wickets": [
                {
                  "player_out": "Adil Butt",
                  "fielders": [
                    {
                      "name": "R Francis"
                    }
                  ],
                  "kind": "caught"
                }
              ]
            }
          ]
        },
        {
          "over": 15,
          "deliveries": [
            {
              "batter": "M Khojbariya",
              "bowler": "AR Leo",
              "non_striker": "Umair Qasim",
              "runs": {
                "batter": 0,
                "extras": 0,
                "total": 0
              }
            },
            {
              "batter": "M Khojbariya",
              "bowler": "AR Leo",
              "non_striker": "Umair Qasim",
              "runs": {
                "batter": 1,
                "extras": 0,
                "total": 1
              }
            },
            {
              "batter": "Umair Qasim",
              "bowler": "AR Leo",
              "extras": {
                "legbyes": 2
              },
              "non_striker": "M Khojbariya",
              "runs": {
                "batter": 0,
                "extras": 2,
                "total": 2
              }
            },
            {
              "batter": "Umair Qasim",
              "bowler": "AR Leo",
              "non_striker": "M Khojbariya",
              "runs": {
                "batter": 0,
                "extras": 0,
                "total": 0
              }
            },
            {
              "batter": "Umair Qasim",
              "bowler": "AR Leo",
              "non_striker": "M Khojbariya",
              "runs": {
                "batter": 1,
                "extras": 0,
                "total": 1
              }
            },
            {
              "batter": "M Khojbariya",
              "bowler": "AR Leo",
              "non_striker": "Umair Qasim",
              "runs": {
                "batter": 3,
                "extras": 0,
                "total": 3
              }
            }
          ]
        },
        {
          "over": 16,
          "deliveries": [
            {
              "batter": "M Khojbariya",
              "bowler": "J Thomas",
              "non_striker": "Umair Qasim",
              "runs": {
                "batter": 1,
                "extras": 0,
                "total": 1
              }
            },
            {
              "batter": "Umair Qasim",
              "bowler": "J Thomas",
              "non_striker": "M Khojbariya",
              "runs": {
                "batter": 1,
                "extras": 0,
                "total": 1
              }
            },
            {
              "batter": "M Khojbariya",
              "bowler": "J Thomas",
              "non_striker": "Umair Qasim",
              "runs": {
                "batter": 4,
                "extras": 0,
                "total": 4
              }
            },
            {
              "batter": "M Khojbariya",
              "bowler": "J Thomas",
              "non_striker": "Umair Qasim",
              "runs": {
                "batter": 2,
                "extras": 0,
                "total": 2
              }
            },
            {
              "batter": "M Khojbariya",
              "bowler": "J Thomas",
              "non_striker": "Umair Qasim",
              "runs": {
                "batter": 2,
                "extras": 0,
                "total": 2
              }
            },
            {
              "batter": "M Khojbariya",
              "bowler": "J Thomas",
              "non_striker": "Umair Qasim",
              "runs": {
                "batter": 1,
                "extras": 0,
                "total": 1
              }
            }
          ]
        },
        {
          "over": 17,
          "deliveries": [
            {
              "batter": "M Khojbariya",
              "bowler": "AR Leo",
              "non_striker": "Umair Qasim",
              "runs": {
                "batter": 2,
                "extras": 0,
                "total": 2
              }
            },
            {
              "batter": "M Khojbariya",
              "bowler": "AR Leo",
              "non_striker": "Umair Qasim",
              "runs": {
                "batter": 4,
                "extras": 0,
                "total": 4
              }
            },
            {
              "batter": "M Khojbariya",
              "bowler": "AR Leo",
              "non_striker": "Umair Qasim",
              "runs": {
                "batter": 1,
                "extras": 0,
                "total": 1
              }
            },
            {
              "batter": "Umair Qasim",
              "bowler": "AR Leo",
              "non_striker": "M Khojbariya",
              "runs": {
                "batter": 1,
                "extras": 0,
                "total": 1
              }
            },
            {
              "batter": "M Khojbariya",
              "bowler": "AR Leo",
              "non_striker": "Umair Qasim",
              "runs": {
                "batter": 1,
                "extras": 0,
                "total": 1
              }
            },
            {
              "batter": "Umair Qasim",
              "bowler": "AR Leo",
              "non_striker": "M Khojbariya",
              "runs": {
                "batter": 1,
                "extras": 0,
                "total": 1
              }
            }
          ]
        },
        {
          "over": 18,
          "deliveries": [
            {
              "batter": "Umair Qasim",
              "bowler": "J Thomas",
              "non_striker": "M Khojbariya",
              "runs": {
                "batter": 0,
                "extras": 0,
                "total": 0
              }
            },
            {
              "batter": "Umair Qasim",
              "bowler": "J Thomas",
              "extras": {
                "byes": 4
              },
              "non_striker": "M Khojbariya",
              "runs": {
                "batter": 0,
                "extras": 4,
                "total": 4
              }
            },
            {
              "batter": "Umair Qasim",
              "bowler": "J Thomas",
              "non_striker": "M Khojbariya",
              "runs": {
                "batter": 4,
                "extras": 0,
                "total": 4
              }
            },
            {
              "batter": "Umair Qasim",
              "bowler": "J Thomas",
              "non_striker": "M Khojbariya",
              "runs": {
                "batter": 0,
                "extras": 0,
                "total": 0
              },
              "wickets": [
                {
                  "player_out": "Umair Qasim",
                  "kind": "bowled"
                }
              ]
            },
            {
              "batter": "M Jele",
              "bowler": "J Thomas",
              "non_striker": "M Khojbariya",
              "runs": {
                "batter": 0,
                "extras": 0,
                "total": 0
              }
            },
            {
              "batter": "M Jele",
              "bowler": "J Thomas",
              "non_striker": "M Khojbariya",
              "runs": {
                "batter": 0,
                "extras": 0,
                "total": 0
              }
            }
          ]
        },
        {
          "over": 19,
          "deliveries": [
            {
              "batter": "M Khojbariya",
              "bowler": "AR Leo",
              "non_striker": "M Jele",
              "runs": {
                "batter": 1,
                "extras": 0,
                "total": 1
              }
            },
            {
              "batter": "M Jele",
              "bowler": "AR Leo",
              "non_striker": "M Khojbariya",
              "runs": {
                "batter": 0,
                "extras": 0,
                "total": 0
              },
              "wickets": [
                {
                  "player_out": "M Jele",
                  "fielders": [
                    {
                      "name": "B Isaac"
                    }
                  ],
                  "kind": "caught"
                }
              ]
            },
            {
              "batter": "R Sandeep",
              "bowler": "AR Leo",
              "non_striker": "M Khojbariya",
              "runs": {
                "batter": 0,
                "extras": 0,
                "total": 0
              },
              "wickets": [
                {
                  "player_out": "R Sandeep",
                  "kind": "bowled"
                }
              ]
            },
            {
              "batter": "M Magagula",
              "bowler": "AR Leo",
              "non_striker": "M Khojbariya",
              "runs": {
                "batter": 0,
                "extras": 0,
                "total": 0
              },
              "wickets": [
                {
                  "player_out": "M Magagula",
                  "fielders": [
                    {
                      "name": "S Crowie"
                    },
                    {
                      "name": "AR Leo"
                    }
                  ],
                  "kind": "run out"
                }
              ]
            },
            {
              "batter": "S Jele",
              "bowler": "AR Leo",
              "non_striker": "M Khojbariya",
              "runs": {
                "batter": 1,
                "extras": 0,
                "total": 1
              }
            },
            {
              "batter": "M Khojbariya",
              "bowler": "AR Leo",
              "non_striker": "S Jele",
              "runs": {
                "batter": 0,
                "extras": 0,
                "total": 0
              },
              "wickets": [
                {
                  "player_out": "S Jele",
                  "fielders": [
                    {
                      "name": "AR Leo"
                    }
                  ],
                  "kind": "run out"
                }
              ]
            }
          ]
        }
      ],
      "powerplays": [
        {
          "from": 0.1,
          "to": 5.6,
          "type": "mandatory"
        }
      ]
    },
    {
      "team": "St Helena",
      "overs": [
        {
          "over": 0,
          "deliveries": [
            {
              "batter": "S Crowie",
              "bowler": "Adil Butt",
              "extras": {
                "wides": 1
              },
              "non_striker": "A Yon",
              "runs": {
                "batter": 0,
                "extras": 1,
                "total": 1
              }
            },
            {
              "batter": "S Crowie",
              "bowler": "Adil Butt",
              "non_striker": "A Yon",
              "runs": {
                "batter": 0,
                "extras": 0,
                "total": 0
              }
            },
            {
              "batter": "S Crowie",
              "bowler": "Adil Butt",
              "non_striker": "A Yon",
              "runs": {
                "batter": 1,
                "extras": 0,
                "total": 1
              }
            },
            {
              "batter": "A Yon",
              "bowler": "Adil Butt",
              "non_striker": "S Crowie",
              "runs": {
                "batter": 0,
                "extras": 0,
                "total": 0
              }
            },
            {
              "batter": "A Yon",
              "bowler": "Adil Butt",
              "non_striker": "S Crowie",
              "runs": {
                "batter": 2,
                "extras": 0,
                "total": 2
              }
            },
            {
              "batter": "A Yon",
              "bowler": "Adil Butt",
              "non_striker": "S Crowie",
              "runs": {
                "batter": 0,
                "extras": 0,
                "total": 0
              }
            },
            {
              "batter": "A Yon",
              "bowler": "Adil Butt",
              "non_striker": "S Crowie",
              "runs": {
                "batter": 4,
                "extras": 0,
                "total": 4
              }
            }
          ]
        },
        {
          "over": 1,
          "deliveries": [
            {
              "batter": "S Crowie",
              "bowler": "M Jele",
              "extras": {
                "wides": 2
              },
              "non_striker": "A Yon",
              "runs": {
                "batter": 0,
                "extras": 2,
                "total": 2
              }
            },
            {
              "batter": "A Yon",
              "bowler": "M Jele",
              "non_striker": "S Crowie",
              "runs": {
                "batter": 0,
                "extras": 0,
                "total": 0
              }
            },
            {
              "batter": "A Yon",
              "bowler": "M Jele",
              "non_striker": "S Crowie",
              "runs": {
                "batter": 1,
                "extras": 0,
                "total": 1
              }
            },
            {
              "batter": "S Crowie",
              "bowler": "M Jele",
              "non_striker": "A Yon",
              "runs": {
                "batter": 0,
                "extras": 0,
                "total": 0
              }
            },
            {
              "batter": "S Crowie",
              "bowler": "M Jele",
              "extras": {
                "noballs": 1
              },
              "non_striker": "A Yon",
              "runs": {
                "batter": 1,
                "extras": 1,
                "total": 2
              }
            },
            {
              "batter": "A Yon",
              "bowler": "M Jele",
              "extras": {
                "wides": 2
              },
              "non_striker": "S Crowie",
              "runs": {
                "batter": 0,
                "extras": 2,
                "total": 2
              }
            },
            {
              "batter": "S Crowie",
              "bowler": "M Jele",
              "extras": {
                "wides": 1
              },
              "non_striker": "A Yon",
              "runs": {
                "batter": 0,
                "extras": 1,
                "total": 1
              }
            },
            {
              "batter": "S Crowie",
              "bowler": "M Jele",
              "extras": {
                "wides": 1
              },
              "non_striker": "A Yon",
              "runs": {
                "batter": 0,
                "extras": 1,
                "total": 1
              }
            },
            {
              "batter": "S Crowie",
              "bowler": "M Jele",
              "non_striker": "A Yon",
              "runs": {
                "batter": 0,
                "extras": 0,
                "total": 0
              }
            },
            {
              "batter": "S Crowie",
              "bowler": "M Jele",
              "non_striker": "A Yon",
              "runs": {
                "batter": 1,
                "extras": 0,
                "total": 1
              }
            },
            {
              "batter": "A Yon",
              "bowler": "M Jele",
              "non_striker": "S Crowie",
              "runs": {
                "batter": 0,
                "extras": 0,
                "total": 0
              }
            }
          ]
        },
        {
          "over": 2,
          "deliveries": [
            {
              "batter": "S Crowie",
              "bowler": "Adil Butt",
              "non_striker": "A Yon",
              "runs": {
                "batter": 0,
                "extras": 0,
                "total": 0
              }
            },
            {
              "batter": "S Crowie",
              "bowler": "Adil Butt",
              "non_striker": "A Yon",
              "runs": {
                "batter": 1,
                "extras": 0,
                "total": 1
              }
            },
            {
              "batter": "A Yon",
              "bowler": "Adil Butt",
              "non_striker": "S Crowie",
              "runs": {
                "batter": 0,
                "extras": 0,
                "total": 0
              }
            },
            {
              "batter": "A Yon",
              "bowler": "Adil Butt",
              "non_striker": "S Crowie",
              "runs": {
                "batter": 1,
                "extras": 0,
                "total": 1
              }
            },
            {
              "batter": "S Crowie",
              "bowler": "Adil Butt",
              "non_striker": "A Yon",
              "runs": {
                "batter": 0,
                "extras": 0,
                "total": 0
              }
            },
            {
              "batter": "S Crowie",
              "bowler": "Adil Butt",
              "non_striker": "A Yon",
              "runs": {
                "batter": 1,
                "extras": 0,
                "total": 1
              }
            }
          ]
        },
        {
          "over": 3,
          "deliveries": [
            {
              "batter": "S Crowie",
              "bowler": "R Sandeep",
              "non_striker": "A Yon",
              "runs": {
                "batter": 0,
                "extras": 0,
                "total": 0
              }
            },
            {
              "batter": "S Crowie",
              "bowler": "R Sandeep",
              "non_striker": "A Yon",
              "runs": {
                "batter": 0,
                "extras": 0,
                "total": 0
              }
            },
            {
              "batter": "S Crowie",
              "bowler": "R Sandeep",
              "non_striker": "A Yon",
              "runs": {
                "batter": 1,
                "extras": 0,
                "total": 1
              }
            },
            {
              "batter": "A Yon",
              "bowler": "R Sandeep",
              "non_striker": "S Crowie",
              "runs": {
                "batter": 0,
                "extras": 0,
                "total": 0
              }
            },
            {
              "batter": "A Yon",
              "bowler": "R Sandeep",
              "non_striker": "S Crowie",
              "runs": {
                "batter": 4,
                "extras": 0,
                "total": 4
              }
            },
            {
              "batter": "A Yon",
              "bowler": "R Sandeep",
              "non_striker": "S Crowie",
              "runs": {
                "batter": 0,
                "extras": 0,
                "total": 0
              }
            }
          ]
        },
        {
          "over": 4,
          "deliveries": [
            {
              "batter": "S Crowie",
              "bowler": "Adil Butt",
              "non_striker": "A Yon",
              "runs": {
                "batter": 4,
                "extras": 0,
                "total": 4
              }
            },
            {
              "batter": "S Crowie",
              "bowler": "Adil Butt",
              "non_striker": "A Yon",
              "runs": {
                "batter": 0,
                "extras": 0,
                "total": 0
              }
            },
            {
              "batter": "S Crowie",
              "bowler": "Adil Butt",
              "non_striker": "A Yon",
              "runs": {
                "batter": 4,
                "extras": 0,
                "total": 4
              }
            },
            {
              "batter": "S Crowie",
              "bowler": "Adil Butt",
              "non_striker": "A Yon",
              "runs": {
                "batter": 1,
                "extras": 0,
                "total": 1
              }
            },
            {
              "batter": "A Yon",
              "bowler": "Adil Butt",
              "non_striker": "S Crowie",
              "runs": {
                "batter": 0,
                "extras": 0,
                "total": 0
              }
            },
            {
              "batter": "A Yon",
              "bowler": "Adil Butt",
              "non_striker": "S Crowie",
              "runs": {
                "batter": 6,
                "extras": 0,
                "total": 6
              }
            }
          ]
        },
        {
          "over": 5,
          "deliveries": [
            {
              "batter": "S Crowie",
              "bowler": "R Sandeep",
              "non_striker": "A Yon",
              "runs": {
                "batter": 1,
                "extras": 0,
                "total": 1
              }
            },
            {
              "batter": "A Yon",
              "bowler": "R Sandeep",
              "non_striker": "S Crowie",
              "runs": {
                "batter": 0,
                "extras": 0,
                "total": 0
              }
            },
            {
              "batter": "A Yon",
              "bowler": "R Sandeep",
              "non_striker": "S Crowie",
              "runs": {
                "batter": 1,
                "extras": 0,
                "total": 1
              }
            },
            {
              "batter": "S Crowie",
              "bowler": "R Sandeep",
              "non_striker": "A Yon",
              "runs": {
                "batter": 1,
                "extras": 0,
                "total": 1
              }
            },
            {
              "batter": "A Yon",
              "bowler": "R Sandeep",
              "non_striker": "S Crowie",
              "runs": {
                "batter": 1,
                "extras": 0,
                "total": 1
              }
            },
            {
              "batter": "S Crowie",
              "bowler": "R Sandeep",
              "non_striker": "A Yon",
              "runs": {
                "batter": 0,
                "extras": 0,
                "total": 0
              }
            }
          ]
        },
        {
          "over": 6,
          "deliveries": [
            {
              "batter": "A Yon",
              "bowler": "Umair Qasim",
              "extras": {
                "wides": 1
              },
              "non_striker": "S Crowie",
              "runs": {
                "batter": 0,
                "extras": 1,
                "total": 1
              }
            },
            {
              "batter": "A Yon",
              "bowler": "Umair Qasim",
              "non_striker": "S Crowie",
              "runs": {
                "batter": 0,
                "extras": 0,
                "total": 0
              }
            },
            {
              "batter": "A Yon",
              "bowler": "Umair Qasim",
              "non_striker": "S Crowie",
              "runs": {
                "batter": 0,
                "extras": 0,
                "total": 0
              }
            },
            {
              "batter": "A Yon",
              "bowler": "Umair Qasim",
              "non_striker": "S Crowie",
              "runs": {
                "batter": 0,
                "extras": 0,
                "total": 0
              }
            },
            {
              "batter": "A Yon",
              "bowler": "Umair Qasim",
              "non_striker": "S Crowie",
              "runs": {
                "batter": 2,
                "extras": 0,
                "total": 2
              }
            },
            {
              "batter": "A Yon",
              "bowler": "Umair Qasim",
              "non_striker": "S Crowie",
              "runs": {
                "batter": 1,
                "extras": 0,
                "total": 1
              }
            },
            {
              "batter": "S Crowie",
              "bowler": "Umair Qasim",
              "non_striker": "A Yon",
              "runs": {
                "batter": 0,
                "extras": 0,
                "total": 0
              }
            }
          ]
        },
        {
          "over": 7,
          "deliveries": [
            {
              "batter": "A Yon",
              "bowler": "M Khojbariya",
              "non_striker": "S Crowie",
              "runs": {
                "batter": 1,
                "extras": 0,
                "total": 1
              }
            },
            {
              "batter": "S Crowie",
              "bowler": "M Khojbariya",
              "non_striker": "A Yon",
              "runs": {
                "batter": 0,
                "extras": 0,
                "total": 0
              }
            },
            {
              "batter": "S Crowie",
              "bowler": "M Khojbariya",
              "non_striker": "A Yon",
              "runs": {
                "batter": 1,
                "extras": 0,
                "total": 1
              }
            },
            {
              "batter": "A Yon",
              "bowler": "M Khojbariya",
              "non_striker": "S Crowie",
              "runs": {
                "batter": 0,
                "extras": 0,
                "total": 0
              }
            },
            {
              "batter": "A Yon",
              "bowler": "M Khojbariya",
              "non_striker": "S Crowie",
              "runs": {
                "batter": 0,
                "extras": 0,
                "total": 0
              }
            },
            {
              "batter": "A Yon",
              "bowler": "M Khojbariya",
              "non_striker": "S Crowie",
              "runs": {
                "batter": 0,
                "extras": 0,
                "total": 0
              },
              "wickets": [
                {
                  "player_out": "A Yon",
                  "fielders": [
                    {
                      "name": "Umair Qasim"
                    }
                  ],
                  "kind": "caught"
                }
              ]
            }
          ]
        },
        {
          "over": 8,
          "deliveries": [
            {
              "batter": "S Crowie",
              "bowler": "Umair Qasim",
              "non_striker": "D Young",
              "runs": {
                "batter": 1,
                "extras": 0,
                "total": 1
              }
            },
            {
              "batter": "D Young",
              "bowler": "Umair Qasim",
              "non_striker": "S Crowie",
              "runs": {
                "batter": 0,
                "extras": 0,
                "total": 0
              }
            },
            {
              "batter": "D Young",
              "bowler": "Umair Qasim",
              "non_striker": "S Crowie",
              "runs": {
                "batter": 0,
                "extras": 0,
                "total": 0
              },
              "wickets": [
                {
                  "player_out": "D Young",
                  "fielders": [
                    {
                      "name": "Muhammad Amin"
                    }
                  ],
                  "kind": "caught"
                }
              ]
            },
            {
              "batter": "R Francis",
              "bowler": "Umair Qasim",
              "non_striker": "S Crowie",
              "runs": {
                "batter": 0,
                "extras": 0,
                "total": 0
              },
              "wickets": [
                {
                  "player_out": "R Francis",
                  "kind": "bowled"
                }
              ]
            },
            {
              "batter": "J Essex",
              "bowler": "Umair Qasim",
              "non_striker": "S Crowie",
              "runs": {
                "batter": 0,
                "extras": 0,
                "total": 0
              }
            },
            {
              "batter": "J Essex",
              "bowler": "Umair Qasim",
              "non_striker": "S Crowie",
              "runs": {
                "batter": 0,
                "extras": 0,
                "total": 0
              }
            }
          ]
        },
        {
          "over": 9,
          "deliveries": [
            {
              "batter": "S Crowie",
              "bowler": "M Khojbariya",
              "non_striker": "J Essex",
              "runs": {
                "batter": 1,
                "extras": 0,
                "total": 1
              }
            },
            {
              "batter": "J Essex",
              "bowler": "M Khojbariya",
              "non_striker": "S Crowie",
              "runs": {
                "batter": 1,
                "extras": 0,
                "total": 1
              }
            },
            {
              "batter": "S Crowie",
              "bowler": "M Khojbariya",
              "non_striker": "J Essex",
              "runs": {
                "batter": 1,
                "extras": 0,
                "total": 1
              }
            },
            {
              "batter": "J Essex",
              "bowler": "M Khojbariya",
              "non_striker": "S Crowie",
              "runs": {
                "batter": 0,
                "extras": 0,
                "total": 0
              }
            },
            {
              "batter": "J Essex",
              "bowler": "M Khojbariya",
              "non_striker": "S Crowie",
              "runs": {
                "batter": 2,
                "extras": 0,
                "total": 2
              }
            },
            {
              "batter": "J Essex",
              "bowler": "M Khojbariya",
              "non_striker": "S Crowie",
              "runs": {
                "batter": 1,
                "extras": 0,
                "total": 1
              }
            }
          ]
        },
        {
          "over": 10,
          "deliveries": [
            {
              "batter": "J Essex",
              "bowler": "Umair Qasim",
              "extras": {
                "legbyes": 1
              },
              "non_striker": "S Crowie",
              "runs": {
                "batter": 0,
                "extras": 1,
                "total": 1
              }
            },
            {
              "batter": "S Crowie",
              "bowler": "Umair Qasim",
              "non_striker": "J Essex",
              "runs": {
                "batter": 2,
                "extras": 0,
                "total": 2
              }
            },
            {
              "batter": "S Crowie",
              "bowler": "Umair Qasim",
              "non_striker": "J Essex",
              "runs": {
                "batter": 4,
                "extras": 0,
                "total": 4
              }
            },
            {
              "batter": "S Crowie",
              "bowler": "Umair Qasim",
              "non_striker": "J Essex",
              "runs": {
                "batter": 1,
                "extras": 0,
                "total": 1
              }
            },
            {
              "batter": "J Essex",
              "bowler": "Umair Qasim",
              "non_striker": "S Crowie",
              "runs": {
                "batter": 0,
                "extras": 0,
                "total": 0
              },
              "wickets": [
                {
                  "player_out": "J Essex",
                  "kind": "lbw"
                }
              ]
            },
            {
              "batter": "B Isaac",
              "bowler": "Umair Qasim",
              "non_striker": "S Crowie",
              "runs": {
                "batter": 0,
                "extras": 0,
                "total": 0
              }
            }
          ]
        },
        {
          "over": 11,
          "deliveries": [
            {
              "batter": "S Crowie",
              "bowler": "M Khojbariya",
              "non_striker": "B Isaac",
              "runs": {
                "batter": 1,
                "extras": 0,
                "total": 1
              }
            },
            {
              "batter": "B Isaac",
              "bowler": "M Khojbariya",
              "non_striker": "S Crowie",
              "runs": {
                "batter": 0,
                "extras": 0,
                "total": 0
              }
            },
            {
              "batter": "B Isaac",
              "bowler": "M Khojbariya",
              "non_striker": "S Crowie",
              "runs": {
                "batter": 0,
                "extras": 0,
                "total": 0
              }
            },
            {
              "batter": "B Isaac",
              "bowler": "M Khojbariya",
              "extras": {
                "byes": 1
              },
              "non_striker": "S Crowie",
              "runs": {
                "batter": 0,
                "extras": 1,
                "total": 1
              }
            },
            {
              "batter": "S Crowie",
              "bowler": "M Khojbariya",
              "non_striker": "B Isaac",
              "runs": {
                "batter": 1,
                "extras": 0,
                "total": 1
              }
            },
            {
              "batter": "B Isaac",
              "bowler": "M Khojbariya",
              "non_striker": "S Crowie",
              "runs": {
                "batter": 2,
                "extras": 0,
                "total": 2
              }
            }
          ]
        },
        {
          "over": 12,
          "deliveries": [
            {
              "batter": "S Crowie",
              "bowler": "Umair Qasim",
              "non_striker": "B Isaac",
              "runs": {
                "batter": 0,
                "extras": 0,
                "total": 0
              }
            },
            {
              "batter": "S Crowie",
              "bowler": "Umair Qasim",
              "non_striker": "B Isaac",
              "runs": {
                "batter": 0,
                "extras": 0,
                "total": 0
              }
            },
            {
              "batter": "S Crowie",
              "bowler": "Umair Qasim",
              "non_striker": "B Isaac",
              "runs": {
                "batter": 0,
                "extras": 0,
                "total": 0
              }
            },
            {
              "batter": "S Crowie",
              "bowler": "Umair Qasim",
              "non_striker": "B Isaac",
              "runs": {
                "batter": 1,
                "extras": 0,
                "total": 1
              }
            },
            {
              "batter": "B Isaac",
              "bowler": "Umair Qasim",
              "non_striker": "S Crowie",
              "runs": {
                "batter": 0,
                "extras": 0,
                "total": 0
              }
            },
            {
              "batter": "B Isaac",
              "bowler": "Umair Qasim",
              "non_striker": "S Crowie",
              "runs": {
                "batter": 1,
                "extras": 0,
                "total": 1
              }
            }
          ]
        },
        {
          "over": 13,
          "deliveries": [
            {
              "batter": "B Isaac",
              "bowler": "M Khojbariya",
              "non_striker": "S Crowie",
              "runs": {
                "batter": 0,
                "extras": 0,
                "total": 0
              }
            },
            {
              "batter": "B Isaac",
              "bowler": "M Khojbariya",
              "non_striker": "S Crowie",
              "runs": {
                "batter": 0,
                "extras": 0,
                "total": 0
              }
            },
            {
              "batter": "B Isaac",
              "bowler": "M Khojbariya",
              "non_striker": "S Crowie",
              "runs": {
                "batter": 2,
                "extras": 0,
                "total": 2
              }
            },
            {
              "batter": "B Isaac",
              "bowler": "M Khojbariya",
              "non_striker": "S Crowie",
              "runs": {
                "batter": 1,
                "extras": 0,
                "total": 1
              }
            },
            {
              "batter": "S Crowie",
              "bowler": "M Khojbariya",
              "non_striker": "B Isaac",
              "runs": {
                "batter": 2,
                "extras": 0,
                "total": 2
              }
            },
            {
              "batter": "S Crowie",
              "bowler": "M Khojbariya",
              "non_striker": "B Isaac",
              "runs": {
                "batter": 2,
                "extras": 0,
                "total": 2
              }
            }
          ]
        },
        {
          "over": 14,
          "deliveries": [
            {
              "batter": "B Isaac",
              "bowler": "M Magagula",
              "non_striker": "S Crowie",
              "runs": {
                "batter": 0,
                "extras": 0,
                "total": 0
              }
            },
            {
              "batter": "B Isaac",
              "bowler": "M Magagula",
              "non_striker": "S Crowie",
              "runs": {
                "batter": 1,
                "extras": 0,
                "total": 1
              }
            },
            {
              "batter": "S Crowie",
              "bowler": "M Magagula",
              "extras": {
                "wides": 1
              },
              "non_striker": "B Isaac",
              "runs": {
                "batter": 0,
                "extras": 1,
                "total": 1
              }
            },
            {
              "batter": "S Crowie",
              "bowler": "M Magagula",
              "non_striker": "B Isaac",
              "runs": {
                "batter": 0,
                "extras": 0,
                "total": 0
              }
            },
            {
              "batter": "S Crowie",
              "bowler": "M Magagula",
              "non_striker": "B Isaac",
              "runs": {
                "batter": 1,
                "extras": 0,
                "total": 1
              }
            },
            {
              "batter": "B Isaac",
              "bowler": "M Magagula",
              "non_striker": "S Crowie",
              "runs": {
                "batter": 0,
                "extras": 0,
                "total": 0
              }
            },
            {
              "batter": "B Isaac",
              "bowler": "M Magagula",
              "non_striker": "S Crowie",
              "runs": {
                "batter": 1,
                "extras": 0,
                "total": 1
              }
            }
          ]
        },
        {
          "over": 15,
          "deliveries": [
            {
              "batter": "B Isaac",
              "bowler": "M Jele",
              "non_striker": "S Crowie",
              "runs": {
                "batter": 0,
                "extras": 0,
                "total": 0
              }
            },
            {
              "batter": "B Isaac",
              "bowler": "M Jele",
              "non_striker": "S Crowie",
              "runs": {
                "batter": 3,
                "extras": 0,
                "total": 3
              }
            },
            {
              "batter": "S Crowie",
              "bowler": "M Jele",
              "non_striker": "B Isaac",
              "runs": {
                "batter": 2,
                "extras": 0,
                "total": 2
              }
            },
            {
              "batter": "S Crowie",
              "bowler": "M Jele",
              "non_striker": "B Isaac",
              "runs": {
                "batter": 1,
                "extras": 0,
                "total": 1
              }
            },
            {
              "batter": "B Isaac",
              "bowler": "M Jele",
              "non_striker": "S Crowie",
              "runs": {
                "batter": 0,
                "extras": 0,
                "total": 0
              }
            },
            {
              "batter": "B Isaac",
              "bowler": "M Jele",
              "non_striker": "S Crowie",
              "runs": {
                "batter": 1,
                "extras": 0,
                "total": 1
              }
            }
          ]
        },
        {
          "over": 16,
          "deliveries": [
            {
              "batter": "B Isaac",
              "bowler": "M Magagula",
              "non_striker": "S Crowie",
              "runs": {
                "batter": 1,
                "extras": 0,
                "total": 1
              }
            },
            {
              "batter": "S Crowie",
              "bowler": "M Magagula",
              "non_striker": "B Isaac",
              "runs": {
                "batter": 6,
                "extras": 0,
                "total": 6
              }
            },
            {
              "batter": "S Crowie",
              "bowler": "M Magagula",
              "non_striker": "B Isaac",
              "runs": {
                "batter": 2,
                "extras": 0,
                "total": 2
              }
            },
            {
              "batter": "S Crowie",
              "bowler": "M Magagula",
              "non_striker": "B Isaac",
              "runs": {
                "batter": 0,
                "extras": 0,
                "total": 0
              }
            },
            {
              "batter": "S Crowie",
              "bowler": "M Magagula",
              "non_striker": "B Isaac",
              "runs": {
                "batter": 1,
                "extras": 0,
                "total": 1
              }
            },
            {
              "batter": "B Isaac",
              "bowler": "M Magagula",
              "non_striker": "S Crowie",
              "runs": {
                "batter": 0,
                "extras": 0,
                "total": 0
              }
            }
          ]
        },
        {
          "over": 17,
          "deliveries": [
            {
              "batter": "S Crowie",
              "bowler": "M Jele",
              "non_striker": "B Isaac",
              "runs": {
                "batter": 0,
                "extras": 0,
                "total": 0
              }
            },
            {
              "batter": "S Crowie",
              "bowler": "M Jele",
              "non_striker": "B Isaac",
              "runs": {
                "batter": 1,
                "extras": 0,
                "total": 1
              }
            },
            {
              "batter": "B Isaac",
              "bowler": "M Jele",
              "extras": {
                "byes": 1
              },
              "non_striker": "S Crowie",
              "runs": {
                "batter": 0,
                "extras": 1,
                "total": 1
              }
            },
            {
              "batter": "S Crowie",
              "bowler": "M Jele",
              "non_striker": "B Isaac",
              "runs": {
                "batter": 4,
                "extras": 0,
                "total": 4
              }
            },
            {
              "batter": "S Crowie",
              "bowler": "M Jele",
              "non_striker": "B Isaac",
              "runs": {
                "batter": 0,
                "extras": 0,
                "total": 0
              }
            },
            {
              "batter": "S Crowie",
              "bowler": "M Jele",
              "non_striker": "B Isaac",
              "runs": {
                "batter": 0,
                "extras": 0,
                "total": 0
              }
            }
          ]
        },
        {
          "over": 18,
          "deliveries": [
            {
              "batter": "B Isaac",
              "bowler": "M Magagula",
              "extras": {
                "wides": 1
              },
              "non_striker": "S Crowie",
              "runs": {
                "batter": 0,
                "extras": 1,
                "total": 1
              }
            },
            {
              "batter": "B Isaac",
              "bowler": "M Magagula",
              "non_striker": "S Crowie",
              "runs": {
                "batter": 2,
                "extras": 0,
                "total": 2
              }
            },
            {
              "batter": "B Isaac",
              "bowler": "M Magagula",
              "non_striker": "S Crowie",
              "runs": {
                "batter": 1,
                "extras": 0,
                "total": 1
              }
            },
            {
              "batter": "S Crowie",
              "bowler": "M Magagula",
              "non_striker": "B Isaac",
              "runs": {
                "batter": 0,
                "extras": 0,
                "total": 0
              }
            },
            {
              "batter": "S Crowie",
              "bowler": "M Magagula",
              "non_striker": "B Isaac",
              "runs": {
                "batter": 1,
                "extras": 0,
                "total": 1
              }
            },
            {
              "batter": "B Isaac",
              "bowler": "M Magagula",
              "extras": {
                "byes": 1
              },
              "non_striker": "S Crowie",
              "runs": {
                "batter": 0,
                "extras": 1,
                "total": 1
              }
            },
            {
              "batter": "S Crowie",
              "bowler": "M Magagula",
              "non_striker": "B Isaac",
              "runs": {
                "batter": 0,
                "extras": 0,
                "total": 0
              }
            }
          ]
        },
        {
          "over": 19,
          "deliveries": [
            {
              "batter": "B Isaac",
              "bowler": "R Sandeep",
              "non_striker": "S Crowie",
              "runs": {
                "batter": 0,
                "extras": 0,
                "total": 0
              },
              "wickets": [
                {
                  "player_out": "B Isaac",
                  "kind": "bowled"
                }
              ]
            },
            {
              "batter": "AR Leo",
              "bowler": "R Sandeep",
              "non_striker": "S Crowie",
              "runs": {
                "batter": 6,
                "extras": 0,
                "total": 6
              }
            },
            {
              "batter": "AR Leo",
              "bowler": "R Sandeep",
              "non_striker": "S Crowie",
              "runs": {
                "batter": 0,
                "extras": 0,
                "total": 0
              }
            },
            {
              "batter": "AR Leo",
              "bowler": "R Sandeep",
              "non_striker": "S Crowie",
              "runs": {
                "batter": 2,
                "extras": 0,
                "total": 2
              }
            },
            {
              "batter": "AR Leo",
              "bowler": "R Sandeep",
              "non_striker": "S Crowie",
              "runs": {
                "batter": 4,
                "extras": 0,
                "total": 4
              }
            },
            {
              "batter": "AR Leo",
              "bowler": "R Sandeep",
              "non_striker": "S Crowie",
              "runs": {
                "batter": 0,
                "extras": 0,
                "total": 0
              }
            }
          ]
        }
      ],
      "powerplays": [
        {
          "from": 0.1,
          "to": 5.6,
          "type": "mandatory"
        }
      ],
      "target": {
        "overs": 20,
        "runs": 174
      }
    }
  ]
}