{
  "meta": {
    "data_version": "1.1.0",
    "created": "2025-04-09",
    "revision": 1
  },
  "info": {
    "balls_per_over": 6,
    "city": "Albergaria",
    "dates": [
      "2025-04-09"
    ],
    "event": {
      "name": "Norway tour of Portugal",
      "match_number": 3
    },
    "gender": "male",
    "match_type": "T20",
    "match_type_number": 3133,
    "missing": [
      "umpires"
    ],
    "outcome": {
      "winner": "Portugal",
      "by": {
        "runs": 54
      }
    },
    "overs": 20,
    "player_of_match": [
      "D Norotam"
    ],
    "players": {
      "Portugal": [
        "J Vijay",
        "D Norotam",
        "C Greenshields",
        "M Machado",
        "Amandeep Singh",
        "Najjam Shahzad",
        "R Hashu",
        "U Shantu",
        "JAM Henri",
        "S Vaz",
        "Sirajullah Khadim"
      ],
      "Norway": [
        "Khizer Ahmed",
        "Usman Arif",
        "D Abeyrathna",
        "Tafseer Ali",
        "Junaid Mehmood",
        "Faisal Raza",
        "Sher Sahak",
        "Qamar Mushtaque",
        "Vinay Ravi",
        "Ahmadullah Shinwari",
        "AJ Parmar"
      ]
    },
    "registry": {
      "people": {
        "AJ Parmar": "94113d54",
        "Ahmadullah Shinwari": "e068d48e",
        "Amandeep Singh": "d0d32c30",
        "C Greenshields": "55f0e741",
        "D Abeyrathna": "ee17d329",
        "D Norotam": "90b73986",
        "Faisal Raza": "dccb802c",
        "J Vijay": "709525fc",
        "JAM Henri": "04df9697",
        "Junaid Mehmood": "3e46c4f3",
        "Khizer Ahmed": "723ca856",
        "M Machado": "fd34bcb0",
        "Najjam Shahzad": "58aa33cd",
        "Qamar Mushtaque": "fc362c5d",
        "R Hashu": "a53029a1",
        "S Vaz": "ad67ab56",
        "Sher Sahak": "8299b9a2",
        "Sirajullah Khadim": "ff36e706",
        "Tafseer Ali": "b9c3ffcd",
        "U Shantu": "0e80e47d",
        "Usman Arif": "fccc2d5a",
        "Vinay Ravi": "9c181b99"
      }
    },
    "season": "2025",
    "team_type": "international",
    "teams": [
      "Portugal",
      "Norway"
    ],
    "toss": {
      "decision": "bat",
      "winner": "Portugal"
    },
    "venue": "Santarem Cricket Ground"
  },
  "innings": [
    {
      "team": "Portugal",
      "overs": [
        {
          "over": 0,
          "deliveries": [
            {
              "batter": "J Vijay",
              "bowler": "Vinay Ravi",
              "extras": {
                "legbyes": 1
              },
              "non_striker": "D Norotam",
              "runs": {
                "batter": 0,
                "extras": 1,
                "total": 1
              }
            },
            {
              "batter": "D Norotam",
              "bowler": "Vinay Ravi",
              "non_striker": "J Vijay",
              "runs": {
                "batter": 4,
                "extras": 0,
                "total": 4
              }
            },
            {
              "batter": "D Norotam",
              "bowler": "Vinay Ravi",
              "non_striker": "J Vijay",
              "runs": {
                "batter": 0,
                "extras": 0,
                "total": 0
              }
            },
            {
              "batter": "D Norotam",
              "bowler": "Vinay Ravi",
              "non_striker": "J Vijay",
              "runs": {
                "batter": 2,
                "extras": 0,
                "total": 2
              }
            },
            {
              "batter": "D Norotam",
              "bowler": "Vinay Ravi",
              "non_striker": "J Vijay",
              "runs": {
                "batter": 0,
                "extras": 0,
                "total": 0
              }
            },
            {
              "batter": "D Norotam",
              "bowler": "Vinay Ravi",
              "non_striker": "J Vijay",
              "runs": {
                "batter": 4,
                "extras": 0,
                "total": 4
              }
            }
          ]
        },
        {
          "over": 1,
          "deliveries": [
            {
              "batter": "J Vijay",
              "bowler": "Ahmadullah Shinwari",
              "non_striker": "D Norotam",
              "runs": {
                "batter": 4,
                "extras": 0,
                "total": 4
              }
            },
            {
              "batter": "J Vijay",
              "bowler": "Ahmadullah Shinwari",
              "non_striker": "D Norotam",
              "runs": {
                "batter": 0,
                "extras": 0,
                "total": 0
              }
            },
            {
              "batter": "J Vijay",
              "bowler": "Ahmadullah Shinwari",
              "non_striker": "D Norotam",
              "runs": {
                "batter": 1,
                "extras": 0,
                "total": 1
              }
            },
            {
              "batter": "D Norotam",
              "bowler": "Ahmadullah Shinwari",
              "non_striker": "J Vijay",
              "runs": {
                "batter": 1,
                "extras": 0,
                "total": 1
              }
            },
            {
              "batter": "J Vijay",
              "bowler": "Ahmadullah Shinwari",
              "non_striker": "D Norotam",
              "runs": {
                "batter": 0,
                "extras": 0,
                "total": 0
              }
            },
            {
              "batter": "J Vijay",
              "bowler": "Ahmadullah Shinwari",
              "non_striker": "D Norotam",
              "runs": {
                "batter": 1,
                "extras": 0,
                "total": 1
              }
            }
          ]
        },
        {
          "over": 2,
          "deliveries": [
            {
              "batter": "J Vijay",
              "bowler": "Vinay Ravi",
              "non_striker": "D Norotam",
              "runs": {
                "batter": 0,
                "extras": 0,
                "total": 0
              }
            },
            {
              "batter": "J Vijay",
              "bowler": "Vinay Ravi",
              "non_striker": "D Norotam",
              "runs": {
                "batter": 1,
                "extras": 0,
                "total": 1
              }
            },
            {
              "batter": "D Norotam",
              "bowler": "Vinay Ravi",
              "non_striker": "J Vijay",
              "runs": {
                "batter": 0,
                "extras": 0,
                "total": 0
              }
            },
            {
              "batter": "D Norotam",
              "bowler": "Vinay Ravi",
              "non_striker": "J Vijay",
              "runs": {
                "batter": 4,
                "extras": 0,
                "total": 4
              }
            },
            {
              "batter": "D Norotam",
              "bowler": "Vinay Ravi",
              "non_striker": "J Vijay",
              "runs": {
                "batter": 6,
                "extras": 0,
                "total": 6
              }
            },
            {
              "batter": "D Norotam",
              "bowler": "Vinay Ravi",
              "non_striker": "J Vijay",
              "runs": {
                "batter": 0,
                "extras": 0,
                "total": 0
              }
            }
          ]
        },
        {
          "over": 3,
          "deliveries": [
            {
              "batter": "J Vijay",
              "bowler": "Ahmadullah Shinwari",
              "non_striker": "D Norotam",
              "runs": {
                "batter": 0,
                "extras": 0,
                "total": 0
              },
              "wickets": [
                {
                  "player_out": "J Vijay",
                  "fielders": [
                    {
                      "name": "Khizer Ahmed"
                    }
                  ],
                  "kind": "caught"
                }
              ]
            },
            {
              "batter": "C Greenshields",
              "bowler": "Ahmadullah Shinwari",
              "non_striker": "D Norotam",
              "runs": {
                "batter": 0,
                "extras": 0,
                "total": 0
              }
            },
            {
              "batter": "C Greenshields",
              "bowler": "Ahmadullah Shinwari",
              "non_striker": "D Norotam",
              "runs": {
                "batter": 0,
                "extras": 0,
                "total": 0
              }
            },
            {
              "batter": "C Greenshields",
              "bowler": "Ahmadullah Shinwari",
              "non_striker": "D Norotam",
              "runs": {
                "batter": 1,
                "extras": 0,
                "total": 1
              }
            },
            {
              "batter": "D Norotam",
              "bowler": "Ahmadullah Shinwari",
              "non_striker": "C Greenshields",
              "runs": {
                "batter": 6,
                "extras": 0,
                "total": 6
              }
            },
            {
              "batter": "D Norotam",
              "bowler": "Ahmadullah Shinwari",
              "non_striker": "C Greenshields",
              "runs": {
                "batter": 1,
                "extras": 0,
                "total": 1
              }
            }
          ]
        },
        {
          "over": 4,
          "deliveries": [
            {
              "batter": "D Norotam",
              "bowler": "Sher Sahak",
              "non_striker": "C Greenshields",
              "runs": {
                "batter": 0,
                "extras": 0,
                "total": 0
              }
            },
            {
              "batter": "D Norotam",
              "bowler": "Sher Sahak",
              "non_striker": "C Greenshields",
              "runs": {
                "batter": 4,
                "extras": 0,
                "total": 4
              }
            },
            {
              "batter": "D Norotam",
              "bowler": "Sher Sahak",
              "non_striker": "C Greenshields",
              "runs": {
                "batter": 6,
                "extras": 0,
                "total": 6
              }
            },
            {
              "batter": "D Norotam",
              "bowler": "Sher Sahak",
              "non_striker": "C Greenshields",
              "runs": {
                "batter": 0,
                "extras": 0,
                "total": 0
              }
            },
            {
              "batter": "D Norotam",
              "bowler": "Sher Sahak",
              "non_striker": "C Greenshields",
              "runs": {
                "batter": 1,
                "extras": 0,
                "total": 1
              }
            },
            {
              "batter": "C Greenshields",
              "bowler": "Sher Sahak",
              "non_striker": "D Norotam",
              "runs": {
                "batter": 0,
                "extras": 0,
                "total": 0
              }
            }
          ]
        },
        {
          "over": 5,
          "deliveries": [
            {
              "batter": "D Norotam",
              "bowler": "Ahmadullah Shinwari",
              "non_striker": "C Greenshields",
              "runs": {
                "batter": 0,
                "extras": 0,
                "total": 0
              }
            },
            {
              "batter": "D Norotam",
              "bowler": "Ahmadullah Shinwari",
              "non_striker": "C Greenshields",
              "runs": {
                "batter": 0,
                "extras": 0,
                "total": 0
              }
            },
            {
              "batter": "D Norotam",
              "bowler": "Ahmadullah Shinwari",
              "non_striker": "C Greenshields",
              "runs": {
                "batter": 4,
                "extras": 0,
                "total": 4
              }
            },
            {
              "batter": "D Norotam",
              "bowler": "Ahmadullah Shinwari",
              "non_striker": "C Greenshields",
              "runs": {
                "batter": 6,
                "extras": 0,
                "total": 6
              }
            },
            {
              "batter": "D Norotam",
              "bowler": "Ahmadullah Shinwari",
              "non_striker": "C Greenshields",
              "runs": {
                "batter": 1,
                "extras": 0,
                "total": 1
              }
            },
            {
              "batter": "C Greenshields",
              "bowler": "Ahmadullah Shinwari",
              "non_striker": "D Norotam",
              "runs": {
                "batter": 0,
                "extras": 0,
                "total": 0
              },
              "wickets": [
                {
                  "player_out": "C Greenshields",
                  "fielders": [
                    {
                      "name": "Khizer Ahmed"
                    }
                  ],
                  "kind": "caught"
                }
              ]
            }
          ]
        },
        {
          "over": 6,
          "deliveries": [
            {
              "batter": "D Norotam",
              "bowler": "D Abeyrathna",
              "non_striker": "M Machado",
              "runs": {
                "batter": 0,
                "extras": 0,
                "total": 0
              }
            },
            {
              "batter": "D Norotam",
              "bowler": "D Abeyrathna",
              "non_striker": "M Machado",
              "runs": {
                "batter": 1,
                "extras": 0,
                "total": 1
              }
            },
            {
              "batter": "M Machado",
              "bowler": "D Abeyrathna",
              "non_striker": "D Norotam",
              "runs": {
                "batter": 0,
                "extras": 0,
                "total": 0
              }
            },
            {
              "batter": "M Machado",
              "bowler": "D Abeyrathna",
              "non_striker": "D Norotam",
              "runs": {
                "batter": 1,
                "extras": 0,
                "total": 1
              }
            },
            {
              "batter": "D Norotam",
              "bowler": "D Abeyrathna",
              "non_striker": "M Machado",
              "runs": {
                "batter": 0,
                "extras": 0,
                "total": 0
              }
            },
            {
              "batter": "D Norotam",
              "bowler": "D Abeyrathna",
              "non_striker": "M Machado",
              "runs": {
                "batter": 1,
                "extras": 0,
                "total": 1
              }
            }
          ]
        },
        {
          "over": 7,
          "deliveries": [
            {
              "batter": "D Norotam",
              "bowler": "AJ Parmar",
              "non_striker": "M Machado",
              "runs": {
                "batter": 4,
                "extras": 0,
                "total": 4
              }
            },
            {
              "batter": "D Norotam",
              "bowler": "AJ Parmar",
              "non_striker": "M Machado",
              "runs": {
                "batter": 1,
                "extras": 0,
                "total": 1
              }
            },
            {
              "batter": "M Machado",
              "bowler": "AJ Parmar",
              "non_striker": "D Norotam",
              "runs": {
                "batter": 3,
                "extras": 0,
                "total": 3
              }
            },
            {
              "batter": "D Norotam",
              "bowler": "AJ Parmar",
              "non_striker": "M Machado",
              "runs": {
                "batter": 0,
                "extras": 0,
                "total": 0
              }
            },
            {
              "batter": "D Norotam",
              "bowler": "AJ Parmar",
              "non_striker": "M Machado",
              "runs": {
                "batter": 1,
                "extras": 0,
                "total": 1
              }
            },
            {
              "batter": "M Machado",
              "bowler": "AJ Parmar",
              "non_striker": "D Norotam",
              "runs": {
                "batter": 0,
                "extras": 0,
                "total": 0
              }
            }
          ]
        },
        {
          "over": 8,
          "deliveries": [
            {
              "batter": "D Norotam",
              "bowler": "D Abeyrathna",
              "non_striker": "M Machado",
              "runs": {
                "batter": 0,
                "extras": 0,
                "total": 0
              }
            },
            {
              "batter": "D Norotam",
              "bowler": "D Abeyrathna",
              "non_striker": "M Machado",
              "runs": {
                "batter": 4,
                "extras": 0,
                "total": 4
              }
            },
            {
              "batter": "D Norotam",
              "bowler": "D Abeyrathna",
              "non_striker": "M Machado",
              "runs": {
                "batter": 1,
                "extras": 0,
                "total": 1
              }
            },
            {
              "batter": "M Machado",
              "bowler": "D Abeyrathna",
              "non_striker": "D Norotam",
              "runs": {
                "batter": 1,
                "extras": 0,
                "total": 1
              }
            },
            {
              "batter": "D Norotam",
              "bowler": "D Abeyrathna",
              "non_striker": "M Machado",
              "runs": {
                "batter": 0,
                "extras": 0,
                "total": 0
              }
            },
            {
              "batter": "D Norotam",
              "bowler": "D Abeyrathna",
              "non_striker": "M Machado",
              "runs": {
                "batter": 0,
                "extras": 0,
                "total": 0
              }
            }
          ]
        },
        {
          "over": 9,
          "deliveries": [
            {
              "batter": "M Machado",
              "bowler": "AJ Parmar",
              "non_striker": "D Norotam",
              "runs": {
                "batter": 1,
                "extras": 0,
                "total": 1
              }
            },
            {
              "batter": "D Norotam",
              "bowler": "AJ Parmar",
              "non_striker": "M Machado",
              "runs": {
                "batter": 0,
                "extras": 0,
                "total": 0
              }
            },
            {
              "batter": "D Norotam",
              "bowler": "AJ Parmar",
              "non_striker": "M Machado",
              "runs": {
                "batter": 1,
                "extras": 0,
                "total": 1
              }
            },
            {
              "batter": "M Machado",
              "bowler": "AJ Parmar",
              "non_striker": "D Norotam",
              "runs": {
                "batter": 0,
                "extras": 0,
                "total": 0
              },
              "wickets": [
                {
                  "player_out": "M Machado",
                  "kind": "lbw"
                }
              ]
            },
            {
              "batter": "Amandeep Singh",
              "bowler": "AJ Parmar",
              "non_striker": "D Norotam",
              "runs": {
                "batter": 0,
                "extras": 0,
                "total": 0
              }
            },
            {
              "batter": "Amandeep Singh",
              "bowler": "AJ Parmar",
              "non_striker": "D Norotam",
              "runs": {
                "batter": 0,
                "extras": 0,
                "total": 0
              }
            }
          ]
        },
        {
          "over": 10,
          "deliveries": [
            {
              "batter": "D Norotam",
              "bowler": "D Abeyrathna",
              "non_striker": "Amandeep Singh",
              "runs": {
                "batter": 3,
                "extras": 0,
                "total": 3
              }
            },
            {
              "batter": "Amandeep Singh",
              "bowler": "D Abeyrathna",
              "non_striker": "D Norotam",
              "runs": {
                "batter": 1,
                "extras": 0,
                "total": 1
              }
            },
            {
              "batter": "D Norotam",
              "bowler": "D Abeyrathna",
              "non_striker": "Amandeep Singh",
              "runs": {
                "batter": 2,
                "extras": 0,
                "total": 2
              }
            },
            {
              "batter": "D Norotam",
              "bowler": "D Abeyrathna",
              "non_striker": "Amandeep Singh",
              "runs": {
                "batter": 0,
                "extras": 0,
                "total": 0
              }
            },
            {
              "batter": "D Norotam",
              "bowler": "D Abeyrathna",
              "non_striker": "Amandeep Singh",
              "runs": {
                "batter": 2,
                "extras": 0,
                "total": 2
              }
            },
            {
              "batter": "D Norotam",
              "bowler": "D Abeyrathna",
              "non_striker": "Amandeep Singh",
              "runs": {
                "batter": 0,
                "extras": 0,
                "total": 0
              }
            }
          ]
        },
        {
          "over": 11,
          "deliveries": [
            {
              "batter": "Amandeep Singh",
              "bowler": "AJ Parmar",
              "non_striker": "D Norotam",
              "runs": {
                "batter": 6,
                "extras": 0,
                "total": 6
              }
            },
            {
              "batter": "Amandeep Singh",
              "bowler": "AJ Parmar",
              "non_striker": "D Norotam",
              "runs": {
                "batter": 2,
                "extras": 0,
                "total": 2
              }
            },
            {
              "batter": "Amandeep Singh",
              "bowler": "AJ Parmar",
              "non_striker": "D Norotam",
              "runs": {
                "batter": 0,
                "extras": 0,
                "total": 0
              },
              "wickets": [
                {
                  "player_out": "Amandeep Singh",
                  "fielders": [
                    {
                      "name": "Khizer Ahmed"
                    }
                  ],
                  "kind": "stumped"
                }
              ]
            },
            {
              "batter": "Najjam Shahzad",
              "bowler": "AJ Parmar",
              "non_striker": "D Norotam",
              "runs": {
                "batter": 0,
                "extras": 0,
                "total": 0
              }
            },
            {
              "batter": "Najjam Shahzad",
              "bowler": "AJ Parmar",
              "non_striker": "D Norotam",
              "runs": {
                "batter": 0,
                "extras": 0,
                "total": 0
              }
            },
            {
              "batter": "Najjam Shahzad",
              "bowler": "AJ Parmar",
              "non_striker": "D Norotam",
              "runs": {
                "batter": 0,
                "extras": 0,
                "total": 0
              }
            }
          ]
        },
        {
          "over": 12,
          "deliveries": [
            {
              "batter": "D Norotam",
              "bowler": "D Abeyrathna",
              "non_striker": "Najjam Shahzad",
              "runs": {
                "batter": 1,
                "extras": 0,
                "total": 1
              }
            },
            {
              "batter": "Najjam Shahzad",
              "bowler": "D Abeyrathna",
              "non_striker": "D Norotam",
              "runs": {
                "batter": 4,
                "extras": 0,
                "total": 4
              }
            },
            {
              "batter": "Najjam Shahzad",
              "bowler": "D Abeyrathna",
              "non_striker": "D Norotam",
              "runs": {
                "batter": 6,
                "extras": 0,
                "total": 6
              }
            },
            {
              "batter": "Najjam Shahzad",
              "bowler": "D Abeyrathna",
              "non_striker": "D Norotam",
              "runs": {
                "batter": 0,
                "extras": 0,
                "total": 0
              }
            },
            {
              "batter": "Najjam Shahzad",
              "bowler": "D Abeyrathna",
              "non_striker": "D Norotam",
              "runs": {
                "batter": 1,
                "extras": 0,
                "total": 1
              }
            },
            {
              "batter": "D Norotam",
              "bowler": "D Abeyrathna",
              "non_striker": "Najjam Shahzad",
              "runs": {
                "batter": 1,
                "extras": 0,
                "total": 1
              }
            }
          ]
        },
        {
          "over": 13,
          "deliveries": [
            {
              "batter": "D Norotam",
              "bowler": "AJ Parmar",
              "non_striker": "Najjam Shahzad",
              "runs": {
                "batter": 0,
                "extras": 0,
                "total": 0
              }
            },
            {
              "batter": "D Norotam",
              "bowler": "AJ Parmar",
              "non_striker": "Najjam Shahzad",
              "runs": {
                "batter": 4,
                "extras": 0,
                "total": 4
              }
            },
            {
              "batter": "D Norotam",
              "bowler": "AJ Parmar",
              "non_striker": "Najjam Shahzad",
              "runs": {
                "batter": 1,
                "extras": 0,
                "total": 1
              }
            },
            {
              "batter": "Najjam Shahzad",
              "bowler": "AJ Parmar",
              "non_striker": "D Norotam",
              "runs": {
                "batter": 0,
                "extras": 0,
                "total": 0
              }
            },
            {
              "batter": "Najjam Shahzad",
              "bowler": "AJ Parmar",
              "non_striker": "D Norotam",
              "runs": {
                "batter": 1,
                "extras": 0,
                "total": 1
              }
            },
            {
              "batter": "D Norotam",
              "bowler": "AJ Parmar",
              "non_striker": "Najjam Shahzad",
              "runs": {
                "batter": 2,
                "extras": 0,
                "total": 2
              }
            }
          ]
        },
        {
          "over": 14,
          "deliveries": [
            {
              "batter": "Najjam Shahzad",
              "bowler": "Sher Sahak",
              "non_striker": "D Norotam",
              "runs": {
                "batter": 6,
                "extras": 0,
                "total": 6
              }
            },
            {
              "batter": "Najjam Shahzad",
              "bowler": "Sher Sahak",
              "non_striker": "D Norotam",
              "runs": {
                "batter": 1,
                "extras": 0,
                "total": 1
              }
            },
            {
              "batter": "D Norotam",
              "bowler": "Sher Sahak",
              "non_striker": "Najjam Shahzad",
              "runs": {
                "batter": 1,
                "extras": 0,
                "total": 1
              }
            },
            {
              "batter": "Najjam Shahzad",
              "bowler": "Sher Sahak",
              "non_striker": "D Norotam",
              "runs": {
                "batter": 6,
                "extras": 0,
                "total": 6
              }
            },
            {
              "batter": "Najjam Shahzad",
              "bowler": "Sher Sahak",
              "non_striker": "D Norotam",
              "runs": {
                "batter": 0,
                "extras": 0,
                "total": 0
              }
            },
            {
              "batter": "Najjam Shahzad",
              "bowler": "Sher Sahak",
              "non_striker": "D Norotam",
              "runs": {
                "batter": 1,
                "extras": 0,
                "total": 1
              }
            }
          ]
        },
        {
          "over": 15,
          "deliveries": [
            {
              "batter": "Najjam Shahzad",
              "bowler": "Qamar Mushtaque",
              "non_striker": "D Norotam",
              "runs": {
                "batter": 1,
                "extras": 0,
                "total": 1
              }
            },
            {
              "batter": "D Norotam",
              "bowler": "Qamar Mushtaque",
              "extras": {
                "wides": 1
              },
              "non_striker": "Najjam Shahzad",
              "runs": {
                "batter": 0,
                "extras": 1,
                "total": 1
              }
            },
            {
              "batter": "D Norotam",
              "bowler": "Qamar Mushtaque",
              "non_striker": "Najjam Shahzad",
              "runs": {
                "batter": 1,
                "extras": 0,
                "total": 1
              }
            },
            {
              "batter": "Najjam Shahzad",
              "bowler": "Qamar Mushtaque",
              "non_striker": "D Norotam",
              "runs": {
                "batter": 1,
                "extras": 0,
                "total": 1
              }
            },
            {
              "batter": "D Norotam",
              "bowler": "Qamar Mushtaque",
              "non_striker": "Najjam Shahzad",
              "runs": {
                "batter": 1,
                "extras": 0,
                "total": 1
              }
            },
            {
              "batter": "Najjam Shahzad",
              "bowler": "Qamar Mushtaque",
              "non_striker": "D Norotam",
              "runs": {
                "batter": 1,
                "extras": 0,
                "total": 1
              }
            },
            {
              "batter": "D Norotam",
              "bowler": "Qamar Mushtaque",
              "non_striker": "Najjam Shahzad",
              "runs": {
                "batter": 0,
                "extras": 0,
                "total": 0
              }
            }
          ]
        },
        {
          "over": 16,
          "deliveries": [
            {
              "batter": "Najjam Shahzad",
              "bowler": "Vinay Ravi",
              "non_striker": "D Norotam",
              "runs": {
                "batter": 0,
                "extras": 0,
                "total": 0
              }
            },
            {
              "batter": "Najjam Shahzad",
              "bowler": "Vinay Ravi",
              "non_striker": "D Norotam",
              "runs": {
                "batter": 2,
                "extras": 0,
                "total": 2
              }
            },
            {
              "batter": "Najjam Shahzad",
              "bowler": "Vinay Ravi",
              "extras": {
                "wides": 1
              },
              "non_striker": "D Norotam",
              "runs": {
                "batter": 0,
                "extras": 1,
                "total": 1
              }
            },
            {
              "batter": "Najjam Shahzad",
              "bowler": "Vinay Ravi",
              "non_striker": "D Norotam",
              "runs": {
                "batter": 6,
                "extras": 0,
                "total": 6
              }
            },
            {
              "batter": "Najjam Shahzad",
              "bowler": "Vinay Ravi",
              "non_striker": "D Norotam",
              "runs": {
                "batter": 1,
                "extras": 0,
                "total": 1
              }
            },
            {
              "batter": "D Norotam",
              "bowler": "Vinay Ravi",
              "non_striker": "Najjam Shahzad",
              "runs": {
                "batter": 0,
                "extras": 0,
                "total": 0
              },
              "wickets": [
                {
                  "player_out": "Najjam Shahzad",
                  "fielders": [
                    {
                      "name": "D Abeyrathna"
                    },
                    {
                      "name": "Vinay Ravi"
                    }
                  ],
                  "kind": "run out"
                }
              ]
            },
            {
              "batter": "D Norotam",
              "bowler": "Vinay Ravi",
              "non_striker": "R Hashu",
              "runs": {
                "batter": 0,
                "extras": 0,
                "total": 0
              }
            }
          ]
        },
        {
          "over": 17,
          "deliveries": [
            {
              "batter": "R Hashu",
              "bowler": "Qamar Mushtaque",
              "non_striker": "D Norotam",
              "runs": {
                "batter": 2,
                "extras": 0,
                "total": 2
              }
            },
            {
              "batter": "R Hashu",
              "bowler": "Qamar Mushtaque",
              "non_striker": "D Norotam",
              "runs": {
                "batter": 6,
                "extras": 0,
                "total": 6
              }
            },
            {
              "batter": "R Hashu",
              "bowler": "Qamar Mushtaque",
              "extras": {
                "legbyes": 1
              },
              "non_striker": "D Norotam",
              "runs": {
                "batter": 0,
                "extras": 1,
                "total": 1
              }
            },
            {
              "batter": "D Norotam",
              "bowler": "Qamar Mushtaque",
              "extras": {
                "wides": 1
              },
              "non_striker": "R Hashu",
              "runs": {
                "batter": 0,
                "extras": 1,
                "total": 1
              }
            },
            {
              "batter": "D Norotam",
              "bowler": "Qamar Mushtaque",
              "non_striker": "R Hashu",
              "runs": {
                "batter": 1,
                "extras": 0,
                "total": 1
              },
              "wickets": [
                {
                  "player_out": "D Norotam",
                  "fielders": [
                    {
                      "name": "Khizer Ahmed"
                    },
                    {
                      "name": "Usman Arif"
                    }
                  ],
                  "kind": "run out"
                }
              ]
            },
            {
              "batter": "U Shantu",
              "bowler": "Qamar Mushtaque",
              "non_striker": "R Hashu",
              "runs": {
                "batter": 3,
                "extras": 0,
                "total": 3
              }
            },
            {
              "batter": "R Hashu",
              "bowler": "Qamar Mushtaque",
              "extras": {
                "wides": 1
              },
              "non_striker": "U Shantu",
              "runs": {
                "batter": 0,
                "extras": 1,
                "total": 1
              }
            },
            {
              "batter": "R Hashu",
              "bowler": "Qamar Mushtaque",
              "non_striker": "U Shantu",
              "runs": {
                "batter": 1,
                "extras": 0,
                "total": 1
              }
            }
          ]
        },
        {
          "over": 18,
          "deliveries": [
            {
              "batter": "R Hashu",
              "bowler": "Vinay Ravi",
              "non_striker": "U Shantu",
              "runs": {
                "batter": 1,
                "extras": 0,
                "total": 1
              }
            },
            {
              "batter": "U Shantu",
              "bowler": "Vinay Ravi",
              "non_striker": "R Hashu",
              "runs": {
                "batter": 1,
                "extras": 0,
                "total": 1
              }
            },
            {
              "batter": "R Hashu",
              "bowler": "Vinay Ravi",
              "non_striker": "U Shantu",
              "runs": {
                "batter": 2,
                "extras": 0,
                "total": 2
              }
            },
            {
              "batter": "R Hashu",
              "bowler": "Vinay Ravi",
              "non_striker": "U Shantu",
              "runs": {
                "batter": 6,
                "extras": 0,
                "total": 6
              }
            },
            {
              "batter": "R Hashu",
              "bowler": "Vinay Ravi",
              "non_striker": "U Shantu",
              "runs": {
                "batter": 2,
                "extras": 0,
                "total": 2
              }
            },
            {
              "batter": "R Hashu",
              "bowler": "Vinay Ravi",
              "extras": {
                "wides": 1
              },
              "non_striker": "U Shantu",
              "runs": {
                "batter": 0,
                "extras": 1,
                "total": 1
              }
            },
            {
              "batter": "R Hashu",
              "bowler": "Vinay Ravi",
              "non_striker": "U Shantu",
              "runs": {
                "batter": 4,
                "extras": 0,
                "total": 4
              }
            }
          ]
        },
        {
          "over": 19,
          "deliveries": [
            {
              "batter": "U Shantu",
              "bowler": "Qamar Mushtaque",
              "non_striker": "R Hashu",
              "runs": {
                "batter": 2,
                "extras": 0,
                "total": 2
              }
            },
            {
              "batter": "U Shantu",
              "bowler": "Qamar Mushtaque",
              "extras": {
                "wides": 1
              },
              "non_striker": "R Hashu",
              "runs": {
                "batter": 0,
                "extras": 1,
                "total": 1
              }
            },
            {
              "batter": "U Shantu",
              "bowler": "Qamar Mushtaque",
              "non_striker": "R Hashu",
              "runs": {
                "batter": 2,
                "extras": 0,
                "total": 2
              }
            },
            {
              "batter": "U Shantu",
              "bowler": "Qamar Mushtaque",
              "non_striker": "R Hashu",
              "runs": {
                "batter": 0,
                "extras": 0,
                "total": 0
              },
              "wickets": [
                {
                  "player_out": "U Shantu",
                  "fielders": [
                    {
                      "name": "AJ Parmar"
                    }
                  ],
                  "kind": "caught"
                }
              ]
            },
            {
              "batter": "JAM Henri",
              "bowler": "Qamar Mushtaque",
              "non_striker": "R Hashu",
              "runs": {
                "batter": 0,
                "extras": 0,
                "total": 0
              },
              "wickets": [
                {
                  "player_out": "JAM Henri",
                  "kind": "bowled"
                }
              ]
            },
            {
              "batter": "S Vaz",
              "bowler": "Qamar Mushtaque",
              "non_striker": "R Hashu",
              "runs": {
                "batter": 1,
                "extras": 0,
                "total": 1
              }
            },
            {
              "batter": "R Hashu",
              "bowler": "Qamar Mushtaque",
              "non_striker": "S Vaz",
              "runs": {
                "batter": 3,
                "extras": 0,
                "total": 3
              }
            }
          ]
        }
      ],
      "powerplays": [
        {
          "from": 0.1,
          "to": 5.6,
          "type": "mandatory"
        }
      ]
    },
    {
      "team": "Norway",
      "overs": [
        {
          "over": 0,
          "deliveries": [
            {
              "batter": "Khizer Ahmed",
              "bowler": "U Shantu",
              "non_striker": "Usman Arif",
              "runs": {
                "batter": 2,
                "extras": 0,
                "total": 2
              }
            },
            {
              "batter": "Khizer Ahmed",
              "bowler": "U Shantu",
              "non_striker": "Usman Arif",
              "runs": {
                "batter": 0,
                "extras": 0,
                "total": 0
              }
            },
            {
              "batter": "Khizer Ahmed",
              "bowler": "U Shantu",
              "non_striker": "Usman Arif",
              "runs": {
                "batter": 0,
                "extras": 0,
                "total": 0
              }
            },
            {
              "batter": "Khizer Ahmed",
              "bowler": "U Shantu",
              "non_striker": "Usman Arif",
              "runs": {
                "batter": 0,
                "extras": 0,
                "total": 0
              }
            },
            {
              "batter": "Khizer Ahmed",
              "bowler": "U Shantu",
              "non_striker": "Usman Arif",
              "runs": {
                "batter": 0,
                "extras": 0,
                "total": 0
              }
            },
            {
              "batter": "Khizer Ahmed",
              "bowler": "U Shantu",
              "non_striker": "Usman Arif",
              "runs": {
                "batter": 0,
                "extras": 0,
                "total": 0
              }
            }
          ]
        },
        {
          "over": 1,
          "deliveries": [
            {
              "batter": "Usman Arif",
              "bowler": "JAM Henri",
              "non_striker": "Khizer Ahmed",
              "runs": {
                "batter": 1,
                "extras": 0,
                "total": 1
              }
            },
            {
              "batter": "Khizer Ahmed",
              "bowler": "JAM Henri",
              "non_striker": "Usman Arif",
              "runs": {
                "batter": 0,
                "extras": 0,
                "total": 0
              }
            },
            {
              "batter": "Khizer Ahmed",
              "bowler": "JAM Henri",
              "non_striker": "Usman Arif",
              "runs": {
                "batter": 0,
                "extras": 0,
                "total": 0
              }
            },
            {
              "batter": "Khizer Ahmed",
              "bowler": "JAM Henri",
              "non_striker": "Usman Arif",
              "runs": {
                "batter": 2,
                "extras": 0,
                "total": 2
              }
            },
            {
              "batter": "Khizer Ahmed",
              "bowler": "JAM Henri",
              "extras": {
                "wides": 1
              },
              "non_striker": "Usman Arif",
              "runs": {
                "batter": 0,
                "extras": 1,
                "total": 1
              }
            },
            {
              "batter": "Khizer Ahmed",
              "bowler": "JAM Henri",
              "non_striker": "Usman Arif",
              "runs": {
                "batter": 4,
                "extras": 0,
                "total": 4
              }
            },
            {
              "batter": "Khizer Ahmed",
              "bowler": "JAM Henri",
              "non_striker": "Usman Arif",
              "runs": {
                "batter": 0,
                "extras": 0,
                "total": 0
              }
            }
          ]
        },
        {
          "over": 2,
          "deliveries": [
            {
              "batter": "Usman Arif",
              "bowler": "U Shantu",
              "non_striker": "Khizer Ahmed",
              "runs": {
                "batter": 0,
                "extras": 0,
                "total": 0
              },
              "wickets": [
                {
                  "player_out": "Usman Arif",
                  "fielders": [
                    {
                      "name": "R Hashu"
                    }
                  ],
                  "kind": "caught"
                }
              ]
            },
            {
              "batter": "D Abeyrathna",
              "bowler": "U Shantu",
              "non_striker": "Khizer Ahmed",
              "runs": {
                "batter": 0,
                "extras": 0,
                "total": 0
              }
            },
            {
              "batter": "D Abeyrathna",
              "bowler": "U Shantu",
              "non_striker": "Khizer Ahmed",
              "runs": {
                "batter": 0,
                "extras": 0,
                "total": 0
              }
            },
            {
              "batter": "D Abeyrathna",
              "bowler": "U Shantu",
              "non_striker": "Khizer Ahmed",
              "runs": {
                "batter": 0,
                "extras": 0,
                "total": 0
              }
            },
            {
              "batter": "D Abeyrathna",
              "bowler": "U Shantu",
              "non_striker": "Khizer Ahmed",
              "runs": {
                "batter": 1,
                "extras": 0,
                "total": 1
              }
            },
            {
              "batter": "Khizer Ahmed",
              "bowler": "U Shantu",
              "non_striker": "D Abeyrathna",
              "runs": {
                "batter": 0,
                "extras": 0,
                "total": 0
              }
            }
          ]
        },
        {
          "over": 3,
          "deliveries": [
            {
              "batter": "D Abeyrathna",
              "bowler": "JAM Henri",
              "non_striker": "Khizer Ahmed",
              "runs": {
                "batter": 0,
                "extras": 0,
                "total": 0
              },
              "wickets": [
                {
                  "player_out": "D Abeyrathna",
                  "fielders": [
                    {
                      "name": "D Norotam"
                    }
                  ],
                  "kind": "caught"
                }
              ]
            },
            {
              "batter": "Tafseer Ali",
              "bowler": "JAM Henri",
              "non_striker": "Khizer Ahmed",
              "runs": {
                "batter": 0,
                "extras": 0,
                "total": 0
              }
            },
            {
              "batter": "Tafseer Ali",
              "bowler": "JAM Henri",
              "non_striker": "Khizer Ahmed",
              "runs": {
                "batter": 0,
                "extras": 0,
                "total": 0
              }
            },
            {
              "batter": "Tafseer Ali",
              "bowler": "JAM Henri",
              "non_striker": "Khizer Ahmed",
              "runs": {
                "batter": 0,
                "extras": 0,
                "total": 0
              }
            },
            {
              "batter": "Tafseer Ali",
              "bowler": "JAM Henri",
              "non_striker": "Khizer Ahmed",
              "runs": {
                "batter": 0,
                "extras": 0,
                "total": 0
              }
            },
            {
              "batter": "Tafseer Ali",
              "bowler": "JAM Henri",
              "non_striker": "Khizer Ahmed",
              "runs": {
                "batter": 4,
                "extras": 0,
                "total": 4
              }
            }
          ]
        },
        {
          "over": 4,
          "deliveries": [
            {
              "batter": "Khizer Ahmed",
              "bowler": "U Shantu",
              "non_striker": "Tafseer Ali",
              "runs": {
                "batter": 0,
                "extras": 0,
                "total": 0
              }
            },
            {
              "batter": "Khizer Ahmed",
              "bowler": "U Shantu",
              "non_striker": "Tafseer Ali",
              "runs": {
                "batter": 0,
                "extras": 0,
                "total": 0
              }
            },
            {
              "batter": "Khizer Ahmed",
              "bowler": "U Shantu",
              "non_striker": "Tafseer Ali",
              "runs": {
                "batter": 1,
                "extras": 0,
                "total": 1
              }
            },
            {
              "batter": "Tafseer Ali",
              "bowler": "U Shantu",
              "non_striker": "Khizer Ahmed",
              "runs": {
                "batter": 1,
                "extras": 0,
                "total": 1
              }
            },
            {
              "batter": "Khizer Ahmed",
              "bowler": "U Shantu",
              "extras": {
                "wides": 1
              },
              "non_striker": "Tafseer Ali",
              "runs": {
                "batter": 0,
                "extras": 1,
                "total": 1
              }
            },
            {
              "batter": "Khizer Ahmed",
              "bowler": "U Shantu",
              "non_striker": "Tafseer Ali",
              "runs": {
                "batter": 0,
                "extras": 0,
                "total": 0
              }
            },
            {
              "batter": "Khizer Ahmed",
              "bowler": "U Shantu",
              "non_striker": "Tafseer Ali",
              "runs": {
                "batter": 0,
                "extras": 0,
                "total": 0
              }
            }
          ]
        },
        {
          "over": 5,
          "deliveries": [
            {
              "batter": "Tafseer Ali",
              "bowler": "JAM Henri",
              "non_striker": "Khizer Ahmed",
              "runs": {
                "batter": 0,
                "extras": 0,
                "total": 0
              }
            },
            {
              "batter": "Tafseer Ali",
              "bowler": "JAM Henri",
              "non_striker": "Khizer Ahmed",
              "runs": {
                "batter": 2,
                "extras": 0,
                "total": 2
              }
            },
            {
              "batter": "Tafseer Ali",
              "bowler": "JAM Henri",
              "extras": {
                "byes": 4
              },
              "non_striker": "Khizer Ahmed",
              "runs": {
                "batter": 0,
                "extras": 4,
                "total": 4
              }
            },
            {
              "batter": "Tafseer Ali",
              "bowler": "JAM Henri",
              "non_striker": "Khizer Ahmed",
              "runs": {
                "batter": 4,
                "extras": 0,
                "total": 4
              }
            },
            {
              "batter": "Tafseer Ali",
              "bowler": "JAM Henri",
              "non_striker": "Khizer Ahmed",
              "runs": {
                "batter": 0,
                "extras": 0,
                "total": 0
              }
            },
            {
              "batter": "Tafseer Ali",
              "bowler": "JAM Henri",
              "non_striker": "Khizer Ahmed",
              "runs": {
                "batter": 0,
                "extras": 0,
                "total": 0
              }
            }
          ]
        },
        {
          "over": 6,
          "deliveries": [
            {
              "batter": "Khizer Ahmed",
              "bowler": "U Shantu",
              "non_striker": "Tafseer Ali",
              "runs": {
                "batter": 2,
                "extras": 0,
                "total": 2
              }
            },
            {
              "batter": "Khizer Ahmed",
              "bowler": "U Shantu",
              "non_striker": "Tafseer Ali",
              "runs": {
                "batter": 0,
                "extras": 0,
                "total": 0
              }
            },
            {
              "batter": "Khizer Ahmed",
              "bowler": "U Shantu",
              "non_striker": "Tafseer Ali",
              "runs": {
                "batter": 2,
                "extras": 0,
                "total": 2
              }
            },
            {
              "batter": "Khizer Ahmed",
              "bowler": "U Shantu",
              "non_striker": "Tafseer Ali",
              "runs": {
                "batter": 0,
                "extras": 0,
                "total": 0
              },
              "wickets": [
                {
                  "player_out": "Khizer Ahmed",
                  "fielders": [
                    {
                      "name": "D Norotam"
                    }
                  ],
                  "kind": "caught"
                }
              ]
            },
            {
              "batter": "Junaid Mehmood",
              "bowler": "U Shantu",
              "extras": {
                "wides": 2
              },
              "non_striker": "Tafseer Ali",
              "runs": {
                "batter": 0,
                "extras": 2,
                "total": 2
              }
            },
            {
              "batter": "Tafseer Ali",
              "bowler": "U Shantu",
              "non_striker": "Junaid Mehmood",
              "runs": {
                "batter": 1,
                "extras": 0,
                "total": 1
              }
            },
            {
              "batter": "Junaid Mehmood",
              "bowler": "U Shantu",
              "non_striker": "Tafseer Ali",
              "runs": {
                "batter": 0,
                "extras": 0,
                "total": 0
              }
            }
          ]
        },
        {
          "over": 7,
          "deliveries": [
            {
              "batter": "Tafseer Ali",
              "bowler": "S Vaz",
              "non_striker": "Junaid Mehmood",
              "runs": {
                "batter": 4,
                "extras": 0,
                "total": 4
              }
            },
            {
              "batter": "Tafseer Ali",
              "bowler": "S Vaz",
              "extras": {
                "wides": 1
              },
              "non_striker": "Junaid Mehmood",
              "runs": {
                "batter": 0,
                "extras": 1,
                "total": 1
              }
            },
            {
              "batter": "Tafseer Ali",
              "bowler": "S Vaz",
              "non_striker": "Junaid Mehmood",
              "runs": {
                "batter": 2,
                "extras": 0,
                "total": 2
              }
            },
            {
              "batter": "Tafseer Ali",
              "bowler": "S Vaz",
              "non_striker": "Junaid Mehmood",
              "runs": {
                "batter": 4,
                "extras": 0,
                "total": 4
              }
            },
            {
              "batter": "Tafseer Ali",
              "bowler": "S Vaz",
              "non_striker": "Junaid Mehmood",
              "runs": {
                "batter": 0,
                "extras": 0,
                "total": 0
              },
              "wickets": [
                {
                  "player_out": "Tafseer Ali",
                  "kind": "lbw"
                }
              ]
            },
            {
              "batter": "Faisal Raza",
              "bowler": "S Vaz",
              "non_striker": "Junaid Mehmood",
              "runs": {
                "batter": 0,
                "extras": 0,
                "total": 0
              },
              "wickets": [
                {
                  "player_out": "Faisal Raza",
                  "kind": "caught and bowled"
                }
              ]
            },
            {
              "batter": "Sher Sahak",
              "bowler": "S Vaz",
              "non_striker": "Junaid Mehmood",
              "runs": {
                "batter": 0,
                "extras": 0,
                "total": 0
              }
            }
          ]
        },
        {
          "over": 8,
          "deliveries": [
            {
              "batter": "Junaid Mehmood",
              "bowler": "Sirajullah Khadim",
              "non_striker": "Sher Sahak",
              "runs": {
                "batter": 2,
                "extras": 0,
                "total": 2
              }
            },
            {
              "batter": "Junaid Mehmood",
              "bowler": "Sirajullah Khadim",
              "non_striker": "Sher Sahak",
              "runs": {
                "batter": 1,
                "extras": 0,
                "total": 1
              }
            },
            {
              "batter": "Sher Sahak",
              "bowler": "Sirajullah Khadim",
              "non_striker": "Junaid Mehmood",
              "runs": {
                "batter": 0,
                "extras": 0,
                "total": 0
              }
            },
            {
              "batter": "Sher Sahak",
              "bowler": "Sirajullah Khadim",
              "non_striker": "Junaid Mehmood",
              "runs": {
                "batter": 1,
                "extras": 0,
                "total": 1
              }
            },
            {
              "batter": "Junaid Mehmood",
              "bowler": "Sirajullah Khadim",
              "non_striker": "Sher Sahak",
              "runs": {
                "batter": 0,
                "extras": 0,
                "total": 0
              }
            },
            {
              "batter": "Junaid Mehmood",
              "bowler": "Sirajullah Khadim",
              "non_striker": "Sher Sahak",
              "runs": {
                "batter": 1,
                "extras": 0,
                "total": 1
              }
            }
          ]
        },
        {
          "over": 9,
          "deliveries": [
            {
              "batter": "Junaid Mehmood",
              "bowler": "S Vaz",
              "non_striker": "Sher Sahak",
              "runs": {
                "batter": 0,
                "extras": 0,
                "total": 0
              }
            },
            {
              "batter": "Junaid Mehmood",
              "bowler": "S Vaz",
              "non_striker": "Sher Sahak",
              "runs": {
                "batter": 0,
                "extras": 0,
                "total": 0
              },
              "wickets": [
                {
                  "player_out": "Junaid Mehmood",
                  "fielders": [
                    {
                      "name": "J Vijay"
                    }
                  ],
                  "kind": "caught"
                }
              ]
            },
            {
              "batter": "Qamar Mushtaque",
              "bowler": "S Vaz",
              "non_striker": "Sher Sahak",
              "runs": {
                "batter": 0,
                "extras": 0,
                "total": 0
              }
            },
            {
              "batter": "Qamar Mushtaque",
              "bowler": "S Vaz",
              "non_striker": "Sher Sahak",
              "runs": {
                "batter": 1,
                "extras": 0,
                "total": 1
              }
            },
            {
              "batter": "Sher Sahak",
              "bowler": "S Vaz",
              "non_striker": "Qamar Mushtaque",
              "runs": {
                "batter": 1,
                "extras": 0,
                "total": 1
              }
            },
            {
              "batter": "Qamar Mushtaque",
              "bowler": "S Vaz",
              "non_striker": "Sher Sahak",
              "runs": {
                "batter": 0,
                "extras": 0,
                "total": 0
              },
              "wickets": [
                {
                  "player_out": "Qamar Mushtaque",
                  "fielders": [
                    {
                      "name": "J Vijay"
                    }
                  ],
                  "kind": "caught"
                }
              ]
            }
          ]
        },
        {
          "over": 10,
          "deliveries": [
            {
              "batter": "Sher Sahak",
              "bowler": "Sirajullah Khadim",
              "non_striker": "Vinay Ravi",
              "runs": {
                "batter": 2,
                "extras": 0,
                "total": 2
              }
            },
            {
              "batter": "Sher Sahak",
              "bowler": "Sirajullah Khadim",
              "non_striker": "Vinay Ravi",
              "runs": {
                "batter": 0,
                "extras": 0,
                "total": 0
              }
            },
            {
              "batter": "Sher Sahak",
              "bowler": "Sirajullah Khadim",
              "non_striker": "Vinay Ravi",
              "runs": {
                "batter": 2,
                "extras": 0,
                "total": 2
              },
              "wickets": [
                {
                  "player_out": "Vinay Ravi",
                  "fielders": [
                    {
                      "name": "M Machado"
                    },
                    {
                      "name": "Sirajullah Khadim"
                    }
                  ],
                  "kind": "run out"
                }
              ]
            },
            {
              "batter": "Sher Sahak",
              "bowler": "Sirajullah Khadim",
              "non_striker": "Ahmadullah Shinwari",
              "runs": {
                "batter": 1,
                "extras": 0,
                "total": 1
              }
            },
            {
              "batter": "Ahmadullah Shinwari",
              "bowler": "Sirajullah Khadim",
              "extras": {
                "wides": 1
              },
              "non_striker": "Sher Sahak",
              "runs": {
                "batter": 0,
                "extras": 1,
                "total": 1
              }
            },
            {
              "batter": "Ahmadullah Shinwari",
              "bowler": "Sirajullah Khadim",
              "non_striker": "Sher Sahak",
              "runs": {
                "batter": 0,
                "extras": 0,
                "total": 0
              }
            },
            {
              "batter": "Ahmadullah Shinwari",
              "bowler": "Sirajullah Khadim",
              "non_striker": "Sher Sahak",
              "runs": {
                "batter": 0,
                "extras": 0,
                "total": 0
              }
            }
          ]
        },
        {
          "over": 11,
          "deliveries": [
            {
              "batter": "Sher Sahak",
              "bowler": "S Vaz",
              "non_striker": "Ahmadullah Shinwari",
              "runs": {
                "batter": 0,
                "extras": 0,
                "total": 0
              }
            },
            {
              "batter": "Sher Sahak",
              "bowler": "S Vaz",
              "non_striker": "Ahmadullah Shinwari",
              "runs": {
                "batter": 1,
                "extras": 0,
                "total": 1
              }
            },
            {
              "batter": "Ahmadullah Shinwari",
              "bowler": "S Vaz",
              "non_striker": "Sher Sahak",
              "runs": {
                "batter": 0,
                "extras": 0,
                "total": 0
              }
            },
            {
              "batter": "Ahmadullah Shinwari",
              "bowler": "S Vaz",
              "non_striker": "Sher Sahak",
              "runs": {
                "batter": 2,
                "extras": 0,
                "total": 2
              }
            },
            {
              "batter": "Ahmadullah Shinwari",
              "bowler": "S Vaz",
              "non_striker": "Sher Sahak",
              "runs": {
                "batter": 0,
                "extras": 0,
                "total": 0
              }
            },
            {
              "batter": "Ahmadullah Shinwari",
              "bowler": "S Vaz",
              "non_striker": "Sher Sahak",
              "runs": {
                "batter": 0,
                "extras": 0,
                "total": 0
              }
            }
          ]
        },
        {
          "over": 12,
          "deliveries": [
            {
              "batter": "Sher Sahak",
              "bowler": "Sirajullah Khadim",
              "non_striker": "Ahmadullah Shinwari",
              "runs": {
                "batter": 6,
                "extras": 0,
                "total": 6
              }
            },
            {
              "batter": "Sher Sahak",
              "bowler": "Sirajullah Khadim",
              "non_striker": "Ahmadullah Shinwari",
              "runs": {
                "batter": 2,
                "extras": 0,
                "total": 2
              }
            },
            {
              "batter": "Sher Sahak",
              "bowler": "Sirajullah Khadim",
              "non_striker": "Ahmadullah Shinwari",
              "runs": {
                "batter": 0,
                "extras": 0,
                "total": 0
              }
            },
            {
              "batter": "Sher Sahak",
              "bowler": "Sirajullah Khadim",
              "non_striker": "Ahmadullah Shinwari",
              "runs": {
                "batter": 6,
                "extras": 0,
                "total": 6
              }
            },
            {
              "batter": "Sher Sahak",
              "bowler": "Sirajullah Khadim",
              "non_striker": "Ahmadullah Shinwari",
              "runs": {
                "batter": 0,
                "extras": 0,
                "total": 0
              }
            },
            {
              "batter": "Sher Sahak",
              "bowler": "Sirajullah Khadim",
              "non_striker": "Ahmadullah Shinwari",
              "runs": {
                "batter": 1,
                "extras": 0,
                "total": 1
              }
            }
          ]
        },
        {
          "over": 13,
          "deliveries": [
            {
              "batter": "Sher Sahak",
              "bowler": "S Vaz",
              "non_striker": "Ahmadullah Shinwari",
              "runs": {
                "batter": 0,
                "extras": 0,
                "total": 0
              }
            },
            {
              "batter": "Sher Sahak",
              "bowler": "S Vaz",
              "non_striker": "Ahmadullah Shinwari",
              "runs": {
                "batter": 0,
                "extras": 0,
                "total": 0
              }
            },
            {
              "batter": "Sher Sahak",
              "bowler": "S Vaz",
              "non_striker": "Ahmadullah Shinwari",
              "runs": {
                "batter": 1,
                "extras": 0,
                "total": 1
              }
            },
            {
              "batter": "Ahmadullah Shinwari",
              "bowler": "S Vaz",
              "non_striker": "Sher Sahak",
              "runs": {
                "batter": 4,
                "extras": 0,
                "total": 4
              }
            },
            {
              "batter": "Ahmadullah Shinwari",
              "bowler": "S Vaz",
              "non_striker": "Sher Sahak",
              "runs": {
                "batter": 0,
                "extras": 0,
                "total": 0
              }
            },
            {
              "batter": "Ahmadullah Shinwari",
              "bowler": "S Vaz",
              "non_striker": "Sher Sahak",
              "runs": {
                "batter": 1,
                "extras": 0,
                "total": 1
              }
            }
          ]
        },
        {
          "over": 14,
          "deliveries": [
            {
              "batter": "Ahmadullah Shinwari",
              "bowler": "Sirajullah Khadim",
              "non_striker": "Sher Sahak",
              "runs": {
                "batter": 1,
                "extras": 0,
                "total": 1
              }
            },
            {
              "batter": "Sher Sahak",
              "bowler": "Sirajullah Khadim",
              "non_striker": "Ahmadullah Shinwari",
              "runs": {
                "batter": 2,
                "extras": 0,
                "total": 2
              }
            },
            {
              "batter": "Sher Sahak",
              "bowler": "Sirajullah Khadim",
              "non_striker": "Ahmadullah Shinwari",
              "runs": {
                "batter": 0,
                "extras": 0,
                "total": 0
              }
            },
            {
              "batter": "Sher Sahak",
              "bowler": "Sirajullah Khadim",
              "non_striker": "Ahmadullah Shinwari",
              "runs": {
                "batter": 6,
                "extras": 0,
                "total": 6
              }
            },
            {
              "batter": "Sher Sahak",
              "bowler": "Sirajullah Khadim",
              "non_striker": "Ahmadullah Shinwari",
              "runs": {
                "batter": 1,
                "extras": 0,
                "total": 1
              }
            },
            {
              "batter": "Ahmadullah Shinwari",
              "bowler": "Sirajullah Khadim",
              "non_striker": "Sher Sahak",
              "runs": {
                "batter": 1,
                "extras": 0,
                "total": 1
              }
            }
          ]
        },
        {
          "over": 15,
          "deliveries": [
            {
              "batter": "Ahmadullah Shinwari",
              "bowler": "Amandeep Singh",
              "non_striker": "Sher Sahak",
              "runs": {
                "batter": 4,
                "extras": 0,
                "total": 4
              }
            },
            {
              "batter": "Ahmadullah Shinwari",
              "bowler": "Amandeep Singh",
              "non_striker": "Sher Sahak",
              "runs": {
                "batter": 0,
                "extras": 0,
                "total": 0
              }
            },
            {
              "batter": "Ahmadullah Shinwari",
              "bowler": "Amandeep Singh",
              "non_striker": "Sher Sahak",
              "runs": {
                "batter": 1,
                "extras": 0,
                "total": 1
              }
            },
            {
              "batter": "Sher Sahak",
              "bowler": "Amandeep Singh",
              "non_striker": "Ahmadullah Shinwari",
              "runs": {
                "batter": 0,
                "extras": 0,
                "total": 0
              }
            },
            {
              "batter": "Sher Sahak",
              "bowler": "Amandeep Singh",
              "non_striker": "Ahmadullah Shinwari",
              "runs": {
                "batter": 0,
                "extras": 0,
                "total": 0
              }
            },
            {
              "batter": "Sher Sahak",
              "bowler": "Amandeep Singh",
              "non_striker": "Ahmadullah Shinwari",
              "runs": {
                "batter": 2,
                "extras": 0,
                "total": 2
              }
            }
          ]
        },
        {
          "over": 16,
          "deliveries": [
            {
              "batter": "Ahmadullah Shinwari",
              "bowler": "R Hashu",
              "non_striker": "Sher Sahak",
              "runs": {
                "batter": 0,
                "extras": 0,
                "total": 0
              }
            },
            {
              "batter": "Ahmadullah Shinwari",
              "bowler": "R Hashu",
              "non_striker": "Sher Sahak",
              "runs": {
                "batter": 1,
                "extras": 0,
                "total": 1
              }
            },
            {
              "batter": "Sher Sahak",
              "bowler": "R Hashu",
              "non_striker": "Ahmadullah Shinwari",
              "runs": {
                "batter": 2,
                "extras": 0,
                "total": 2
              }
            },
            {
              "batter": "Sher Sahak",
              "bowler": "R Hashu",
              "non_striker": "Ahmadullah Shinwari",
              "runs": {
                "batter": 1,
                "extras": 0,
                "total": 1
              }
            },
            {
              "batter": "Ahmadullah Shinwari",
              "bowler": "R Hashu",
              "extras": {
                "wides": 1
              },
              "non_striker": "Sher Sahak",
              "runs": {
                "batter": 0,
                "extras": 1,
                "total": 1
              }
            },
            {
              "batter": "Ahmadullah Shinwari",
              "bowler": "R Hashu",
              "non_striker": "Sher Sahak",
              "runs": {
                "batter": 1,
                "extras": 0,
                "total": 1
              }
            },
            {
              "batter": "Sher Sahak",
              "bowler": "R Hashu",
              "non_striker": "Ahmadullah Shinwari",
              "runs": {
                "batter": 1,
                "extras": 0,
                "total": 1
              }
            }
          ]
        },
        {
          "over": 17,
          "deliveries": [
            {
              "batter": "Sher Sahak",
              "bowler": "Amandeep Singh",
              "non_striker": "Ahmadullah Shinwari",
              "runs": {
                "batter": 0,
                "extras": 0,
                "total": 0
              }
            },
            {
              "batter": "Sher Sahak",
              "bowler": "Amandeep Singh",
              "non_striker": "Ahmadullah Shinwari",
              "runs": {
                "batter": 4,
                "extras": 0,
                "total": 4
              }
            },
            {
              "batter": "Sher Sahak",
              "bowler": "Amandeep Singh",
              "non_striker": "Ahmadullah Shinwari",
              "runs": {
                "batter": 6,
                "extras": 0,
                "total": 6
              }
            },
            {
              "batter": "Sher Sahak",
              "bowler": "Amandeep Singh",
              "non_striker": "Ahmadullah Shinwari",
              "runs": {
                "batter": 1,
                "extras": 0,
                "total": 1
              }
            },
            {
              "batter": "Ahmadullah Shinwari",
              "bowler": "Amandeep Singh",
              "non_striker": "Sher Sahak",
              "runs": {
                "batter": 1,
                "extras": 0,
                "total": 1
              }
            },
            {
              "batter": "Sher Sahak",
              "bowler": "Amandeep Singh",
              "non_striker": "Ahmadullah Shinwari",
              "runs": {
                "batter": 4,
                "extras": 0,
                "total": 4
              }
            }
          ]
        },
        {
          "over": 18,
          "deliveries": [
            {
              "batter": "Ahmadullah Shinwari",
              "bowler": "R Hashu",
              "non_striker": "Sher Sahak",
              "runs": {
                "batter": 0,
                "extras": 0,
                "total": 0
              }
            },
            {
              "batter": "Ahmadullah Shinwari",
              "bowler": "R Hashu",
              "extras": {
                "wides": 1
              },
              "non_striker": "Sher Sahak",
              "runs": {
                "batter": 0,
                "extras": 1,
                "total": 1
              }
            },
            {
              "batter": "Ahmadullah Shinwari",
              "bowler": "R Hashu",
              "non_striker": "Sher Sahak",
              "runs": {
                "batter": 0,
                "extras": 0,
                "total": 0
              }
            },
            {
              "batter": "Ahmadullah Shinwari",
              "bowler": "R Hashu",
              "non_striker": "Sher Sahak",
              "runs": {
                "batter": 0,
                "extras": 0,
                "total": 0
              }
            },
            {
              "batter": "Ahmadullah Shinwari",
              "bowler": "R Hashu",
              "non_striker": "Sher Sahak",
              "runs": {
                "batter": 4,
                "extras": 0,
                "total": 4
              }
            },
            {
              "batter": "Ahmadullah Shinwari",
              "bowler": "R Hashu",
              "non_striker": "Sher Sahak",
              "runs": {
                "batter": 0,
                "extras": 0,
                "total": 0
              }
            },
            {
              "batter": "Ahmadullah Shinwari",
              "bowler": "R Hashu",
              "non_striker": "Sher Sahak",
              "runs": {
                "batter": 4,
                "extras": 0,
                "total": 4
              }
            }
          ]
        },
        {
          "over": 19,
          "deliveries": [
            {
              "batter": "Sher Sahak",
              "bowler": "Najjam Shahzad",
              "non_striker": "Ahmadullah Shinwari",
              "runs": {
                "batter": 0,
                "extras": 0,
                "total": 0
              }
            },
            {
              "batter": "Sher Sahak",
              "bowler": "Najjam Shahzad",
              "non_striker": "Ahmadullah Shinwari",
              "runs": {
                "batter": 0,
                "extras": 0,
                "total": 0
              }
            },
            {
              "batter": "Sher Sahak",
              "bowler": "Najjam Shahzad",
              "non_striker": "Ahmadullah Shinwari",
              "runs": {
                "batter": 0,
                "extras": 0,
                "total": 0
              },
              "wickets": [
                {
                  "player_out": "Sher Sahak",
                  "kind": "bowled"
                }
              ]
            },
            {
              "batter": "AJ Parmar",
              "bowler": "Najjam Shahzad",
              "non_striker": "Ahmadullah Shinwari",
              "runs": {
                "batter": 1,
                "extras": 0,
                "total": 1
              }
            },
            {
              "batter": "Ahmadullah Shinwari",
              "bowler": "Najjam Shahzad",
              "non_striker": "AJ Parmar",
              "runs": {
                "batter": 1,
                "extras": 0,
                "total": 1
              }
            },
            {
              "batter": "AJ Parmar",
              "bowler": "Najjam Shahzad",
              "non_striker": "Ahmadullah Shinwari",
              "runs": {
                "batter": 0,
                "extras": 0,
                "total": 0
              }
            }
          ]
        }
      ],
      "powerplays": [
        {
          "from": 0.1,
          "to": 5.6,
          "type": "mandatory"
        }
      ],
      "target": {
        "overs": 20,
        "runs": 190
      }
    }
  ]
}