{
  "meta": {
    "data_version": "1.1.0",
    "created": "2025-05-19",
    "revision": 1
  },
  "info": {
    "balls_per_over": 6,
    "city": "Sharjah",
    "dates": [
      "2025-05-17"
    ],
    "event": {
      "name": "Bangladesh tour of United Arab Emirates",
      "match_number": 1
    },
    "gender": "male",
    "match_type": "T20",
    "match_type_number": 3185,
    "officials": {
      "match_referees": [
        "GF Labrooy"
      ],
      "reserve_umpires": [
        "Nadeem Anjum"
      ],
      "tv_umpires": [
        "Aasif Iqbal"
      ],
      "umpires": [
        "Akbar Ali",
        "Shiju Sam"
      ]
    },
    "outcome": {
      "winner": "Bangladesh",
      "by": {
        "runs": 27
      }
    },
    "overs": 20,
    "player_of_match": [
      "Parvez Hossain Emon"
    ],
    "players": {
      "Bangladesh": [
        "Tanzid Hasan",
        "Parvez Hossain Emon",
        "Liton Das",
        "Towhid Hridoy",
        "Mahedi Hasan",
        "Jaker Ali",
        "Shamim Hossain",
        "Tanzim Hasan Sakib",
        "Tanvir Islam",
        "Hasan Mahmud",
        "Mustafizur Rahman"
      ],
      "United Arab Emirates": [
        "Muhammad Zohaib",
        "Waseem Muhammad",
        "A Sharafu",
        "R Chopra",
        "Asif Khan",
        "D Parashar",
        "SM Sharma",
        "Zuhaib Zubair",
        "Haider Ali",
        "Matiullah Khan",
        "Muhammad Jawadullah"
      ]
    },
    "registry": {
      "people": {
        "A Sharafu": "06cad4f0",
        "Aasif Iqbal": "42c41e1a",
        "Akbar Ali": "e753931d",
        "Asif Khan": "074acfb4",
        "D Parashar": "395179e8",
        "GF Labrooy": "8e088dbc",
        "Haider Ali": "dd572696",
        "Hasan Mahmud": "80ad39ac",
        "Jaker Ali": "cd56a813",
        "Liton Das": "0404d43c",
        "Mahedi Hasan": "9dad0f2e",
        "Matiullah Khan": "083e01d9",
        "Muhammad Jawadullah": "098a757c",
        "Muhammad Zohaib": "8f75193e",
        "Mustafizur Rahman": "0a8fce53",
        "Nadeem Anjum": "7ccbae86",
        "Nazmul Hossain Shanto": "1274d7ab",
        "Parvez Hossain Emon": "489aaf0a",
        "R Chopra": "a71d0f89",
        "SM Sharma": "cec44e08",
        "Shamim Hossain": "711249d1",
        "Shiju Sam": "1e2f3eae",
        "Tanvir Islam": "aa467af0",
        "Tanzid Hasan": "80fe764d",
        "Tanzim Hasan Sakib": "0b0cc297",
        "Towhid Hridoy": "9e52a414",
        "Waseem Muhammad": "6f02fe2a",
        "Zuhaib Zubair": "9124aa4c"
      }
    },
    "season": "2025",
    "team_type": "international",
    "teams": [
      "Bangladesh",
      "United Arab Emirates"
    ],
    "toss": {
      "decision": "field",
      "winner": "United Arab Emirates"
    },
    "venue": "Sharjah Cricket Stadium"
  },
  "innings": [
    {
      "team": "Bangladesh",
      "overs": [
        {
          "over": 0,
          "deliveries": [
            {
              "batter": "Tanzid Hasan",
              "bowler": "D Parashar",
              "non_striker": "Parvez Hossain Emon",
              "runs": {
                "batter": 0,
                "extras": 0,
                "total": 0
              }
            },
            {
              "batter": "Tanzid Hasan",
              "bowler": "D Parashar",
              "non_striker": "Parvez Hossain Emon",
              "runs": {
                "batter": 0,
                "extras": 0,
                "total": 0
              }
            },
            {
              "batter": "Tanzid Hasan",
              "bowler": "D Parashar",
              "non_striker": "Parvez Hossain Emon",
              "runs": {
                "batter": 4,
                "extras": 0,
                "total": 4
              }
            },
            {
              "batter": "Tanzid Hasan",
              "bowler": "D Parashar",
              "non_striker": "Parvez Hossain Emon",
              "runs": {
                "batter": 0,
                "extras": 0,
                "total": 0
              }
            },
            {
              "batter": "Tanzid Hasan",
              "bowler": "D Parashar",
              "non_striker": "Parvez Hossain Emon",
              "runs": {
                "batter": 0,
                "extras": 0,
                "total": 0
              }
            },
            {
              "batter": "Tanzid Hasan",
              "bowler": "D Parashar",
              "non_striker": "Parvez Hossain Emon",
              "runs": {
                "batter": 6,
                "extras": 0,
                "total": 6
              }
            }
          ]
        },
        {
          "over": 1,
          "deliveries": [
            {
              "batter": "Parvez Hossain Emon",
              "bowler": "Matiullah Khan",
              "extras": {
                "noballs": 1
              },
              "non_striker": "Tanzid Hasan",
              "runs": {
                "batter": 0,
                "extras": 1,
                "total": 1
              }
            },
            {
              "batter": "Parvez Hossain Emon",
              "bowler": "Matiullah Khan",
              "extras": {
                "wides": 1
              },
              "non_striker": "Tanzid Hasan",
              "runs": {
                "batter": 0,
                "extras": 1,
                "total": 1
              }
            },
            {
              "batter": "Parvez Hossain Emon",
              "bowler": "Matiullah Khan",
              "non_striker": "Tanzid Hasan",
              "runs": {
                "batter": 1,
                "extras": 0,
                "total": 1
              }
            },
            {
              "batter": "Tanzid Hasan",
              "bowler": "Matiullah Khan",
              "non_striker": "Parvez Hossain Emon",
              "runs": {
                "batter": 0,
                "extras": 0,
                "total": 0
              }
            },
            {
              "batter": "Tanzid Hasan",
              "bowler": "Matiullah Khan",
              "non_striker": "Parvez Hossain Emon",
              "runs": {
                "batter": 0,
                "extras": 0,
                "total": 0
              }
            },
            {
              "batter": "Tanzid Hasan",
              "bowler": "Matiullah Khan",
              "non_striker": "Parvez Hossain Emon",
              "runs": {
                "batter": 0,
                "extras": 0,
                "total": 0
              },
              "wickets": [
                {
                  "player_out": "Tanzid Hasan",
                  "fielders": [
                    {
                      "name": "R Chopra"
                    }
                  ],
                  "kind": "caught"
                }
              ]
            },
            {
              "batter": "Liton Das",
              "bowler": "Matiullah Khan",
              "non_striker": "Parvez Hossain Emon",
              "runs": {
                "batter": 0,
                "extras": 0,
                "total": 0
              }
            },
            {
              "batter": "Liton Das",
              "bowler": "Matiullah Khan",
              "non_striker": "Parvez Hossain Emon",
              "runs": {
                "batter": 2,
                "extras": 0,
                "total": 2
              }
            }
          ]
        },
        {
          "over": 2,
          "deliveries": [
            {
              "batter": "Parvez Hossain Emon",
              "bowler": "D Parashar",
              "non_striker": "Liton Das",
              "runs": {
                "batter": 0,
                "extras": 0,
                "total": 0
              }
            },
            {
              "batter": "Parvez Hossain Emon",
              "bowler": "D Parashar",
              "non_striker": "Liton Das",
              "runs": {
                "batter": 4,
                "extras": 0,
                "total": 4
              }
            },
            {
              "batter": "Parvez Hossain Emon",
              "bowler": "D Parashar",
              "non_striker": "Liton Das",
              "runs": {
                "batter": 2,
                "extras": 0,
                "total": 2
              }
            },
            {
              "batter": "Parvez Hossain Emon",
              "bowler": "D Parashar",
              "non_striker": "Liton Das",
              "runs": {
                "batter": 6,
                "extras": 0,
                "total": 6
              }
            },
            {
              "batter": "Parvez Hossain Emon",
              "bowler": "D Parashar",
              "non_striker": "Liton Das",
              "runs": {
                "batter": 0,
                "extras": 0,
                "total": 0
              }
            },
            {
              "batter": "Parvez Hossain Emon",
              "bowler": "D Parashar",
              "non_striker": "Liton Das",
              "runs": {
                "batter": 0,
                "extras": 0,
                "total": 0
              }
            }
          ]
        },
        {
          "over": 3,
          "deliveries": [
            {
              "batter": "Liton Das",
              "bowler": "Haider Ali",
              "non_striker": "Parvez Hossain Emon",
              "runs": {
                "batter": 0,
                "extras": 0,
                "total": 0
              }
            },
            {
              "batter": "Liton Das",
              "bowler": "Haider Ali",
              "non_striker": "Parvez Hossain Emon",
              "runs": {
                "batter": 1,
                "extras": 0,
                "total": 1
              }
            },
            {
              "batter": "Parvez Hossain Emon",
              "bowler": "Haider Ali",
              "non_striker": "Liton Das",
              "runs": {
                "batter": 0,
                "extras": 0,
                "total": 0
              }
            },
            {
              "batter": "Parvez Hossain Emon",
              "bowler": "Haider Ali",
              "non_striker": "Liton Das",
              "runs": {
                "batter": 0,
                "extras": 0,
                "total": 0
              }
            },
            {
              "batter": "Parvez Hossain Emon",
              "bowler": "Haider Ali",
              "non_striker": "Liton Das",
              "runs": {
                "batter": 1,
                "extras": 0,
                "total": 1
              }
            },
            {
              "batter": "Liton Das",
              "bowler": "Haider Ali",
              "non_striker": "Parvez Hossain Emon",
              "runs": {
                "batter": 6,
                "extras": 0,
                "total": 6
              }
            }
          ]
        },
        {
          "over": 4,
          "deliveries": [
            {
              "batter": "Parvez Hossain Emon",
              "bowler": "Matiullah Khan",
              "non_striker": "Liton Das",
              "runs": {
                "batter": 4,
                "extras": 0,
                "total": 4
              }
            },
            {
              "batter": "Parvez Hossain Emon",
              "bowler": "Matiullah Khan",
              "extras": {
                "legbyes": 1
              },
              "non_striker": "Liton Das",
              "runs": {
                "batter": 0,
                "extras": 1,
                "total": 1
              }
            },
            {
              "batter": "Liton Das",
              "bowler": "Matiullah Khan",
              "non_striker": "Parvez Hossain Emon",
              "runs": {
                "batter": 1,
                "extras": 0,
                "total": 1
              }
            },
            {
              "batter": "Parvez Hossain Emon",
              "bowler": "Matiullah Khan",
              "non_striker": "Liton Das",
              "runs": {
                "batter": 6,
                "extras": 0,
                "total": 6
              }
            },
            {
              "batter": "Parvez Hossain Emon",
              "bowler": "Matiullah Khan",
              "extras": {
                "legbyes": 1
              },
              "non_striker": "Liton Das",
              "runs": {
                "batter": 0,
                "extras": 1,
                "total": 1
              }
            },
            {
              "batter": "Liton Das",
              "bowler": "Matiullah Khan",
              "non_striker": "Parvez Hossain Emon",
              "runs": {
                "batter": 1,
                "extras": 0,
                "total": 1
              }
            }
          ]
        },
        {
          "over": 5,
          "deliveries": [
            {
              "batter": "Liton Das",
              "bowler": "Muhammad Jawadullah",
              "non_striker": "Parvez Hossain Emon",
              "runs": {
                "batter": 0,
                "extras": 0,
                "total": 0
              },
              "wickets": [
                {
                  "player_out": "Liton Das",
                  "kind": "lbw"
                }
              ]
            },
            {
              "batter": "Towhid Hridoy",
              "bowler": "Muhammad Jawadullah",
              "non_striker": "Parvez Hossain Emon",
              "runs": {
                "batter": 3,
                "extras": 0,
                "total": 3
              }
            },
            {
              "batter": "Parvez Hossain Emon",
              "bowler": "Muhammad Jawadullah",
              "non_striker": "Towhid Hridoy",
              "runs": {
                "batter": 1,
                "extras": 0,
                "total": 1
              }
            },
            {
              "batter": "Towhid Hridoy",
              "bowler": "Muhammad Jawadullah",
              "non_striker": "Parvez Hossain Emon",
              "runs": {
                "batter": 0,
                "extras": 0,
                "total": 0
              }
            },
            {
              "batter": "Towhid Hridoy",
              "bowler": "Muhammad Jawadullah",
              "non_striker": "Parvez Hossain Emon",
              "runs": {
                "batter": 1,
                "extras": 0,
                "total": 1
              }
            },
            {
              "batter": "Parvez Hossain Emon",
              "bowler": "Muhammad Jawadullah",
              "non_striker": "Towhid Hridoy",
              "runs": {
                "batter": 1,
                "extras": 0,
                "total": 1
              }
            }
          ]
        },
        {
          "over": 6,
          "deliveries": [
            {
              "batter": "Parvez Hossain Emon",
              "bowler": "Haider Ali",
              "non_striker": "Towhid Hridoy",
              "runs": {
                "batter": 0,
                "extras": 0,
                "total": 0
              }
            },
            {
              "batter": "Parvez Hossain Emon",
              "bowler": "Haider Ali",
              "non_striker": "Towhid Hridoy",
              "runs": {
                "batter": 1,
                "extras": 0,
                "total": 1
              }
            },
            {
              "batter": "Towhid Hridoy",
              "bowler": "Haider Ali",
              "non_striker": "Parvez Hossain Emon",
              "runs": {
                "batter": 1,
                "extras": 0,
                "total": 1
              }
            },
            {
              "batter": "Parvez Hossain Emon",
              "bowler": "Haider Ali",
              "non_striker": "Towhid Hridoy",
              "runs": {
                "batter": 1,
                "extras": 0,
                "total": 1
              }
            },
            {
              "batter": "Towhid Hridoy",
              "bowler": "Haider Ali",
              "non_striker": "Parvez Hossain Emon",
              "runs": {
                "batter": 1,
                "extras": 0,
                "total": 1
              }
            },
            {
              "batter": "Parvez Hossain Emon",
              "bowler": "Haider Ali",
              "non_striker": "Towhid Hridoy",
              "runs": {
                "batter": 1,
                "extras": 0,
                "total": 1
              }
            }
          ]
        },
        {
          "over": 7,
          "deliveries": [
            {
              "batter": "Parvez Hossain Emon",
              "bowler": "SM Sharma",
              "non_striker": "Towhid Hridoy",
              "runs": {
                "batter": 0,
                "extras": 0,
                "total": 0
              }
            },
            {
              "batter": "Parvez Hossain Emon",
              "bowler": "SM Sharma",
              "non_striker": "Towhid Hridoy",
              "runs": {
                "batter": 6,
                "extras": 0,
                "total": 6
              }
            },
            {
              "batter": "Parvez Hossain Emon",
              "bowler": "SM Sharma",
              "non_striker": "Towhid Hridoy",
              "runs": {
                "batter": 6,
                "extras": 0,
                "total": 6
              }
            },
            {
              "batter": "Parvez Hossain Emon",
              "bowler": "SM Sharma",
              "non_striker": "Towhid Hridoy",
              "runs": {
                "batter": 0,
                "extras": 0,
                "total": 0
              }
            },
            {
              "batter": "Parvez Hossain Emon",
              "bowler": "SM Sharma",
              "non_striker": "Towhid Hridoy",
              "runs": {
                "batter": 6,
                "extras": 0,
                "total": 6
              }
            },
            {
              "batter": "Parvez Hossain Emon",
              "bowler": "SM Sharma",
              "extras": {
                "byes": 4
              },
              "non_striker": "Towhid Hridoy",
              "runs": {
                "batter": 0,
                "extras": 4,
                "total": 4
              }
            }
          ]
        },
        {
          "over": 8,
          "deliveries": [
            {
              "batter": "Towhid Hridoy",
              "bowler": "Haider Ali",
              "non_striker": "Parvez Hossain Emon",
              "runs": {
                "batter": 0,
                "extras": 0,
                "total": 0
              }
            },
            {
              "batter": "Towhid Hridoy",
              "bowler": "Haider Ali",
              "non_striker": "Parvez Hossain Emon",
              "runs": {
                "batter": 1,
                "extras": 0,
                "total": 1
              }
            },
            {
              "batter": "Parvez Hossain Emon",
              "bowler": "Haider Ali",
              "non_striker": "Towhid Hridoy",
              "runs": {
                "batter": 4,
                "extras": 0,
                "total": 4
              }
            },
            {
              "batter": "Parvez Hossain Emon",
              "bowler": "Haider Ali",
              "non_striker": "Towhid Hridoy",
              "runs": {
                "batter": 1,
                "extras": 0,
                "total": 1
              }
            },
            {
              "batter": "Towhid Hridoy",
              "bowler": "Haider Ali",
              "non_striker": "Parvez Hossain Emon",
              "runs": {
                "batter": 0,
                "extras": 0,
                "total": 0
              }
            },
            {
              "batter": "Towhid Hridoy",
              "bowler": "Haider Ali",
              "extras": {
                "legbyes": 1
              },
              "non_striker": "Parvez Hossain Emon",
              "runs": {
                "batter": 0,
                "extras": 1,
                "total": 1
              }
            }
          ]
        },
        {
          "over": 9,
          "deliveries": [
            {
              "batter": "Towhid Hridoy",
              "bowler": "Zuhaib Zubair",
              "non_striker": "Parvez Hossain Emon",
              "runs": {
                "batter": 6,
                "extras": 0,
                "total": 6
              }
            },
            {
              "batter": "Towhid Hridoy",
              "bowler": "Zuhaib Zubair",
              "non_striker": "Parvez Hossain Emon",
              "runs": {
                "batter": 4,
                "extras": 0,
                "total": 4
              }
            },
            {
              "batter": "Towhid Hridoy",
              "bowler": "Zuhaib Zubair",
              "non_striker": "Parvez Hossain Emon",
              "runs": {
                "batter": 0,
                "extras": 0,
                "total": 0
              }
            },
            {
              "batter": "Towhid Hridoy",
              "bowler": "Zuhaib Zubair",
              "non_striker": "Parvez Hossain Emon",
              "runs": {
                "batter": 1,
                "extras": 0,
                "total": 1
              }
            },
            {
              "batter": "Parvez Hossain Emon",
              "bowler": "Zuhaib Zubair",
              "non_striker": "Towhid Hridoy",
              "runs": {
                "batter": 1,
                "extras": 0,
                "total": 1
              }
            },
            {
              "batter": "Towhid Hridoy",
              "bowler": "Zuhaib Zubair",
              "non_striker": "Parvez Hossain Emon",
              "runs": {
                "batter": 2,
                "extras": 0,
                "total": 2
              }
            }
          ]
        },
        {
          "over": 10,
          "deliveries": [
            {
              "batter": "Parvez Hossain Emon",
              "bowler": "D Parashar",
              "non_striker": "Towhid Hridoy",
              "runs": {
                "batter": 1,
                "extras": 0,
                "total": 1
              }
            },
            {
              "batter": "Towhid Hridoy",
              "bowler": "D Parashar",
              "extras": {
                "wides": 2
              },
              "non_striker": "Parvez Hossain Emon",
              "runs": {
                "batter": 0,
                "extras": 2,
                "total": 2
              }
            },
            {
              "batter": "Parvez Hossain Emon",
              "bowler": "D Parashar",
              "non_striker": "Towhid Hridoy",
              "runs": {
                "batter": 1,
                "extras": 0,
                "total": 1
              }
            },
            {
              "batter": "Towhid Hridoy",
              "bowler": "D Parashar",
              "non_striker": "Parvez Hossain Emon",
              "runs": {
                "batter": 0,
                "extras": 0,
                "total": 0
              },
              "wickets": [
                {
                  "player_out": "Towhid Hridoy",
                  "fielders": [
                    {
                      "name": "Muhammad Zohaib"
                    }
                  ],
                  "kind": "caught"
                }
              ]
            },
            {
              "batter": "Mahedi Hasan",
              "bowler": "D Parashar",
              "non_striker": "Parvez Hossain Emon",
              "runs": {
                "batter": 1,
                "extras": 0,
                "total": 1
              }
            },
            {
              "batter": "Parvez Hossain Emon",
              "bowler": "D Parashar",
              "non_striker": "Mahedi Hasan",
              "runs": {
                "batter": 0,
                "extras": 0,
                "total": 0
              }
            },
            {
              "batter": "Parvez Hossain Emon",
              "bowler": "D Parashar",
              "non_striker": "Mahedi Hasan",
              "runs": {
                "batter": 2,
                "extras": 0,
                "total": 2
              }
            }
          ]
        },
        {
          "over": 11,
          "deliveries": [
            {
              "batter": "Mahedi Hasan",
              "bowler": "Muhammad Jawadullah",
              "non_striker": "Parvez Hossain Emon",
              "runs": {
                "batter": 0,
                "extras": 0,
                "total": 0
              }
            },
            {
              "batter": "Mahedi Hasan",
              "bowler": "Muhammad Jawadullah",
              "non_striker": "Parvez Hossain Emon",
              "runs": {
                "batter": 0,
                "extras": 0,
                "total": 0
              }
            },
            {
              "batter": "Mahedi Hasan",
              "bowler": "Muhammad Jawadullah",
              "non_striker": "Parvez Hossain Emon",
              "runs": {
                "batter": 1,
                "extras": 0,
                "total": 1
              }
            },
            {
              "batter": "Parvez Hossain Emon",
              "bowler": "Muhammad Jawadullah",
              "non_striker": "Mahedi Hasan",
              "runs": {
                "batter": 1,
                "extras": 0,
                "total": 1
              }
            },
            {
              "batter": "Mahedi Hasan",
              "bowler": "Muhammad Jawadullah",
              "non_striker": "Parvez Hossain Emon",
              "runs": {
                "batter": 0,
                "extras": 0,
                "total": 0
              },
              "wickets": [
                {
                  "player_out": "Mahedi Hasan",
                  "fielders": [
                    {
                      "name": "R Chopra"
                    }
                  ],
                  "kind": "caught"
                }
              ]
            },
            {
              "batter": "Jaker Ali",
              "bowler": "Muhammad Jawadullah",
              "non_striker": "Parvez Hossain Emon",
              "runs": {
                "batter": 1,
                "extras": 0,
                "total": 1
              }
            }
          ]
        },
        {
          "over": 12,
          "deliveries": [
            {
              "batter": "Jaker Ali",
              "bowler": "D Parashar",
              "non_striker": "Parvez Hossain Emon",
              "runs": {
                "batter": 0,
                "extras": 0,
                "total": 0
              }
            },
            {
              "batter": "Jaker Ali",
              "bowler": "D Parashar",
              "non_striker": "Parvez Hossain Emon",
              "runs": {
                "batter": 1,
                "extras": 0,
                "total": 1
              }
            },
            {
              "batter": "Parvez Hossain Emon",
              "bowler": "D Parashar",
              "non_striker": "Jaker Ali",
              "runs": {
                "batter": 0,
                "extras": 0,
                "total": 0
              }
            },
            {
              "batter": "Parvez Hossain Emon",
              "bowler": "D Parashar",
              "non_striker": "Jaker Ali",
              "runs": {
                "batter": 1,
                "extras": 0,
                "total": 1
              }
            },
            {
              "batter": "Jaker Ali",
              "bowler": "D Parashar",
              "non_striker": "Parvez Hossain Emon",
              "runs": {
                "batter": 0,
                "extras": 0,
                "total": 0
              }
            },
            {
              "batter": "Jaker Ali",
              "bowler": "D Parashar",
              "non_striker": "Parvez Hossain Emon",
              "runs": {
                "batter": 1,
                "extras": 0,
                "total": 1
              }
            }
          ]
        },
        {
          "over": 13,
          "deliveries": [
            {
              "batter": "Jaker Ali",
              "bowler": "Zuhaib Zubair",
              "non_striker": "Parvez Hossain Emon",
              "runs": {
                "batter": 0,
                "extras": 0,
                "total": 0
              }
            },
            {
              "batter": "Jaker Ali",
              "bowler": "Zuhaib Zubair",
              "non_striker": "Parvez Hossain Emon",
              "runs": {
                "batter": 0,
                "extras": 0,
                "total": 0
              }
            },
            {
              "batter": "Jaker Ali",
              "bowler": "Zuhaib Zubair",
              "non_striker": "Parvez Hossain Emon",
              "runs": {
                "batter": 0,
                "extras": 0,
                "total": 0
              }
            },
            {
              "batter": "Jaker Ali",
              "bowler": "Zuhaib Zubair",
              "non_striker": "Parvez Hossain Emon",
              "runs": {
                "batter": 1,
                "extras": 0,
                "total": 1
              }
            },
            {
              "batter": "Parvez Hossain Emon",
              "bowler": "Zuhaib Zubair",
              "non_striker": "Jaker Ali",
              "runs": {
                "batter": 0,
                "extras": 0,
                "total": 0
              }
            },
            {
              "batter": "Parvez Hossain Emon",
              "bowler": "Zuhaib Zubair",
              "non_striker": "Jaker Ali",
              "runs": {
                "batter": 6,
                "extras": 0,
                "total": 6
              }
            }
          ]
        },
        {
          "over": 14,
          "deliveries": [
            {
              "batter": "Jaker Ali",
              "bowler": "Haider Ali",
              "non_striker": "Parvez Hossain Emon",
              "runs": {
                "batter": 1,
                "extras": 0,
                "total": 1
              }
            },
            {
              "batter": "Parvez Hossain Emon",
              "bowler": "Haider Ali",
              "non_striker": "Jaker Ali",
              "runs": {
                "batter": 6,
                "extras": 0,
                "total": 6
              }
            },
            {
              "batter": "Parvez Hossain Emon",
              "bowler": "Haider Ali",
              "non_striker": "Jaker Ali",
              "runs": {
                "batter": 1,
                "extras": 0,
                "total": 1
              }
            },
            {
              "batter": "Jaker Ali",
              "bowler": "Haider Ali",
              "non_striker": "Parvez Hossain Emon",
              "runs": {
                "batter": 1,
                "extras": 0,
                "total": 1
              }
            },
            {
              "batter": "Parvez Hossain Emon",
              "bowler": "Haider Ali",
              "non_striker": "Jaker Ali",
              "runs": {
                "batter": 1,
                "extras": 0,
                "total": 1
              }
            },
            {
              "batter": "Jaker Ali",
              "bowler": "Haider Ali",
              "non_striker": "Parvez Hossain Emon",
              "runs": {
                "batter": 1,
                "extras": 0,
                "total": 1
              }
            }
          ]
        },
        {
          "over": 15,
          "deliveries": [
            {
              "batter": "Jaker Ali",
              "bowler": "Zuhaib Zubair",
              "non_striker": "Parvez Hossain Emon",
              "runs": {
                "batter": 6,
                "extras": 0,
                "total": 6
              }
            },
            {
              "batter": "Jaker Ali",
              "bowler": "Zuhaib Zubair",
              "non_striker": "Parvez Hossain Emon",
              "runs": {
                "batter": 0,
                "extras": 0,
                "total": 0
              },
              "wickets": [
                {
                  "player_out": "Jaker Ali",
                  "fielders": [
                    {
                      "name": "SM Sharma"
                    }
                  ],
                  "kind": "caught"
                }
              ]
            },
            {
              "batter": "Shamim Hossain",
              "bowler": "Zuhaib Zubair",
              "non_striker": "Parvez Hossain Emon",
              "runs": {
                "batter": 1,
                "extras": 0,
                "total": 1
              }
            },
            {
              "batter": "Parvez Hossain Emon",
              "bowler": "Zuhaib Zubair",
              "non_striker": "Shamim Hossain",
              "runs": {
                "batter": 0,
                "extras": 0,
                "total": 0
              }
            },
            {
              "batter": "Parvez Hossain Emon",
              "bowler": "Zuhaib Zubair",
              "non_striker": "Shamim Hossain",
              "runs": {
                "batter": 6,
                "extras": 0,
                "total": 6
              }
            },
            {
              "batter": "Parvez Hossain Emon",
              "bowler": "Zuhaib Zubair",
              "extras": {
                "wides": 1
              },
              "non_striker": "Shamim Hossain",
              "runs": {
                "batter": 0,
                "extras": 1,
                "total": 1
              }
            },
            {
              "batter": "Parvez Hossain Emon",
              "bowler": "Zuhaib Zubair",
              "non_striker": "Shamim Hossain",
              "runs": {
                "batter": 1,
                "extras": 0,
                "total": 1
              }
            }
          ]
        },
        {
          "over": 16,
          "deliveries": [
            {
              "batter": "Parvez Hossain Emon",
              "bowler": "Matiullah Khan",
              "non_striker": "Shamim Hossain",
              "runs": {
                "batter": 4,
                "extras": 0,
                "total": 4
              }
            },
            {
              "batter": "Parvez Hossain Emon",
              "bowler": "Matiullah Khan",
              "extras": {
                "noballs": 1
              },
              "non_striker": "Shamim Hossain",
              "runs": {
                "batter": 0,
                "extras": 1,
                "total": 1
              }
            },
            {
              "batter": "Parvez Hossain Emon",
              "bowler": "Matiullah Khan",
              "non_striker": "Shamim Hossain",
              "runs": {
                "batter": 4,
                "extras": 0,
                "total": 4
              }
            },
            {
              "batter": "Parvez Hossain Emon",
              "bowler": "Matiullah Khan",
              "extras": {
                "wides": 1
              },
              "non_striker": "Shamim Hossain",
              "runs": {
                "batter": 0,
                "extras": 1,
                "total": 1
              }
            },
            {
              "batter": "Parvez Hossain Emon",
              "bowler": "Matiullah Khan",
              "non_striker": "Shamim Hossain",
              "runs": {
                "batter": 2,
                "extras": 0,
                "total": 2
              }
            },
            {
              "batter": "Parvez Hossain Emon",
              "bowler": "Matiullah Khan",
              "non_striker": "Shamim Hossain",
              "runs": {
                "batter": 6,
                "extras": 0,
                "total": 6
              }
            },
            {
              "batter": "Parvez Hossain Emon",
              "bowler": "Matiullah Khan",
              "non_striker": "Shamim Hossain",
              "runs": {
                "batter": 1,
                "extras": 0,
                "total": 1
              }
            },
            {
              "batter": "Shamim Hossain",
              "bowler": "Matiullah Khan",
              "non_striker": "Parvez Hossain Emon",
              "runs": {
                "batter": 1,
                "extras": 0,
                "total": 1
              }
            }
          ]
        },
        {
          "over": 17,
          "deliveries": [
            {
              "batter": "Shamim Hossain",
              "bowler": "Muhammad Jawadullah",
              "non_striker": "Parvez Hossain Emon",
              "runs": {
                "batter": 4,
                "extras": 0,
                "total": 4
              }
            },
            {
              "batter": "Shamim Hossain",
              "bowler": "Muhammad Jawadullah",
              "non_striker": "Parvez Hossain Emon",
              "runs": {
                "batter": 0,
                "extras": 0,
                "total": 0
              }
            },
            {
              "batter": "Shamim Hossain",
              "bowler": "Muhammad Jawadullah",
              "non_striker": "Parvez Hossain Emon",
              "runs": {
                "batter": 0,
                "extras": 0,
                "total": 0
              },
              "wickets": [
                {
                  "player_out": "Shamim Hossain",
                  "kind": "lbw"
                }
              ]
            },
            {
              "batter": "Tanzim Hasan Sakib",
              "bowler": "Muhammad Jawadullah",
              "non_striker": "Parvez Hossain Emon",
              "runs": {
                "batter": 0,
                "extras": 0,
                "total": 0
              }
            },
            {
              "batter": "Tanzim Hasan Sakib",
              "bowler": "Muhammad Jawadullah",
              "extras": {
                "legbyes": 1
              },
              "non_striker": "Parvez Hossain Emon",
              "runs": {
                "batter": 0,
                "extras": 1,
                "total": 1
              }
            },
            {
              "batter": "Parvez Hossain Emon",
              "bowler": "Muhammad Jawadullah",
              "non_striker": "Tanzim Hasan Sakib",
              "runs": {
                "batter": 2,
                "extras": 0,
                "total": 2
              }
            }
          ]
        },
        {
          "over": 18,
          "deliveries": [
            {
              "batter": "Tanzim Hasan Sakib",
              "bowler": "Matiullah Khan",
              "non_striker": "Parvez Hossain Emon",
              "runs": {
                "batter": 0,
                "extras": 0,
                "total": 0
              }
            },
            {
              "batter": "Tanzim Hasan Sakib",
              "bowler": "Matiullah Khan",
              "extras": {
                "noballs": 1
              },
              "non_striker": "Parvez Hossain Emon",
              "runs": {
                "batter": 0,
                "extras": 1,
                "total": 1
              }
            },
            {
              "batter": "Tanzim Hasan Sakib",
              "bowler": "Matiullah Khan",
              "non_striker": "Parvez Hossain Emon",
              "runs": {
                "batter": 4,
                "extras": 0,
                "total": 4
              }
            },
            {
              "batter": "Tanzim Hasan Sakib",
              "bowler": "Matiullah Khan",
              "non_striker": "Parvez Hossain Emon",
              "runs": {
                "batter": 0,
                "extras": 0,
                "total": 0
              }
            },
            {
              "batter": "Tanzim Hasan Sakib",
              "bowler": "Matiullah Khan",
              "non_striker": "Parvez Hossain Emon",
              "runs": {
                "batter": 2,
                "extras": 0,
                "total": 2
              }
            },
            {
              "batter": "Tanzim Hasan Sakib",
              "bowler": "Matiullah Khan",
              "non_striker": "Parvez Hossain Emon",
              "runs": {
                "batter": 1,
                "extras": 0,
                "total": 1
              }
            },
            {
              "batter": "Parvez Hossain Emon",
              "bowler": "Matiullah Khan",
              "non_striker": "Tanzim Hasan Sakib",
              "runs": {
                "batter": 1,
                "extras": 0,
                "total": 1
              }
            }
          ]
        },
        {
          "over": 19,
          "deliveries": [
            {
              "batter": "Parvez Hossain Emon",
              "bowler": "Muhammad Jawadullah",
              "non_striker": "Tanzim Hasan Sakib",
              "runs": {
                "batter": 0,
                "extras": 0,
                "total": 0
              },
              "wickets": [
                {
                  "player_out": "Parvez Hossain Emon",
                  "kind": "bowled"
                }
              ]
            },
            {
              "batter": "Tanvir Islam",
              "bowler": "Muhammad Jawadullah",
              "non_striker": "Tanzim Hasan Sakib",
              "runs": {
                "batter": 0,
                "extras": 0,
                "total": 0
              }
            },
            {
              "batter": "Tanvir Islam",
              "bowler": "Muhammad Jawadullah",
              "non_striker": "Tanzim Hasan Sakib",
              "runs": {
                "batter": 0,
                "extras": 0,
                "total": 0
              }
            },
            {
              "batter": "Tanvir Islam",
              "bowler": "Muhammad Jawadullah",
              "non_striker": "Tanzim Hasan Sakib",
              "runs": {
                "batter": 0,
                "extras": 0,
                "total": 0
              }
            },
            {
              "batter": "Tanvir Islam",
              "bowler": "Muhammad Jawadullah",
              "extras": {
                "wides": 5
              },
              "non_striker": "Tanzim Hasan Sakib",
              "runs": {
                "batter": 0,
                "extras": 5,
                "total": 5
              }
            },
            {
              "batter": "Tanvir Islam",
              "bowler": "Muhammad Jawadullah",
              "non_striker": "Tanzim Hasan Sakib",
              "runs": {
                "batter": 1,
                "extras": 0,
                "total": 1
              }
            },
            {
              "batter": "Tanzim Hasan Sakib",
              "bowler": "Muhammad Jawadullah",
              "non_striker": "Tanvir Islam",
              "runs": {
                "batter": 0,
                "extras": 0,
                "total": 0
              }
            }
          ]
        }
      ],
      "powerplays": [
        {
          "from": 0.1,
          "to": 5.6,
          "type": "mandatory"
        }
      ]
    },
    {
      "team": "United Arab Emirates",
      "overs": [
        {
          "over": 0,
          "deliveries": [
            {
              "batter": "Muhammad Zohaib",
              "bowler": "Tanzim Hasan Sakib",
              "extras": {
                "wides": 1
              },
              "non_striker": "Waseem Muhammad",
              "runs": {
                "batter": 0,
                "extras": 1,
                "total": 1
              }
            },
            {
              "batter": "Muhammad Zohaib",
              "bowler": "Tanzim Hasan Sakib",
              "non_striker": "Waseem Muhammad",
              "runs": {
                "batter": 1,
                "extras": 0,
                "total": 1
              }
            },
            {
              "batter": "Waseem Muhammad",
              "bowler": "Tanzim Hasan Sakib",
              "non_striker": "Muhammad Zohaib",
              "runs": {
                "batter": 1,
                "extras": 0,
                "total": 1
              }
            },
            {
              "batter": "Muhammad Zohaib",
              "bowler": "Tanzim Hasan Sakib",
              "non_striker": "Waseem Muhammad",
              "runs": {
                "batter": 0,
                "extras": 0,
                "total": 0
              }
            },
            {
              "batter": "Muhammad Zohaib",
              "bowler": "Tanzim Hasan Sakib",
              "extras": {
                "legbyes": 1
              },
              "non_striker": "Waseem Muhammad",
              "runs": {
                "batter": 0,
                "extras": 1,
                "total": 1
              }
            },
            {
              "batter": "Waseem Muhammad",
              "bowler": "Tanzim Hasan Sakib",
              "non_striker": "Muhammad Zohaib",
              "runs": {
                "batter": 1,
                "extras": 0,
                "total": 1
              }
            },
            {
              "batter": "Muhammad Zohaib",
              "bowler": "Tanzim Hasan Sakib",
              "non_striker": "Waseem Muhammad",
              "runs": {
                "batter": 0,
                "extras": 0,
                "total": 0
              }
            }
          ]
        },
        {
          "over": 1,
          "deliveries": [
            {
              "batter": "Waseem Muhammad",
              "bowler": "Mahedi Hasan",
              "non_striker": "Muhammad Zohaib",
              "runs": {
                "batter": 6,
                "extras": 0,
                "total": 6
              }
            },
            {
              "batter": "Waseem Muhammad",
              "bowler": "Mahedi Hasan",
              "non_striker": "Muhammad Zohaib",
              "runs": {
                "batter": 0,
                "extras": 0,
                "total": 0
              }
            },
            {
              "batter": "Waseem Muhammad",
              "bowler": "Mahedi Hasan",
              "non_striker": "Muhammad Zohaib",
              "runs": {
                "batter": 4,
                "extras": 0,
                "total": 4
              }
            },
            {
              "batter": "Waseem Muhammad",
              "bowler": "Mahedi Hasan",
              "non_striker": "Muhammad Zohaib",
              "runs": {
                "batter": 1,
                "extras": 0,
                "total": 1
              }
            },
            {
              "batter": "Muhammad Zohaib",
              "bowler": "Mahedi Hasan",
              "non_striker": "Waseem Muhammad",
              "runs": {
                "batter": 4,
                "extras": 0,
                "total": 4
              }
            },
            {
              "batter": "Muhammad Zohaib",
              "bowler": "Mahedi Hasan",
              "non_striker": "Waseem Muhammad",
              "runs": {
                "batter": 4,
                "extras": 0,
                "total": 4
              }
            }
          ]
        },
        {
          "over": 2,
          "deliveries": [
            {
              "batter": "Waseem Muhammad",
              "bowler": "Tanzim Hasan Sakib",
              "non_striker": "Muhammad Zohaib",
              "runs": {
                "batter": 0,
                "extras": 0,
                "total": 0
              }
            },
            {
              "batter": "Waseem Muhammad",
              "bowler": "Tanzim Hasan Sakib",
              "non_striker": "Muhammad Zohaib",
              "runs": {
                "batter": 4,
                "extras": 0,
                "total": 4
              }
            },
            {
              "batter": "Waseem Muhammad",
              "bowler": "Tanzim Hasan Sakib",
              "non_striker": "Muhammad Zohaib",
              "runs": {
                "batter": 0,
                "extras": 0,
                "total": 0
              }
            },
            {
              "batter": "Waseem Muhammad",
              "bowler": "Tanzim Hasan Sakib",
              "non_striker": "Muhammad Zohaib",
              "runs": {
                "batter": 6,
                "extras": 0,
                "total": 6
              }
            },
            {
              "batter": "Waseem Muhammad",
              "bowler": "Tanzim Hasan Sakib",
              "non_striker": "Muhammad Zohaib",
              "runs": {
                "batter": 0,
                "extras": 0,
                "total": 0
              }
            },
            {
              "batter": "Waseem Muhammad",
              "bowler": "Tanzim Hasan Sakib",
              "non_striker": "Muhammad Zohaib",
              "runs": {
                "batter": 4,
                "extras": 0,
                "total": 4
              }
            }
          ]
        },
        {
          "over": 3,
          "deliveries": [
            {
              "batter": "Muhammad Zohaib",
              "bowler": "Hasan Mahmud",
              "extras": {
                "legbyes": 1
              },
              "non_striker": "Waseem Muhammad",
              "runs": {
                "batter": 0,
                "extras": 1,
                "total": 1
              }
            },
            {
              "batter": "Waseem Muhammad",
              "bowler": "Hasan Mahmud",
              "non_striker": "Muhammad Zohaib",
              "runs": {
                "batter": 0,
                "extras": 0,
                "total": 0
              }
            },
            {
              "batter": "Waseem Muhammad",
              "bowler": "Hasan Mahmud",
              "non_striker": "Muhammad Zohaib",
              "runs": {
                "batter": 1,
                "extras": 0,
                "total": 1
              }
            },
            {
              "batter": "Muhammad Zohaib",
              "bowler": "Hasan Mahmud",
              "non_striker": "Waseem Muhammad",
              "runs": {
                "batter": 0,
                "extras": 0,
                "total": 0
              }
            },
            {
              "batter": "Muhammad Zohaib",
              "bowler": "Hasan Mahmud",
              "non_striker": "Waseem Muhammad",
              "runs": {
                "batter": 0,
                "extras": 0,
                "total": 0
              },
              "wickets": [
                {
                  "player_out": "Muhammad Zohaib",
                  "fielders": [
                    {
                      "name": "Nazmul Hossain Shanto",
                      "substitute": true
                    }
                  ],
                  "kind": "caught"
                }
              ]
            },
            {
              "batter": "A Sharafu",
              "bowler": "Hasan Mahmud",
              "non_striker": "Waseem Muhammad",
              "runs": {
                "batter": 1,
                "extras": 0,
                "total": 1
              }
            }
          ]
        },
        {
          "over": 4,
          "deliveries": [
            {
              "batter": "A Sharafu",
              "bowler": "Mustafizur Rahman",
              "non_striker": "Waseem Muhammad",
              "runs": {
                "batter": 0,
                "extras": 0,
                "total": 0
              }
            },
            {
              "batter": "A Sharafu",
              "bowler": "Mustafizur Rahman",
              "non_striker": "Waseem Muhammad",
              "runs": {
                "batter": 0,
                "extras": 0,
                "total": 0
              },
              "wickets": [
                {
                  "player_out": "A Sharafu",
                  "fielders": [
                    {
                      "name": "Jaker Ali"
                    }
                  ],
                  "kind": "caught"
                }
              ]
            },
            {
              "batter": "R Chopra",
              "bowler": "Mustafizur Rahman",
              "non_striker": "Waseem Muhammad",
              "runs": {
                "batter": 0,
                "extras": 0,
                "total": 0
              }
            },
            {
              "batter": "R Chopra",
              "bowler": "Mustafizur Rahman",
              "non_striker": "Waseem Muhammad",
              "runs": {
                "batter": 1,
                "extras": 0,
                "total": 1
              }
            },
            {
              "batter": "Waseem Muhammad",
              "bowler": "Mustafizur Rahman",
              "non_striker": "R Chopra",
              "runs": {
                "batter": 0,
                "extras": 0,
                "total": 0
              }
            },
            {
              "batter": "Waseem Muhammad",
              "bowler": "Mustafizur Rahman",
              "non_striker": "R Chopra",
              "runs": {
                "batter": 4,
                "extras": 0,
                "total": 4
              }
            }
          ]
        },
        {
          "over": 5,
          "deliveries": [
            {
              "batter": "R Chopra",
              "bowler": "Tanvir Islam",
              "non_striker": "Waseem Muhammad",
              "runs": {
                "batter": 4,
                "extras": 0,
                "total": 4
              }
            },
            {
              "batter": "R Chopra",
              "bowler": "Tanvir Islam",
              "non_striker": "Waseem Muhammad",
              "runs": {
                "batter": 1,
                "extras": 0,
                "total": 1
              }
            },
            {
              "batter": "Waseem Muhammad",
              "bowler": "Tanvir Islam",
              "non_striker": "R Chopra",
              "runs": {
                "batter": 0,
                "extras": 0,
                "total": 0
              }
            },
            {
              "batter": "Waseem Muhammad",
              "bowler": "Tanvir Islam",
              "non_striker": "R Chopra",
              "runs": {
                "batter": 0,
                "extras": 0,
                "total": 0
              }
            },
            {
              "batter": "Waseem Muhammad",
              "bowler": "Tanvir Islam",
              "non_striker": "R Chopra",
              "runs": {
                "batter": 0,
                "extras": 0,
                "total": 0
              }
            },
            {
              "batter": "Waseem Muhammad",
              "bowler": "Tanvir Islam",
              "non_striker": "R Chopra",
              "runs": {
                "batter": 1,
                "extras": 0,
                "total": 1
              }
            }
          ]
        },
        {
          "over": 6,
          "deliveries": [
            {
              "batter": "Waseem Muhammad",
              "bowler": "Hasan Mahmud",
              "non_striker": "R Chopra",
              "runs": {
                "batter": 1,
                "extras": 0,
                "total": 1
              }
            },
            {
              "batter": "R Chopra",
              "bowler": "Hasan Mahmud",
              "non_striker": "Waseem Muhammad",
              "runs": {
                "batter": 4,
                "extras": 0,
                "total": 4
              }
            },
            {
              "batter": "R Chopra",
              "bowler": "Hasan Mahmud",
              "non_striker": "Waseem Muhammad",
              "runs": {
                "batter": 4,
                "extras": 0,
                "total": 4
              }
            },
            {
              "batter": "R Chopra",
              "bowler": "Hasan Mahmud",
              "non_striker": "Waseem Muhammad",
              "runs": {
                "batter": 6,
                "extras": 0,
                "total": 6
              }
            },
            {
              "batter": "R Chopra",
              "bowler": "Hasan Mahmud",
              "non_striker": "Waseem Muhammad",
              "runs": {
                "batter": 0,
                "extras": 0,
                "total": 0
              }
            },
            {
              "batter": "R Chopra",
              "bowler": "Hasan Mahmud",
              "non_striker": "Waseem Muhammad",
              "runs": {
                "batter": 4,
                "extras": 0,
                "total": 4
              }
            }
          ]
        },
        {
          "over": 7,
          "deliveries": [
            {
              "batter": "Waseem Muhammad",
              "bowler": "Tanvir Islam",
              "extras": {
                "legbyes": 4
              },
              "non_striker": "R Chopra",
              "runs": {
                "batter": 0,
                "extras": 4,
                "total": 4
              }
            },
            {
              "batter": "Waseem Muhammad",
              "bowler": "Tanvir Islam",
              "non_striker": "R Chopra",
              "runs": {
                "batter": 4,
                "extras": 0,
                "total": 4
              }
            },
            {
              "batter": "Waseem Muhammad",
              "bowler": "Tanvir Islam",
              "non_striker": "R Chopra",
              "runs": {
                "batter": 0,
                "extras": 0,
                "total": 0
              }
            },
            {
              "batter": "Waseem Muhammad",
              "bowler": "Tanvir Islam",
              "non_striker": "R Chopra",
              "runs": {
                "batter": 4,
                "extras": 0,
                "total": 4
              }
            },
            {
              "batter": "Waseem Muhammad",
              "bowler": "Tanvir Islam",
              "non_striker": "R Chopra",
              "runs": {
                "batter": 1,
                "extras": 0,
                "total": 1
              }
            },
            {
              "batter": "R Chopra",
              "bowler": "Tanvir Islam",
              "non_striker": "Waseem Muhammad",
              "runs": {
                "batter": 1,
                "extras": 0,
                "total": 1
              }
            }
          ]
        },
        {
          "over": 8,
          "deliveries": [
            {
              "batter": "R Chopra",
              "bowler": "Mustafizur Rahman",
              "non_striker": "Waseem Muhammad",
              "runs": {
                "batter": 0,
                "extras": 0,
                "total": 0
              }
            },
            {
              "batter": "R Chopra",
              "bowler": "Mustafizur Rahman",
              "non_striker": "Waseem Muhammad",
              "runs": {
                "batter": 1,
                "extras": 0,
                "total": 1
              }
            },
            {
              "batter": "Waseem Muhammad",
              "bowler": "Mustafizur Rahman",
              "non_striker": "R Chopra",
              "runs": {
                "batter": 0,
                "extras": 0,
                "total": 0
              }
            },
            {
              "batter": "Waseem Muhammad",
              "bowler": "Mustafizur Rahman",
              "non_striker": "R Chopra",
              "runs": {
                "batter": 1,
                "extras": 0,
                "total": 1
              }
            },
            {
              "batter": "R Chopra",
              "bowler": "Mustafizur Rahman",
              "non_striker": "Waseem Muhammad",
              "runs": {
                "batter": 0,
                "extras": 0,
                "total": 0
              }
            },
            {
              "batter": "R Chopra",
              "bowler": "Mustafizur Rahman",
              "non_striker": "Waseem Muhammad",
              "runs": {
                "batter": 4,
                "extras": 0,
                "total": 4
              }
            }
          ]
        },
        {
          "over": 9,
          "deliveries": [
            {
              "batter": "Waseem Muhammad",
              "bowler": "Tanvir Islam",
              "non_striker": "R Chopra",
              "runs": {
                "batter": 4,
                "extras": 0,
                "total": 4
              }
            },
            {
              "batter": "Waseem Muhammad",
              "bowler": "Tanvir Islam",
              "non_striker": "R Chopra",
              "runs": {
                "batter": 0,
                "extras": 0,
                "total": 0
              }
            },
            {
              "batter": "Waseem Muhammad",
              "bowler": "Tanvir Islam",
              "non_striker": "R Chopra",
              "runs": {
                "batter": 1,
                "extras": 0,
                "total": 1
              }
            },
            {
              "batter": "R Chopra",
              "bowler": "Tanvir Islam",
              "non_striker": "Waseem Muhammad",
              "runs": {
                "batter": 1,
                "extras": 0,
                "total": 1
              }
            },
            {
              "batter": "Waseem Muhammad",
              "bowler": "Tanvir Islam",
              "non_striker": "R Chopra",
              "runs": {
                "batter": 1,
                "extras": 0,
                "total": 1
              }
            },
            {
              "batter": "R Chopra",
              "bowler": "Tanvir Islam",
              "non_striker": "Waseem Muhammad",
              "runs": {
                "batter": 0,
                "extras": 0,
                "total": 0
              }
            }
          ]
        },
        {
          "over": 10,
          "deliveries": [
            {
              "batter": "Waseem Muhammad",
              "bowler": "Mahedi Hasan",
              "non_striker": "R Chopra",
              "runs": {
                "batter": 0,
                "extras": 0,
                "total": 0
              }
            },
            {
              "batter": "Waseem Muhammad",
              "bowler": "Mahedi Hasan",
              "non_striker": "R Chopra",
              "runs": {
                "batter": 2,
                "extras": 0,
                "total": 2
              }
            },
            {
              "batter": "Waseem Muhammad",
              "bowler": "Mahedi Hasan",
              "non_striker": "R Chopra",
              "runs": {
                "batter": 1,
                "extras": 0,
                "total": 1
              }
            },
            {
              "batter": "R Chopra",
              "bowler": "Mahedi Hasan",
              "non_striker": "Waseem Muhammad",
              "runs": {
                "batter": 1,
                "extras": 0,
                "total": 1
              }
            },
            {
              "batter": "Waseem Muhammad",
              "bowler": "Mahedi Hasan",
              "non_striker": "R Chopra",
              "runs": {
                "batter": 0,
                "extras": 0,
                "total": 0
              }
            },
            {
              "batter": "Waseem Muhammad",
              "bowler": "Mahedi Hasan",
              "non_striker": "R Chopra",
              "runs": {
                "batter": 1,
                "extras": 0,
                "total": 1
              }
            }
          ]
        },
        {
          "over": 11,
          "deliveries": [
            {
              "batter": "Waseem Muhammad",
              "bowler": "Tanzim Hasan Sakib",
              "non_striker": "R Chopra",
              "runs": {
                "batter": 0,
                "extras": 0,
                "total": 0
              }
            },
            {
              "batter": "Waseem Muhammad",
              "bowler": "Tanzim Hasan Sakib",
              "non_striker": "R Chopra",
              "runs": {
                "batter": 0,
                "extras": 0,
                "total": 0
              },
              "wickets": [
                {
                  "player_out": "Waseem Muhammad",
                  "fielders": [
                    {
                      "name": "Mustafizur Rahman"
                    }
                  ],
                  "kind": "caught"
                }
              ]
            },
            {
              "batter": "Asif Khan",
              "bowler": "Tanzim Hasan Sakib",
              "non_striker": "R Chopra",
              "runs": {
                "batter": 1,
                "extras": 0,
                "total": 1
              }
            },
            {
              "batter": "R Chopra",
              "bowler": "Tanzim Hasan Sakib",
              "non_striker": "Asif Khan",
              "runs": {
                "batter": 0,
                "extras": 0,
                "total": 0
              }
            },
            {
              "batter": "R Chopra",
              "bowler": "Tanzim Hasan Sakib",
              "non_striker": "Asif Khan",
              "runs": {
                "batter": 0,
                "extras": 0,
                "total": 0
              }
            },
            {
              "batter": "R Chopra",
              "bowler": "Tanzim Hasan Sakib",
              "non_striker": "Asif Khan",
              "runs": {
                "batter": 2,
                "extras": 0,
                "total": 2
              }
            }
          ]
        },
        {
          "over": 12,
          "deliveries": [
            {
              "batter": "Asif Khan",
              "bowler": "Mahedi Hasan",
              "non_striker": "R Chopra",
              "runs": {
                "batter": 4,
                "extras": 0,
                "total": 4
              }
            },
            {
              "batter": "Asif Khan",
              "bowler": "Mahedi Hasan",
              "extras": {
                "wides": 1
              },
              "non_striker": "R Chopra",
              "runs": {
                "batter": 0,
                "extras": 1,
                "total": 1
              }
            },
            {
              "batter": "Asif Khan",
              "bowler": "Mahedi Hasan",
              "non_striker": "R Chopra",
              "runs": {
                "batter": 1,
                "extras": 0,
                "total": 1
              }
            },
            {
              "batter": "R Chopra",
              "bowler": "Mahedi Hasan",
              "non_striker": "Asif Khan",
              "runs": {
                "batter": 1,
                "extras": 0,
                "total": 1
              }
            },
            {
              "batter": "Asif Khan",
              "bowler": "Mahedi Hasan",
              "non_striker": "R Chopra",
              "runs": {
                "batter": 6,
                "extras": 0,
                "total": 6
              }
            },
            {
              "batter": "Asif Khan",
              "bowler": "Mahedi Hasan",
              "non_striker": "R Chopra",
              "runs": {
                "batter": 6,
                "extras": 0,
                "total": 6
              }
            },
            {
              "batter": "Asif Khan",
              "bowler": "Mahedi Hasan",
              "non_striker": "R Chopra",
              "runs": {
                "batter": 6,
                "extras": 0,
                "total": 6
              }
            }
          ]
        },
        {
          "over": 13,
          "deliveries": [
            {
              "batter": "R Chopra",
              "bowler": "Tanzim Hasan Sakib",
              "non_striker": "Asif Khan",
              "runs": {
                "batter": 0,
                "extras": 0,
                "total": 0
              },
              "wickets": [
                {
                  "player_out": "R Chopra",
                  "fielders": [
                    {
                      "name": "Mahedi Hasan"
                    }
                  ],
                  "kind": "caught"
                }
              ]
            },
            {
              "batter": "D Parashar",
              "bowler": "Tanzim Hasan Sakib",
              "non_striker": "Asif Khan",
              "runs": {
                "batter": 0,
                "extras": 0,
                "total": 0
              }
            },
            {
              "batter": "D Parashar",
              "bowler": "Tanzim Hasan Sakib",
              "non_striker": "Asif Khan",
              "runs": {
                "batter": 0,
                "extras": 0,
                "total": 0
              }
            },
            {
              "batter": "D Parashar",
              "bowler": "Tanzim Hasan Sakib",
              "non_striker": "Asif Khan",
              "runs": {
                "batter": 1,
                "extras": 0,
                "total": 1
              }
            },
            {
              "batter": "Asif Khan",
              "bowler": "Tanzim Hasan Sakib",
              "non_striker": "D Parashar",
              "runs": {
                "batter": 0,
                "extras": 0,
                "total": 0
              }
            },
            {
              "batter": "Asif Khan",
              "bowler": "Tanzim Hasan Sakib",
              "non_striker": "D Parashar",
              "runs": {
                "batter": 0,
                "extras": 0,
                "total": 0
              }
            }
          ]
        },
        {
          "over": 14,
          "deliveries": [
            {
              "batter": "D Parashar",
              "bowler": "Tanvir Islam",
              "non_striker": "Asif Khan",
              "runs": {
                "batter": 0,
                "extras": 0,
                "total": 0
              }
            },
            {
              "batter": "D Parashar",
              "bowler": "Tanvir Islam",
              "non_striker": "Asif Khan",
              "runs": {
                "batter": 0,
                "extras": 0,
                "total": 0
              }
            },
            {
              "batter": "D Parashar",
              "bowler": "Tanvir Islam",
              "non_striker": "Asif Khan",
              "runs": {
                "batter": 2,
                "extras": 0,
                "total": 2
              }
            },
            {
              "batter": "D Parashar",
              "bowler": "Tanvir Islam",
              "non_striker": "Asif Khan",
              "runs": {
                "batter": 0,
                "extras": 0,
                "total": 0
              },
              "wickets": [
                {
                  "player_out": "D Parashar",
                  "fielders": [
                    {
                      "name": "Nazmul Hossain Shanto",
                      "substitute": true
                    }
                  ],
                  "kind": "caught"
                }
              ]
            },
            {
              "batter": "SM Sharma",
              "bowler": "Tanvir Islam",
              "non_striker": "Asif Khan",
              "runs": {
                "batter": 1,
                "extras": 0,
                "total": 1
              }
            },
            {
              "batter": "Asif Khan",
              "bowler": "Tanvir Islam",
              "non_striker": "SM Sharma",
              "runs": {
                "batter": 4,
                "extras": 0,
                "total": 4
              }
            }
          ]
        },
        {
          "over": 15,
          "deliveries": [
            {
              "batter": "SM Sharma",
              "bowler": "Mustafizur Rahman",
              "non_striker": "Asif Khan",
              "runs": {
                "batter": 1,
                "extras": 0,
                "total": 1
              }
            },
            {
              "batter": "Asif Khan",
              "bowler": "Mustafizur Rahman",
              "non_striker": "SM Sharma",
              "runs": {
                "batter": 0,
                "extras": 0,
                "total": 0
              }
            },
            {
              "batter": "Asif Khan",
              "bowler": "Mustafizur Rahman",
              "non_striker": "SM Sharma",
              "runs": {
                "batter": 0,
                "extras": 0,
                "total": 0
              }
            },
            {
              "batter": "Asif Khan",
              "bowler": "Mustafizur Rahman",
              "non_striker": "SM Sharma",
              "runs": {
                "batter": 0,
                "extras": 0,
                "total": 0
              }
            },
            {
              "batter": "Asif Khan",
              "bowler": "Mustafizur Rahman",
              "non_striker": "SM Sharma",
              "runs": {
                "batter": 1,
                "extras": 0,
                "total": 1
              }
            },
            {
              "batter": "SM Sharma",
              "bowler": "Mustafizur Rahman",
              "non_striker": "Asif Khan",
              "runs": {
                "batter": 2,
                "extras": 0,
                "total": 2
              }
            }
          ]
        },
        {
          "over": 16,
          "deliveries": [
            {
              "batter": "Asif Khan",
              "bowler": "Hasan Mahmud",
              "non_striker": "SM Sharma",
              "runs": {
                "batter": 6,
                "extras": 0,
                "total": 6
              }
            },
            {
              "batter": "Asif Khan",
              "bowler": "Hasan Mahmud",
              "non_striker": "SM Sharma",
              "runs": {
                "batter": 4,
                "extras": 0,
                "total": 4
              }
            },
            {
              "batter": "Asif Khan",
              "bowler": "Hasan Mahmud",
              "non_striker": "SM Sharma",
              "runs": {
                "batter": 1,
                "extras": 0,
                "total": 1
              }
            },
            {
              "batter": "SM Sharma",
              "bowler": "Hasan Mahmud",
              "non_striker": "Asif Khan",
              "runs": {
                "batter": 0,
                "extras": 0,
                "total": 0
              }
            },
            {
              "batter": "SM Sharma",
              "bowler": "Hasan Mahmud",
              "non_striker": "Asif Khan",
              "runs": {
                "batter": 0,
                "extras": 0,
                "total": 0
              },
              "wickets": [
                {
                  "player_out": "SM Sharma",
                  "fielders": [
                    {
                      "name": "Liton Das"
                    }
                  ],
                  "kind": "caught"
                }
              ]
            },
            {
              "batter": "Zuhaib Zubair",
              "bowler": "Hasan Mahmud",
              "non_striker": "Asif Khan",
              "runs": {
                "batter": 0,
                "extras": 0,
                "total": 0
              }
            }
          ]
        },
        {
          "over": 17,
          "deliveries": [
            {
              "batter": "Asif Khan",
              "bowler": "Mustafizur Rahman",
              "non_striker": "Zuhaib Zubair",
              "runs": {
                "batter": 1,
                "extras": 0,
                "total": 1
              }
            },
            {
              "batter": "Zuhaib Zubair",
              "bowler": "Mustafizur Rahman",
              "non_striker": "Asif Khan",
              "runs": {
                "batter": 0,
                "extras": 0,
                "total": 0
              },
              "wickets": [
                {
                  "player_out": "Zuhaib Zubair",
                  "fielders": [
                    {
                      "name": "Tanzid Hasan"
                    }
                  ],
                  "kind": "caught"
                }
              ]
            },
            {
              "batter": "Haider Ali",
              "bowler": "Mustafizur Rahman",
              "extras": {
                "legbyes": 1
              },
              "non_striker": "Asif Khan",
              "runs": {
                "batter": 0,
                "extras": 1,
                "total": 1
              }
            },
            {
              "batter": "Asif Khan",
              "bowler": "Mustafizur Rahman",
              "non_striker": "Haider Ali",
              "runs": {
                "batter": 0,
                "extras": 0,
                "total": 0
              }
            },
            {
              "batter": "Asif Khan",
              "bowler": "Mustafizur Rahman",
              "non_striker": "Haider Ali",
              "runs": {
                "batter": 1,
                "extras": 0,
                "total": 1
              }
            },
            {
              "batter": "Haider Ali",
              "bowler": "Mustafizur Rahman",
              "non_striker": "Asif Khan",
              "runs": {
                "batter": 0,
                "extras": 0,
                "total": 0
              }
            }
          ]
        },
        {
          "over": 18,
          "deliveries": [
            {
              "batter": "Asif Khan",
              "bowler": "Hasan Mahmud",
              "non_striker": "Haider Ali",
              "runs": {
                "batter": 0,
                "extras": 0,
                "total": 0
              }
            },
            {
              "batter": "Asif Khan",
              "bowler": "Hasan Mahmud",
              "non_striker": "Haider Ali",
              "runs": {
                "batter": 0,
                "extras": 0,
                "total": 0
              },
              "wickets": [
                {
                  "player_out": "Asif Khan",
                  "fielders": [
                    {
                      "name": "Towhid Hridoy"
                    }
                  ],
                  "kind": "caught"
                }
              ]
            },
            {
              "batter": "Matiullah Khan",
              "bowler": "Hasan Mahmud",
              "extras": {
                "wides": 1
              },
              "non_striker": "Haider Ali",
              "runs": {
                "batter": 0,
                "extras": 1,
                "total": 1
              }
            },
            {
              "batter": "Matiullah Khan",
              "bowler": "Hasan Mahmud",
              "non_striker": "Haider Ali",
              "runs": {
                "batter": 0,
                "extras": 0,
                "total": 0
              }
            },
            {
              "batter": "Matiullah Khan",
              "bowler": "Hasan Mahmud",
              "non_striker": "Haider Ali",
              "runs": {
                "batter": 0,
                "extras": 0,
                "total": 0
              }
            },
            {
              "batter": "Matiullah Khan",
              "bowler": "Hasan Mahmud",
              "non_striker": "Haider Ali",
              "runs": {
                "batter": 0,
                "extras": 0,
                "total": 0
              }
            },
            {
              "batter": "Matiullah Khan",
              "bowler": "Hasan Mahmud",
              "non_striker": "Haider Ali",
              "runs": {
                "batter": 0,
                "extras": 0,
                "total": 0
              }
            }
          ]
        },
        {
          "over": 19,
          "deliveries": [
            {
              "batter": "Haider Ali",
              "bowler": "Mahedi Hasan",
              "non_striker": "Matiullah Khan",
              "runs": {
                "batter": 0,
                "extras": 0,
                "total": 0
              },
              "wickets": [
                {
                  "player_out": "Haider Ali",
                  "fielders": [
                    {
                      "name": "Nazmul Hossain Shanto",
                      "substitute": true
                    }
                  ],
                  "kind": "caught"
                }
              ]
            },
            {
              "batter": "Muhammad Jawadullah",
              "bowler": "Mahedi Hasan",
              "non_striker": "Matiullah Khan",
              "runs": {
                "batter": 0,
                "extras": 0,
                "total": 0
              }
            },
            {
              "batter": "Muhammad Jawadullah",
              "bowler": "Mahedi Hasan",
              "non_striker": "Matiullah Khan",
              "runs": {
                "batter": 2,
                "extras": 0,
                "total": 2
              }
            },
            {
              "batter": "Muhammad Jawadullah",
              "bowler": "Mahedi Hasan",
              "non_striker": "Matiullah Khan",
              "runs": {
                "batter": 0,
                "extras": 0,
                "total": 0
              }
            },
            {
              "batter": "Muhammad Jawadullah",
              "bowler": "Mahedi Hasan",
              "non_striker": "Matiullah Khan",
              "runs": {
                "batter": 4,
                "extras": 0,
                "total": 4
              }
            },
            {
              "batter": "Muhammad Jawadullah",
              "bowler": "Mahedi Hasan",
              "non_striker": "Matiullah Khan",
              "runs": {
                "batter": 0,
                "extras": 0,
                "total": 0
              },
              "wickets": [
                {
                  "player_out": "Muhammad Jawadullah",
                  "fielders": [
                    {
                      "name": "Jaker Ali"
                    }
                  ],
                  "kind": "stumped"
                }
              ]
            }
          ]
        }
      ],
      "powerplays": [
        {
          "from": 0.1,
          "to": 5.6,
          "type": "mandatory"
        }
      ],
      "target": {
        "overs": 20,
        "runs": 192
      }
    }
  ]
}