{
  "meta": {
    "data_version": "1.1.0",
    "created": "2025-07-10",
    "revision": 1
  },
  "info": {
    "balls_per_over": 6,
    "city": "Kandy",
    "dates": [
      "2025-07-10"
    ],
    "event": {
      "name": "Bangladesh tour of Sri Lanka",
      "match_number": 1
    },
    "gender": "male",
    "match_type": "T20",
    "match_type_number": 3299,
    "officials": {
      "match_referees": [
        "AJ Pycroft"
      ],
      "reserve_umpires": [
        "RMPJ Rambukwella"
      ],
      "tv_umpires": [
        "LE Hannibal"
      ],
      "umpires": [
        "RR Wimalasiri",
        "RSA Palliyaguruge"
      ]
    },
    "outcome": {
      "winner": "Sri Lanka",
      "by": {
        "wickets": 7
      }
    },
    "overs": 20,
    "player_of_match": [
      "BKG Mendis"
    ],
    "players": {
      "Bangladesh": [
        "Parvez Hossain Emon",
        "Tanzid Hasan",
        "Liton Das",
        "Mohammad Naim",
        "Towhid Hridoy",
        "Mehedi Hasan Miraz",
        "Shamim Hossain",
        "Mohammad Saifuddin",
        "Taskin Ahmed",
        "Rishad Hossain",
        "Tanzim Hasan Sakib"
      ],
      "Sri Lanka": [
        "P Nissanka",
        "BKG Mendis",
        "MDKJ Perera",
        "WIA Fernando",
        "KIC Asalanka",
        "MD Shanaka",
        "C Karunaratne",
        "M Theekshana",
        "JDF Vandersay",
        "B Fernando",
        "N Thushara"
      ]
    },
    "registry": {
      "people": {
        "AJ Pycroft": "685d3f80",
        "B Fernando": "dabbd0ae",
        "BKG Mendis": "5d1e7582",
        "C Karunaratne": "fb3e0d39",
        "JDF Vandersay": "aceb7654",
        "KIC Asalanka": "732c038e",
        "LE Hannibal": "3c04e91a",
        "Liton Das": "0404d43c",
        "M Theekshana": "f24c6701",
        "MD Shanaka": "3ff033bb",
        "MDKJ Perera": "f21043a5",
        "Mehedi Hasan Miraz": "c58b0108",
        "Mohammad Naim": "7923a51d",
        "Mohammad Saifuddin": "b3a28446",
        "N Thushara": "ee1b6c27",
        "P Nissanka": "8ee36b18",
        "Parvez Hossain Emon": "489aaf0a",
        "RMPJ Rambukwella": "13fa6ffc",
        "RR Wimalasiri": "4950c8db",
        "RSA Palliyaguruge": "4339c19d",
        "Rishad Hossain": "5935d694",
        "Shamim Hossain": "711249d1",
        "Tanzid Hasan": "80fe764d",
        "Tanzim Hasan Sakib": "0b0cc297",
        "Taskin Ahmed": "ef18b66e",
        "Towhid Hridoy": "9e52a414",
        "WIA Fernando": "9550470d"
      }
    },
    "season": "2025",
    "team_type": "international",
    "teams": [
      "Bangladesh",
      "Sri Lanka"
    ],
    "toss": {
      "decision": "field",
      "winner": "Sri Lanka"
    },
    "venue": "Pallekele International Cricket Stadium"
  },
  "innings": [
    {
      "team": "Bangladesh",
      "overs": [
        {
          "over": 0,
          "deliveries": [
            {
              "batter": "Parvez Hossain Emon",
              "bowler": "C Karunaratne",
              "non_striker": "Tanzid Hasan",
              "runs": {
                "batter": 0,
                "extras": 0,
                "total": 0
              }
            },
            {
              "batter": "Parvez Hossain Emon",
              "bowler": "C Karunaratne",
              "non_striker": "Tanzid Hasan",
              "runs": {
                "batter": 4,
                "extras": 0,
                "total": 4
              }
            },
            {
              "batter": "Parvez Hossain Emon",
              "bowler": "C Karunaratne",
              "non_striker": "Tanzid Hasan",
              "runs": {
                "batter": 2,
                "extras": 0,
                "total": 2
              }
            },
            {
              "batter": "Parvez Hossain Emon",
              "bowler": "C Karunaratne",
              "non_striker": "Tanzid Hasan",
              "runs": {
                "batter": 1,
                "extras": 0,
                "total": 1
              }
            },
            {
              "batter": "Tanzid Hasan",
              "bowler": "C Karunaratne",
              "non_striker": "Parvez Hossain Emon",
              "runs": {
                "batter": 0,
                "extras": 0,
                "total": 0
              }
            },
            {
              "batter": "Tanzid Hasan",
              "bowler": "C Karunaratne",
              "non_striker": "Parvez Hossain Emon",
              "runs": {
                "batter": 1,
                "extras": 0,
                "total": 1
              }
            }
          ]
        },
        {
          "over": 1,
          "deliveries": [
            {
              "batter": "Tanzid Hasan",
              "bowler": "N Thushara",
              "non_striker": "Parvez Hossain Emon",
              "runs": {
                "batter": 2,
                "extras": 0,
                "total": 2
              }
            },
            {
              "batter": "Tanzid Hasan",
              "bowler": "N Thushara",
              "non_striker": "Parvez Hossain Emon",
              "runs": {
                "batter": 4,
                "extras": 0,
                "total": 4
              }
            },
            {
              "batter": "Tanzid Hasan",
              "bowler": "N Thushara",
              "non_striker": "Parvez Hossain Emon",
              "runs": {
                "batter": 0,
                "extras": 0,
                "total": 0
              }
            },
            {
              "batter": "Tanzid Hasan",
              "bowler": "N Thushara",
              "non_striker": "Parvez Hossain Emon",
              "runs": {
                "batter": 0,
                "extras": 0,
                "total": 0
              }
            },
            {
              "batter": "Tanzid Hasan",
              "bowler": "N Thushara",
              "non_striker": "Parvez Hossain Emon",
              "runs": {
                "batter": 0,
                "extras": 0,
                "total": 0
              }
            },
            {
              "batter": "Tanzid Hasan",
              "bowler": "N Thushara",
              "non_striker": "Parvez Hossain Emon",
              "runs": {
                "batter": 1,
                "extras": 0,
                "total": 1
              }
            }
          ]
        },
        {
          "over": 2,
          "deliveries": [
            {
              "batter": "Tanzid Hasan",
              "bowler": "B Fernando",
              "non_striker": "Parvez Hossain Emon",
              "runs": {
                "batter": 1,
                "extras": 0,
                "total": 1
              }
            },
            {
              "batter": "Parvez Hossain Emon",
              "bowler": "B Fernando",
              "non_striker": "Tanzid Hasan",
              "runs": {
                "batter": 0,
                "extras": 0,
                "total": 0
              }
            },
            {
              "batter": "Parvez Hossain Emon",
              "bowler": "B Fernando",
              "non_striker": "Tanzid Hasan",
              "runs": {
                "batter": 6,
                "extras": 0,
                "total": 6
              }
            },
            {
              "batter": "Parvez Hossain Emon",
              "bowler": "B Fernando",
              "extras": {
                "wides": 1
              },
              "non_striker": "Tanzid Hasan",
              "runs": {
                "batter": 0,
                "extras": 1,
                "total": 1
              }
            },
            {
              "batter": "Parvez Hossain Emon",
              "bowler": "B Fernando",
              "non_striker": "Tanzid Hasan",
              "runs": {
                "batter": 1,
                "extras": 0,
                "total": 1
              }
            },
            {
              "batter": "Tanzid Hasan",
              "bowler": "B Fernando",
              "non_striker": "Parvez Hossain Emon",
              "runs": {
                "batter": 0,
                "extras": 0,
                "total": 0
              }
            },
            {
              "batter": "Tanzid Hasan",
              "bowler": "B Fernando",
              "non_striker": "Parvez Hossain Emon",
              "runs": {
                "batter": 0,
                "extras": 0,
                "total": 0
              }
            }
          ]
        },
        {
          "over": 3,
          "deliveries": [
            {
              "batter": "Parvez Hossain Emon",
              "bowler": "M Theekshana",
              "non_striker": "Tanzid Hasan",
              "runs": {
                "batter": 4,
                "extras": 0,
                "total": 4
              }
            },
            {
              "batter": "Parvez Hossain Emon",
              "bowler": "M Theekshana",
              "non_striker": "Tanzid Hasan",
              "runs": {
                "batter": 1,
                "extras": 0,
                "total": 1
              }
            },
            {
              "batter": "Tanzid Hasan",
              "bowler": "M Theekshana",
              "non_striker": "Parvez Hossain Emon",
              "runs": {
                "batter": 0,
                "extras": 0,
                "total": 0
              }
            },
            {
              "batter": "Tanzid Hasan",
              "bowler": "M Theekshana",
              "non_striker": "Parvez Hossain Emon",
              "runs": {
                "batter": 1,
                "extras": 0,
                "total": 1
              }
            },
            {
              "batter": "Parvez Hossain Emon",
              "bowler": "M Theekshana",
              "non_striker": "Tanzid Hasan",
              "runs": {
                "batter": 4,
                "extras": 0,
                "total": 4
              }
            },
            {
              "batter": "Parvez Hossain Emon",
              "bowler": "M Theekshana",
              "non_striker": "Tanzid Hasan",
              "runs": {
                "batter": 4,
                "extras": 0,
                "total": 4
              }
            }
          ]
        },
        {
          "over": 4,
          "deliveries": [
            {
              "batter": "Tanzid Hasan",
              "bowler": "N Thushara",
              "non_striker": "Parvez Hossain Emon",
              "runs": {
                "batter": 1,
                "extras": 0,
                "total": 1
              }
            },
            {
              "batter": "Parvez Hossain Emon",
              "bowler": "N Thushara",
              "non_striker": "Tanzid Hasan",
              "runs": {
                "batter": 1,
                "extras": 0,
                "total": 1
              }
            },
            {
              "batter": "Tanzid Hasan",
              "bowler": "N Thushara",
              "non_striker": "Parvez Hossain Emon",
              "runs": {
                "batter": 1,
                "extras": 0,
                "total": 1
              }
            },
            {
              "batter": "Parvez Hossain Emon",
              "bowler": "N Thushara",
              "non_striker": "Tanzid Hasan",
              "runs": {
                "batter": 1,
                "extras": 0,
                "total": 1
              }
            },
            {
              "batter": "Tanzid Hasan",
              "bowler": "N Thushara",
              "non_striker": "Parvez Hossain Emon",
              "runs": {
                "batter": 4,
                "extras": 0,
                "total": 4
              }
            },
            {
              "batter": "Tanzid Hasan",
              "bowler": "N Thushara",
              "non_striker": "Parvez Hossain Emon",
              "runs": {
                "batter": 0,
                "extras": 0,
                "total": 0
              },
              "wickets": [
                {
                  "player_out": "Tanzid Hasan",
                  "fielders": [
                    {
                      "name": "M Theekshana"
                    }
                  ],
                  "kind": "caught"
                }
              ]
            }
          ]
        },
        {
          "over": 5,
          "deliveries": [
            {
              "batter": "Parvez Hossain Emon",
              "bowler": "B Fernando",
              "non_striker": "Liton Das",
              "runs": {
                "batter": 4,
                "extras": 0,
                "total": 4
              }
            },
            {
              "batter": "Parvez Hossain Emon",
              "bowler": "B Fernando",
              "non_striker": "Liton Das",
              "runs": {
                "batter": 1,
                "extras": 0,
                "total": 1
              }
            },
            {
              "batter": "Liton Das",
              "bowler": "B Fernando",
              "non_striker": "Parvez Hossain Emon",
              "runs": {
                "batter": 0,
                "extras": 0,
                "total": 0
              }
            },
            {
              "batter": "Liton Das",
              "bowler": "B Fernando",
              "non_striker": "Parvez Hossain Emon",
              "runs": {
                "batter": 1,
                "extras": 0,
                "total": 1
              }
            },
            {
              "batter": "Parvez Hossain Emon",
              "bowler": "B Fernando",
              "non_striker": "Liton Das",
              "runs": {
                "batter": 1,
                "extras": 0,
                "total": 1
              }
            },
            {
              "batter": "Liton Das",
              "bowler": "B Fernando",
              "non_striker": "Parvez Hossain Emon",
              "runs": {
                "batter": 1,
                "extras": 0,
                "total": 1
              }
            }
          ]
        },
        {
          "over": 6,
          "deliveries": [
            {
              "batter": "Liton Das",
              "bowler": "MD Shanaka",
              "non_striker": "Parvez Hossain Emon",
              "runs": {
                "batter": 1,
                "extras": 0,
                "total": 1
              }
            },
            {
              "batter": "Parvez Hossain Emon",
              "bowler": "MD Shanaka",
              "non_striker": "Liton Das",
              "runs": {
                "batter": 0,
                "extras": 0,
                "total": 0
              }
            },
            {
              "batter": "Parvez Hossain Emon",
              "bowler": "MD Shanaka",
              "non_striker": "Liton Das",
              "runs": {
                "batter": 1,
                "extras": 0,
                "total": 1
              }
            },
            {
              "batter": "Liton Das",
              "bowler": "MD Shanaka",
              "non_striker": "Parvez Hossain Emon",
              "runs": {
                "batter": 0,
                "extras": 0,
                "total": 0
              }
            },
            {
              "batter": "Liton Das",
              "bowler": "MD Shanaka",
              "non_striker": "Parvez Hossain Emon",
              "runs": {
                "batter": 0,
                "extras": 0,
                "total": 0
              }
            },
            {
              "batter": "Liton Das",
              "bowler": "MD Shanaka",
              "extras": {
                "legbyes": 1
              },
              "non_striker": "Parvez Hossain Emon",
              "runs": {
                "batter": 0,
                "extras": 1,
                "total": 1
              }
            }
          ]
        },
        {
          "over": 7,
          "deliveries": [
            {
              "batter": "Liton Das",
              "bowler": "JDF Vandersay",
              "non_striker": "Parvez Hossain Emon",
              "runs": {
                "batter": 1,
                "extras": 0,
                "total": 1
              }
            },
            {
              "batter": "Parvez Hossain Emon",
              "bowler": "JDF Vandersay",
              "non_striker": "Liton Das",
              "runs": {
                "batter": 0,
                "extras": 0,
                "total": 0
              }
            },
            {
              "batter": "Parvez Hossain Emon",
              "bowler": "JDF Vandersay",
              "non_striker": "Liton Das",
              "runs": {
                "batter": 1,
                "extras": 0,
                "total": 1
              }
            },
            {
              "batter": "Liton Das",
              "bowler": "JDF Vandersay",
              "extras": {
                "byes": 4
              },
              "non_striker": "Parvez Hossain Emon",
              "runs": {
                "batter": 0,
                "extras": 4,
                "total": 4
              }
            },
            {
              "batter": "Liton Das",
              "bowler": "JDF Vandersay",
              "non_striker": "Parvez Hossain Emon",
              "runs": {
                "batter": 2,
                "extras": 0,
                "total": 2
              }
            },
            {
              "batter": "Liton Das",
              "bowler": "JDF Vandersay",
              "non_striker": "Parvez Hossain Emon",
              "review": {
                "by": "Bangladesh",
                "umpire": "RR Wimalasiri",
                "batter": "Liton Das",
                "decision": "struck down",
                "type": "wicket",
                "umpires_call": true
              },
              "runs": {
                "batter": 0,
                "extras": 0,
                "total": 0
              },
              "wickets": [
                {
                  "player_out": "Liton Das",
                  "kind": "lbw"
                }
              ]
            }
          ]
        },
        {
          "over": 8,
          "deliveries": [
            {
              "batter": "Parvez Hossain Emon",
              "bowler": "M Theekshana",
              "non_striker": "Mohammad Naim",
              "runs": {
                "batter": 1,
                "extras": 0,
                "total": 1
              }
            },
            {
              "batter": "Mohammad Naim",
              "bowler": "M Theekshana",
              "non_striker": "Parvez Hossain Emon",
              "runs": {
                "batter": 0,
                "extras": 0,
                "total": 0
              }
            },
            {
              "batter": "Mohammad Naim",
              "bowler": "M Theekshana",
              "non_striker": "Parvez Hossain Emon",
              "runs": {
                "batter": 1,
                "extras": 0,
                "total": 1
              }
            },
            {
              "batter": "Parvez Hossain Emon",
              "bowler": "M Theekshana",
              "non_striker": "Mohammad Naim",
              "runs": {
                "batter": 0,
                "extras": 0,
                "total": 0
              },
              "wickets": [
                {
                  "player_out": "Parvez Hossain Emon",
                  "fielders": [
                    {
                      "name": "MD Shanaka"
                    }
                  ],
                  "kind": "caught"
                }
              ]
            },
            {
              "batter": "Towhid Hridoy",
              "bowler": "M Theekshana",
              "non_striker": "Mohammad Naim",
              "runs": {
                "batter": 1,
                "extras": 0,
                "total": 1
              }
            },
            {
              "batter": "Mohammad Naim",
              "bowler": "M Theekshana",
              "non_striker": "Towhid Hridoy",
              "runs": {
                "batter": 1,
                "extras": 0,
                "total": 1
              }
            }
          ]
        },
        {
          "over": 9,
          "deliveries": [
            {
              "batter": "Mohammad Naim",
              "bowler": "JDF Vandersay",
              "non_striker": "Towhid Hridoy",
              "runs": {
                "batter": 1,
                "extras": 0,
                "total": 1
              }
            },
            {
              "batter": "Towhid Hridoy",
              "bowler": "JDF Vandersay",
              "non_striker": "Mohammad Naim",
              "runs": {
                "batter": 1,
                "extras": 0,
                "total": 1
              }
            },
            {
              "batter": "Mohammad Naim",
              "bowler": "JDF Vandersay",
              "non_striker": "Towhid Hridoy",
              "runs": {
                "batter": 1,
                "extras": 0,
                "total": 1
              }
            },
            {
              "batter": "Towhid Hridoy",
              "bowler": "JDF Vandersay",
              "non_striker": "Mohammad Naim",
              "runs": {
                "batter": 1,
                "extras": 0,
                "total": 1
              }
            },
            {
              "batter": "Mohammad Naim",
              "bowler": "JDF Vandersay",
              "non_striker": "Towhid Hridoy",
              "runs": {
                "batter": 6,
                "extras": 0,
                "total": 6
              }
            },
            {
              "batter": "Mohammad Naim",
              "bowler": "JDF Vandersay",
              "non_striker": "Towhid Hridoy",
              "runs": {
                "batter": 0,
                "extras": 0,
                "total": 0
              }
            }
          ]
        },
        {
          "over": 10,
          "deliveries": [
            {
              "batter": "Towhid Hridoy",
              "bowler": "MD Shanaka",
              "non_striker": "Mohammad Naim",
              "runs": {
                "batter": 0,
                "extras": 0,
                "total": 0
              }
            },
            {
              "batter": "Towhid Hridoy",
              "bowler": "MD Shanaka",
              "non_striker": "Mohammad Naim",
              "runs": {
                "batter": 0,
                "extras": 0,
                "total": 0
              }
            },
            {
              "batter": "Towhid Hridoy",
              "bowler": "MD Shanaka",
              "non_striker": "Mohammad Naim",
              "runs": {
                "batter": 2,
                "extras": 0,
                "total": 2
              }
            },
            {
              "batter": "Towhid Hridoy",
              "bowler": "MD Shanaka",
              "non_striker": "Mohammad Naim",
              "runs": {
                "batter": 0,
                "extras": 0,
                "total": 0
              }
            },
            {
              "batter": "Towhid Hridoy",
              "bowler": "MD Shanaka",
              "non_striker": "Mohammad Naim",
              "runs": {
                "batter": 1,
                "extras": 0,
                "total": 1
              }
            },
            {
              "batter": "Mohammad Naim",
              "bowler": "MD Shanaka",
              "non_striker": "Towhid Hridoy",
              "runs": {
                "batter": 0,
                "extras": 0,
                "total": 0
              }
            }
          ]
        },
        {
          "over": 11,
          "deliveries": [
            {
              "batter": "Towhid Hridoy",
              "bowler": "B Fernando",
              "non_striker": "Mohammad Naim",
              "runs": {
                "batter": 1,
                "extras": 0,
                "total": 1
              }
            },
            {
              "batter": "Mohammad Naim",
              "bowler": "B Fernando",
              "non_striker": "Towhid Hridoy",
              "runs": {
                "batter": 1,
                "extras": 0,
                "total": 1
              }
            },
            {
              "batter": "Towhid Hridoy",
              "bowler": "B Fernando",
              "non_striker": "Mohammad Naim",
              "runs": {
                "batter": 1,
                "extras": 0,
                "total": 1
              }
            },
            {
              "batter": "Mohammad Naim",
              "bowler": "B Fernando",
              "non_striker": "Towhid Hridoy",
              "runs": {
                "batter": 1,
                "extras": 0,
                "total": 1
              }
            },
            {
              "batter": "Towhid Hridoy",
              "bowler": "B Fernando",
              "non_striker": "Mohammad Naim",
              "runs": {
                "batter": 1,
                "extras": 0,
                "total": 1
              }
            },
            {
              "batter": "Mohammad Naim",
              "bowler": "B Fernando",
              "non_striker": "Towhid Hridoy",
              "runs": {
                "batter": 0,
                "extras": 0,
                "total": 0
              }
            }
          ]
        },
        {
          "over": 12,
          "deliveries": [
            {
              "batter": "Towhid Hridoy",
              "bowler": "MD Shanaka",
              "non_striker": "Mohammad Naim",
              "runs": {
                "batter": 1,
                "extras": 0,
                "total": 1
              }
            },
            {
              "batter": "Mohammad Naim",
              "bowler": "MD Shanaka",
              "non_striker": "Towhid Hridoy",
              "runs": {
                "batter": 1,
                "extras": 0,
                "total": 1
              }
            },
            {
              "batter": "Towhid Hridoy",
              "bowler": "MD Shanaka",
              "non_striker": "Mohammad Naim",
              "runs": {
                "batter": 0,
                "extras": 0,
                "total": 0
              },
              "wickets": [
                {
                  "player_out": "Towhid Hridoy",
                  "fielders": [
                    {
                      "name": "BKG Mendis"
                    }
                  ],
                  "kind": "caught"
                }
              ]
            },
            {
              "batter": "Mehedi Hasan Miraz",
              "bowler": "MD Shanaka",
              "non_striker": "Mohammad Naim",
              "runs": {
                "batter": 1,
                "extras": 0,
                "total": 1
              }
            },
            {
              "batter": "Mohammad Naim",
              "bowler": "MD Shanaka",
              "non_striker": "Mehedi Hasan Miraz",
              "runs": {
                "batter": 2,
                "extras": 0,
                "total": 2
              }
            },
            {
              "batter": "Mohammad Naim",
              "bowler": "MD Shanaka",
              "non_striker": "Mehedi Hasan Miraz",
              "runs": {
                "batter": 1,
                "extras": 0,
                "total": 1
              }
            }
          ]
        },
        {
          "over": 13,
          "deliveries": [
            {
              "batter": "Mohammad Naim",
              "bowler": "JDF Vandersay",
              "non_striker": "Mehedi Hasan Miraz",
              "review": {
                "by": "Bangladesh",
                "umpire": "RR Wimalasiri",
                "batter": "Mohammad Naim",
                "decision": "upheld",
                "type": "wicket"
              },
              "runs": {
                "batter": 0,
                "extras": 0,
                "total": 0
              }
            },
            {
              "batter": "Mohammad Naim",
              "bowler": "JDF Vandersay",
              "non_striker": "Mehedi Hasan Miraz",
              "runs": {
                "batter": 1,
                "extras": 0,
                "total": 1
              }
            },
            {
              "batter": "Mehedi Hasan Miraz",
              "bowler": "JDF Vandersay",
              "non_striker": "Mohammad Naim",
              "runs": {
                "batter": 0,
                "extras": 0,
                "total": 0
              }
            },
            {
              "batter": "Mehedi Hasan Miraz",
              "bowler": "JDF Vandersay",
              "non_striker": "Mohammad Naim",
              "runs": {
                "batter": 1,
                "extras": 0,
                "total": 1
              }
            },
            {
              "batter": "Mohammad Naim",
              "bowler": "JDF Vandersay",
              "non_striker": "Mehedi Hasan Miraz",
              "runs": {
                "batter": 1,
                "extras": 0,
                "total": 1
              }
            },
            {
              "batter": "Mehedi Hasan Miraz",
              "bowler": "JDF Vandersay",
              "non_striker": "Mohammad Naim",
              "runs": {
                "batter": 1,
                "extras": 0,
                "total": 1
              }
            }
          ]
        },
        {
          "over": 14,
          "deliveries": [
            {
              "batter": "Mehedi Hasan Miraz",
              "bowler": "MD Shanaka",
              "non_striker": "Mohammad Naim",
              "runs": {
                "batter": 1,
                "extras": 0,
                "total": 1
              }
            },
            {
              "batter": "Mohammad Naim",
              "bowler": "MD Shanaka",
              "non_striker": "Mehedi Hasan Miraz",
              "runs": {
                "batter": 1,
                "extras": 0,
                "total": 1
              }
            },
            {
              "batter": "Mehedi Hasan Miraz",
              "bowler": "MD Shanaka",
              "non_striker": "Mohammad Naim",
              "runs": {
                "batter": 0,
                "extras": 0,
                "total": 0
              }
            },
            {
              "batter": "Mehedi Hasan Miraz",
              "bowler": "MD Shanaka",
              "non_striker": "Mohammad Naim",
              "runs": {
                "batter": 4,
                "extras": 0,
                "total": 4
              }
            },
            {
              "batter": "Mehedi Hasan Miraz",
              "bowler": "MD Shanaka",
              "non_striker": "Mohammad Naim",
              "runs": {
                "batter": 4,
                "extras": 0,
                "total": 4
              }
            },
            {
              "batter": "Mehedi Hasan Miraz",
              "bowler": "MD Shanaka",
              "non_striker": "Mohammad Naim",
              "runs": {
                "batter": 1,
                "extras": 0,
                "total": 1
              }
            }
          ]
        },
        {
          "over": 15,
          "deliveries": [
            {
              "batter": "Mehedi Hasan Miraz",
              "bowler": "JDF Vandersay",
              "non_striker": "Mohammad Naim",
              "runs": {
                "batter": 0,
                "extras": 0,
                "total": 0
              }
            },
            {
              "batter": "Mehedi Hasan Miraz",
              "bowler": "JDF Vandersay",
              "non_striker": "Mohammad Naim",
              "runs": {
                "batter": 2,
                "extras": 0,
                "total": 2
              }
            },
            {
              "batter": "Mehedi Hasan Miraz",
              "bowler": "JDF Vandersay",
              "non_striker": "Mohammad Naim",
              "runs": {
                "batter": 1,
                "extras": 0,
                "total": 1
              }
            },
            {
              "batter": "Mohammad Naim",
              "bowler": "JDF Vandersay",
              "extras": {
                "byes": 1
              },
              "non_striker": "Mehedi Hasan Miraz",
              "runs": {
                "batter": 0,
                "extras": 1,
                "total": 1
              }
            },
            {
              "batter": "Mehedi Hasan Miraz",
              "bowler": "JDF Vandersay",
              "non_striker": "Mohammad Naim",
              "runs": {
                "batter": 0,
                "extras": 0,
                "total": 0
              }
            },
            {
              "batter": "Mehedi Hasan Miraz",
              "bowler": "JDF Vandersay",
              "non_striker": "Mohammad Naim",
              "runs": {
                "batter": 4,
                "extras": 0,
                "total": 4
              }
            }
          ]
        },
        {
          "over": 16,
          "deliveries": [
            {
              "batter": "Mohammad Naim",
              "bowler": "M Theekshana",
              "non_striker": "Mehedi Hasan Miraz",
              "runs": {
                "batter": 1,
                "extras": 0,
                "total": 1
              }
            },
            {
              "batter": "Mehedi Hasan Miraz",
              "bowler": "M Theekshana",
              "non_striker": "Mohammad Naim",
              "runs": {
                "batter": 2,
                "extras": 0,
                "total": 2
              }
            },
            {
              "batter": "Mehedi Hasan Miraz",
              "bowler": "M Theekshana",
              "non_striker": "Mohammad Naim",
              "runs": {
                "batter": 1,
                "extras": 0,
                "total": 1
              }
            },
            {
              "batter": "Mohammad Naim",
              "bowler": "M Theekshana",
              "non_striker": "Mehedi Hasan Miraz",
              "runs": {
                "batter": 1,
                "extras": 0,
                "total": 1
              }
            },
            {
              "batter": "Mehedi Hasan Miraz",
              "bowler": "M Theekshana",
              "non_striker": "Mohammad Naim",
              "runs": {
                "batter": 0,
                "extras": 0,
                "total": 0
              }
            },
            {
              "batter": "Mehedi Hasan Miraz",
              "bowler": "M Theekshana",
              "non_striker": "Mohammad Naim",
              "runs": {
                "batter": 1,
                "extras": 0,
                "total": 1
              }
            }
          ]
        },
        {
          "over": 17,
          "deliveries": [
            {
              "batter": "Mehedi Hasan Miraz",
              "bowler": "N Thushara",
              "extras": {
                "legbyes": 1
              },
              "non_striker": "Mohammad Naim",
              "runs": {
                "batter": 0,
                "extras": 1,
                "total": 1
              }
            },
            {
              "batter": "Mohammad Naim",
              "bowler": "N Thushara",
              "non_striker": "Mehedi Hasan Miraz",
              "runs": {
                "batter": 4,
                "extras": 0,
                "total": 4
              }
            },
            {
              "batter": "Mohammad Naim",
              "bowler": "N Thushara",
              "extras": {
                "legbyes": 1
              },
              "non_striker": "Mehedi Hasan Miraz",
              "runs": {
                "batter": 0,
                "extras": 1,
                "total": 1
              }
            },
            {
              "batter": "Mehedi Hasan Miraz",
              "bowler": "N Thushara",
              "non_striker": "Mohammad Naim",
              "runs": {
                "batter": 0,
                "extras": 0,
                "total": 0
              }
            },
            {
              "batter": "Mehedi Hasan Miraz",
              "bowler": "N Thushara",
              "non_striker": "Mohammad Naim",
              "runs": {
                "batter": 1,
                "extras": 0,
                "total": 1
              }
            },
            {
              "batter": "Mohammad Naim",
              "bowler": "N Thushara",
              "non_striker": "Mehedi Hasan Miraz",
              "runs": {
                "batter": 1,
                "extras": 0,
                "total": 1
              }
            }
          ]
        },
        {
          "over": 18,
          "deliveries": [
            {
              "batter": "Mohammad Naim",
              "bowler": "M Theekshana",
              "non_striker": "Mehedi Hasan Miraz",
              "runs": {
                "batter": 1,
                "extras": 0,
                "total": 1
              }
            },
            {
              "batter": "Mehedi Hasan Miraz",
              "bowler": "M Theekshana",
              "non_striker": "Mohammad Naim",
              "runs": {
                "batter": 4,
                "extras": 0,
                "total": 4
              }
            },
            {
              "batter": "Mehedi Hasan Miraz",
              "bowler": "M Theekshana",
              "non_striker": "Mohammad Naim",
              "runs": {
                "batter": 0,
                "extras": 0,
                "total": 0
              },
              "wickets": [
                {
                  "player_out": "Mehedi Hasan Miraz",
                  "fielders": [
                    {
                      "name": "KIC Asalanka"
                    }
                  ],
                  "kind": "caught"
                }
              ]
            },
            {
              "batter": "Shamim Hossain",
              "bowler": "M Theekshana",
              "non_striker": "Mohammad Naim",
              "runs": {
                "batter": 1,
                "extras": 0,
                "total": 1
              }
            },
            {
              "batter": "Mohammad Naim",
              "bowler": "M Theekshana",
              "non_striker": "Shamim Hossain",
              "runs": {
                "batter": 1,
                "extras": 0,
                "total": 1
              }
            },
            {
              "batter": "Shamim Hossain",
              "bowler": "M Theekshana",
              "non_striker": "Mohammad Naim",
              "runs": {
                "batter": 6,
                "extras": 0,
                "total": 6
              }
            }
          ]
        },
        {
          "over": 19,
          "deliveries": [
            {
              "batter": "Mohammad Naim",
              "bowler": "N Thushara",
              "non_striker": "Shamim Hossain",
              "runs": {
                "batter": 2,
                "extras": 0,
                "total": 2
              }
            },
            {
              "batter": "Mohammad Naim",
              "bowler": "N Thushara",
              "non_striker": "Shamim Hossain",
              "runs": {
                "batter": 1,
                "extras": 0,
                "total": 1
              }
            },
            {
              "batter": "Shamim Hossain",
              "bowler": "N Thushara",
              "non_striker": "Mohammad Naim",
              "runs": {
                "batter": 0,
                "extras": 0,
                "total": 0
              }
            },
            {
              "batter": "Shamim Hossain",
              "bowler": "N Thushara",
              "non_striker": "Mohammad Naim",
              "runs": {
                "batter": 6,
                "extras": 0,
                "total": 6
              }
            },
            {
              "batter": "Shamim Hossain",
              "bowler": "N Thushara",
              "non_striker": "Mohammad Naim",
              "runs": {
                "batter": 1,
                "extras": 0,
                "total": 1
              }
            },
            {
              "batter": "Mohammad Naim",
              "bowler": "N Thushara",
              "non_striker": "Shamim Hossain",
              "runs": {
                "batter": 1,
                "extras": 0,
                "total": 1
              }
            }
          ]
        }
      ],
      "powerplays": [
        {
          "from": 0.1,
          "to": 5.6,
          "type": "mandatory"
        }
      ]
    },
    {
      "team": "Sri Lanka",
      "overs": [
        {
          "over": 0,
          "deliveries": [
            {
              "batter": "P Nissanka",
              "bowler": "Mohammad Saifuddin",
              "non_striker": "BKG Mendis",
              "runs": {
                "batter": 4,
                "extras": 0,
                "total": 4
              }
            },
            {
              "batter": "P Nissanka",
              "bowler": "Mohammad Saifuddin",
              "non_striker": "BKG Mendis",
              "runs": {
                "batter": 4,
                "extras": 0,
                "total": 4
              }
            },
            {
              "batter": "P Nissanka",
              "bowler": "Mohammad Saifuddin",
              "non_striker": "BKG Mendis",
              "runs": {
                "batter": 4,
                "extras": 0,
                "total": 4
              }
            },
            {
              "batter": "P Nissanka",
              "bowler": "Mohammad Saifuddin",
              "non_striker": "BKG Mendis",
              "runs": {
                "batter": 0,
                "extras": 0,
                "total": 0
              }
            },
            {
              "batter": "P Nissanka",
              "bowler": "Mohammad Saifuddin",
              "non_striker": "BKG Mendis",
              "runs": {
                "batter": 1,
                "extras": 0,
                "total": 1
              }
            },
            {
              "batter": "BKG Mendis",
              "bowler": "Mohammad Saifuddin",
              "non_striker": "P Nissanka",
              "runs": {
                "batter": 1,
                "extras": 0,
                "total": 1
              }
            }
          ]
        },
        {
          "over": 1,
          "deliveries": [
            {
              "batter": "BKG Mendis",
              "bowler": "Taskin Ahmed",
              "non_striker": "P Nissanka",
              "runs": {
                "batter": 4,
                "extras": 0,
                "total": 4
              }
            },
            {
              "batter": "BKG Mendis",
              "bowler": "Taskin Ahmed",
              "non_striker": "P Nissanka",
              "runs": {
                "batter": 0,
                "extras": 0,
                "total": 0
              }
            },
            {
              "batter": "BKG Mendis",
              "bowler": "Taskin Ahmed",
              "non_striker": "P Nissanka",
              "runs": {
                "batter": 2,
                "extras": 0,
                "total": 2
              }
            },
            {
              "batter": "BKG Mendis",
              "bowler": "Taskin Ahmed",
              "non_striker": "P Nissanka",
              "runs": {
                "batter": 4,
                "extras": 0,
                "total": 4
              }
            },
            {
              "batter": "BKG Mendis",
              "bowler": "Taskin Ahmed",
              "non_striker": "P Nissanka",
              "runs": {
                "batter": 0,
                "extras": 0,
                "total": 0
              }
            },
            {
              "batter": "BKG Mendis",
              "bowler": "Taskin Ahmed",
              "non_striker": "P Nissanka",
              "runs": {
                "batter": 6,
                "extras": 0,
                "total": 6
              }
            }
          ]
        },
        {
          "over": 2,
          "deliveries": [
            {
              "batter": "P Nissanka",
              "bowler": "Tanzim Hasan Sakib",
              "extras": {
                "legbyes": 1
              },
              "non_striker": "BKG Mendis",
              "runs": {
                "batter": 0,
                "extras": 1,
                "total": 1
              }
            },
            {
              "batter": "BKG Mendis",
              "bowler": "Tanzim Hasan Sakib",
              "non_striker": "P Nissanka",
              "runs": {
                "batter": 1,
                "extras": 0,
                "total": 1
              }
            },
            {
              "batter": "P Nissanka",
              "bowler": "Tanzim Hasan Sakib",
              "non_striker": "BKG Mendis",
              "runs": {
                "batter": 0,
                "extras": 0,
                "total": 0
              }
            },
            {
              "batter": "P Nissanka",
              "bowler": "Tanzim Hasan Sakib",
              "non_striker": "BKG Mendis",
              "runs": {
                "batter": 6,
                "extras": 0,
                "total": 6
              }
            },
            {
              "batter": "P Nissanka",
              "bowler": "Tanzim Hasan Sakib",
              "non_striker": "BKG Mendis",
              "runs": {
                "batter": 4,
                "extras": 0,
                "total": 4
              }
            },
            {
              "batter": "P Nissanka",
              "bowler": "Tanzim Hasan Sakib",
              "non_striker": "BKG Mendis",
              "runs": {
                "batter": 4,
                "extras": 0,
                "total": 4
              }
            }
          ]
        },
        {
          "over": 3,
          "deliveries": [
            {
              "batter": "BKG Mendis",
              "bowler": "Taskin Ahmed",
              "non_striker": "P Nissanka",
              "runs": {
                "batter": 6,
                "extras": 0,
                "total": 6
              }
            },
            {
              "batter": "BKG Mendis",
              "bowler": "Taskin Ahmed",
              "non_striker": "P Nissanka",
              "runs": {
                "batter": 4,
                "extras": 0,
                "total": 4
              }
            },
            {
              "batter": "BKG Mendis",
              "bowler": "Taskin Ahmed",
              "non_striker": "P Nissanka",
              "runs": {
                "batter": 6,
                "extras": 0,
                "total": 6
              }
            },
            {
              "batter": "BKG Mendis",
              "bowler": "Taskin Ahmed",
              "non_striker": "P Nissanka",
              "runs": {
                "batter": 1,
                "extras": 0,
                "total": 1
              }
            },
            {
              "batter": "P Nissanka",
              "bowler": "Taskin Ahmed",
              "non_striker": "BKG Mendis",
              "runs": {
                "batter": 0,
                "extras": 0,
                "total": 0
              }
            },
            {
              "batter": "P Nissanka",
              "bowler": "Taskin Ahmed",
              "non_striker": "BKG Mendis",
              "runs": {
                "batter": 1,
                "extras": 0,
                "total": 1
              }
            }
          ]
        },
        {
          "over": 4,
          "deliveries": [
            {
              "batter": "P Nissanka",
              "bowler": "Mehedi Hasan Miraz",
              "non_striker": "BKG Mendis",
              "runs": {
                "batter": 6,
                "extras": 0,
                "total": 6
              }
            },
            {
              "batter": "P Nissanka",
              "bowler": "Mehedi Hasan Miraz",
              "non_striker": "BKG Mendis",
              "runs": {
                "batter": 2,
                "extras": 0,
                "total": 2
              }
            },
            {
              "batter": "P Nissanka",
              "bowler": "Mehedi Hasan Miraz",
              "non_striker": "BKG Mendis",
              "runs": {
                "batter": 6,
                "extras": 0,
                "total": 6
              }
            },
            {
              "batter": "P Nissanka",
              "bowler": "Mehedi Hasan Miraz",
              "non_striker": "BKG Mendis",
              "runs": {
                "batter": 0,
                "extras": 0,
                "total": 0
              },
              "wickets": [
                {
                  "player_out": "P Nissanka",
                  "fielders": [
                    {
                      "name": "Rishad Hossain"
                    }
                  ],
                  "kind": "caught"
                }
              ]
            },
            {
              "batter": "MDKJ Perera",
              "bowler": "Mehedi Hasan Miraz",
              "non_striker": "BKG Mendis",
              "runs": {
                "batter": 0,
                "extras": 0,
                "total": 0
              }
            },
            {
              "batter": "MDKJ Perera",
              "bowler": "Mehedi Hasan Miraz",
              "non_striker": "BKG Mendis",
              "runs": {
                "batter": 0,
                "extras": 0,
                "total": 0
              }
            }
          ]
        },
        {
          "over": 5,
          "deliveries": [
            {
              "batter": "BKG Mendis",
              "bowler": "Mohammad Saifuddin",
              "non_striker": "MDKJ Perera",
              "runs": {
                "batter": 1,
                "extras": 0,
                "total": 1
              }
            },
            {
              "batter": "MDKJ Perera",
              "bowler": "Mohammad Saifuddin",
              "non_striker": "BKG Mendis",
              "runs": {
                "batter": 0,
                "extras": 0,
                "total": 0
              }
            },
            {
              "batter": "MDKJ Perera",
              "bowler": "Mohammad Saifuddin",
              "non_striker": "BKG Mendis",
              "runs": {
                "batter": 1,
                "extras": 0,
                "total": 1
              }
            },
            {
              "batter": "BKG Mendis",
              "bowler": "Mohammad Saifuddin",
              "non_striker": "MDKJ Perera",
              "runs": {
                "batter": 1,
                "extras": 0,
                "total": 1
              }
            },
            {
              "batter": "MDKJ Perera",
              "bowler": "Mohammad Saifuddin",
              "non_striker": "BKG Mendis",
              "runs": {
                "batter": 1,
                "extras": 0,
                "total": 1
              }
            },
            {
              "batter": "BKG Mendis",
              "bowler": "Mohammad Saifuddin",
              "non_striker": "MDKJ Perera",
              "runs": {
                "batter": 1,
                "extras": 0,
                "total": 1
              }
            }
          ]
        },
        {
          "over": 6,
          "deliveries": [
            {
              "batter": "BKG Mendis",
              "bowler": "Mehedi Hasan Miraz",
              "non_striker": "MDKJ Perera",
              "runs": {
                "batter": 0,
                "extras": 0,
                "total": 0
              }
            },
            {
              "batter": "BKG Mendis",
              "bowler": "Mehedi Hasan Miraz",
              "non_striker": "MDKJ Perera",
              "runs": {
                "batter": 2,
                "extras": 0,
                "total": 2
              }
            },
            {
              "batter": "BKG Mendis",
              "bowler": "Mehedi Hasan Miraz",
              "non_striker": "MDKJ Perera",
              "runs": {
                "batter": 1,
                "extras": 0,
                "total": 1
              }
            },
            {
              "batter": "MDKJ Perera",
              "bowler": "Mehedi Hasan Miraz",
              "non_striker": "BKG Mendis",
              "runs": {
                "batter": 1,
                "extras": 0,
                "total": 1
              }
            },
            {
              "batter": "BKG Mendis",
              "bowler": "Mehedi Hasan Miraz",
              "non_striker": "MDKJ Perera",
              "runs": {
                "batter": 0,
                "extras": 0,
                "total": 0
              }
            },
            {
              "batter": "BKG Mendis",
              "bowler": "Mehedi Hasan Miraz",
              "non_striker": "MDKJ Perera",
              "runs": {
                "batter": 1,
                "extras": 0,
                "total": 1
              }
            }
          ]
        },
        {
          "over": 7,
          "deliveries": [
            {
              "batter": "BKG Mendis",
              "bowler": "Shamim Hossain",
              "non_striker": "MDKJ Perera",
              "runs": {
                "batter": 1,
                "extras": 0,
                "total": 1
              }
            },
            {
              "batter": "MDKJ Perera",
              "bowler": "Shamim Hossain",
              "non_striker": "BKG Mendis",
              "runs": {
                "batter": 0,
                "extras": 0,
                "total": 0
              }
            },
            {
              "batter": "MDKJ Perera",
              "bowler": "Shamim Hossain",
              "non_striker": "BKG Mendis",
              "runs": {
                "batter": 6,
                "extras": 0,
                "total": 6
              }
            },
            {
              "batter": "MDKJ Perera",
              "bowler": "Shamim Hossain",
              "non_striker": "BKG Mendis",
              "runs": {
                "batter": 1,
                "extras": 0,
                "total": 1
              }
            },
            {
              "batter": "BKG Mendis",
              "bowler": "Shamim Hossain",
              "non_striker": "MDKJ Perera",
              "runs": {
                "batter": 2,
                "extras": 0,
                "total": 2
              }
            },
            {
              "batter": "BKG Mendis",
              "bowler": "Shamim Hossain",
              "non_striker": "MDKJ Perera",
              "runs": {
                "batter": 1,
                "extras": 0,
                "total": 1
              }
            }
          ]
        },
        {
          "over": 8,
          "deliveries": [
            {
              "batter": "BKG Mendis",
              "bowler": "Mehedi Hasan Miraz",
              "non_striker": "MDKJ Perera",
              "runs": {
                "batter": 1,
                "extras": 0,
                "total": 1
              }
            },
            {
              "batter": "MDKJ Perera",
              "bowler": "Mehedi Hasan Miraz",
              "non_striker": "BKG Mendis",
              "runs": {
                "batter": 0,
                "extras": 0,
                "total": 0
              }
            },
            {
              "batter": "MDKJ Perera",
              "bowler": "Mehedi Hasan Miraz",
              "non_striker": "BKG Mendis",
              "runs": {
                "batter": 0,
                "extras": 0,
                "total": 0
              }
            },
            {
              "batter": "MDKJ Perera",
              "bowler": "Mehedi Hasan Miraz",
              "non_striker": "BKG Mendis",
              "runs": {
                "batter": 0,
                "extras": 0,
                "total": 0
              }
            },
            {
              "batter": "MDKJ Perera",
              "bowler": "Mehedi Hasan Miraz",
              "non_striker": "BKG Mendis",
              "runs": {
                "batter": 0,
                "extras": 0,
                "total": 0
              }
            },
            {
              "batter": "MDKJ Perera",
              "bowler": "Mehedi Hasan Miraz",
              "non_striker": "BKG Mendis",
              "runs": {
                "batter": 1,
                "extras": 0,
                "total": 1
              }
            }
          ]
        },
        {
          "over": 9,
          "deliveries": [
            {
              "batter": "MDKJ Perera",
              "bowler": "Rishad Hossain",
              "non_striker": "BKG Mendis",
              "runs": {
                "batter": 4,
                "extras": 0,
                "total": 4
              }
            },
            {
              "batter": "MDKJ Perera",
              "bowler": "Rishad Hossain",
              "non_striker": "BKG Mendis",
              "runs": {
                "batter": 0,
                "extras": 0,
                "total": 0
              }
            },
            {
              "batter": "MDKJ Perera",
              "bowler": "Rishad Hossain",
              "non_striker": "BKG Mendis",
              "runs": {
                "batter": 4,
                "extras": 0,
                "total": 4
              }
            },
            {
              "batter": "MDKJ Perera",
              "bowler": "Rishad Hossain",
              "non_striker": "BKG Mendis",
              "runs": {
                "batter": 1,
                "extras": 0,
                "total": 1
              }
            },
            {
              "batter": "BKG Mendis",
              "bowler": "Rishad Hossain",
              "non_striker": "MDKJ Perera",
              "runs": {
                "batter": 0,
                "extras": 0,
                "total": 0
              }
            },
            {
              "batter": "BKG Mendis",
              "bowler": "Rishad Hossain",
              "non_striker": "MDKJ Perera",
              "runs": {
                "batter": 1,
                "extras": 0,
                "total": 1
              }
            }
          ]
        },
        {
          "over": 10,
          "deliveries": [
            {
              "batter": "BKG Mendis",
              "bowler": "Mehedi Hasan Miraz",
              "non_striker": "MDKJ Perera",
              "runs": {
                "batter": 0,
                "extras": 0,
                "total": 0
              }
            },
            {
              "batter": "BKG Mendis",
              "bowler": "Mehedi Hasan Miraz",
              "non_striker": "MDKJ Perera",
              "runs": {
                "batter": 0,
                "extras": 0,
                "total": 0
              }
            },
            {
              "batter": "BKG Mendis",
              "bowler": "Mehedi Hasan Miraz",
              "non_striker": "MDKJ Perera",
              "runs": {
                "batter": 0,
                "extras": 0,
                "total": 0
              }
            },
            {
              "batter": "BKG Mendis",
              "bowler": "Mehedi Hasan Miraz",
              "non_striker": "MDKJ Perera",
              "runs": {
                "batter": 1,
                "extras": 0,
                "total": 1
              }
            },
            {
              "batter": "MDKJ Perera",
              "bowler": "Mehedi Hasan Miraz",
              "non_striker": "BKG Mendis",
              "runs": {
                "batter": 1,
                "extras": 0,
                "total": 1
              }
            },
            {
              "batter": "BKG Mendis",
              "bowler": "Mehedi Hasan Miraz",
              "non_striker": "MDKJ Perera",
              "runs": {
                "batter": 1,
                "extras": 0,
                "total": 1
              }
            }
          ]
        },
        {
          "over": 11,
          "deliveries": [
            {
              "batter": "BKG Mendis",
              "bowler": "Tanzim Hasan Sakib",
              "non_striker": "MDKJ Perera",
              "runs": {
                "batter": 0,
                "extras": 0,
                "total": 0
              }
            },
            {
              "batter": "BKG Mendis",
              "bowler": "Tanzim Hasan Sakib",
              "non_striker": "MDKJ Perera",
              "runs": {
                "batter": 0,
                "extras": 0,
                "total": 0
              }
            },
            {
              "batter": "BKG Mendis",
              "bowler": "Tanzim Hasan Sakib",
              "non_striker": "MDKJ Perera",
              "runs": {
                "batter": 1,
                "extras": 0,
                "total": 1
              }
            },
            {
              "batter": "MDKJ Perera",
              "bowler": "Tanzim Hasan Sakib",
              "non_striker": "BKG Mendis",
              "runs": {
                "batter": 1,
                "extras": 0,
                "total": 1
              }
            },
            {
              "batter": "BKG Mendis",
              "bowler": "Tanzim Hasan Sakib",
              "non_striker": "MDKJ Perera",
              "runs": {
                "batter": 1,
                "extras": 0,
                "total": 1
              }
            },
            {
              "batter": "MDKJ Perera",
              "bowler": "Tanzim Hasan Sakib",
              "non_striker": "BKG Mendis",
              "runs": {
                "batter": 1,
                "extras": 0,
                "total": 1
              }
            }
          ]
        },
        {
          "over": 12,
          "deliveries": [
            {
              "batter": "MDKJ Perera",
              "bowler": "Rishad Hossain",
              "non_striker": "BKG Mendis",
              "runs": {
                "batter": 1,
                "extras": 0,
                "total": 1
              }
            },
            {
              "batter": "BKG Mendis",
              "bowler": "Rishad Hossain",
              "non_striker": "MDKJ Perera",
              "runs": {
                "batter": 1,
                "extras": 0,
                "total": 1
              }
            },
            {
              "batter": "MDKJ Perera",
              "bowler": "Rishad Hossain",
              "non_striker": "BKG Mendis",
              "runs": {
                "batter": 0,
                "extras": 0,
                "total": 0
              }
            },
            {
              "batter": "MDKJ Perera",
              "bowler": "Rishad Hossain",
              "non_striker": "BKG Mendis",
              "runs": {
                "batter": 0,
                "extras": 0,
                "total": 0
              }
            },
            {
              "batter": "MDKJ Perera",
              "bowler": "Rishad Hossain",
              "non_striker": "BKG Mendis",
              "runs": {
                "batter": 0,
                "extras": 0,
                "total": 0
              },
              "wickets": [
                {
                  "player_out": "MDKJ Perera",
                  "fielders": [
                    {
                      "name": "Liton Das"
                    }
                  ],
                  "kind": "caught"
                }
              ]
            },
            {
              "batter": "WIA Fernando",
              "bowler": "Rishad Hossain",
              "non_striker": "BKG Mendis",
              "runs": {
                "batter": 0,
                "extras": 0,
                "total": 0
              }
            }
          ]
        },
        {
          "over": 13,
          "deliveries": [
            {
              "batter": "BKG Mendis",
              "bowler": "Tanzim Hasan Sakib",
              "non_striker": "WIA Fernando",
              "runs": {
                "batter": 2,
                "extras": 0,
                "total": 2
              }
            },
            {
              "batter": "BKG Mendis",
              "bowler": "Tanzim Hasan Sakib",
              "non_striker": "WIA Fernando",
              "runs": {
                "batter": 1,
                "extras": 0,
                "total": 1
              }
            },
            {
              "batter": "WIA Fernando",
              "bowler": "Tanzim Hasan Sakib",
              "non_striker": "BKG Mendis",
              "runs": {
                "batter": 0,
                "extras": 0,
                "total": 0
              }
            },
            {
              "batter": "WIA Fernando",
              "bowler": "Tanzim Hasan Sakib",
              "non_striker": "BKG Mendis",
              "runs": {
                "batter": 0,
                "extras": 0,
                "total": 0
              }
            },
            {
              "batter": "WIA Fernando",
              "bowler": "Tanzim Hasan Sakib",
              "non_striker": "BKG Mendis",
              "runs": {
                "batter": 1,
                "extras": 0,
                "total": 1
              }
            },
            {
              "batter": "BKG Mendis",
              "bowler": "Tanzim Hasan Sakib",
              "non_striker": "WIA Fernando",
              "runs": {
                "batter": 2,
                "extras": 0,
                "total": 2
              }
            }
          ]
        },
        {
          "over": 14,
          "deliveries": [
            {
              "batter": "WIA Fernando",
              "bowler": "Rishad Hossain",
              "non_striker": "BKG Mendis",
              "runs": {
                "batter": 0,
                "extras": 0,
                "total": 0
              }
            },
            {
              "batter": "WIA Fernando",
              "bowler": "Rishad Hossain",
              "non_striker": "BKG Mendis",
              "runs": {
                "batter": 1,
                "extras": 0,
                "total": 1
              }
            },
            {
              "batter": "BKG Mendis",
              "bowler": "Rishad Hossain",
              "non_striker": "WIA Fernando",
              "runs": {
                "batter": 1,
                "extras": 0,
                "total": 1
              }
            },
            {
              "batter": "WIA Fernando",
              "bowler": "Rishad Hossain",
              "non_striker": "BKG Mendis",
              "runs": {
                "batter": 1,
                "extras": 0,
                "total": 1
              }
            },
            {
              "batter": "BKG Mendis",
              "bowler": "Rishad Hossain",
              "non_striker": "WIA Fernando",
              "runs": {
                "batter": 0,
                "extras": 0,
                "total": 0
              }
            },
            {
              "batter": "BKG Mendis",
              "bowler": "Rishad Hossain",
              "non_striker": "WIA Fernando",
              "runs": {
                "batter": 0,
                "extras": 0,
                "total": 0
              }
            }
          ]
        },
        {
          "over": 15,
          "deliveries": [
            {
              "batter": "WIA Fernando",
              "bowler": "Taskin Ahmed",
              "non_striker": "BKG Mendis",
              "runs": {
                "batter": 1,
                "extras": 0,
                "total": 1
              }
            },
            {
              "batter": "BKG Mendis",
              "bowler": "Taskin Ahmed",
              "non_striker": "WIA Fernando",
              "runs": {
                "batter": 4,
                "extras": 0,
                "total": 4
              }
            },
            {
              "batter": "BKG Mendis",
              "bowler": "Taskin Ahmed",
              "non_striker": "WIA Fernando",
              "runs": {
                "batter": 0,
                "extras": 0,
                "total": 0
              }
            },
            {
              "batter": "BKG Mendis",
              "bowler": "Taskin Ahmed",
              "non_striker": "WIA Fernando",
              "runs": {
                "batter": 1,
                "extras": 0,
                "total": 1
              }
            },
            {
              "batter": "WIA Fernando",
              "bowler": "Taskin Ahmed",
              "non_striker": "BKG Mendis",
              "runs": {
                "batter": 1,
                "extras": 0,
                "total": 1
              }
            },
            {
              "batter": "BKG Mendis",
              "bowler": "Taskin Ahmed",
              "non_striker": "WIA Fernando",
              "runs": {
                "batter": 2,
                "extras": 0,
                "total": 2
              }
            }
          ]
        },
        {
          "over": 16,
          "deliveries": [
            {
              "batter": "WIA Fernando",
              "bowler": "Rishad Hossain",
              "non_striker": "BKG Mendis",
              "runs": {
                "batter": 1,
                "extras": 0,
                "total": 1
              }
            },
            {
              "batter": "BKG Mendis",
              "bowler": "Rishad Hossain",
              "non_striker": "WIA Fernando",
              "runs": {
                "batter": 1,
                "extras": 0,
                "total": 1
              }
            },
            {
              "batter": "WIA Fernando",
              "bowler": "Rishad Hossain",
              "non_striker": "BKG Mendis",
              "runs": {
                "batter": 1,
                "extras": 0,
                "total": 1
              }
            },
            {
              "batter": "BKG Mendis",
              "bowler": "Rishad Hossain",
              "non_striker": "WIA Fernando",
              "runs": {
                "batter": 4,
                "extras": 0,
                "total": 4
              }
            },
            {
              "batter": "BKG Mendis",
              "bowler": "Rishad Hossain",
              "non_striker": "WIA Fernando",
              "runs": {
                "batter": 2,
                "extras": 0,
                "total": 2
              }
            },
            {
              "batter": "BKG Mendis",
              "bowler": "Rishad Hossain",
              "non_striker": "WIA Fernando",
              "runs": {
                "batter": 0,
                "extras": 0,
                "total": 0
              }
            }
          ]
        },
        {
          "over": 17,
          "deliveries": [
            {
              "batter": "WIA Fernando",
              "bowler": "Mohammad Saifuddin",
              "non_striker": "BKG Mendis",
              "runs": {
                "batter": 1,
                "extras": 0,
                "total": 1
              }
            },
            {
              "batter": "BKG Mendis",
              "bowler": "Mohammad Saifuddin",
              "non_striker": "WIA Fernando",
              "runs": {
                "batter": 0,
                "extras": 0,
                "total": 0
              },
              "wickets": [
                {
                  "player_out": "BKG Mendis",
                  "fielders": [
                    {
                      "name": "Shamim Hossain"
                    }
                  ],
                  "kind": "caught"
                }
              ]
            },
            {
              "batter": "KIC Asalanka",
              "bowler": "Mohammad Saifuddin",
              "non_striker": "WIA Fernando",
              "runs": {
                "batter": 1,
                "extras": 0,
                "total": 1
              }
            },
            {
              "batter": "WIA Fernando",
              "bowler": "Mohammad Saifuddin",
              "non_striker": "KIC Asalanka",
              "runs": {
                "batter": 0,
                "extras": 0,
                "total": 0
              }
            },
            {
              "batter": "WIA Fernando",
              "bowler": "Mohammad Saifuddin",
              "non_striker": "KIC Asalanka",
              "runs": {
                "batter": 0,
                "extras": 0,
                "total": 0
              }
            },
            {
              "batter": "WIA Fernando",
              "bowler": "Mohammad Saifuddin",
              "non_striker": "KIC Asalanka",
              "runs": {
                "batter": 1,
                "extras": 0,
                "total": 1
              }
            }
          ]
        },
        {
          "over": 18,
          "deliveries": [
            {
              "batter": "WIA Fernando",
              "bowler": "Tanzim Hasan Sakib",
              "non_striker": "KIC Asalanka",
              "runs": {
                "batter": 1,
                "extras": 0,
                "total": 1
              }
            },
            {
              "batter": "KIC Asalanka",
              "bowler": "Tanzim Hasan Sakib",
              "non_striker": "WIA Fernando",
              "runs": {
                "batter": 0,
                "extras": 0,
                "total": 0
              }
            },
            {
              "batter": "KIC Asalanka",
              "bowler": "Tanzim Hasan Sakib",
              "non_striker": "WIA Fernando",
              "runs": {
                "batter": 0,
                "extras": 0,
                "total": 0
              }
            },
            {
              "batter": "KIC Asalanka",
              "bowler": "Tanzim Hasan Sakib",
              "non_striker": "WIA Fernando",
              "runs": {
                "batter": 1,
                "extras": 0,
                "total": 1
              }
            },
            {
              "batter": "WIA Fernando",
              "bowler": "Tanzim Hasan Sakib",
              "non_striker": "KIC Asalanka",
              "runs": {
                "batter": 1,
                "extras": 0,
                "total": 1
              }
            },
            {
              "batter": "KIC Asalanka",
              "bowler": "Tanzim Hasan Sakib",
              "non_striker": "WIA Fernando",
              "runs": {
                "batter": 6,
                "extras": 0,
                "total": 6
              }
            }
          ]
        }
      ],
      "powerplays": [
        {
          "from": 0.1,
          "to": 5.6,
          "type": "mandatory"
        }
      ],
      "target": {
        "overs": 20,
        "runs": 155
      }
    }
  ]
}