{
  "meta": {
    "data_version": "1.1.0",
    "created": "2025-06-25",
    "revision": 1
  },
  "info": {
    "balls_per_over": 6,
    "city": "King City",
    "dates": [
      "2025-06-22"
    ],
    "event": {
      "name": "ICC Men's T20 World Cup Americas Region Final",
      "match_number": 11
    },
    "gender": "male",
    "match_type": "T20",
    "match_type_number": 3262,
    "officials": {
      "match_referees": [
        "Dave Gilbert"
      ],
      "reserve_umpires": [
        "DK Butler"
      ],
      "tv_umpires": [
        "Zahid Bassarath"
      ],
      "umpires": [
        "AR Maddela",
        "R Shah"
      ]
    },
    "outcome": {
      "winner": "Cayman Islands",
      "by": {
        "runs": 49
      }
    },
    "overs": 20,
    "player_of_match": [
      "J Baker"
    ],
    "players": {
      "Cayman Islands": [
        "J Baker",
        "AR Naidoo",
        "RA Sealy",
        "S Foster",
        "BKB Corbin",
        "ROC Dunka",
        "A Dhar",
        "KA Bazil",
        "R Walker",
        "A Morris",
        "A Wright"
      ],
      "Bahamas": [
        "M Taylor",
        "GT Taylor",
        "E Duff",
        "K Hinds",
        "J Jemison",
        "Festus Benn",
        "D Wheatley",
        "J Gallimore",
        "JR Barry",
        "A Gulati",
        "DG Weakley"
      ]
    },
    "registry": {
      "people": {
        "A Dhar": "1c0a2249",
        "A Gulati": "82903f3a",
        "A Morris": "04cf2e94",
        "A Wright": "4bb7f51e",
        "AR Maddela": "5c861579",
        "AR Naidoo": "68886c16",
        "BKB Corbin": "036b8660",
        "D Wheatley": "04539335",
        "DG Weakley": "224a9f5e",
        "DK Butler": "671398e3",
        "Dave Gilbert": "aa782370",
        "E Duff": "b7873c81",
        "Festus Benn": "de6b3760",
        "GT Taylor": "c674f722",
        "J Baker": "a12672e0",
        "J Gallimore": "5bebe726",
        "J Jemison": "ce1abd25",
        "JR Barry": "9bc324b5",
        "K Hinds": "a268c07b",
        "KA Bazil": "d22287a8",
        "M Taylor": "92075cdc",
        "R Shah": "3424e050",
        "R Walker": "be37d889",
        "RA Sealy": "1e98804a",
        "ROC Dunka": "762f43b7",
        "S Foster": "3595ad3b",
        "Zahid Bassarath": "ca6bf044"
      }
    },
    "season": "2025",
    "team_type": "international",
    "teams": [
      "Cayman Islands",
      "Bahamas"
    ],
    "toss": {
      "decision": "field",
      "winner": "Bahamas"
    },
    "venue": "Maple Leaf North-West Ground, King City"
  },
  "innings": [
    {
      "team": "Cayman Islands",
      "overs": [
        {
          "over": 0,
          "deliveries": [
            {
              "batter": "J Baker",
              "bowler": "K Hinds",
              "non_striker": "AR Naidoo",
              "runs": {
                "batter": 0,
                "extras": 0,
                "total": 0
              }
            },
            {
              "batter": "J Baker",
              "bowler": "K Hinds",
              "non_striker": "AR Naidoo",
              "runs": {
                "batter": 1,
                "extras": 0,
                "total": 1
              }
            },
            {
              "batter": "AR Naidoo",
              "bowler": "K Hinds",
              "non_striker": "J Baker",
              "runs": {
                "batter": 0,
                "extras": 0,
                "total": 0
              }
            },
            {
              "batter": "AR Naidoo",
              "bowler": "K Hinds",
              "non_striker": "J Baker",
              "runs": {
                "batter": 2,
                "extras": 0,
                "total": 2
              }
            },
            {
              "batter": "AR Naidoo",
              "bowler": "K Hinds",
              "non_striker": "J Baker",
              "runs": {
                "batter": 0,
                "extras": 0,
                "total": 0
              }
            },
            {
              "batter": "AR Naidoo",
              "bowler": "K Hinds",
              "non_striker": "J Baker",
              "runs": {
                "batter": 4,
                "extras": 0,
                "total": 4
              }
            }
          ]
        },
        {
          "over": 1,
          "deliveries": [
            {
              "batter": "J Baker",
              "bowler": "Festus Benn",
              "non_striker": "AR Naidoo",
              "runs": {
                "batter": 4,
                "extras": 0,
                "total": 4
              }
            },
            {
              "batter": "J Baker",
              "bowler": "Festus Benn",
              "non_striker": "AR Naidoo",
              "runs": {
                "batter": 0,
                "extras": 0,
                "total": 0
              }
            },
            {
              "batter": "J Baker",
              "bowler": "Festus Benn",
              "non_striker": "AR Naidoo",
              "runs": {
                "batter": 1,
                "extras": 0,
                "total": 1
              }
            },
            {
              "batter": "AR Naidoo",
              "bowler": "Festus Benn",
              "non_striker": "J Baker",
              "runs": {
                "batter": 0,
                "extras": 0,
                "total": 0
              }
            },
            {
              "batter": "AR Naidoo",
              "bowler": "Festus Benn",
              "non_striker": "J Baker",
              "runs": {
                "batter": 1,
                "extras": 0,
                "total": 1
              }
            },
            {
              "batter": "J Baker",
              "bowler": "Festus Benn",
              "non_striker": "AR Naidoo",
              "runs": {
                "batter": 4,
                "extras": 0,
                "total": 4
              }
            }
          ]
        },
        {
          "over": 2,
          "deliveries": [
            {
              "batter": "AR Naidoo",
              "bowler": "K Hinds",
              "non_striker": "J Baker",
              "runs": {
                "batter": 0,
                "extras": 0,
                "total": 0
              }
            },
            {
              "batter": "AR Naidoo",
              "bowler": "K Hinds",
              "non_striker": "J Baker",
              "runs": {
                "batter": 0,
                "extras": 0,
                "total": 0
              }
            },
            {
              "batter": "AR Naidoo",
              "bowler": "K Hinds",
              "non_striker": "J Baker",
              "runs": {
                "batter": 0,
                "extras": 0,
                "total": 0
              }
            },
            {
              "batter": "AR Naidoo",
              "bowler": "K Hinds",
              "non_striker": "J Baker",
              "runs": {
                "batter": 0,
                "extras": 0,
                "total": 0
              }
            },
            {
              "batter": "AR Naidoo",
              "bowler": "K Hinds",
              "non_striker": "J Baker",
              "runs": {
                "batter": 2,
                "extras": 0,
                "total": 2
              }
            },
            {
              "batter": "AR Naidoo",
              "bowler": "K Hinds",
              "non_striker": "J Baker",
              "runs": {
                "batter": 1,
                "extras": 0,
                "total": 1
              }
            }
          ]
        },
        {
          "over": 3,
          "deliveries": [
            {
              "batter": "AR Naidoo",
              "bowler": "Festus Benn",
              "non_striker": "J Baker",
              "runs": {
                "batter": 1,
                "extras": 0,
                "total": 1
              }
            },
            {
              "batter": "J Baker",
              "bowler": "Festus Benn",
              "non_striker": "AR Naidoo",
              "runs": {
                "batter": 4,
                "extras": 0,
                "total": 4
              }
            },
            {
              "batter": "J Baker",
              "bowler": "Festus Benn",
              "non_striker": "AR Naidoo",
              "runs": {
                "batter": 4,
                "extras": 0,
                "total": 4
              }
            },
            {
              "batter": "J Baker",
              "bowler": "Festus Benn",
              "non_striker": "AR Naidoo",
              "runs": {
                "batter": 0,
                "extras": 0,
                "total": 0
              }
            },
            {
              "batter": "J Baker",
              "bowler": "Festus Benn",
              "non_striker": "AR Naidoo",
              "runs": {
                "batter": 1,
                "extras": 0,
                "total": 1
              }
            },
            {
              "batter": "AR Naidoo",
              "bowler": "Festus Benn",
              "non_striker": "J Baker",
              "runs": {
                "batter": 4,
                "extras": 0,
                "total": 4
              }
            }
          ]
        },
        {
          "over": 4,
          "deliveries": [
            {
              "batter": "J Baker",
              "bowler": "GT Taylor",
              "non_striker": "AR Naidoo",
              "runs": {
                "batter": 6,
                "extras": 0,
                "total": 6
              }
            },
            {
              "batter": "J Baker",
              "bowler": "GT Taylor",
              "non_striker": "AR Naidoo",
              "runs": {
                "batter": 1,
                "extras": 0,
                "total": 1
              }
            },
            {
              "batter": "AR Naidoo",
              "bowler": "GT Taylor",
              "non_striker": "J Baker",
              "runs": {
                "batter": 4,
                "extras": 0,
                "total": 4
              }
            },
            {
              "batter": "AR Naidoo",
              "bowler": "GT Taylor",
              "non_striker": "J Baker",
              "runs": {
                "batter": 0,
                "extras": 0,
                "total": 0
              }
            },
            {
              "batter": "AR Naidoo",
              "bowler": "GT Taylor",
              "non_striker": "J Baker",
              "runs": {
                "batter": 0,
                "extras": 0,
                "total": 0
              }
            },
            {
              "batter": "AR Naidoo",
              "bowler": "GT Taylor",
              "non_striker": "J Baker",
              "runs": {
                "batter": 2,
                "extras": 0,
                "total": 2
              }
            }
          ]
        },
        {
          "over": 5,
          "deliveries": [
            {
              "batter": "J Baker",
              "bowler": "DG Weakley",
              "non_striker": "AR Naidoo",
              "runs": {
                "batter": 0,
                "extras": 0,
                "total": 0
              }
            },
            {
              "batter": "J Baker",
              "bowler": "DG Weakley",
              "non_striker": "AR Naidoo",
              "runs": {
                "batter": 0,
                "extras": 0,
                "total": 0
              }
            },
            {
              "batter": "J Baker",
              "bowler": "DG Weakley",
              "non_striker": "AR Naidoo",
              "runs": {
                "batter": 0,
                "extras": 0,
                "total": 0
              }
            },
            {
              "batter": "J Baker",
              "bowler": "DG Weakley",
              "extras": {
                "wides": 1
              },
              "non_striker": "AR Naidoo",
              "runs": {
                "batter": 0,
                "extras": 1,
                "total": 1
              }
            },
            {
              "batter": "J Baker",
              "bowler": "DG Weakley",
              "non_striker": "AR Naidoo",
              "runs": {
                "batter": 4,
                "extras": 0,
                "total": 4
              }
            },
            {
              "batter": "J Baker",
              "bowler": "DG Weakley",
              "non_striker": "AR Naidoo",
              "runs": {
                "batter": 4,
                "extras": 0,
                "total": 4
              }
            },
            {
              "batter": "J Baker",
              "bowler": "DG Weakley",
              "non_striker": "AR Naidoo",
              "runs": {
                "batter": 0,
                "extras": 0,
                "total": 0
              }
            }
          ]
        },
        {
          "over": 6,
          "deliveries": [
            {
              "batter": "AR Naidoo",
              "bowler": "GT Taylor",
              "non_striker": "J Baker",
              "runs": {
                "batter": 0,
                "extras": 0,
                "total": 0
              }
            },
            {
              "batter": "AR Naidoo",
              "bowler": "GT Taylor",
              "non_striker": "J Baker",
              "runs": {
                "batter": 0,
                "extras": 0,
                "total": 0
              }
            },
            {
              "batter": "AR Naidoo",
              "bowler": "GT Taylor",
              "non_striker": "J Baker",
              "runs": {
                "batter": 4,
                "extras": 0,
                "total": 4
              }
            },
            {
              "batter": "AR Naidoo",
              "bowler": "GT Taylor",
              "non_striker": "J Baker",
              "runs": {
                "batter": 4,
                "extras": 0,
                "total": 4
              }
            },
            {
              "batter": "AR Naidoo",
              "bowler": "GT Taylor",
              "non_striker": "J Baker",
              "runs": {
                "batter": 1,
                "extras": 0,
                "total": 1
              }
            },
            {
              "batter": "J Baker",
              "bowler": "GT Taylor",
              "non_striker": "AR Naidoo",
              "runs": {
                "batter": 1,
                "extras": 0,
                "total": 1
              }
            }
          ]
        },
        {
          "over": 7,
          "deliveries": [
            {
              "batter": "J Baker",
              "bowler": "DG Weakley",
              "non_striker": "AR Naidoo",
              "runs": {
                "batter": 0,
                "extras": 0,
                "total": 0
              }
            },
            {
              "batter": "J Baker",
              "bowler": "DG Weakley",
              "non_striker": "AR Naidoo",
              "runs": {
                "batter": 0,
                "extras": 0,
                "total": 0
              }
            },
            {
              "batter": "J Baker",
              "bowler": "DG Weakley",
              "non_striker": "AR Naidoo",
              "runs": {
                "batter": 1,
                "extras": 0,
                "total": 1
              }
            },
            {
              "batter": "AR Naidoo",
              "bowler": "DG Weakley",
              "non_striker": "J Baker",
              "runs": {
                "batter": 1,
                "extras": 0,
                "total": 1
              }
            },
            {
              "batter": "J Baker",
              "bowler": "DG Weakley",
              "non_striker": "AR Naidoo",
              "runs": {
                "batter": 4,
                "extras": 0,
                "total": 4
              }
            },
            {
              "batter": "J Baker",
              "bowler": "DG Weakley",
              "non_striker": "AR Naidoo",
              "runs": {
                "batter": 1,
                "extras": 0,
                "total": 1
              }
            }
          ]
        },
        {
          "over": 8,
          "deliveries": [
            {
              "batter": "J Baker",
              "bowler": "K Hinds",
              "non_striker": "AR Naidoo",
              "runs": {
                "batter": 0,
                "extras": 0,
                "total": 0
              }
            },
            {
              "batter": "J Baker",
              "bowler": "K Hinds",
              "extras": {
                "wides": 1
              },
              "non_striker": "AR Naidoo",
              "runs": {
                "batter": 0,
                "extras": 1,
                "total": 1
              }
            },
            {
              "batter": "J Baker",
              "bowler": "K Hinds",
              "non_striker": "AR Naidoo",
              "runs": {
                "batter": 0,
                "extras": 0,
                "total": 0
              }
            },
            {
              "batter": "J Baker",
              "bowler": "K Hinds",
              "non_striker": "AR Naidoo",
              "runs": {
                "batter": 0,
                "extras": 0,
                "total": 0
              }
            },
            {
              "batter": "J Baker",
              "bowler": "K Hinds",
              "non_striker": "AR Naidoo",
              "runs": {
                "batter": 1,
                "extras": 0,
                "total": 1
              }
            },
            {
              "batter": "AR Naidoo",
              "bowler": "K Hinds",
              "non_striker": "J Baker",
              "runs": {
                "batter": 0,
                "extras": 0,
                "total": 0
              }
            },
            {
              "batter": "AR Naidoo",
              "bowler": "K Hinds",
              "non_striker": "J Baker",
              "runs": {
                "batter": 0,
                "extras": 0,
                "total": 0
              }
            }
          ]
        },
        {
          "over": 9,
          "deliveries": [
            {
              "batter": "J Baker",
              "bowler": "A Gulati",
              "non_striker": "AR Naidoo",
              "runs": {
                "batter": 4,
                "extras": 0,
                "total": 4
              }
            },
            {
              "batter": "J Baker",
              "bowler": "A Gulati",
              "non_striker": "AR Naidoo",
              "runs": {
                "batter": 1,
                "extras": 0,
                "total": 1
              }
            },
            {
              "batter": "AR Naidoo",
              "bowler": "A Gulati",
              "non_striker": "J Baker",
              "runs": {
                "batter": 1,
                "extras": 0,
                "total": 1
              }
            },
            {
              "batter": "J Baker",
              "bowler": "A Gulati",
              "non_striker": "AR Naidoo",
              "runs": {
                "batter": 1,
                "extras": 0,
                "total": 1
              }
            },
            {
              "batter": "AR Naidoo",
              "bowler": "A Gulati",
              "non_striker": "J Baker",
              "runs": {
                "batter": 6,
                "extras": 0,
                "total": 6
              }
            },
            {
              "batter": "AR Naidoo",
              "bowler": "A Gulati",
              "non_striker": "J Baker",
              "runs": {
                "batter": 2,
                "extras": 0,
                "total": 2
              }
            }
          ]
        },
        {
          "over": 10,
          "deliveries": [
            {
              "batter": "J Baker",
              "bowler": "JR Barry",
              "extras": {
                "wides": 1
              },
              "non_striker": "AR Naidoo",
              "runs": {
                "batter": 0,
                "extras": 1,
                "total": 1
              }
            },
            {
              "batter": "J Baker",
              "bowler": "JR Barry",
              "non_striker": "AR Naidoo",
              "runs": {
                "batter": 1,
                "extras": 0,
                "total": 1
              }
            },
            {
              "batter": "AR Naidoo",
              "bowler": "JR Barry",
              "non_striker": "J Baker",
              "runs": {
                "batter": 0,
                "extras": 0,
                "total": 0
              }
            },
            {
              "batter": "AR Naidoo",
              "bowler": "JR Barry",
              "non_striker": "J Baker",
              "runs": {
                "batter": 0,
                "extras": 0,
                "total": 0
              }
            },
            {
              "batter": "AR Naidoo",
              "bowler": "JR Barry",
              "non_striker": "J Baker",
              "runs": {
                "batter": 0,
                "extras": 0,
                "total": 0
              }
            },
            {
              "batter": "AR Naidoo",
              "bowler": "JR Barry",
              "non_striker": "J Baker",
              "runs": {
                "batter": 1,
                "extras": 0,
                "total": 1
              }
            },
            {
              "batter": "J Baker",
              "bowler": "JR Barry",
              "non_striker": "AR Naidoo",
              "runs": {
                "batter": 0,
                "extras": 0,
                "total": 0
              }
            }
          ]
        },
        {
          "over": 11,
          "deliveries": [
            {
              "batter": "AR Naidoo",
              "bowler": "A Gulati",
              "non_striker": "J Baker",
              "runs": {
                "batter": 4,
                "extras": 0,
                "total": 4
              }
            },
            {
              "batter": "AR Naidoo",
              "bowler": "A Gulati",
              "non_striker": "J Baker",
              "runs": {
                "batter": 0,
                "extras": 0,
                "total": 0
              },
              "wickets": [
                {
                  "player_out": "AR Naidoo",
                  "fielders": [
                    {
                      "name": "M Taylor"
                    }
                  ],
                  "kind": "caught"
                }
              ]
            },
            {
              "batter": "RA Sealy",
              "bowler": "A Gulati",
              "non_striker": "J Baker",
              "runs": {
                "batter": 0,
                "extras": 0,
                "total": 0
              }
            },
            {
              "batter": "RA Sealy",
              "bowler": "A Gulati",
              "non_striker": "J Baker",
              "runs": {
                "batter": 1,
                "extras": 0,
                "total": 1
              }
            },
            {
              "batter": "J Baker",
              "bowler": "A Gulati",
              "non_striker": "RA Sealy",
              "runs": {
                "batter": 1,
                "extras": 0,
                "total": 1
              }
            },
            {
              "batter": "RA Sealy",
              "bowler": "A Gulati",
              "non_striker": "J Baker",
              "runs": {
                "batter": 2,
                "extras": 0,
                "total": 2
              }
            }
          ]
        },
        {
          "over": 12,
          "deliveries": [
            {
              "batter": "J Baker",
              "bowler": "JR Barry",
              "non_striker": "RA Sealy",
              "runs": {
                "batter": 1,
                "extras": 0,
                "total": 1
              }
            },
            {
              "batter": "RA Sealy",
              "bowler": "JR Barry",
              "non_striker": "J Baker",
              "runs": {
                "batter": 0,
                "extras": 0,
                "total": 0
              }
            },
            {
              "batter": "RA Sealy",
              "bowler": "JR Barry",
              "non_striker": "J Baker",
              "runs": {
                "batter": 1,
                "extras": 0,
                "total": 1
              }
            },
            {
              "batter": "J Baker",
              "bowler": "JR Barry",
              "non_striker": "RA Sealy",
              "runs": {
                "batter": 6,
                "extras": 0,
                "total": 6
              }
            },
            {
              "batter": "J Baker",
              "bowler": "JR Barry",
              "non_striker": "RA Sealy",
              "runs": {
                "batter": 2,
                "extras": 0,
                "total": 2
              }
            },
            {
              "batter": "J Baker",
              "bowler": "JR Barry",
              "non_striker": "RA Sealy",
              "runs": {
                "batter": 0,
                "extras": 0,
                "total": 0
              }
            }
          ]
        },
        {
          "over": 13,
          "deliveries": [
            {
              "batter": "RA Sealy",
              "bowler": "A Gulati",
              "non_striker": "J Baker",
              "runs": {
                "batter": 1,
                "extras": 0,
                "total": 1
              }
            },
            {
              "batter": "J Baker",
              "bowler": "A Gulati",
              "non_striker": "RA Sealy",
              "runs": {
                "batter": 6,
                "extras": 0,
                "total": 6
              }
            },
            {
              "batter": "J Baker",
              "bowler": "A Gulati",
              "non_striker": "RA Sealy",
              "runs": {
                "batter": 1,
                "extras": 0,
                "total": 1
              }
            },
            {
              "batter": "RA Sealy",
              "bowler": "A Gulati",
              "non_striker": "J Baker",
              "runs": {
                "batter": 1,
                "extras": 0,
                "total": 1
              }
            },
            {
              "batter": "J Baker",
              "bowler": "A Gulati",
              "non_striker": "RA Sealy",
              "runs": {
                "batter": 0,
                "extras": 0,
                "total": 0
              }
            },
            {
              "batter": "J Baker",
              "bowler": "A Gulati",
              "non_striker": "RA Sealy",
              "runs": {
                "batter": 4,
                "extras": 0,
                "total": 4
              }
            }
          ]
        },
        {
          "over": 14,
          "deliveries": [
            {
              "batter": "RA Sealy",
              "bowler": "JR Barry",
              "non_striker": "J Baker",
              "runs": {
                "batter": 2,
                "extras": 0,
                "total": 2
              }
            },
            {
              "batter": "RA Sealy",
              "bowler": "JR Barry",
              "non_striker": "J Baker",
              "runs": {
                "batter": 2,
                "extras": 0,
                "total": 2
              }
            },
            {
              "batter": "RA Sealy",
              "bowler": "JR Barry",
              "non_striker": "J Baker",
              "runs": {
                "batter": 0,
                "extras": 0,
                "total": 0
              }
            },
            {
              "batter": "RA Sealy",
              "bowler": "JR Barry",
              "non_striker": "J Baker",
              "runs": {
                "batter": 6,
                "extras": 0,
                "total": 6
              }
            },
            {
              "batter": "RA Sealy",
              "bowler": "JR Barry",
              "non_striker": "J Baker",
              "runs": {
                "batter": 1,
                "extras": 0,
                "total": 1
              }
            },
            {
              "batter": "J Baker",
              "bowler": "JR Barry",
              "non_striker": "RA Sealy",
              "runs": {
                "batter": 0,
                "extras": 0,
                "total": 0
              }
            }
          ]
        },
        {
          "over": 15,
          "deliveries": [
            {
              "batter": "RA Sealy",
              "bowler": "A Gulati",
              "non_striker": "J Baker",
              "runs": {
                "batter": 0,
                "extras": 0,
                "total": 0
              },
              "wickets": [
                {
                  "player_out": "RA Sealy",
                  "fielders": [
                    {
                      "name": "K Hinds"
                    }
                  ],
                  "kind": "caught"
                }
              ]
            },
            {
              "batter": "S Foster",
              "bowler": "A Gulati",
              "non_striker": "J Baker",
              "runs": {
                "batter": 1,
                "extras": 0,
                "total": 1
              }
            },
            {
              "batter": "J Baker",
              "bowler": "A Gulati",
              "non_striker": "S Foster",
              "runs": {
                "batter": 2,
                "extras": 0,
                "total": 2
              }
            },
            {
              "batter": "J Baker",
              "bowler": "A Gulati",
              "non_striker": "S Foster",
              "runs": {
                "batter": 1,
                "extras": 0,
                "total": 1
              }
            },
            {
              "batter": "S Foster",
              "bowler": "A Gulati",
              "non_striker": "J Baker",
              "runs": {
                "batter": 1,
                "extras": 0,
                "total": 1
              }
            },
            {
              "batter": "J Baker",
              "bowler": "A Gulati",
              "non_striker": "S Foster",
              "runs": {
                "batter": 1,
                "extras": 0,
                "total": 1
              }
            }
          ]
        },
        {
          "over": 16,
          "deliveries": [
            {
              "batter": "J Baker",
              "bowler": "JR Barry",
              "non_striker": "S Foster",
              "runs": {
                "batter": 0,
                "extras": 0,
                "total": 0
              }
            },
            {
              "batter": "J Baker",
              "bowler": "JR Barry",
              "non_striker": "S Foster",
              "runs": {
                "batter": 0,
                "extras": 0,
                "total": 0
              }
            },
            {
              "batter": "J Baker",
              "bowler": "JR Barry",
              "non_striker": "S Foster",
              "runs": {
                "batter": 2,
                "extras": 0,
                "total": 2
              }
            },
            {
              "batter": "J Baker",
              "bowler": "JR Barry",
              "non_striker": "S Foster",
              "runs": {
                "batter": 0,
                "extras": 0,
                "total": 0
              }
            },
            {
              "batter": "J Baker",
              "bowler": "JR Barry",
              "non_striker": "S Foster",
              "runs": {
                "batter": 6,
                "extras": 0,
                "total": 6
              }
            },
            {
              "batter": "J Baker",
              "bowler": "JR Barry",
              "non_striker": "S Foster",
              "runs": {
                "batter": 1,
                "extras": 0,
                "total": 1
              }
            }
          ]
        },
        {
          "over": 17,
          "deliveries": [
            {
              "batter": "J Baker",
              "bowler": "Festus Benn",
              "non_striker": "S Foster",
              "runs": {
                "batter": 6,
                "extras": 0,
                "total": 6
              }
            },
            {
              "batter": "J Baker",
              "bowler": "Festus Benn",
              "non_striker": "S Foster",
              "runs": {
                "batter": 0,
                "extras": 0,
                "total": 0
              }
            },
            {
              "batter": "J Baker",
              "bowler": "Festus Benn",
              "non_striker": "S Foster",
              "runs": {
                "batter": 1,
                "extras": 0,
                "total": 1
              }
            },
            {
              "batter": "S Foster",
              "bowler": "Festus Benn",
              "non_striker": "J Baker",
              "runs": {
                "batter": 0,
                "extras": 0,
                "total": 0
              }
            },
            {
              "batter": "S Foster",
              "bowler": "Festus Benn",
              "non_striker": "J Baker",
              "runs": {
                "batter": 1,
                "extras": 0,
                "total": 1
              }
            },
            {
              "batter": "J Baker",
              "bowler": "Festus Benn",
              "non_striker": "S Foster",
              "runs": {
                "batter": 1,
                "extras": 0,
                "total": 1
              }
            }
          ]
        },
        {
          "over": 18,
          "deliveries": [
            {
              "batter": "J Baker",
              "bowler": "DG Weakley",
              "non_striker": "S Foster",
              "runs": {
                "batter": 2,
                "extras": 0,
                "total": 2
              }
            },
            {
              "batter": "J Baker",
              "bowler": "DG Weakley",
              "non_striker": "S Foster",
              "runs": {
                "batter": 1,
                "extras": 0,
                "total": 1
              }
            },
            {
              "batter": "S Foster",
              "bowler": "DG Weakley",
              "non_striker": "J Baker",
              "runs": {
                "batter": 2,
                "extras": 0,
                "total": 2
              }
            },
            {
              "batter": "S Foster",
              "bowler": "DG Weakley",
              "non_striker": "J Baker",
              "runs": {
                "batter": 0,
                "extras": 0,
                "total": 0
              }
            },
            {
              "batter": "S Foster",
              "bowler": "DG Weakley",
              "non_striker": "J Baker",
              "runs": {
                "batter": 0,
                "extras": 0,
                "total": 0
              },
              "wickets": [
                {
                  "player_out": "S Foster",
                  "fielders": [
                    {
                      "name": "Festus Benn"
                    }
                  ],
                  "kind": "caught"
                }
              ]
            },
            {
              "batter": "BKB Corbin",
              "bowler": "DG Weakley",
              "non_striker": "J Baker",
              "runs": {
                "batter": 1,
                "extras": 0,
                "total": 1
              }
            }
          ]
        },
        {
          "over": 19,
          "deliveries": [
            {
              "batter": "BKB Corbin",
              "bowler": "K Hinds",
              "non_striker": "J Baker",
              "runs": {
                "batter": 0,
                "extras": 0,
                "total": 0
              }
            },
            {
              "batter": "BKB Corbin",
              "bowler": "K Hinds",
              "non_striker": "J Baker",
              "runs": {
                "batter": 1,
                "extras": 0,
                "total": 1
              }
            },
            {
              "batter": "J Baker",
              "bowler": "K Hinds",
              "non_striker": "BKB Corbin",
              "runs": {
                "batter": 0,
                "extras": 0,
                "total": 0
              }
            },
            {
              "batter": "J Baker",
              "bowler": "K Hinds",
              "non_striker": "BKB Corbin",
              "runs": {
                "batter": 0,
                "extras": 0,
                "total": 0
              },
              "wickets": [
                {
                  "player_out": "J Baker",
                  "fielders": [
                    {
                      "name": "D Wheatley"
                    }
                  ],
                  "kind": "caught"
                }
              ]
            },
            {
              "batter": "ROC Dunka",
              "bowler": "K Hinds",
              "non_striker": "BKB Corbin",
              "runs": {
                "batter": 1,
                "extras": 0,
                "total": 1
              }
            },
            {
              "batter": "BKB Corbin",
              "bowler": "K Hinds",
              "non_striker": "ROC Dunka",
              "runs": {
                "batter": 0,
                "extras": 0,
                "total": 0
              },
              "wickets": [
                {
                  "player_out": "BKB Corbin",
                  "fielders": [
                    {
                      "name": "M Taylor"
                    }
                  ],
                  "kind": "caught"
                }
              ]
            }
          ]
        }
      ],
      "powerplays": [
        {
          "from": 0.1,
          "to": 5.7,
          "type": "mandatory"
        }
      ]
    },
    {
      "team": "Bahamas",
      "overs": [
        {
          "over": 0,
          "deliveries": [
            {
              "batter": "M Taylor",
              "bowler": "A Morris",
              "non_striker": "GT Taylor",
              "runs": {
                "batter": 0,
                "extras": 0,
                "total": 0
              }
            },
            {
              "batter": "M Taylor",
              "bowler": "A Morris",
              "non_striker": "GT Taylor",
              "runs": {
                "batter": 0,
                "extras": 0,
                "total": 0
              }
            },
            {
              "batter": "M Taylor",
              "bowler": "A Morris",
              "non_striker": "GT Taylor",
              "runs": {
                "batter": 6,
                "extras": 0,
                "total": 6
              }
            },
            {
              "batter": "M Taylor",
              "bowler": "A Morris",
              "non_striker": "GT Taylor",
              "runs": {
                "batter": 4,
                "extras": 0,
                "total": 4
              }
            },
            {
              "batter": "M Taylor",
              "bowler": "A Morris",
              "non_striker": "GT Taylor",
              "runs": {
                "batter": 0,
                "extras": 0,
                "total": 0
              }
            },
            {
              "batter": "M Taylor",
              "bowler": "A Morris",
              "non_striker": "GT Taylor",
              "runs": {
                "batter": 6,
                "extras": 0,
                "total": 6
              }
            }
          ]
        },
        {
          "over": 1,
          "deliveries": [
            {
              "batter": "GT Taylor",
              "bowler": "ROC Dunka",
              "non_striker": "M Taylor",
              "runs": {
                "batter": 0,
                "extras": 0,
                "total": 0
              }
            },
            {
              "batter": "GT Taylor",
              "bowler": "ROC Dunka",
              "extras": {
                "wides": 2
              },
              "non_striker": "M Taylor",
              "runs": {
                "batter": 0,
                "extras": 2,
                "total": 2
              }
            },
            {
              "batter": "M Taylor",
              "bowler": "ROC Dunka",
              "non_striker": "GT Taylor",
              "runs": {
                "batter": 0,
                "extras": 0,
                "total": 0
              }
            },
            {
              "batter": "M Taylor",
              "bowler": "ROC Dunka",
              "non_striker": "GT Taylor",
              "runs": {
                "batter": 0,
                "extras": 0,
                "total": 0
              }
            },
            {
              "batter": "M Taylor",
              "bowler": "ROC Dunka",
              "non_striker": "GT Taylor",
              "runs": {
                "batter": 0,
                "extras": 0,
                "total": 0
              }
            },
            {
              "batter": "M Taylor",
              "bowler": "ROC Dunka",
              "extras": {
                "wides": 1
              },
              "non_striker": "GT Taylor",
              "runs": {
                "batter": 0,
                "extras": 1,
                "total": 1
              }
            },
            {
              "batter": "M Taylor",
              "bowler": "ROC Dunka",
              "non_striker": "GT Taylor",
              "runs": {
                "batter": 0,
                "extras": 0,
                "total": 0
              }
            },
            {
              "batter": "M Taylor",
              "bowler": "ROC Dunka",
              "extras": {
                "wides": 1
              },
              "non_striker": "GT Taylor",
              "runs": {
                "batter": 0,
                "extras": 1,
                "total": 1
              }
            },
            {
              "batter": "M Taylor",
              "bowler": "ROC Dunka",
              "non_striker": "GT Taylor",
              "runs": {
                "batter": 0,
                "extras": 0,
                "total": 0
              },
              "wickets": [
                {
                  "player_out": "M Taylor",
                  "kind": "bowled"
                }
              ]
            }
          ]
        },
        {
          "over": 2,
          "deliveries": [
            {
              "batter": "GT Taylor",
              "bowler": "A Wright",
              "non_striker": "E Duff",
              "runs": {
                "batter": 0,
                "extras": 0,
                "total": 0
              }
            },
            {
              "batter": "GT Taylor",
              "bowler": "A Wright",
              "non_striker": "E Duff",
              "runs": {
                "batter": 0,
                "extras": 0,
                "total": 0
              }
            },
            {
              "batter": "GT Taylor",
              "bowler": "A Wright",
              "non_striker": "E Duff",
              "runs": {
                "batter": 1,
                "extras": 0,
                "total": 1
              }
            },
            {
              "batter": "E Duff",
              "bowler": "A Wright",
              "non_striker": "GT Taylor",
              "runs": {
                "batter": 0,
                "extras": 0,
                "total": 0
              }
            },
            {
              "batter": "E Duff",
              "bowler": "A Wright",
              "non_striker": "GT Taylor",
              "runs": {
                "batter": 0,
                "extras": 0,
                "total": 0
              }
            },
            {
              "batter": "E Duff",
              "bowler": "A Wright",
              "non_striker": "GT Taylor",
              "runs": {
                "batter": 0,
                "extras": 0,
                "total": 0
              }
            }
          ]
        },
        {
          "over": 3,
          "deliveries": [
            {
              "batter": "GT Taylor",
              "bowler": "ROC Dunka",
              "non_striker": "E Duff",
              "runs": {
                "batter": 4,
                "extras": 0,
                "total": 4
              }
            },
            {
              "batter": "GT Taylor",
              "bowler": "ROC Dunka",
              "non_striker": "E Duff",
              "runs": {
                "batter": 0,
                "extras": 0,
                "total": 0
              }
            },
            {
              "batter": "GT Taylor",
              "bowler": "ROC Dunka",
              "non_striker": "E Duff",
              "runs": {
                "batter": 0,
                "extras": 0,
                "total": 0
              },
              "wickets": [
                {
                  "player_out": "GT Taylor",
                  "fielders": [
                    {
                      "name": "AR Naidoo"
                    }
                  ],
                  "kind": "caught"
                }
              ]
            },
            {
              "batter": "K Hinds",
              "bowler": "ROC Dunka",
              "extras": {
                "wides": 1
              },
              "non_striker": "E Duff",
              "runs": {
                "batter": 0,
                "extras": 1,
                "total": 1
              }
            },
            {
              "batter": "K Hinds",
              "bowler": "ROC Dunka",
              "non_striker": "E Duff",
              "runs": {
                "batter": 0,
                "extras": 0,
                "total": 0
              }
            },
            {
              "batter": "K Hinds",
              "bowler": "ROC Dunka",
              "non_striker": "E Duff",
              "runs": {
                "batter": 0,
                "extras": 0,
                "total": 0
              }
            },
            {
              "batter": "K Hinds",
              "bowler": "ROC Dunka",
              "extras": {
                "legbyes": 1
              },
              "non_striker": "E Duff",
              "runs": {
                "batter": 0,
                "extras": 1,
                "total": 1
              }
            }
          ]
        },
        {
          "over": 4,
          "deliveries": [
            {
              "batter": "K Hinds",
              "bowler": "A Wright",
              "non_striker": "E Duff",
              "runs": {
                "batter": 0,
                "extras": 0,
                "total": 0
              }
            },
            {
              "batter": "K Hinds",
              "bowler": "A Wright",
              "non_striker": "E Duff",
              "runs": {
                "batter": 0,
                "extras": 0,
                "total": 0
              }
            },
            {
              "batter": "K Hinds",
              "bowler": "A Wright",
              "non_striker": "E Duff",
              "runs": {
                "batter": 0,
                "extras": 0,
                "total": 0
              }
            },
            {
              "batter": "K Hinds",
              "bowler": "A Wright",
              "non_striker": "E Duff",
              "runs": {
                "batter": 1,
                "extras": 0,
                "total": 1
              }
            },
            {
              "batter": "E Duff",
              "bowler": "A Wright",
              "non_striker": "K Hinds",
              "runs": {
                "batter": 2,
                "extras": 0,
                "total": 2
              }
            },
            {
              "batter": "E Duff",
              "bowler": "A Wright",
              "non_striker": "K Hinds",
              "runs": {
                "batter": 0,
                "extras": 0,
                "total": 0
              }
            }
          ]
        },
        {
          "over": 5,
          "deliveries": [
            {
              "batter": "K Hinds",
              "bowler": "ROC Dunka",
              "non_striker": "E Duff",
              "runs": {
                "batter": 0,
                "extras": 0,
                "total": 0
              }
            },
            {
              "batter": "K Hinds",
              "bowler": "ROC Dunka",
              "non_striker": "E Duff",
              "runs": {
                "batter": 0,
                "extras": 0,
                "total": 0
              },
              "wickets": [
                {
                  "player_out": "K Hinds",
                  "kind": "bowled"
                }
              ]
            },
            {
              "batter": "J Jemison",
              "bowler": "ROC Dunka",
              "non_striker": "E Duff",
              "runs": {
                "batter": 0,
                "extras": 0,
                "total": 0
              }
            },
            {
              "batter": "J Jemison",
              "bowler": "ROC Dunka",
              "non_striker": "E Duff",
              "runs": {
                "batter": 1,
                "extras": 0,
                "total": 1
              }
            },
            {
              "batter": "E Duff",
              "bowler": "ROC Dunka",
              "non_striker": "J Jemison",
              "runs": {
                "batter": 0,
                "extras": 0,
                "total": 0
              }
            },
            {
              "batter": "E Duff",
              "bowler": "ROC Dunka",
              "non_striker": "J Jemison",
              "runs": {
                "batter": 1,
                "extras": 0,
                "total": 1
              }
            }
          ]
        },
        {
          "over": 6,
          "deliveries": [
            {
              "batter": "E Duff",
              "bowler": "A Wright",
              "non_striker": "J Jemison",
              "runs": {
                "batter": 1,
                "extras": 0,
                "total": 1
              }
            },
            {
              "batter": "J Jemison",
              "bowler": "A Wright",
              "non_striker": "E Duff",
              "runs": {
                "batter": 0,
                "extras": 0,
                "total": 0
              }
            },
            {
              "batter": "J Jemison",
              "bowler": "A Wright",
              "non_striker": "E Duff",
              "runs": {
                "batter": 0,
                "extras": 0,
                "total": 0
              }
            },
            {
              "batter": "J Jemison",
              "bowler": "A Wright",
              "non_striker": "E Duff",
              "runs": {
                "batter": 0,
                "extras": 0,
                "total": 0
              }
            },
            {
              "batter": "J Jemison",
              "bowler": "A Wright",
              "non_striker": "E Duff",
              "runs": {
                "batter": 0,
                "extras": 0,
                "total": 0
              }
            },
            {
              "batter": "J Jemison",
              "bowler": "A Wright",
              "non_striker": "E Duff",
              "runs": {
                "batter": 0,
                "extras": 0,
                "total": 0
              }
            }
          ]
        },
        {
          "over": 7,
          "deliveries": [
            {
              "batter": "E Duff",
              "bowler": "KA Bazil",
              "non_striker": "J Jemison",
              "runs": {
                "batter": 1,
                "extras": 0,
                "total": 1
              }
            },
            {
              "batter": "J Jemison",
              "bowler": "KA Bazil",
              "non_striker": "E Duff",
              "runs": {
                "batter": 0,
                "extras": 0,
                "total": 0
              }
            },
            {
              "batter": "J Jemison",
              "bowler": "KA Bazil",
              "non_striker": "E Duff",
              "runs": {
                "batter": 2,
                "extras": 0,
                "total": 2
              }
            },
            {
              "batter": "J Jemison",
              "bowler": "KA Bazil",
              "non_striker": "E Duff",
              "runs": {
                "batter": 0,
                "extras": 0,
                "total": 0
              },
              "wickets": [
                {
                  "player_out": "J Jemison",
                  "kind": "lbw"
                }
              ]
            },
            {
              "batter": "Festus Benn",
              "bowler": "KA Bazil",
              "non_striker": "E Duff",
              "runs": {
                "batter": 2,
                "extras": 0,
                "total": 2
              }
            },
            {
              "batter": "Festus Benn",
              "bowler": "KA Bazil",
              "non_striker": "E Duff",
              "runs": {
                "batter": 0,
                "extras": 0,
                "total": 0
              }
            }
          ]
        },
        {
          "over": 8,
          "deliveries": [
            {
              "batter": "E Duff",
              "bowler": "A Wright",
              "non_striker": "Festus Benn",
              "runs": {
                "batter": 0,
                "extras": 0,
                "total": 0
              }
            },
            {
              "batter": "E Duff",
              "bowler": "A Wright",
              "non_striker": "Festus Benn",
              "runs": {
                "batter": 0,
                "extras": 0,
                "total": 0
              }
            },
            {
              "batter": "E Duff",
              "bowler": "A Wright",
              "non_striker": "Festus Benn",
              "runs": {
                "batter": 0,
                "extras": 0,
                "total": 0
              }
            },
            {
              "batter": "E Duff",
              "bowler": "A Wright",
              "non_striker": "Festus Benn",
              "runs": {
                "batter": 0,
                "extras": 0,
                "total": 0
              }
            },
            {
              "batter": "E Duff",
              "bowler": "A Wright",
              "non_striker": "Festus Benn",
              "runs": {
                "batter": 1,
                "extras": 0,
                "total": 1
              }
            },
            {
              "batter": "Festus Benn",
              "bowler": "A Wright",
              "non_striker": "E Duff",
              "runs": {
                "batter": 0,
                "extras": 0,
                "total": 0
              }
            }
          ]
        },
        {
          "over": 9,
          "deliveries": [
            {
              "batter": "E Duff",
              "bowler": "KA Bazil",
              "non_striker": "Festus Benn",
              "runs": {
                "batter": 0,
                "extras": 0,
                "total": 0
              }
            },
            {
              "batter": "E Duff",
              "bowler": "KA Bazil",
              "non_striker": "Festus Benn",
              "runs": {
                "batter": 0,
                "extras": 0,
                "total": 0
              }
            },
            {
              "batter": "E Duff",
              "bowler": "KA Bazil",
              "non_striker": "Festus Benn",
              "runs": {
                "batter": 0,
                "extras": 0,
                "total": 0
              },
              "wickets": [
                {
                  "player_out": "E Duff",
                  "kind": "bowled"
                }
              ]
            },
            {
              "batter": "D Wheatley",
              "bowler": "KA Bazil",
              "non_striker": "Festus Benn",
              "runs": {
                "batter": 0,
                "extras": 0,
                "total": 0
              }
            },
            {
              "batter": "D Wheatley",
              "bowler": "KA Bazil",
              "non_striker": "Festus Benn",
              "runs": {
                "batter": 0,
                "extras": 0,
                "total": 0
              }
            },
            {
              "batter": "D Wheatley",
              "bowler": "KA Bazil",
              "non_striker": "Festus Benn",
              "runs": {
                "batter": 0,
                "extras": 0,
                "total": 0
              }
            }
          ]
        },
        {
          "over": 10,
          "deliveries": [
            {
              "batter": "Festus Benn",
              "bowler": "A Morris",
              "non_striker": "D Wheatley",
              "runs": {
                "batter": 1,
                "extras": 0,
                "total": 1
              }
            },
            {
              "batter": "D Wheatley",
              "bowler": "A Morris",
              "non_striker": "Festus Benn",
              "runs": {
                "batter": 2,
                "extras": 0,
                "total": 2
              }
            },
            {
              "batter": "D Wheatley",
              "bowler": "A Morris",
              "non_striker": "Festus Benn",
              "runs": {
                "batter": 4,
                "extras": 0,
                "total": 4
              }
            },
            {
              "batter": "D Wheatley",
              "bowler": "A Morris",
              "non_striker": "Festus Benn",
              "runs": {
                "batter": 1,
                "extras": 0,
                "total": 1
              }
            },
            {
              "batter": "Festus Benn",
              "bowler": "A Morris",
              "non_striker": "D Wheatley",
              "runs": {
                "batter": 0,
                "extras": 0,
                "total": 0
              }
            },
            {
              "batter": "Festus Benn",
              "bowler": "A Morris",
              "non_striker": "D Wheatley",
              "runs": {
                "batter": 1,
                "extras": 0,
                "total": 1
              }
            }
          ]
        },
        {
          "over": 11,
          "deliveries": [
            {
              "batter": "Festus Benn",
              "bowler": "KA Bazil",
              "non_striker": "D Wheatley",
              "runs": {
                "batter": 2,
                "extras": 0,
                "total": 2
              }
            },
            {
              "batter": "Festus Benn",
              "bowler": "KA Bazil",
              "non_striker": "D Wheatley",
              "runs": {
                "batter": 0,
                "extras": 0,
                "total": 0
              }
            },
            {
              "batter": "Festus Benn",
              "bowler": "KA Bazil",
              "non_striker": "D Wheatley",
              "runs": {
                "batter": 4,
                "extras": 0,
                "total": 4
              }
            },
            {
              "batter": "Festus Benn",
              "bowler": "KA Bazil",
              "non_striker": "D Wheatley",
              "runs": {
                "batter": 0,
                "extras": 0,
                "total": 0
              }
            },
            {
              "batter": "Festus Benn",
              "bowler": "KA Bazil",
              "non_striker": "D Wheatley",
              "runs": {
                "batter": 0,
                "extras": 0,
                "total": 0
              }
            },
            {
              "batter": "Festus Benn",
              "bowler": "KA Bazil",
              "non_striker": "D Wheatley",
              "runs": {
                "batter": 2,
                "extras": 0,
                "total": 2
              }
            }
          ]
        },
        {
          "over": 12,
          "deliveries": [
            {
              "batter": "D Wheatley",
              "bowler": "A Morris",
              "non_striker": "Festus Benn",
              "runs": {
                "batter": 0,
                "extras": 0,
                "total": 0
              },
              "wickets": [
                {
                  "player_out": "D Wheatley",
                  "kind": "bowled"
                }
              ]
            },
            {
              "batter": "J Gallimore",
              "bowler": "A Morris",
              "non_striker": "Festus Benn",
              "runs": {
                "batter": 0,
                "extras": 0,
                "total": 0
              }
            },
            {
              "batter": "J Gallimore",
              "bowler": "A Morris",
              "non_striker": "Festus Benn",
              "runs": {
                "batter": 2,
                "extras": 0,
                "total": 2
              }
            },
            {
              "batter": "J Gallimore",
              "bowler": "A Morris",
              "extras": {
                "wides": 1
              },
              "non_striker": "Festus Benn",
              "runs": {
                "batter": 0,
                "extras": 1,
                "total": 1
              }
            },
            {
              "batter": "J Gallimore",
              "bowler": "A Morris",
              "non_striker": "Festus Benn",
              "runs": {
                "batter": 1,
                "extras": 0,
                "total": 1
              }
            },
            {
              "batter": "Festus Benn",
              "bowler": "A Morris",
              "non_striker": "J Gallimore",
              "runs": {
                "batter": 1,
                "extras": 0,
                "total": 1
              }
            },
            {
              "batter": "J Gallimore",
              "bowler": "A Morris",
              "non_striker": "Festus Benn",
              "runs": {
                "batter": 1,
                "extras": 0,
                "total": 1
              }
            }
          ]
        },
        {
          "over": 13,
          "deliveries": [
            {
              "batter": "J Gallimore",
              "bowler": "KA Bazil",
              "non_striker": "Festus Benn",
              "runs": {
                "batter": 0,
                "extras": 0,
                "total": 0
              }
            },
            {
              "batter": "J Gallimore",
              "bowler": "KA Bazil",
              "non_striker": "Festus Benn",
              "runs": {
                "batter": 1,
                "extras": 0,
                "total": 1
              }
            },
            {
              "batter": "Festus Benn",
              "bowler": "KA Bazil",
              "non_striker": "J Gallimore",
              "runs": {
                "batter": 1,
                "extras": 0,
                "total": 1
              }
            },
            {
              "batter": "J Gallimore",
              "bowler": "KA Bazil",
              "non_striker": "Festus Benn",
              "runs": {
                "batter": 1,
                "extras": 0,
                "total": 1
              }
            },
            {
              "batter": "Festus Benn",
              "bowler": "KA Bazil",
              "non_striker": "J Gallimore",
              "runs": {
                "batter": 1,
                "extras": 0,
                "total": 1
              }
            },
            {
              "batter": "J Gallimore",
              "bowler": "KA Bazil",
              "non_striker": "Festus Benn",
              "runs": {
                "batter": 4,
                "extras": 0,
                "total": 4
              }
            }
          ]
        },
        {
          "over": 14,
          "deliveries": [
            {
              "batter": "Festus Benn",
              "bowler": "A Morris",
              "non_striker": "J Gallimore",
              "runs": {
                "batter": 1,
                "extras": 0,
                "total": 1
              }
            },
            {
              "batter": "J Gallimore",
              "bowler": "A Morris",
              "non_striker": "Festus Benn",
              "runs": {
                "batter": 4,
                "extras": 0,
                "total": 4
              }
            },
            {
              "batter": "J Gallimore",
              "bowler": "A Morris",
              "non_striker": "Festus Benn",
              "runs": {
                "batter": 0,
                "extras": 0,
                "total": 0
              },
              "wickets": [
                {
                  "player_out": "J Gallimore",
                  "fielders": [
                    {
                      "name": "RA Sealy"
                    }
                  ],
                  "kind": "stumped"
                }
              ]
            },
            {
              "batter": "JR Barry",
              "bowler": "A Morris",
              "non_striker": "Festus Benn",
              "runs": {
                "batter": 0,
                "extras": 0,
                "total": 0
              }
            },
            {
              "batter": "JR Barry",
              "bowler": "A Morris",
              "non_striker": "Festus Benn",
              "runs": {
                "batter": 0,
                "extras": 0,
                "total": 0
              }
            },
            {
              "batter": "JR Barry",
              "bowler": "A Morris",
              "non_striker": "Festus Benn",
              "runs": {
                "batter": 0,
                "extras": 0,
                "total": 0
              }
            }
          ]
        },
        {
          "over": 15,
          "deliveries": [
            {
              "batter": "Festus Benn",
              "bowler": "A Dhar",
              "non_striker": "JR Barry",
              "runs": {
                "batter": 1,
                "extras": 0,
                "total": 1
              }
            },
            {
              "batter": "JR Barry",
              "bowler": "A Dhar",
              "non_striker": "Festus Benn",
              "runs": {
                "batter": 2,
                "extras": 0,
                "total": 2
              }
            },
            {
              "batter": "JR Barry",
              "bowler": "A Dhar",
              "non_striker": "Festus Benn",
              "runs": {
                "batter": 0,
                "extras": 0,
                "total": 0
              }
            },
            {
              "batter": "JR Barry",
              "bowler": "A Dhar",
              "extras": {
                "byes": 1
              },
              "non_striker": "Festus Benn",
              "runs": {
                "batter": 0,
                "extras": 1,
                "total": 1
              }
            },
            {
              "batter": "Festus Benn",
              "bowler": "A Dhar",
              "non_striker": "JR Barry",
              "runs": {
                "batter": 0,
                "extras": 0,
                "total": 0
              }
            },
            {
              "batter": "Festus Benn",
              "bowler": "A Dhar",
              "non_striker": "JR Barry",
              "runs": {
                "batter": 0,
                "extras": 0,
                "total": 0
              }
            }
          ]
        },
        {
          "over": 16,
          "deliveries": [
            {
              "batter": "JR Barry",
              "bowler": "J Baker",
              "non_striker": "Festus Benn",
              "runs": {
                "batter": 0,
                "extras": 0,
                "total": 0
              }
            },
            {
              "batter": "JR Barry",
              "bowler": "J Baker",
              "non_striker": "Festus Benn",
              "runs": {
                "batter": 1,
                "extras": 0,
                "total": 1
              }
            },
            {
              "batter": "Festus Benn",
              "bowler": "J Baker",
              "non_striker": "JR Barry",
              "runs": {
                "batter": 0,
                "extras": 0,
                "total": 0
              }
            },
            {
              "batter": "Festus Benn",
              "bowler": "J Baker",
              "non_striker": "JR Barry",
              "runs": {
                "batter": 4,
                "extras": 0,
                "total": 4
              }
            },
            {
              "batter": "Festus Benn",
              "bowler": "J Baker",
              "non_striker": "JR Barry",
              "runs": {
                "batter": 0,
                "extras": 0,
                "total": 0
              }
            },
            {
              "batter": "Festus Benn",
              "bowler": "J Baker",
              "non_striker": "JR Barry",
              "runs": {
                "batter": 0,
                "extras": 0,
                "total": 0
              }
            }
          ]
        },
        {
          "over": 17,
          "deliveries": [
            {
              "batter": "JR Barry",
              "bowler": "A Dhar",
              "non_striker": "Festus Benn",
              "runs": {
                "batter": 1,
                "extras": 0,
                "total": 1
              }
            },
            {
              "batter": "Festus Benn",
              "bowler": "A Dhar",
              "non_striker": "JR Barry",
              "runs": {
                "batter": 1,
                "extras": 0,
                "total": 1
              }
            },
            {
              "batter": "JR Barry",
              "bowler": "A Dhar",
              "non_striker": "Festus Benn",
              "runs": {
                "batter": 1,
                "extras": 0,
                "total": 1
              }
            },
            {
              "batter": "Festus Benn",
              "bowler": "A Dhar",
              "non_striker": "JR Barry",
              "runs": {
                "batter": 4,
                "extras": 0,
                "total": 4
              }
            },
            {
              "batter": "Festus Benn",
              "bowler": "A Dhar",
              "non_striker": "JR Barry",
              "runs": {
                "batter": 0,
                "extras": 0,
                "total": 0
              }
            },
            {
              "batter": "Festus Benn",
              "bowler": "A Dhar",
              "non_striker": "JR Barry",
              "runs": {
                "batter": 1,
                "extras": 0,
                "total": 1
              }
            }
          ]
        },
        {
          "over": 18,
          "deliveries": [
            {
              "batter": "Festus Benn",
              "bowler": "J Baker",
              "non_striker": "JR Barry",
              "runs": {
                "batter": 6,
                "extras": 0,
                "total": 6
              }
            },
            {
              "batter": "Festus Benn",
              "bowler": "J Baker",
              "non_striker": "JR Barry",
              "runs": {
                "batter": 1,
                "extras": 0,
                "total": 1
              }
            },
            {
              "batter": "JR Barry",
              "bowler": "J Baker",
              "extras": {
                "wides": 1
              },
              "non_striker": "Festus Benn",
              "runs": {
                "batter": 0,
                "extras": 1,
                "total": 1
              }
            },
            {
              "batter": "JR Barry",
              "bowler": "J Baker",
              "non_striker": "Festus Benn",
              "runs": {
                "batter": 0,
                "extras": 0,
                "total": 0
              }
            },
            {
              "batter": "JR Barry",
              "bowler": "J Baker",
              "extras": {
                "wides": 1
              },
              "non_striker": "Festus Benn",
              "runs": {
                "batter": 0,
                "extras": 1,
                "total": 1
              }
            },
            {
              "batter": "JR Barry",
              "bowler": "J Baker",
              "non_striker": "Festus Benn",
              "runs": {
                "batter": 1,
                "extras": 0,
                "total": 1
              }
            },
            {
              "batter": "Festus Benn",
              "bowler": "J Baker",
              "non_striker": "JR Barry",
              "runs": {
                "batter": 2,
                "extras": 0,
                "total": 2
              }
            },
            {
              "batter": "Festus Benn",
              "bowler": "J Baker",
              "non_striker": "JR Barry",
              "runs": {
                "batter": 2,
                "extras": 0,
                "total": 2
              }
            }
          ]
        },
        {
          "over": 19,
          "deliveries": [
            {
              "batter": "JR Barry",
              "bowler": "ROC Dunka",
              "non_striker": "Festus Benn",
              "runs": {
                "batter": 2,
                "extras": 0,
                "total": 2
              }
            },
            {
              "batter": "JR Barry",
              "bowler": "ROC Dunka",
              "non_striker": "Festus Benn",
              "runs": {
                "batter": 4,
                "extras": 0,
                "total": 4
              }
            },
            {
              "batter": "JR Barry",
              "bowler": "ROC Dunka",
              "non_striker": "Festus Benn",
              "runs": {
                "batter": 2,
                "extras": 0,
                "total": 2
              }
            },
            {
              "batter": "JR Barry",
              "bowler": "ROC Dunka",
              "non_striker": "Festus Benn",
              "runs": {
                "batter": 2,
                "extras": 0,
                "total": 2
              }
            },
            {
              "batter": "JR Barry",
              "bowler": "ROC Dunka",
              "non_striker": "Festus Benn",
              "runs": {
                "batter": 1,
                "extras": 0,
                "total": 1
              }
            },
            {
              "batter": "Festus Benn",
              "bowler": "ROC Dunka",
              "non_striker": "JR Barry",
              "runs": {
                "batter": 1,
                "extras": 0,
                "total": 1
              }
            }
          ]
        }
      ],
      "powerplays": [
        {
          "from": 0.1,
          "to": 5.6,
          "type": "mandatory"
        }
      ],
      "target": {
        "overs": 20,
        "runs": 168
      }
    }
  ]
}