{
  "meta": {
    "data_version": "1.1.0",
    "created": "2025-10-01",
    "revision": 1
  },
  "info": {
    "balls_per_over": 6,
    "city": "Sharjah",
    "dates": [
      "2025-09-30"
    ],
    "event": {
      "name": "Nepal v West Indies T20I Series",
      "match_number": 3
    },
    "gender": "male",
    "match_type": "T20",
    "match_type_number": 3488,
    "officials": {
      "match_referees": [
        "V Narayan Kutty"
      ],
      "reserve_umpires": [
        "DN Subedi"
      ],
      "tv_umpires": [
        "Akbar Ali"
      ],
      "umpires": [
        "BB Pradhan",
        "VK Jha"
      ]
    },
    "outcome": {
      "winner": "West Indies",
      "by": {
        "wickets": 10
      }
    },
    "overs": 20,
    "player_of_match": [
      "RR Simmonds"
    ],
    "players": {
      "Nepal": [
        "K Bhurtel",
        "Kushal Malla",
        "RK Paudel",
        "Gulsan Jha",
        "S Jora",
        "Aarif Sheikh",
        "Mohammad Aadil Alam",
        "Lokesh Bam",
        "Sompal Kami",
        "Karan KC",
        "Shahab Alam"
      ],
      "West Indies": [
        "AA Jangoo",
        "AWJ Auguste",
        "KR Mayers",
        "KU Carty",
        "K Gore",
        "JO Holder",
        "FA Allen",
        "AJ Hosein",
        "N Bidaisee",
        "J Blades",
        "RR Simmonds"
      ]
    },
    "registry": {
      "people": {
        "AA Jangoo": "88626ed2",
        "AJ Hosein": "4d7f517e",
        "AWJ Auguste": "4b167ede",
        "Aarif Sheikh": "cd4d7695",
        "Akbar Ali": "e753931d",
        "BB Pradhan": "8603d942",
        "DN Subedi": "fb0a571f",
        "FA Allen": "b52ffbbd",
        "Gulsan Jha": "9811e35e",
        "J Blades": "af4a9a0a",
        "JO Holder": "0f721006",
        "K Bhurtel": "e3386c8a",
        "K Gore": "a6bab2a9",
        "KR Mayers": "73c18486",
        "KU Carty": "6020a3c6",
        "Karan KC": "f53b3e1d",
        "Kushal Malla": "7e9f1cde",
        "Lokesh Bam": "75c8a26b",
        "Mohammad Aadil Alam": "70ced7f2",
        "N Bidaisee": "af5b6464",
        "RK Paudel": "1a3cc554",
        "RR Simmonds": "fcf6b0f6",
        "S Jora": "156378d8",
        "Shahab Alam": "cdd9fa95",
        "Sompal Kami": "1adb8ee8",
        "V Narayan Kutty": "4bacee3d",
        "VK Jha": "5d46eb72"
      }
    },
    "season": "2025",
    "team_type": "international",
    "teams": [
      "Nepal",
      "West Indies"
    ],
    "toss": {
      "decision": "field",
      "winner": "West Indies"
    },
    "venue": "Sharjah Cricket Stadium"
  },
  "innings": [
    {
      "team": "Nepal",
      "overs": [
        {
          "over": 0,
          "deliveries": [
            {
              "batter": "K Bhurtel",
              "bowler": "KR Mayers",
              "non_striker": "Kushal Malla",
              "runs": {
                "batter": 0,
                "extras": 0,
                "total": 0
              }
            },
            {
              "batter": "K Bhurtel",
              "bowler": "KR Mayers",
              "non_striker": "Kushal Malla",
              "runs": {
                "batter": 1,
                "extras": 0,
                "total": 1
              }
            },
            {
              "batter": "Kushal Malla",
              "bowler": "KR Mayers",
              "non_striker": "K Bhurtel",
              "runs": {
                "batter": 1,
                "extras": 0,
                "total": 1
              }
            },
            {
              "batter": "K Bhurtel",
              "bowler": "KR Mayers",
              "non_striker": "Kushal Malla",
              "runs": {
                "batter": 1,
                "extras": 0,
                "total": 1
              }
            },
            {
              "batter": "Kushal Malla",
              "bowler": "KR Mayers",
              "non_striker": "K Bhurtel",
              "runs": {
                "batter": 1,
                "extras": 0,
                "total": 1
              }
            },
            {
              "batter": "K Bhurtel",
              "bowler": "KR Mayers",
              "non_striker": "Kushal Malla",
              "runs": {
                "batter": 0,
                "extras": 0,
                "total": 0
              }
            }
          ]
        },
        {
          "over": 1,
          "deliveries": [
            {
              "batter": "Kushal Malla",
              "bowler": "AJ Hosein",
              "non_striker": "K Bhurtel",
              "runs": {
                "batter": 0,
                "extras": 0,
                "total": 0
              }
            },
            {
              "batter": "Kushal Malla",
              "bowler": "AJ Hosein",
              "non_striker": "K Bhurtel",
              "runs": {
                "batter": 0,
                "extras": 0,
                "total": 0
              }
            },
            {
              "batter": "Kushal Malla",
              "bowler": "AJ Hosein",
              "non_striker": "K Bhurtel",
              "runs": {
                "batter": 0,
                "extras": 0,
                "total": 0
              }
            },
            {
              "batter": "Kushal Malla",
              "bowler": "AJ Hosein",
              "non_striker": "K Bhurtel",
              "runs": {
                "batter": 4,
                "extras": 0,
                "total": 4
              }
            },
            {
              "batter": "Kushal Malla",
              "bowler": "AJ Hosein",
              "non_striker": "K Bhurtel",
              "runs": {
                "batter": 0,
                "extras": 0,
                "total": 0
              }
            },
            {
              "batter": "Kushal Malla",
              "bowler": "AJ Hosein",
              "non_striker": "K Bhurtel",
              "runs": {
                "batter": 0,
                "extras": 0,
                "total": 0
              }
            }
          ]
        },
        {
          "over": 2,
          "deliveries": [
            {
              "batter": "K Bhurtel",
              "bowler": "KR Mayers",
              "non_striker": "Kushal Malla",
              "runs": {
                "batter": 0,
                "extras": 0,
                "total": 0
              }
            },
            {
              "batter": "K Bhurtel",
              "bowler": "KR Mayers",
              "non_striker": "Kushal Malla",
              "runs": {
                "batter": 0,
                "extras": 0,
                "total": 0
              }
            },
            {
              "batter": "K Bhurtel",
              "bowler": "KR Mayers",
              "non_striker": "Kushal Malla",
              "runs": {
                "batter": 6,
                "extras": 0,
                "total": 6
              }
            },
            {
              "batter": "K Bhurtel",
              "bowler": "KR Mayers",
              "non_striker": "Kushal Malla",
              "runs": {
                "batter": 1,
                "extras": 0,
                "total": 1
              }
            },
            {
              "batter": "Kushal Malla",
              "bowler": "KR Mayers",
              "non_striker": "K Bhurtel",
              "runs": {
                "batter": 2,
                "extras": 0,
                "total": 2
              }
            },
            {
              "batter": "Kushal Malla",
              "bowler": "KR Mayers",
              "non_striker": "K Bhurtel",
              "runs": {
                "batter": 0,
                "extras": 0,
                "total": 0
              }
            }
          ]
        },
        {
          "over": 3,
          "deliveries": [
            {
              "batter": "K Bhurtel",
              "bowler": "AJ Hosein",
              "non_striker": "Kushal Malla",
              "runs": {
                "batter": 0,
                "extras": 0,
                "total": 0
              }
            },
            {
              "batter": "K Bhurtel",
              "bowler": "AJ Hosein",
              "non_striker": "Kushal Malla",
              "runs": {
                "batter": 6,
                "extras": 0,
                "total": 6
              }
            },
            {
              "batter": "K Bhurtel",
              "bowler": "AJ Hosein",
              "non_striker": "Kushal Malla",
              "runs": {
                "batter": 1,
                "extras": 0,
                "total": 1
              }
            },
            {
              "batter": "Kushal Malla",
              "bowler": "AJ Hosein",
              "non_striker": "K Bhurtel",
              "runs": {
                "batter": 0,
                "extras": 0,
                "total": 0
              }
            },
            {
              "batter": "Kushal Malla",
              "bowler": "AJ Hosein",
              "non_striker": "K Bhurtel",
              "runs": {
                "batter": 2,
                "extras": 0,
                "total": 2
              }
            },
            {
              "batter": "Kushal Malla",
              "bowler": "AJ Hosein",
              "non_striker": "K Bhurtel",
              "runs": {
                "batter": 0,
                "extras": 0,
                "total": 0
              }
            }
          ]
        },
        {
          "over": 4,
          "deliveries": [
            {
              "batter": "K Bhurtel",
              "bowler": "JO Holder",
              "non_striker": "Kushal Malla",
              "runs": {
                "batter": 4,
                "extras": 0,
                "total": 4
              }
            },
            {
              "batter": "K Bhurtel",
              "bowler": "JO Holder",
              "non_striker": "Kushal Malla",
              "runs": {
                "batter": 1,
                "extras": 0,
                "total": 1
              }
            },
            {
              "batter": "Kushal Malla",
              "bowler": "JO Holder",
              "non_striker": "K Bhurtel",
              "runs": {
                "batter": 0,
                "extras": 0,
                "total": 0
              }
            },
            {
              "batter": "Kushal Malla",
              "bowler": "JO Holder",
              "non_striker": "K Bhurtel",
              "runs": {
                "batter": 0,
                "extras": 0,
                "total": 0
              }
            },
            {
              "batter": "Kushal Malla",
              "bowler": "JO Holder",
              "non_striker": "K Bhurtel",
              "runs": {
                "batter": 0,
                "extras": 0,
                "total": 0
              }
            },
            {
              "batter": "Kushal Malla",
              "bowler": "JO Holder",
              "non_striker": "K Bhurtel",
              "runs": {
                "batter": 0,
                "extras": 0,
                "total": 0
              }
            }
          ]
        },
        {
          "over": 5,
          "deliveries": [
            {
              "batter": "K Bhurtel",
              "bowler": "J Blades",
              "non_striker": "Kushal Malla",
              "runs": {
                "batter": 0,
                "extras": 0,
                "total": 0
              }
            },
            {
              "batter": "K Bhurtel",
              "bowler": "J Blades",
              "non_striker": "Kushal Malla",
              "runs": {
                "batter": 4,
                "extras": 0,
                "total": 4
              }
            },
            {
              "batter": "K Bhurtel",
              "bowler": "J Blades",
              "non_striker": "Kushal Malla",
              "runs": {
                "batter": 1,
                "extras": 0,
                "total": 1
              }
            },
            {
              "batter": "Kushal Malla",
              "bowler": "J Blades",
              "non_striker": "K Bhurtel",
              "runs": {
                "batter": 1,
                "extras": 0,
                "total": 1
              }
            },
            {
              "batter": "K Bhurtel",
              "bowler": "J Blades",
              "non_striker": "Kushal Malla",
              "runs": {
                "batter": 0,
                "extras": 0,
                "total": 0
              }
            },
            {
              "batter": "K Bhurtel",
              "bowler": "J Blades",
              "non_striker": "Kushal Malla",
              "runs": {
                "batter": 0,
                "extras": 0,
                "total": 0
              }
            }
          ]
        },
        {
          "over": 6,
          "deliveries": [
            {
              "batter": "Kushal Malla",
              "bowler": "JO Holder",
              "non_striker": "K Bhurtel",
              "runs": {
                "batter": 0,
                "extras": 0,
                "total": 0
              }
            },
            {
              "batter": "Kushal Malla",
              "bowler": "JO Holder",
              "non_striker": "K Bhurtel",
              "runs": {
                "batter": 1,
                "extras": 0,
                "total": 1
              }
            },
            {
              "batter": "K Bhurtel",
              "bowler": "JO Holder",
              "non_striker": "Kushal Malla",
              "runs": {
                "batter": 0,
                "extras": 0,
                "total": 0
              }
            },
            {
              "batter": "K Bhurtel",
              "bowler": "JO Holder",
              "non_striker": "Kushal Malla",
              "runs": {
                "batter": 2,
                "extras": 0,
                "total": 2
              }
            },
            {
              "batter": "K Bhurtel",
              "bowler": "JO Holder",
              "non_striker": "Kushal Malla",
              "runs": {
                "batter": 1,
                "extras": 0,
                "total": 1
              }
            },
            {
              "batter": "Kushal Malla",
              "bowler": "JO Holder",
              "non_striker": "K Bhurtel",
              "runs": {
                "batter": 0,
                "extras": 0,
                "total": 0
              },
              "wickets": [
                {
                  "player_out": "Kushal Malla",
                  "fielders": [
                    {
                      "name": "AA Jangoo"
                    }
                  ],
                  "kind": "caught"
                }
              ]
            }
          ]
        },
        {
          "over": 7,
          "deliveries": [
            {
              "batter": "K Bhurtel",
              "bowler": "AJ Hosein",
              "non_striker": "RK Paudel",
              "runs": {
                "batter": 1,
                "extras": 0,
                "total": 1
              }
            },
            {
              "batter": "RK Paudel",
              "bowler": "AJ Hosein",
              "non_striker": "K Bhurtel",
              "runs": {
                "batter": 0,
                "extras": 0,
                "total": 0
              }
            },
            {
              "batter": "RK Paudel",
              "bowler": "AJ Hosein",
              "non_striker": "K Bhurtel",
              "runs": {
                "batter": 0,
                "extras": 0,
                "total": 0
              }
            },
            {
              "batter": "RK Paudel",
              "bowler": "AJ Hosein",
              "non_striker": "K Bhurtel",
              "runs": {
                "batter": 1,
                "extras": 0,
                "total": 1
              }
            },
            {
              "batter": "K Bhurtel",
              "bowler": "AJ Hosein",
              "non_striker": "RK Paudel",
              "runs": {
                "batter": 1,
                "extras": 0,
                "total": 1
              }
            },
            {
              "batter": "RK Paudel",
              "bowler": "AJ Hosein",
              "non_striker": "K Bhurtel",
              "runs": {
                "batter": 1,
                "extras": 0,
                "total": 1
              }
            }
          ]
        },
        {
          "over": 8,
          "deliveries": [
            {
              "batter": "RK Paudel",
              "bowler": "K Gore",
              "non_striker": "K Bhurtel",
              "runs": {
                "batter": 1,
                "extras": 0,
                "total": 1
              }
            },
            {
              "batter": "K Bhurtel",
              "bowler": "K Gore",
              "non_striker": "RK Paudel",
              "runs": {
                "batter": 0,
                "extras": 0,
                "total": 0
              }
            },
            {
              "batter": "K Bhurtel",
              "bowler": "K Gore",
              "non_striker": "RK Paudel",
              "runs": {
                "batter": 1,
                "extras": 0,
                "total": 1
              }
            },
            {
              "batter": "RK Paudel",
              "bowler": "K Gore",
              "non_striker": "K Bhurtel",
              "runs": {
                "batter": 2,
                "extras": 0,
                "total": 2
              }
            },
            {
              "batter": "RK Paudel",
              "bowler": "K Gore",
              "non_striker": "K Bhurtel",
              "runs": {
                "batter": 1,
                "extras": 0,
                "total": 1
              }
            },
            {
              "batter": "K Bhurtel",
              "bowler": "K Gore",
              "extras": {
                "legbyes": 1
              },
              "non_striker": "RK Paudel",
              "runs": {
                "batter": 0,
                "extras": 1,
                "total": 1
              }
            }
          ]
        },
        {
          "over": 9,
          "deliveries": [
            {
              "batter": "K Bhurtel",
              "bowler": "AJ Hosein",
              "non_striker": "RK Paudel",
              "runs": {
                "batter": 6,
                "extras": 0,
                "total": 6
              }
            },
            {
              "batter": "K Bhurtel",
              "bowler": "AJ Hosein",
              "non_striker": "RK Paudel",
              "runs": {
                "batter": 1,
                "extras": 0,
                "total": 1
              }
            },
            {
              "batter": "RK Paudel",
              "bowler": "AJ Hosein",
              "non_striker": "K Bhurtel",
              "runs": {
                "batter": 0,
                "extras": 0,
                "total": 0
              }
            },
            {
              "batter": "RK Paudel",
              "bowler": "AJ Hosein",
              "extras": {
                "noballs": 1
              },
              "non_striker": "K Bhurtel",
              "runs": {
                "batter": 0,
                "extras": 1,
                "total": 1
              }
            },
            {
              "batter": "RK Paudel",
              "bowler": "AJ Hosein",
              "non_striker": "K Bhurtel",
              "runs": {
                "batter": 1,
                "extras": 0,
                "total": 1
              }
            },
            {
              "batter": "K Bhurtel",
              "bowler": "AJ Hosein",
              "non_striker": "RK Paudel",
              "runs": {
                "batter": 0,
                "extras": 0,
                "total": 0
              },
              "wickets": [
                {
                  "player_out": "K Bhurtel",
                  "fielders": [
                    {
                      "name": "KR Mayers"
                    }
                  ],
                  "kind": "caught"
                }
              ]
            },
            {
              "batter": "Gulsan Jha",
              "bowler": "AJ Hosein",
              "non_striker": "RK Paudel",
              "runs": {
                "batter": 0,
                "extras": 0,
                "total": 0
              }
            }
          ]
        },
        {
          "over": 10,
          "deliveries": [
            {
              "batter": "RK Paudel",
              "bowler": "N Bidaisee",
              "non_striker": "Gulsan Jha",
              "runs": {
                "batter": 1,
                "extras": 0,
                "total": 1
              }
            },
            {
              "batter": "Gulsan Jha",
              "bowler": "N Bidaisee",
              "non_striker": "RK Paudel",
              "runs": {
                "batter": 1,
                "extras": 0,
                "total": 1
              }
            },
            {
              "batter": "RK Paudel",
              "bowler": "N Bidaisee",
              "non_striker": "Gulsan Jha",
              "runs": {
                "batter": 1,
                "extras": 0,
                "total": 1
              }
            },
            {
              "batter": "Gulsan Jha",
              "bowler": "N Bidaisee",
              "non_striker": "RK Paudel",
              "runs": {
                "batter": 0,
                "extras": 0,
                "total": 0
              }
            },
            {
              "batter": "Gulsan Jha",
              "bowler": "N Bidaisee",
              "non_striker": "RK Paudel",
              "runs": {
                "batter": 1,
                "extras": 0,
                "total": 1
              }
            },
            {
              "batter": "RK Paudel",
              "bowler": "N Bidaisee",
              "non_striker": "Gulsan Jha",
              "runs": {
                "batter": 1,
                "extras": 0,
                "total": 1
              }
            }
          ]
        },
        {
          "over": 11,
          "deliveries": [
            {
              "batter": "RK Paudel",
              "bowler": "K Gore",
              "non_striker": "Gulsan Jha",
              "runs": {
                "batter": 0,
                "extras": 0,
                "total": 0
              }
            },
            {
              "batter": "RK Paudel",
              "bowler": "K Gore",
              "non_striker": "Gulsan Jha",
              "runs": {
                "batter": 6,
                "extras": 0,
                "total": 6
              }
            },
            {
              "batter": "RK Paudel",
              "bowler": "K Gore",
              "non_striker": "Gulsan Jha",
              "runs": {
                "batter": 0,
                "extras": 0,
                "total": 0
              }
            },
            {
              "batter": "RK Paudel",
              "bowler": "K Gore",
              "non_striker": "Gulsan Jha",
              "runs": {
                "batter": 1,
                "extras": 0,
                "total": 1
              }
            },
            {
              "batter": "Gulsan Jha",
              "bowler": "K Gore",
              "extras": {
                "wides": 3
              },
              "non_striker": "RK Paudel",
              "runs": {
                "batter": 0,
                "extras": 3,
                "total": 3
              }
            },
            {
              "batter": "Gulsan Jha",
              "bowler": "K Gore",
              "non_striker": "RK Paudel",
              "runs": {
                "batter": 0,
                "extras": 0,
                "total": 0
              }
            },
            {
              "batter": "Gulsan Jha",
              "bowler": "K Gore",
              "non_striker": "RK Paudel",
              "runs": {
                "batter": 0,
                "extras": 0,
                "total": 0
              }
            }
          ]
        },
        {
          "over": 12,
          "deliveries": [
            {
              "batter": "RK Paudel",
              "bowler": "RR Simmonds",
              "non_striker": "Gulsan Jha",
              "runs": {
                "batter": 0,
                "extras": 0,
                "total": 0
              }
            },
            {
              "batter": "RK Paudel",
              "bowler": "RR Simmonds",
              "non_striker": "Gulsan Jha",
              "runs": {
                "batter": 0,
                "extras": 0,
                "total": 0
              },
              "wickets": [
                {
                  "player_out": "RK Paudel",
                  "fielders": [
                    {
                      "name": "AA Jangoo"
                    }
                  ],
                  "kind": "caught"
                }
              ]
            },
            {
              "batter": "S Jora",
              "bowler": "RR Simmonds",
              "non_striker": "Gulsan Jha",
              "runs": {
                "batter": 1,
                "extras": 0,
                "total": 1
              }
            },
            {
              "batter": "Gulsan Jha",
              "bowler": "RR Simmonds",
              "non_striker": "S Jora",
              "runs": {
                "batter": 0,
                "extras": 0,
                "total": 0
              }
            },
            {
              "batter": "Gulsan Jha",
              "bowler": "RR Simmonds",
              "non_striker": "S Jora",
              "runs": {
                "batter": 0,
                "extras": 0,
                "total": 0
              }
            },
            {
              "batter": "Gulsan Jha",
              "bowler": "RR Simmonds",
              "non_striker": "S Jora",
              "runs": {
                "batter": 1,
                "extras": 0,
                "total": 1
              }
            }
          ]
        },
        {
          "over": 13,
          "deliveries": [
            {
              "batter": "Gulsan Jha",
              "bowler": "K Gore",
              "non_striker": "S Jora",
              "runs": {
                "batter": 6,
                "extras": 0,
                "total": 6
              }
            },
            {
              "batter": "Gulsan Jha",
              "bowler": "K Gore",
              "non_striker": "S Jora",
              "runs": {
                "batter": 0,
                "extras": 0,
                "total": 0
              }
            },
            {
              "batter": "Gulsan Jha",
              "bowler": "K Gore",
              "non_striker": "S Jora",
              "runs": {
                "batter": 1,
                "extras": 0,
                "total": 1
              }
            },
            {
              "batter": "S Jora",
              "bowler": "K Gore",
              "non_striker": "Gulsan Jha",
              "runs": {
                "batter": 0,
                "extras": 0,
                "total": 0
              }
            },
            {
              "batter": "S Jora",
              "bowler": "K Gore",
              "non_striker": "Gulsan Jha",
              "runs": {
                "batter": 0,
                "extras": 0,
                "total": 0
              },
              "wickets": [
                {
                  "player_out": "Gulsan Jha",
                  "fielders": [
                    {
                      "name": "K Gore"
                    },
                    {
                      "name": "AJ Hosein"
                    }
                  ],
                  "kind": "run out"
                }
              ]
            },
            {
              "batter": "S Jora",
              "bowler": "K Gore",
              "extras": {
                "wides": 1
              },
              "non_striker": "Aarif Sheikh",
              "runs": {
                "batter": 0,
                "extras": 1,
                "total": 1
              }
            },
            {
              "batter": "S Jora",
              "bowler": "K Gore",
              "non_striker": "Aarif Sheikh",
              "runs": {
                "batter": 0,
                "extras": 0,
                "total": 0
              }
            }
          ]
        },
        {
          "over": 14,
          "deliveries": [
            {
              "batter": "Aarif Sheikh",
              "bowler": "RR Simmonds",
              "non_striker": "S Jora",
              "runs": {
                "batter": 4,
                "extras": 0,
                "total": 4
              }
            },
            {
              "batter": "Aarif Sheikh",
              "bowler": "RR Simmonds",
              "non_striker": "S Jora",
              "runs": {
                "batter": 2,
                "extras": 0,
                "total": 2
              }
            },
            {
              "batter": "Aarif Sheikh",
              "bowler": "RR Simmonds",
              "non_striker": "S Jora",
              "runs": {
                "batter": 0,
                "extras": 0,
                "total": 0
              },
              "wickets": [
                {
                  "player_out": "Aarif Sheikh",
                  "fielders": [
                    {
                      "name": "JO Holder"
                    }
                  ],
                  "kind": "caught"
                }
              ]
            },
            {
              "batter": "Mohammad Aadil Alam",
              "bowler": "RR Simmonds",
              "non_striker": "S Jora",
              "runs": {
                "batter": 0,
                "extras": 0,
                "total": 0
              }
            },
            {
              "batter": "Mohammad Aadil Alam",
              "bowler": "RR Simmonds",
              "non_striker": "S Jora",
              "runs": {
                "batter": 1,
                "extras": 0,
                "total": 1
              }
            },
            {
              "batter": "S Jora",
              "bowler": "RR Simmonds",
              "non_striker": "Mohammad Aadil Alam",
              "runs": {
                "batter": 2,
                "extras": 0,
                "total": 2
              }
            }
          ]
        },
        {
          "over": 15,
          "deliveries": [
            {
              "batter": "Mohammad Aadil Alam",
              "bowler": "J Blades",
              "non_striker": "S Jora",
              "runs": {
                "batter": 1,
                "extras": 0,
                "total": 1
              }
            },
            {
              "batter": "S Jora",
              "bowler": "J Blades",
              "extras": {
                "wides": 1
              },
              "non_striker": "Mohammad Aadil Alam",
              "runs": {
                "batter": 0,
                "extras": 1,
                "total": 1
              }
            },
            {
              "batter": "S Jora",
              "bowler": "J Blades",
              "non_striker": "Mohammad Aadil Alam",
              "runs": {
                "batter": 0,
                "extras": 0,
                "total": 0
              }
            },
            {
              "batter": "S Jora",
              "bowler": "J Blades",
              "non_striker": "Mohammad Aadil Alam",
              "runs": {
                "batter": 1,
                "extras": 0,
                "total": 1
              }
            },
            {
              "batter": "Mohammad Aadil Alam",
              "bowler": "J Blades",
              "non_striker": "S Jora",
              "runs": {
                "batter": 1,
                "extras": 0,
                "total": 1
              }
            },
            {
              "batter": "S Jora",
              "bowler": "J Blades",
              "non_striker": "Mohammad Aadil Alam",
              "runs": {
                "batter": 1,
                "extras": 0,
                "total": 1
              }
            },
            {
              "batter": "Mohammad Aadil Alam",
              "bowler": "J Blades",
              "non_striker": "S Jora",
              "runs": {
                "batter": 0,
                "extras": 0,
                "total": 0
              }
            }
          ]
        },
        {
          "over": 16,
          "deliveries": [
            {
              "batter": "S Jora",
              "bowler": "JO Holder",
              "non_striker": "Mohammad Aadil Alam",
              "runs": {
                "batter": 6,
                "extras": 0,
                "total": 6
              }
            },
            {
              "batter": "S Jora",
              "bowler": "JO Holder",
              "non_striker": "Mohammad Aadil Alam",
              "runs": {
                "batter": 0,
                "extras": 0,
                "total": 0
              },
              "wickets": [
                {
                  "player_out": "Mohammad Aadil Alam",
                  "fielders": [
                    {
                      "name": "JO Holder"
                    },
                    {
                      "name": "AJ Hosein"
                    }
                  ],
                  "kind": "run out"
                }
              ]
            },
            {
              "batter": "S Jora",
              "bowler": "JO Holder",
              "non_striker": "Lokesh Bam",
              "runs": {
                "batter": 0,
                "extras": 0,
                "total": 0
              }
            },
            {
              "batter": "S Jora",
              "bowler": "JO Holder",
              "non_striker": "Lokesh Bam",
              "runs": {
                "batter": 2,
                "extras": 0,
                "total": 2
              }
            },
            {
              "batter": "S Jora",
              "bowler": "JO Holder",
              "extras": {
                "wides": 1
              },
              "non_striker": "Lokesh Bam",
              "runs": {
                "batter": 0,
                "extras": 1,
                "total": 1
              }
            },
            {
              "batter": "S Jora",
              "bowler": "JO Holder",
              "non_striker": "Lokesh Bam",
              "runs": {
                "batter": 0,
                "extras": 0,
                "total": 0
              }
            },
            {
              "batter": "S Jora",
              "bowler": "JO Holder",
              "non_striker": "Lokesh Bam",
              "runs": {
                "batter": 1,
                "extras": 0,
                "total": 1
              }
            }
          ]
        },
        {
          "over": 17,
          "deliveries": [
            {
              "batter": "S Jora",
              "bowler": "J Blades",
              "non_striker": "Lokesh Bam",
              "runs": {
                "batter": 0,
                "extras": 0,
                "total": 0
              },
              "wickets": [
                {
                  "player_out": "S Jora",
                  "fielders": [
                    {
                      "name": "FA Allen"
                    }
                  ],
                  "kind": "caught"
                }
              ]
            },
            {
              "batter": "Sompal Kami",
              "bowler": "J Blades",
              "non_striker": "Lokesh Bam",
              "runs": {
                "batter": 1,
                "extras": 0,
                "total": 1
              }
            },
            {
              "batter": "Lokesh Bam",
              "bowler": "J Blades",
              "non_striker": "Sompal Kami",
              "runs": {
                "batter": 4,
                "extras": 0,
                "total": 4
              }
            },
            {
              "batter": "Lokesh Bam",
              "bowler": "J Blades",
              "non_striker": "Sompal Kami",
              "runs": {
                "batter": 0,
                "extras": 0,
                "total": 0
              }
            },
            {
              "batter": "Lokesh Bam",
              "bowler": "J Blades",
              "non_striker": "Sompal Kami",
              "runs": {
                "batter": 0,
                "extras": 0,
                "total": 0
              }
            },
            {
              "batter": "Lokesh Bam",
              "bowler": "J Blades",
              "non_striker": "Sompal Kami",
              "runs": {
                "batter": 0,
                "extras": 0,
                "total": 0
              }
            }
          ]
        },
        {
          "over": 18,
          "deliveries": [
            {
              "batter": "Sompal Kami",
              "bowler": "RR Simmonds",
              "non_striker": "Lokesh Bam",
              "runs": {
                "batter": 3,
                "extras": 0,
                "total": 3
              }
            },
            {
              "batter": "Lokesh Bam",
              "bowler": "RR Simmonds",
              "non_striker": "Sompal Kami",
              "runs": {
                "batter": 1,
                "extras": 0,
                "total": 1
              }
            },
            {
              "batter": "Sompal Kami",
              "bowler": "RR Simmonds",
              "non_striker": "Lokesh Bam",
              "runs": {
                "batter": 0,
                "extras": 0,
                "total": 0
              }
            },
            {
              "batter": "Sompal Kami",
              "bowler": "RR Simmonds",
              "non_striker": "Lokesh Bam",
              "runs": {
                "batter": 0,
                "extras": 0,
                "total": 0
              },
              "wickets": [
                {
                  "player_out": "Sompal Kami",
                  "kind": "lbw"
                }
              ]
            },
            {
              "batter": "Karan KC",
              "bowler": "RR Simmonds",
              "non_striker": "Lokesh Bam",
              "runs": {
                "batter": 0,
                "extras": 0,
                "total": 0
              },
              "wickets": [
                {
                  "player_out": "Karan KC",
                  "kind": "bowled"
                }
              ]
            },
            {
              "batter": "Shahab Alam",
              "bowler": "RR Simmonds",
              "non_striker": "Lokesh Bam",
              "runs": {
                "batter": 0,
                "extras": 0,
                "total": 0
              }
            }
          ]
        },
        {
          "over": 19,
          "deliveries": [
            {
              "batter": "Lokesh Bam",
              "bowler": "J Blades",
              "non_striker": "Shahab Alam",
              "runs": {
                "batter": 0,
                "extras": 0,
                "total": 0
              }
            },
            {
              "batter": "Lokesh Bam",
              "bowler": "J Blades",
              "non_striker": "Shahab Alam",
              "runs": {
                "batter": 4,
                "extras": 0,
                "total": 4
              }
            },
            {
              "batter": "Lokesh Bam",
              "bowler": "J Blades",
              "non_striker": "Shahab Alam",
              "runs": {
                "batter": 0,
                "extras": 0,
                "total": 0
              }
            },
            {
              "batter": "Lokesh Bam",
              "bowler": "J Blades",
              "non_striker": "Shahab Alam",
              "runs": {
                "batter": 0,
                "extras": 0,
                "total": 0
              }
            },
            {
              "batter": "Lokesh Bam",
              "bowler": "J Blades",
              "non_striker": "Shahab Alam",
              "runs": {
                "batter": 0,
                "extras": 0,
                "total": 0
              },
              "wickets": [
                {
                  "player_out": "Lokesh Bam",
                  "fielders": [
                    {
                      "name": "AA Jangoo"
                    }
                  ],
                  "kind": "caught"
                }
              ]
            }
          ]
        }
      ],
      "powerplays": [
        {
          "from": 0.1,
          "to": 5.6,
          "type": "mandatory"
        }
      ]
    },
    {
      "team": "West Indies",
      "overs": [
        {
          "over": 0,
          "deliveries": [
            {
              "batter": "AA Jangoo",
              "bowler": "RK Paudel",
              "non_striker": "AWJ Auguste",
              "runs": {
                "batter": 1,
                "extras": 0,
                "total": 1
              }
            },
            {
              "batter": "AWJ Auguste",
              "bowler": "RK Paudel",
              "non_striker": "AA Jangoo",
              "runs": {
                "batter": 0,
                "extras": 0,
                "total": 0
              }
            },
            {
              "batter": "AWJ Auguste",
              "bowler": "RK Paudel",
              "non_striker": "AA Jangoo",
              "runs": {
                "batter": 0,
                "extras": 0,
                "total": 0
              }
            },
            {
              "batter": "AWJ Auguste",
              "bowler": "RK Paudel",
              "non_striker": "AA Jangoo",
              "runs": {
                "batter": 2,
                "extras": 0,
                "total": 2
              }
            },
            {
              "batter": "AWJ Auguste",
              "bowler": "RK Paudel",
              "non_striker": "AA Jangoo",
              "runs": {
                "batter": 6,
                "extras": 0,
                "total": 6
              }
            },
            {
              "batter": "AWJ Auguste",
              "bowler": "RK Paudel",
              "non_striker": "AA Jangoo",
              "runs": {
                "batter": 0,
                "extras": 0,
                "total": 0
              }
            }
          ]
        },
        {
          "over": 1,
          "deliveries": [
            {
              "batter": "AA Jangoo",
              "bowler": "Karan KC",
              "non_striker": "AWJ Auguste",
              "runs": {
                "batter": 4,
                "extras": 0,
                "total": 4
              }
            },
            {
              "batter": "AA Jangoo",
              "bowler": "Karan KC",
              "non_striker": "AWJ Auguste",
              "runs": {
                "batter": 1,
                "extras": 0,
                "total": 1
              }
            },
            {
              "batter": "AWJ Auguste",
              "bowler": "Karan KC",
              "non_striker": "AA Jangoo",
              "runs": {
                "batter": 0,
                "extras": 0,
                "total": 0
              }
            },
            {
              "batter": "AWJ Auguste",
              "bowler": "Karan KC",
              "non_striker": "AA Jangoo",
              "runs": {
                "batter": 4,
                "extras": 0,
                "total": 4
              }
            },
            {
              "batter": "AWJ Auguste",
              "bowler": "Karan KC",
              "non_striker": "AA Jangoo",
              "runs": {
                "batter": 4,
                "extras": 0,
                "total": 4
              }
            },
            {
              "batter": "AWJ Auguste",
              "bowler": "Karan KC",
              "non_striker": "AA Jangoo",
              "runs": {
                "batter": 2,
                "extras": 0,
                "total": 2
              }
            }
          ]
        },
        {
          "over": 2,
          "deliveries": [
            {
              "batter": "AA Jangoo",
              "bowler": "Sompal Kami",
              "non_striker": "AWJ Auguste",
              "runs": {
                "batter": 0,
                "extras": 0,
                "total": 0
              }
            },
            {
              "batter": "AA Jangoo",
              "bowler": "Sompal Kami",
              "extras": {
                "wides": 1
              },
              "non_striker": "AWJ Auguste",
              "runs": {
                "batter": 0,
                "extras": 1,
                "total": 1
              }
            },
            {
              "batter": "AA Jangoo",
              "bowler": "Sompal Kami",
              "non_striker": "AWJ Auguste",
              "runs": {
                "batter": 0,
                "extras": 0,
                "total": 0
              }
            },
            {
              "batter": "AA Jangoo",
              "bowler": "Sompal Kami",
              "non_striker": "AWJ Auguste",
              "runs": {
                "batter": 1,
                "extras": 0,
                "total": 1
              }
            },
            {
              "batter": "AWJ Auguste",
              "bowler": "Sompal Kami",
              "non_striker": "AA Jangoo",
              "runs": {
                "batter": 4,
                "extras": 0,
                "total": 4
              }
            },
            {
              "batter": "AWJ Auguste",
              "bowler": "Sompal Kami",
              "non_striker": "AA Jangoo",
              "runs": {
                "batter": 0,
                "extras": 0,
                "total": 0
              }
            },
            {
              "batter": "AWJ Auguste",
              "bowler": "Sompal Kami",
              "non_striker": "AA Jangoo",
              "runs": {
                "batter": 0,
                "extras": 0,
                "total": 0
              }
            }
          ]
        },
        {
          "over": 3,
          "deliveries": [
            {
              "batter": "AA Jangoo",
              "bowler": "RK Paudel",
              "extras": {
                "wides": 1
              },
              "non_striker": "AWJ Auguste",
              "runs": {
                "batter": 0,
                "extras": 1,
                "total": 1
              }
            },
            {
              "batter": "AA Jangoo",
              "bowler": "RK Paudel",
              "non_striker": "AWJ Auguste",
              "runs": {
                "batter": 4,
                "extras": 0,
                "total": 4
              }
            },
            {
              "batter": "AA Jangoo",
              "bowler": "RK Paudel",
              "non_striker": "AWJ Auguste",
              "runs": {
                "batter": 2,
                "extras": 0,
                "total": 2
              }
            },
            {
              "batter": "AA Jangoo",
              "bowler": "RK Paudel",
              "non_striker": "AWJ Auguste",
              "runs": {
                "batter": 0,
                "extras": 0,
                "total": 0
              }
            },
            {
              "batter": "AA Jangoo",
              "bowler": "RK Paudel",
              "non_striker": "AWJ Auguste",
              "runs": {
                "batter": 0,
                "extras": 0,
                "total": 0
              }
            },
            {
              "batter": "AA Jangoo",
              "bowler": "RK Paudel",
              "non_striker": "AWJ Auguste",
              "runs": {
                "batter": 1,
                "extras": 0,
                "total": 1
              }
            },
            {
              "batter": "AWJ Auguste",
              "bowler": "RK Paudel",
              "non_striker": "AA Jangoo",
              "runs": {
                "batter": 1,
                "extras": 0,
                "total": 1
              }
            }
          ]
        },
        {
          "over": 4,
          "deliveries": [
            {
              "batter": "AWJ Auguste",
              "bowler": "Sompal Kami",
              "non_striker": "AA Jangoo",
              "runs": {
                "batter": 0,
                "extras": 0,
                "total": 0
              }
            },
            {
              "batter": "AWJ Auguste",
              "bowler": "Sompal Kami",
              "non_striker": "AA Jangoo",
              "runs": {
                "batter": 0,
                "extras": 0,
                "total": 0
              }
            },
            {
              "batter": "AWJ Auguste",
              "bowler": "Sompal Kami",
              "non_striker": "AA Jangoo",
              "runs": {
                "batter": 0,
                "extras": 0,
                "total": 0
              }
            },
            {
              "batter": "AWJ Auguste",
              "bowler": "Sompal Kami",
              "non_striker": "AA Jangoo",
              "runs": {
                "batter": 0,
                "extras": 0,
                "total": 0
              }
            },
            {
              "batter": "AWJ Auguste",
              "bowler": "Sompal Kami",
              "non_striker": "AA Jangoo",
              "runs": {
                "batter": 0,
                "extras": 0,
                "total": 0
              }
            },
            {
              "batter": "AWJ Auguste",
              "bowler": "Sompal Kami",
              "non_striker": "AA Jangoo",
              "runs": {
                "batter": 4,
                "extras": 0,
                "total": 4
              }
            }
          ]
        },
        {
          "over": 5,
          "deliveries": [
            {
              "batter": "AA Jangoo",
              "bowler": "Karan KC",
              "non_striker": "AWJ Auguste",
              "runs": {
                "batter": 0,
                "extras": 0,
                "total": 0
              }
            },
            {
              "batter": "AA Jangoo",
              "bowler": "Karan KC",
              "non_striker": "AWJ Auguste",
              "runs": {
                "batter": 0,
                "extras": 0,
                "total": 0
              }
            },
            {
              "batter": "AA Jangoo",
              "bowler": "Karan KC",
              "non_striker": "AWJ Auguste",
              "runs": {
                "batter": 0,
                "extras": 0,
                "total": 0
              }
            },
            {
              "batter": "AA Jangoo",
              "bowler": "Karan KC",
              "non_striker": "AWJ Auguste",
              "runs": {
                "batter": 4,
                "extras": 0,
                "total": 4
              }
            },
            {
              "batter": "AA Jangoo",
              "bowler": "Karan KC",
              "non_striker": "AWJ Auguste",
              "runs": {
                "batter": 0,
                "extras": 0,
                "total": 0
              }
            },
            {
              "batter": "AA Jangoo",
              "bowler": "Karan KC",
              "non_striker": "AWJ Auguste",
              "runs": {
                "batter": 0,
                "extras": 0,
                "total": 0
              }
            }
          ]
        },
        {
          "over": 6,
          "deliveries": [
            {
              "batter": "AWJ Auguste",
              "bowler": "Mohammad Aadil Alam",
              "non_striker": "AA Jangoo",
              "runs": {
                "batter": 1,
                "extras": 0,
                "total": 1
              }
            },
            {
              "batter": "AA Jangoo",
              "bowler": "Mohammad Aadil Alam",
              "non_striker": "AWJ Auguste",
              "runs": {
                "batter": 1,
                "extras": 0,
                "total": 1
              }
            },
            {
              "batter": "AWJ Auguste",
              "bowler": "Mohammad Aadil Alam",
              "non_striker": "AA Jangoo",
              "runs": {
                "batter": 1,
                "extras": 0,
                "total": 1
              }
            },
            {
              "batter": "AA Jangoo",
              "bowler": "Mohammad Aadil Alam",
              "non_striker": "AWJ Auguste",
              "runs": {
                "batter": 1,
                "extras": 0,
                "total": 1
              }
            },
            {
              "batter": "AWJ Auguste",
              "bowler": "Mohammad Aadil Alam",
              "non_striker": "AA Jangoo",
              "runs": {
                "batter": 0,
                "extras": 0,
                "total": 0
              }
            },
            {
              "batter": "AWJ Auguste",
              "bowler": "Mohammad Aadil Alam",
              "non_striker": "AA Jangoo",
              "runs": {
                "batter": 2,
                "extras": 0,
                "total": 2
              }
            }
          ]
        },
        {
          "over": 7,
          "deliveries": [
            {
              "batter": "AA Jangoo",
              "bowler": "K Bhurtel",
              "non_striker": "AWJ Auguste",
              "runs": {
                "batter": 0,
                "extras": 0,
                "total": 0
              }
            },
            {
              "batter": "AA Jangoo",
              "bowler": "K Bhurtel",
              "non_striker": "AWJ Auguste",
              "runs": {
                "batter": 2,
                "extras": 0,
                "total": 2
              }
            },
            {
              "batter": "AA Jangoo",
              "bowler": "K Bhurtel",
              "non_striker": "AWJ Auguste",
              "runs": {
                "batter": 0,
                "extras": 0,
                "total": 0
              }
            },
            {
              "batter": "AA Jangoo",
              "bowler": "K Bhurtel",
              "non_striker": "AWJ Auguste",
              "runs": {
                "batter": 0,
                "extras": 0,
                "total": 0
              }
            },
            {
              "batter": "AA Jangoo",
              "bowler": "K Bhurtel",
              "non_striker": "AWJ Auguste",
              "runs": {
                "batter": 0,
                "extras": 0,
                "total": 0
              }
            },
            {
              "batter": "AA Jangoo",
              "bowler": "K Bhurtel",
              "non_striker": "AWJ Auguste",
              "runs": {
                "batter": 0,
                "extras": 0,
                "total": 0
              }
            }
          ]
        },
        {
          "over": 8,
          "deliveries": [
            {
              "batter": "AWJ Auguste",
              "bowler": "Mohammad Aadil Alam",
              "non_striker": "AA Jangoo",
              "runs": {
                "batter": 1,
                "extras": 0,
                "total": 1
              }
            },
            {
              "batter": "AA Jangoo",
              "bowler": "Mohammad Aadil Alam",
              "non_striker": "AWJ Auguste",
              "runs": {
                "batter": 6,
                "extras": 0,
                "total": 6
              }
            },
            {
              "batter": "AA Jangoo",
              "bowler": "Mohammad Aadil Alam",
              "non_striker": "AWJ Auguste",
              "runs": {
                "batter": 4,
                "extras": 0,
                "total": 4
              }
            },
            {
              "batter": "AA Jangoo",
              "bowler": "Mohammad Aadil Alam",
              "non_striker": "AWJ Auguste",
              "runs": {
                "batter": 0,
                "extras": 0,
                "total": 0
              }
            },
            {
              "batter": "AA Jangoo",
              "bowler": "Mohammad Aadil Alam",
              "non_striker": "AWJ Auguste",
              "runs": {
                "batter": 1,
                "extras": 0,
                "total": 1
              }
            },
            {
              "batter": "AWJ Auguste",
              "bowler": "Mohammad Aadil Alam",
              "non_striker": "AA Jangoo",
              "runs": {
                "batter": 6,
                "extras": 0,
                "total": 6
              }
            }
          ]
        },
        {
          "over": 9,
          "deliveries": [
            {
              "batter": "AA Jangoo",
              "bowler": "Shahab Alam",
              "non_striker": "AWJ Auguste",
              "runs": {
                "batter": 0,
                "extras": 0,
                "total": 0
              }
            },
            {
              "batter": "AA Jangoo",
              "bowler": "Shahab Alam",
              "non_striker": "AWJ Auguste",
              "runs": {
                "batter": 4,
                "extras": 0,
                "total": 4
              }
            },
            {
              "batter": "AA Jangoo",
              "bowler": "Shahab Alam",
              "non_striker": "AWJ Auguste",
              "runs": {
                "batter": 0,
                "extras": 0,
                "total": 0
              }
            },
            {
              "batter": "AA Jangoo",
              "bowler": "Shahab Alam",
              "non_striker": "AWJ Auguste",
              "runs": {
                "batter": 0,
                "extras": 0,
                "total": 0
              }
            },
            {
              "batter": "AA Jangoo",
              "bowler": "Shahab Alam",
              "non_striker": "AWJ Auguste",
              "runs": {
                "batter": 2,
                "extras": 0,
                "total": 2
              }
            },
            {
              "batter": "AA Jangoo",
              "bowler": "Shahab Alam",
              "non_striker": "AWJ Auguste",
              "runs": {
                "batter": 1,
                "extras": 0,
                "total": 1
              }
            }
          ]
        },
        {
          "over": 10,
          "deliveries": [
            {
              "batter": "AA Jangoo",
              "bowler": "K Bhurtel",
              "non_striker": "AWJ Auguste",
              "runs": {
                "batter": 1,
                "extras": 0,
                "total": 1
              }
            },
            {
              "batter": "AWJ Auguste",
              "bowler": "K Bhurtel",
              "non_striker": "AA Jangoo",
              "runs": {
                "batter": 1,
                "extras": 0,
                "total": 1
              }
            },
            {
              "batter": "AA Jangoo",
              "bowler": "K Bhurtel",
              "non_striker": "AWJ Auguste",
              "runs": {
                "batter": 6,
                "extras": 0,
                "total": 6
              }
            },
            {
              "batter": "AA Jangoo",
              "bowler": "K Bhurtel",
              "non_striker": "AWJ Auguste",
              "runs": {
                "batter": 6,
                "extras": 0,
                "total": 6
              }
            },
            {
              "batter": "AA Jangoo",
              "bowler": "K Bhurtel",
              "non_striker": "AWJ Auguste",
              "runs": {
                "batter": 1,
                "extras": 0,
                "total": 1
              }
            },
            {
              "batter": "AWJ Auguste",
              "bowler": "K Bhurtel",
              "non_striker": "AA Jangoo",
              "runs": {
                "batter": 0,
                "extras": 0,
                "total": 0
              }
            }
          ]
        },
        {
          "over": 11,
          "deliveries": [
            {
              "batter": "AA Jangoo",
              "bowler": "Shahab Alam",
              "non_striker": "AWJ Auguste",
              "runs": {
                "batter": 6,
                "extras": 0,
                "total": 6
              }
            },
            {
              "batter": "AA Jangoo",
              "bowler": "Shahab Alam",
              "extras": {
                "wides": 2
              },
              "non_striker": "AWJ Auguste",
              "runs": {
                "batter": 0,
                "extras": 2,
                "total": 2
              }
            },
            {
              "batter": "AWJ Auguste",
              "bowler": "Shahab Alam",
              "non_striker": "AA Jangoo",
              "runs": {
                "batter": 1,
                "extras": 0,
                "total": 1
              }
            },
            {
              "batter": "AA Jangoo",
              "bowler": "Shahab Alam",
              "extras": {
                "legbyes": 4
              },
              "non_striker": "AWJ Auguste",
              "runs": {
                "batter": 0,
                "extras": 4,
                "total": 4
              }
            },
            {
              "batter": "AA Jangoo",
              "bowler": "Shahab Alam",
              "non_striker": "AWJ Auguste",
              "runs": {
                "batter": 6,
                "extras": 0,
                "total": 6
              }
            },
            {
              "batter": "AA Jangoo",
              "bowler": "Shahab Alam",
              "non_striker": "AWJ Auguste",
              "runs": {
                "batter": 2,
                "extras": 0,
                "total": 2
              }
            },
            {
              "batter": "AA Jangoo",
              "bowler": "Shahab Alam",
              "non_striker": "AWJ Auguste",
              "runs": {
                "batter": 0,
                "extras": 0,
                "total": 0
              }
            }
          ]
        },
        {
          "over": 12,
          "deliveries": [
            {
              "batter": "AWJ Auguste",
              "bowler": "Sompal Kami",
              "non_striker": "AA Jangoo",
              "runs": {
                "batter": 1,
                "extras": 0,
                "total": 1
              }
            },
            {
              "batter": "AA Jangoo",
              "bowler": "Sompal Kami",
              "non_striker": "AWJ Auguste",
              "runs": {
                "batter": 6,
                "extras": 0,
                "total": 6
              }
            }
          ]
        }
      ],
      "powerplays": [
        {
          "from": 0.1,
          "to": 5.6,
          "type": "mandatory"
        }
      ],
      "target": {
        "overs": 20,
        "runs": 123
      }
    }
  ]
}