{
  "meta": {
    "data_version": "1.1.0",
    "created": "2025-07-13",
    "revision": 1
  },
  "info": {
    "balls_per_over": 6,
    "city": "Bali",
    "dates": [
      "2025-07-13"
    ],
    "event": {
      "name": "Indonesia Tri-Nation T20I Series",
      "match_number": 12
    },
    "gender": "male",
    "match_type": "T20",
    "match_type_number": 3311,
    "missing": [
      "umpires"
    ],
    "outcome": {
      "winner": "Indonesia",
      "by": {
        "wickets": 7
      }
    },
    "overs": 20,
    "player_of_match": [
      "JMJ Lynn"
    ],
    "players": {
      "South Korea": [
        "DVD Madampage",
        "BI Dilruksha",
        "HMHE Parsons",
        "Nishat Sakib",
        "S Maduranga",
        "Kuldeep Gurjar",
        "Bilal Ahmad Mir",
        "Kim Daeyeon",
        "Lee Hyosin",
        "Basharat Hussain",
        "K Babu"
      ],
      "Indonesia": [
        "KD Kesuma",
        "KC Ramamoorthy",
        "S Kharvi",
        "PR Surve",
        "Anjar Tadarus",
        "Ahmad Ramdoni",
        "F Banunaek",
        "IK Gamantika",
        "DJ Hawoe",
        "DK Shetty",
        "JMJ Lynn"
      ]
    },
    "registry": {
      "people": {
        "Ahmad Ramdoni": "b5f30525",
        "Anjar Tadarus": "72275237",
        "BI Dilruksha": "bf60e1d2",
        "Basharat Hussain": "dcdc9b49",
        "Bilal Ahmad Mir": "2237eb05",
        "DJ Hawoe": "a62f55ba",
        "DK Shetty": "65cfc56b",
        "DVD Madampage": "f681fa6e",
        "F Banunaek": "3c8faed4",
        "HMHE Parsons": "0ca1ea55",
        "IK Gamantika": "4d7c5b56",
        "JMJ Lynn": "70308587",
        "K Babu": "34e10659",
        "KC Ramamoorthy": "a89c270b",
        "KD Kesuma": "4b349dc0",
        "Kim Daeyeon": "4a51c045",
        "Kuldeep Gurjar": "2306b48a",
        "Lee Hyosin": "c6c117f3",
        "Nishat Sakib": "554f19e4",
        "PR Surve": "206efeb1",
        "S Kharvi": "41a61623",
        "S Maduranga": "68f24545"
      }
    },
    "season": "2025",
    "team_type": "international",
    "teams": [
      "South Korea",
      "Indonesia"
    ],
    "toss": {
      "decision": "bat",
      "winner": "South Korea"
    },
    "venue": "Udayana Cricket Ground"
  },
  "innings": [
    {
      "team": "South Korea",
      "overs": [
        {
          "over": 0,
          "deliveries": [
            {
              "batter": "DVD Madampage",
              "bowler": "DK Shetty",
              "non_striker": "BI Dilruksha",
              "runs": {
                "batter": 0,
                "extras": 0,
                "total": 0
              }
            },
            {
              "batter": "DVD Madampage",
              "bowler": "DK Shetty",
              "non_striker": "BI Dilruksha",
              "runs": {
                "batter": 1,
                "extras": 0,
                "total": 1
              }
            },
            {
              "batter": "BI Dilruksha",
              "bowler": "DK Shetty",
              "extras": {
                "wides": 1
              },
              "non_striker": "DVD Madampage",
              "runs": {
                "batter": 0,
                "extras": 1,
                "total": 1
              }
            },
            {
              "batter": "BI Dilruksha",
              "bowler": "DK Shetty",
              "non_striker": "DVD Madampage",
              "runs": {
                "batter": 0,
                "extras": 0,
                "total": 0
              }
            },
            {
              "batter": "BI Dilruksha",
              "bowler": "DK Shetty",
              "non_striker": "DVD Madampage",
              "runs": {
                "batter": 4,
                "extras": 0,
                "total": 4
              }
            },
            {
              "batter": "BI Dilruksha",
              "bowler": "DK Shetty",
              "extras": {
                "wides": 1
              },
              "non_striker": "DVD Madampage",
              "runs": {
                "batter": 0,
                "extras": 1,
                "total": 1
              }
            },
            {
              "batter": "BI Dilruksha",
              "bowler": "DK Shetty",
              "non_striker": "DVD Madampage",
              "runs": {
                "batter": 0,
                "extras": 0,
                "total": 0
              }
            },
            {
              "batter": "BI Dilruksha",
              "bowler": "DK Shetty",
              "non_striker": "DVD Madampage",
              "runs": {
                "batter": 1,
                "extras": 0,
                "total": 1
              }
            }
          ]
        },
        {
          "over": 1,
          "deliveries": [
            {
              "batter": "BI Dilruksha",
              "bowler": "F Banunaek",
              "non_striker": "DVD Madampage",
              "runs": {
                "batter": 0,
                "extras": 0,
                "total": 0
              }
            },
            {
              "batter": "BI Dilruksha",
              "bowler": "F Banunaek",
              "non_striker": "DVD Madampage",
              "runs": {
                "batter": 2,
                "extras": 0,
                "total": 2
              }
            },
            {
              "batter": "BI Dilruksha",
              "bowler": "F Banunaek",
              "non_striker": "DVD Madampage",
              "runs": {
                "batter": 0,
                "extras": 0,
                "total": 0
              }
            },
            {
              "batter": "BI Dilruksha",
              "bowler": "F Banunaek",
              "non_striker": "DVD Madampage",
              "runs": {
                "batter": 1,
                "extras": 0,
                "total": 1
              }
            },
            {
              "batter": "DVD Madampage",
              "bowler": "F Banunaek",
              "non_striker": "BI Dilruksha",
              "runs": {
                "batter": 0,
                "extras": 0,
                "total": 0
              }
            },
            {
              "batter": "DVD Madampage",
              "bowler": "F Banunaek",
              "non_striker": "BI Dilruksha",
              "runs": {
                "batter": 1,
                "extras": 0,
                "total": 1
              }
            }
          ]
        },
        {
          "over": 2,
          "deliveries": [
            {
              "batter": "DVD Madampage",
              "bowler": "DK Shetty",
              "non_striker": "BI Dilruksha",
              "runs": {
                "batter": 3,
                "extras": 0,
                "total": 3
              }
            },
            {
              "batter": "BI Dilruksha",
              "bowler": "DK Shetty",
              "non_striker": "DVD Madampage",
              "runs": {
                "batter": 0,
                "extras": 0,
                "total": 0
              }
            },
            {
              "batter": "BI Dilruksha",
              "bowler": "DK Shetty",
              "non_striker": "DVD Madampage",
              "runs": {
                "batter": 1,
                "extras": 0,
                "total": 1
              }
            },
            {
              "batter": "DVD Madampage",
              "bowler": "DK Shetty",
              "non_striker": "BI Dilruksha",
              "runs": {
                "batter": 1,
                "extras": 0,
                "total": 1
              }
            },
            {
              "batter": "BI Dilruksha",
              "bowler": "DK Shetty",
              "non_striker": "DVD Madampage",
              "runs": {
                "batter": 0,
                "extras": 0,
                "total": 0
              }
            },
            {
              "batter": "BI Dilruksha",
              "bowler": "DK Shetty",
              "non_striker": "DVD Madampage",
              "runs": {
                "batter": 1,
                "extras": 0,
                "total": 1
              }
            }
          ]
        },
        {
          "over": 3,
          "deliveries": [
            {
              "batter": "BI Dilruksha",
              "bowler": "F Banunaek",
              "non_striker": "DVD Madampage",
              "runs": {
                "batter": 0,
                "extras": 0,
                "total": 0
              }
            },
            {
              "batter": "BI Dilruksha",
              "bowler": "F Banunaek",
              "non_striker": "DVD Madampage",
              "runs": {
                "batter": 0,
                "extras": 0,
                "total": 0
              }
            },
            {
              "batter": "BI Dilruksha",
              "bowler": "F Banunaek",
              "extras": {
                "wides": 1
              },
              "non_striker": "DVD Madampage",
              "runs": {
                "batter": 0,
                "extras": 1,
                "total": 1
              }
            },
            {
              "batter": "BI Dilruksha",
              "bowler": "F Banunaek",
              "non_striker": "DVD Madampage",
              "runs": {
                "batter": 0,
                "extras": 0,
                "total": 0
              }
            },
            {
              "batter": "BI Dilruksha",
              "bowler": "F Banunaek",
              "non_striker": "DVD Madampage",
              "runs": {
                "batter": 0,
                "extras": 0,
                "total": 0
              }
            },
            {
              "batter": "BI Dilruksha",
              "bowler": "F Banunaek",
              "non_striker": "DVD Madampage",
              "runs": {
                "batter": 0,
                "extras": 0,
                "total": 0
              }
            },
            {
              "batter": "BI Dilruksha",
              "bowler": "F Banunaek",
              "non_striker": "DVD Madampage",
              "runs": {
                "batter": 4,
                "extras": 0,
                "total": 4
              }
            }
          ]
        },
        {
          "over": 4,
          "deliveries": [
            {
              "batter": "DVD Madampage",
              "bowler": "DK Shetty",
              "non_striker": "BI Dilruksha",
              "runs": {
                "batter": 0,
                "extras": 0,
                "total": 0
              },
              "wickets": [
                {
                  "player_out": "DVD Madampage",
                  "fielders": [
                    {
                      "name": "Anjar Tadarus"
                    }
                  ],
                  "kind": "caught"
                }
              ]
            },
            {
              "batter": "HMHE Parsons",
              "bowler": "DK Shetty",
              "non_striker": "BI Dilruksha",
              "runs": {
                "batter": 0,
                "extras": 0,
                "total": 0
              }
            },
            {
              "batter": "HMHE Parsons",
              "bowler": "DK Shetty",
              "non_striker": "BI Dilruksha",
              "runs": {
                "batter": 0,
                "extras": 0,
                "total": 0
              }
            },
            {
              "batter": "HMHE Parsons",
              "bowler": "DK Shetty",
              "non_striker": "BI Dilruksha",
              "runs": {
                "batter": 1,
                "extras": 0,
                "total": 1
              }
            },
            {
              "batter": "BI Dilruksha",
              "bowler": "DK Shetty",
              "extras": {
                "wides": 1
              },
              "non_striker": "HMHE Parsons",
              "runs": {
                "batter": 0,
                "extras": 1,
                "total": 1
              }
            },
            {
              "batter": "BI Dilruksha",
              "bowler": "DK Shetty",
              "non_striker": "HMHE Parsons",
              "runs": {
                "batter": 1,
                "extras": 0,
                "total": 1
              }
            },
            {
              "batter": "HMHE Parsons",
              "bowler": "DK Shetty",
              "non_striker": "BI Dilruksha",
              "runs": {
                "batter": 0,
                "extras": 0,
                "total": 0
              }
            }
          ]
        },
        {
          "over": 5,
          "deliveries": [
            {
              "batter": "BI Dilruksha",
              "bowler": "DJ Hawoe",
              "non_striker": "HMHE Parsons",
              "runs": {
                "batter": 0,
                "extras": 0,
                "total": 0
              }
            },
            {
              "batter": "BI Dilruksha",
              "bowler": "DJ Hawoe",
              "non_striker": "HMHE Parsons",
              "runs": {
                "batter": 1,
                "extras": 0,
                "total": 1
              }
            },
            {
              "batter": "HMHE Parsons",
              "bowler": "DJ Hawoe",
              "extras": {
                "wides": 1
              },
              "non_striker": "BI Dilruksha",
              "runs": {
                "batter": 0,
                "extras": 1,
                "total": 1
              }
            },
            {
              "batter": "HMHE Parsons",
              "bowler": "DJ Hawoe",
              "non_striker": "BI Dilruksha",
              "runs": {
                "batter": 0,
                "extras": 0,
                "total": 0
              }
            },
            {
              "batter": "HMHE Parsons",
              "bowler": "DJ Hawoe",
              "non_striker": "BI Dilruksha",
              "runs": {
                "batter": 4,
                "extras": 0,
                "total": 4
              }
            },
            {
              "batter": "HMHE Parsons",
              "bowler": "DJ Hawoe",
              "non_striker": "BI Dilruksha",
              "runs": {
                "batter": 6,
                "extras": 0,
                "total": 6
              }
            },
            {
              "batter": "HMHE Parsons",
              "bowler": "DJ Hawoe",
              "non_striker": "BI Dilruksha",
              "runs": {
                "batter": 0,
                "extras": 0,
                "total": 0
              }
            }
          ]
        },
        {
          "over": 6,
          "deliveries": [
            {
              "batter": "BI Dilruksha",
              "bowler": "JMJ Lynn",
              "non_striker": "HMHE Parsons",
              "runs": {
                "batter": 1,
                "extras": 0,
                "total": 1
              }
            },
            {
              "batter": "HMHE Parsons",
              "bowler": "JMJ Lynn",
              "non_striker": "BI Dilruksha",
              "runs": {
                "batter": 1,
                "extras": 0,
                "total": 1
              }
            },
            {
              "batter": "BI Dilruksha",
              "bowler": "JMJ Lynn",
              "non_striker": "HMHE Parsons",
              "runs": {
                "batter": 0,
                "extras": 0,
                "total": 0
              }
            },
            {
              "batter": "BI Dilruksha",
              "bowler": "JMJ Lynn",
              "non_striker": "HMHE Parsons",
              "runs": {
                "batter": 1,
                "extras": 0,
                "total": 1
              }
            },
            {
              "batter": "HMHE Parsons",
              "bowler": "JMJ Lynn",
              "non_striker": "BI Dilruksha",
              "runs": {
                "batter": 1,
                "extras": 0,
                "total": 1
              }
            },
            {
              "batter": "BI Dilruksha",
              "bowler": "JMJ Lynn",
              "non_striker": "HMHE Parsons",
              "runs": {
                "batter": 1,
                "extras": 0,
                "total": 1
              }
            }
          ]
        },
        {
          "over": 7,
          "deliveries": [
            {
              "batter": "BI Dilruksha",
              "bowler": "DJ Hawoe",
              "non_striker": "HMHE Parsons",
              "runs": {
                "batter": 4,
                "extras": 0,
                "total": 4
              }
            },
            {
              "batter": "BI Dilruksha",
              "bowler": "DJ Hawoe",
              "non_striker": "HMHE Parsons",
              "runs": {
                "batter": 1,
                "extras": 0,
                "total": 1
              }
            },
            {
              "batter": "HMHE Parsons",
              "bowler": "DJ Hawoe",
              "non_striker": "BI Dilruksha",
              "runs": {
                "batter": 6,
                "extras": 0,
                "total": 6
              }
            },
            {
              "batter": "HMHE Parsons",
              "bowler": "DJ Hawoe",
              "non_striker": "BI Dilruksha",
              "runs": {
                "batter": 0,
                "extras": 0,
                "total": 0
              }
            },
            {
              "batter": "HMHE Parsons",
              "bowler": "DJ Hawoe",
              "extras": {
                "legbyes": 2
              },
              "non_striker": "BI Dilruksha",
              "runs": {
                "batter": 0,
                "extras": 2,
                "total": 2
              }
            },
            {
              "batter": "HMHE Parsons",
              "bowler": "DJ Hawoe",
              "non_striker": "BI Dilruksha",
              "runs": {
                "batter": 1,
                "extras": 0,
                "total": 1
              }
            }
          ]
        },
        {
          "over": 8,
          "deliveries": [
            {
              "batter": "HMHE Parsons",
              "bowler": "JMJ Lynn",
              "non_striker": "BI Dilruksha",
              "runs": {
                "batter": 4,
                "extras": 0,
                "total": 4
              }
            },
            {
              "batter": "HMHE Parsons",
              "bowler": "JMJ Lynn",
              "non_striker": "BI Dilruksha",
              "runs": {
                "batter": 0,
                "extras": 0,
                "total": 0
              },
              "wickets": [
                {
                  "player_out": "HMHE Parsons",
                  "fielders": [
                    {
                      "name": "KC Ramamoorthy"
                    }
                  ],
                  "kind": "caught"
                }
              ]
            },
            {
              "batter": "Nishat Sakib",
              "bowler": "JMJ Lynn",
              "non_striker": "BI Dilruksha",
              "runs": {
                "batter": 0,
                "extras": 0,
                "total": 0
              }
            },
            {
              "batter": "Nishat Sakib",
              "bowler": "JMJ Lynn",
              "non_striker": "BI Dilruksha",
              "runs": {
                "batter": 1,
                "extras": 0,
                "total": 1
              }
            },
            {
              "batter": "BI Dilruksha",
              "bowler": "JMJ Lynn",
              "non_striker": "Nishat Sakib",
              "runs": {
                "batter": 1,
                "extras": 0,
                "total": 1
              }
            },
            {
              "batter": "Nishat Sakib",
              "bowler": "JMJ Lynn",
              "non_striker": "BI Dilruksha",
              "runs": {
                "batter": 4,
                "extras": 0,
                "total": 4
              }
            }
          ]
        },
        {
          "over": 9,
          "deliveries": [
            {
              "batter": "BI Dilruksha",
              "bowler": "Anjar Tadarus",
              "non_striker": "Nishat Sakib",
              "runs": {
                "batter": 6,
                "extras": 0,
                "total": 6
              }
            },
            {
              "batter": "BI Dilruksha",
              "bowler": "Anjar Tadarus",
              "non_striker": "Nishat Sakib",
              "runs": {
                "batter": 4,
                "extras": 0,
                "total": 4
              }
            },
            {
              "batter": "BI Dilruksha",
              "bowler": "Anjar Tadarus",
              "non_striker": "Nishat Sakib",
              "runs": {
                "batter": 1,
                "extras": 0,
                "total": 1
              }
            },
            {
              "batter": "Nishat Sakib",
              "bowler": "Anjar Tadarus",
              "non_striker": "BI Dilruksha",
              "runs": {
                "batter": 1,
                "extras": 0,
                "total": 1
              }
            },
            {
              "batter": "BI Dilruksha",
              "bowler": "Anjar Tadarus",
              "non_striker": "Nishat Sakib",
              "runs": {
                "batter": 0,
                "extras": 0,
                "total": 0
              },
              "wickets": [
                {
                  "player_out": "BI Dilruksha",
                  "kind": "lbw"
                }
              ]
            },
            {
              "batter": "S Maduranga",
              "bowler": "Anjar Tadarus",
              "non_striker": "Nishat Sakib",
              "runs": {
                "batter": 1,
                "extras": 0,
                "total": 1
              }
            }
          ]
        },
        {
          "over": 10,
          "deliveries": [
            {
              "batter": "S Maduranga",
              "bowler": "JMJ Lynn",
              "non_striker": "Nishat Sakib",
              "runs": {
                "batter": 0,
                "extras": 0,
                "total": 0
              }
            },
            {
              "batter": "S Maduranga",
              "bowler": "JMJ Lynn",
              "non_striker": "Nishat Sakib",
              "runs": {
                "batter": 0,
                "extras": 0,
                "total": 0
              }
            },
            {
              "batter": "S Maduranga",
              "bowler": "JMJ Lynn",
              "non_striker": "Nishat Sakib",
              "runs": {
                "batter": 0,
                "extras": 0,
                "total": 0
              }
            },
            {
              "batter": "S Maduranga",
              "bowler": "JMJ Lynn",
              "non_striker": "Nishat Sakib",
              "runs": {
                "batter": 1,
                "extras": 0,
                "total": 1
              }
            },
            {
              "batter": "Nishat Sakib",
              "bowler": "JMJ Lynn",
              "non_striker": "S Maduranga",
              "runs": {
                "batter": 0,
                "extras": 0,
                "total": 0
              },
              "wickets": [
                {
                  "player_out": "Nishat Sakib",
                  "fielders": [
                    {
                      "name": "PR Surve"
                    }
                  ],
                  "kind": "caught"
                }
              ]
            },
            {
              "batter": "Kuldeep Gurjar",
              "bowler": "JMJ Lynn",
              "non_striker": "S Maduranga",
              "runs": {
                "batter": 1,
                "extras": 0,
                "total": 1
              }
            }
          ]
        },
        {
          "over": 11,
          "deliveries": [
            {
              "batter": "Kuldeep Gurjar",
              "bowler": "Anjar Tadarus",
              "non_striker": "S Maduranga",
              "runs": {
                "batter": 0,
                "extras": 0,
                "total": 0
              }
            },
            {
              "batter": "Kuldeep Gurjar",
              "bowler": "Anjar Tadarus",
              "non_striker": "S Maduranga",
              "runs": {
                "batter": 1,
                "extras": 0,
                "total": 1
              }
            },
            {
              "batter": "S Maduranga",
              "bowler": "Anjar Tadarus",
              "non_striker": "Kuldeep Gurjar",
              "runs": {
                "batter": 0,
                "extras": 0,
                "total": 0
              },
              "wickets": [
                {
                  "player_out": "S Maduranga",
                  "fielders": [
                    {
                      "name": "F Banunaek"
                    }
                  ],
                  "kind": "caught"
                }
              ]
            },
            {
              "batter": "Bilal Ahmad Mir",
              "bowler": "Anjar Tadarus",
              "non_striker": "Kuldeep Gurjar",
              "runs": {
                "batter": 0,
                "extras": 0,
                "total": 0
              }
            },
            {
              "batter": "Bilal Ahmad Mir",
              "bowler": "Anjar Tadarus",
              "non_striker": "Kuldeep Gurjar",
              "runs": {
                "batter": 1,
                "extras": 0,
                "total": 1
              }
            },
            {
              "batter": "Kuldeep Gurjar",
              "bowler": "Anjar Tadarus",
              "non_striker": "Bilal Ahmad Mir",
              "runs": {
                "batter": 0,
                "extras": 0,
                "total": 0
              }
            }
          ]
        },
        {
          "over": 12,
          "deliveries": [
            {
              "batter": "Bilal Ahmad Mir",
              "bowler": "JMJ Lynn",
              "non_striker": "Kuldeep Gurjar",
              "runs": {
                "batter": 1,
                "extras": 0,
                "total": 1
              }
            },
            {
              "batter": "Kuldeep Gurjar",
              "bowler": "JMJ Lynn",
              "non_striker": "Bilal Ahmad Mir",
              "runs": {
                "batter": 1,
                "extras": 0,
                "total": 1
              }
            },
            {
              "batter": "Bilal Ahmad Mir",
              "bowler": "JMJ Lynn",
              "non_striker": "Kuldeep Gurjar",
              "runs": {
                "batter": 1,
                "extras": 0,
                "total": 1
              }
            },
            {
              "batter": "Kuldeep Gurjar",
              "bowler": "JMJ Lynn",
              "extras": {
                "wides": 1
              },
              "non_striker": "Bilal Ahmad Mir",
              "runs": {
                "batter": 0,
                "extras": 1,
                "total": 1
              }
            },
            {
              "batter": "Kuldeep Gurjar",
              "bowler": "JMJ Lynn",
              "non_striker": "Bilal Ahmad Mir",
              "runs": {
                "batter": 0,
                "extras": 0,
                "total": 0
              }
            },
            {
              "batter": "Kuldeep Gurjar",
              "bowler": "JMJ Lynn",
              "non_striker": "Bilal Ahmad Mir",
              "runs": {
                "batter": 0,
                "extras": 0,
                "total": 0
              },
              "wickets": [
                {
                  "player_out": "Kuldeep Gurjar",
                  "kind": "bowled"
                }
              ]
            },
            {
              "batter": "Kim Daeyeon",
              "bowler": "JMJ Lynn",
              "extras": {
                "wides": 1
              },
              "non_striker": "Bilal Ahmad Mir",
              "runs": {
                "batter": 0,
                "extras": 1,
                "total": 1
              }
            },
            {
              "batter": "Kim Daeyeon",
              "bowler": "JMJ Lynn",
              "non_striker": "Bilal Ahmad Mir",
              "runs": {
                "batter": 0,
                "extras": 0,
                "total": 0
              }
            }
          ]
        },
        {
          "over": 13,
          "deliveries": [
            {
              "batter": "Bilal Ahmad Mir",
              "bowler": "Anjar Tadarus",
              "non_striker": "Kim Daeyeon",
              "runs": {
                "batter": 1,
                "extras": 0,
                "total": 1
              }
            },
            {
              "batter": "Kim Daeyeon",
              "bowler": "Anjar Tadarus",
              "non_striker": "Bilal Ahmad Mir",
              "runs": {
                "batter": 1,
                "extras": 0,
                "total": 1
              }
            },
            {
              "batter": "Bilal Ahmad Mir",
              "bowler": "Anjar Tadarus",
              "non_striker": "Kim Daeyeon",
              "runs": {
                "batter": 0,
                "extras": 0,
                "total": 0
              }
            },
            {
              "batter": "Bilal Ahmad Mir",
              "bowler": "Anjar Tadarus",
              "non_striker": "Kim Daeyeon",
              "runs": {
                "batter": 0,
                "extras": 0,
                "total": 0
              }
            },
            {
              "batter": "Bilal Ahmad Mir",
              "bowler": "Anjar Tadarus",
              "non_striker": "Kim Daeyeon",
              "runs": {
                "batter": 0,
                "extras": 0,
                "total": 0
              }
            },
            {
              "batter": "Bilal Ahmad Mir",
              "bowler": "Anjar Tadarus",
              "non_striker": "Kim Daeyeon",
              "runs": {
                "batter": 0,
                "extras": 0,
                "total": 0
              }
            }
          ]
        },
        {
          "over": 14,
          "deliveries": [
            {
              "batter": "Kim Daeyeon",
              "bowler": "DK Shetty",
              "extras": {
                "wides": 1
              },
              "non_striker": "Bilal Ahmad Mir",
              "runs": {
                "batter": 0,
                "extras": 1,
                "total": 1
              }
            },
            {
              "batter": "Kim Daeyeon",
              "bowler": "DK Shetty",
              "non_striker": "Bilal Ahmad Mir",
              "runs": {
                "batter": 1,
                "extras": 0,
                "total": 1
              }
            },
            {
              "batter": "Bilal Ahmad Mir",
              "bowler": "DK Shetty",
              "non_striker": "Kim Daeyeon",
              "runs": {
                "batter": 0,
                "extras": 0,
                "total": 0
              }
            },
            {
              "batter": "Bilal Ahmad Mir",
              "bowler": "DK Shetty",
              "non_striker": "Kim Daeyeon",
              "runs": {
                "batter": 1,
                "extras": 0,
                "total": 1
              }
            },
            {
              "batter": "Kim Daeyeon",
              "bowler": "DK Shetty",
              "non_striker": "Bilal Ahmad Mir",
              "runs": {
                "batter": 0,
                "extras": 0,
                "total": 0
              }
            },
            {
              "batter": "Kim Daeyeon",
              "bowler": "DK Shetty",
              "non_striker": "Bilal Ahmad Mir",
              "runs": {
                "batter": 0,
                "extras": 0,
                "total": 0
              }
            },
            {
              "batter": "Kim Daeyeon",
              "bowler": "DK Shetty",
              "non_striker": "Bilal Ahmad Mir",
              "runs": {
                "batter": 0,
                "extras": 0,
                "total": 0
              }
            }
          ]
        },
        {
          "over": 15,
          "deliveries": [
            {
              "batter": "Bilal Ahmad Mir",
              "bowler": "Anjar Tadarus",
              "non_striker": "Kim Daeyeon",
              "runs": {
                "batter": 4,
                "extras": 0,
                "total": 4
              }
            },
            {
              "batter": "Bilal Ahmad Mir",
              "bowler": "Anjar Tadarus",
              "non_striker": "Kim Daeyeon",
              "runs": {
                "batter": 1,
                "extras": 0,
                "total": 1
              }
            },
            {
              "batter": "Kim Daeyeon",
              "bowler": "Anjar Tadarus",
              "non_striker": "Bilal Ahmad Mir",
              "runs": {
                "batter": 1,
                "extras": 0,
                "total": 1
              }
            },
            {
              "batter": "Bilal Ahmad Mir",
              "bowler": "Anjar Tadarus",
              "non_striker": "Kim Daeyeon",
              "runs": {
                "batter": 0,
                "extras": 0,
                "total": 0
              }
            },
            {
              "batter": "Bilal Ahmad Mir",
              "bowler": "Anjar Tadarus",
              "non_striker": "Kim Daeyeon",
              "runs": {
                "batter": 1,
                "extras": 0,
                "total": 1
              }
            },
            {
              "batter": "Kim Daeyeon",
              "bowler": "Anjar Tadarus",
              "non_striker": "Bilal Ahmad Mir",
              "runs": {
                "batter": 0,
                "extras": 0,
                "total": 0
              }
            }
          ]
        },
        {
          "over": 16,
          "deliveries": [
            {
              "batter": "Bilal Ahmad Mir",
              "bowler": "DJ Hawoe",
              "non_striker": "Kim Daeyeon",
              "runs": {
                "batter": 0,
                "extras": 0,
                "total": 0
              },
              "wickets": [
                {
                  "player_out": "Bilal Ahmad Mir",
                  "fielders": [
                    {
                      "name": "KD Kesuma"
                    }
                  ],
                  "kind": "caught"
                }
              ]
            },
            {
              "batter": "Lee Hyosin",
              "bowler": "DJ Hawoe",
              "non_striker": "Kim Daeyeon",
              "runs": {
                "batter": 1,
                "extras": 0,
                "total": 1
              }
            },
            {
              "batter": "Kim Daeyeon",
              "bowler": "DJ Hawoe",
              "non_striker": "Lee Hyosin",
              "runs": {
                "batter": 1,
                "extras": 0,
                "total": 1
              }
            },
            {
              "batter": "Lee Hyosin",
              "bowler": "DJ Hawoe",
              "non_striker": "Kim Daeyeon",
              "runs": {
                "batter": 0,
                "extras": 0,
                "total": 0
              }
            },
            {
              "batter": "Lee Hyosin",
              "bowler": "DJ Hawoe",
              "non_striker": "Kim Daeyeon",
              "runs": {
                "batter": 1,
                "extras": 0,
                "total": 1
              }
            },
            {
              "batter": "Kim Daeyeon",
              "bowler": "DJ Hawoe",
              "non_striker": "Lee Hyosin",
              "runs": {
                "batter": 0,
                "extras": 0,
                "total": 0
              }
            }
          ]
        },
        {
          "over": 17,
          "deliveries": [
            {
              "batter": "Lee Hyosin",
              "bowler": "F Banunaek",
              "non_striker": "Kim Daeyeon",
              "runs": {
                "batter": 0,
                "extras": 0,
                "total": 0
              }
            },
            {
              "batter": "Lee Hyosin",
              "bowler": "F Banunaek",
              "non_striker": "Kim Daeyeon",
              "runs": {
                "batter": 0,
                "extras": 0,
                "total": 0
              }
            },
            {
              "batter": "Lee Hyosin",
              "bowler": "F Banunaek",
              "non_striker": "Kim Daeyeon",
              "runs": {
                "batter": 1,
                "extras": 0,
                "total": 1
              }
            },
            {
              "batter": "Kim Daeyeon",
              "bowler": "F Banunaek",
              "non_striker": "Lee Hyosin",
              "runs": {
                "batter": 0,
                "extras": 0,
                "total": 0
              },
              "wickets": [
                {
                  "player_out": "Kim Daeyeon",
                  "fielders": [
                    {
                      "name": "Ahmad Ramdoni"
                    }
                  ],
                  "kind": "caught"
                }
              ]
            },
            {
              "batter": "Basharat Hussain",
              "bowler": "F Banunaek",
              "non_striker": "Lee Hyosin",
              "runs": {
                "batter": 1,
                "extras": 0,
                "total": 1
              }
            },
            {
              "batter": "Lee Hyosin",
              "bowler": "F Banunaek",
              "non_striker": "Basharat Hussain",
              "runs": {
                "batter": 0,
                "extras": 0,
                "total": 0
              }
            }
          ]
        },
        {
          "over": 18,
          "deliveries": [
            {
              "batter": "Basharat Hussain",
              "bowler": "DJ Hawoe",
              "non_striker": "Lee Hyosin",
              "runs": {
                "batter": 1,
                "extras": 0,
                "total": 1
              }
            },
            {
              "batter": "Lee Hyosin",
              "bowler": "DJ Hawoe",
              "non_striker": "Basharat Hussain",
              "runs": {
                "batter": 1,
                "extras": 0,
                "total": 1
              }
            },
            {
              "batter": "Basharat Hussain",
              "bowler": "DJ Hawoe",
              "non_striker": "Lee Hyosin",
              "runs": {
                "batter": 1,
                "extras": 0,
                "total": 1
              }
            },
            {
              "batter": "Lee Hyosin",
              "bowler": "DJ Hawoe",
              "extras": {
                "legbyes": 1
              },
              "non_striker": "Basharat Hussain",
              "runs": {
                "batter": 0,
                "extras": 1,
                "total": 1
              }
            },
            {
              "batter": "Basharat Hussain",
              "bowler": "DJ Hawoe",
              "non_striker": "Lee Hyosin",
              "runs": {
                "batter": 0,
                "extras": 0,
                "total": 0
              }
            },
            {
              "batter": "Basharat Hussain",
              "bowler": "DJ Hawoe",
              "non_striker": "Lee Hyosin",
              "runs": {
                "batter": 0,
                "extras": 0,
                "total": 0
              },
              "wickets": [
                {
                  "player_out": "Basharat Hussain",
                  "fielders": [
                    {
                      "name": "Anjar Tadarus"
                    }
                  ],
                  "kind": "caught"
                }
              ]
            }
          ]
        },
        {
          "over": 19,
          "deliveries": [
            {
              "batter": "Lee Hyosin",
              "bowler": "F Banunaek",
              "non_striker": "K Babu",
              "runs": {
                "batter": 2,
                "extras": 0,
                "total": 2
              }
            },
            {
              "batter": "Lee Hyosin",
              "bowler": "F Banunaek",
              "non_striker": "K Babu",
              "runs": {
                "batter": 1,
                "extras": 0,
                "total": 1
              }
            },
            {
              "batter": "K Babu",
              "bowler": "F Banunaek",
              "non_striker": "Lee Hyosin",
              "runs": {
                "batter": 0,
                "extras": 0,
                "total": 0
              }
            },
            {
              "batter": "K Babu",
              "bowler": "F Banunaek",
              "non_striker": "Lee Hyosin",
              "runs": {
                "batter": 1,
                "extras": 0,
                "total": 1
              }
            },
            {
              "batter": "Lee Hyosin",
              "bowler": "F Banunaek",
              "non_striker": "K Babu",
              "runs": {
                "batter": 0,
                "extras": 0,
                "total": 0
              }
            },
            {
              "batter": "Lee Hyosin",
              "bowler": "F Banunaek",
              "extras": {
                "byes": 1
              },
              "non_striker": "K Babu",
              "runs": {
                "batter": 0,
                "extras": 1,
                "total": 1
              }
            }
          ]
        }
      ],
      "powerplays": [
        {
          "from": 0.1,
          "to": 5.7,
          "type": "mandatory"
        }
      ]
    },
    {
      "team": "Indonesia",
      "overs": [
        {
          "over": 0,
          "deliveries": [
            {
              "batter": "KD Kesuma",
              "bowler": "DVD Madampage",
              "non_striker": "KC Ramamoorthy",
              "runs": {
                "batter": 0,
                "extras": 0,
                "total": 0
              }
            },
            {
              "batter": "KD Kesuma",
              "bowler": "DVD Madampage",
              "non_striker": "KC Ramamoorthy",
              "runs": {
                "batter": 4,
                "extras": 0,
                "total": 4
              }
            },
            {
              "batter": "KD Kesuma",
              "bowler": "DVD Madampage",
              "non_striker": "KC Ramamoorthy",
              "runs": {
                "batter": 1,
                "extras": 0,
                "total": 1
              }
            },
            {
              "batter": "KC Ramamoorthy",
              "bowler": "DVD Madampage",
              "non_striker": "KD Kesuma",
              "runs": {
                "batter": 0,
                "extras": 0,
                "total": 0
              }
            },
            {
              "batter": "KC Ramamoorthy",
              "bowler": "DVD Madampage",
              "non_striker": "KD Kesuma",
              "runs": {
                "batter": 0,
                "extras": 0,
                "total": 0
              }
            },
            {
              "batter": "KC Ramamoorthy",
              "bowler": "DVD Madampage",
              "non_striker": "KD Kesuma",
              "runs": {
                "batter": 0,
                "extras": 0,
                "total": 0
              }
            }
          ]
        },
        {
          "over": 1,
          "deliveries": [
            {
              "batter": "KD Kesuma",
              "bowler": "S Maduranga",
              "non_striker": "KC Ramamoorthy",
              "runs": {
                "batter": 0,
                "extras": 0,
                "total": 0
              }
            },
            {
              "batter": "KD Kesuma",
              "bowler": "S Maduranga",
              "non_striker": "KC Ramamoorthy",
              "runs": {
                "batter": 4,
                "extras": 0,
                "total": 4
              }
            },
            {
              "batter": "KD Kesuma",
              "bowler": "S Maduranga",
              "non_striker": "KC Ramamoorthy",
              "runs": {
                "batter": 0,
                "extras": 0,
                "total": 0
              }
            },
            {
              "batter": "KD Kesuma",
              "bowler": "S Maduranga",
              "non_striker": "KC Ramamoorthy",
              "runs": {
                "batter": 0,
                "extras": 0,
                "total": 0
              }
            },
            {
              "batter": "KD Kesuma",
              "bowler": "S Maduranga",
              "non_striker": "KC Ramamoorthy",
              "runs": {
                "batter": 1,
                "extras": 0,
                "total": 1
              }
            },
            {
              "batter": "KC Ramamoorthy",
              "bowler": "S Maduranga",
              "non_striker": "KD Kesuma",
              "runs": {
                "batter": 0,
                "extras": 0,
                "total": 0
              }
            }
          ]
        },
        {
          "over": 2,
          "deliveries": [
            {
              "batter": "KD Kesuma",
              "bowler": "DVD Madampage",
              "non_striker": "KC Ramamoorthy",
              "runs": {
                "batter": 4,
                "extras": 0,
                "total": 4
              }
            },
            {
              "batter": "KD Kesuma",
              "bowler": "DVD Madampage",
              "non_striker": "KC Ramamoorthy",
              "runs": {
                "batter": 0,
                "extras": 0,
                "total": 0
              }
            },
            {
              "batter": "KD Kesuma",
              "bowler": "DVD Madampage",
              "non_striker": "KC Ramamoorthy",
              "runs": {
                "batter": 4,
                "extras": 0,
                "total": 4
              }
            },
            {
              "batter": "KD Kesuma",
              "bowler": "DVD Madampage",
              "non_striker": "KC Ramamoorthy",
              "runs": {
                "batter": 0,
                "extras": 0,
                "total": 0
              }
            },
            {
              "batter": "KD Kesuma",
              "bowler": "DVD Madampage",
              "non_striker": "KC Ramamoorthy",
              "runs": {
                "batter": 1,
                "extras": 0,
                "total": 1
              }
            },
            {
              "batter": "KC Ramamoorthy",
              "bowler": "DVD Madampage",
              "non_striker": "KD Kesuma",
              "runs": {
                "batter": 4,
                "extras": 0,
                "total": 4
              }
            }
          ]
        },
        {
          "over": 3,
          "deliveries": [
            {
              "batter": "KD Kesuma",
              "bowler": "S Maduranga",
              "non_striker": "KC Ramamoorthy",
              "runs": {
                "batter": 0,
                "extras": 0,
                "total": 0
              },
              "wickets": [
                {
                  "player_out": "KD Kesuma",
                  "fielders": [
                    {
                      "name": "Lee Hyosin"
                    }
                  ],
                  "kind": "caught"
                }
              ]
            },
            {
              "batter": "S Kharvi",
              "bowler": "S Maduranga",
              "non_striker": "KC Ramamoorthy",
              "runs": {
                "batter": 0,
                "extras": 0,
                "total": 0
              }
            },
            {
              "batter": "S Kharvi",
              "bowler": "S Maduranga",
              "non_striker": "KC Ramamoorthy",
              "runs": {
                "batter": 0,
                "extras": 0,
                "total": 0
              }
            },
            {
              "batter": "S Kharvi",
              "bowler": "S Maduranga",
              "extras": {
                "legbyes": 1
              },
              "non_striker": "KC Ramamoorthy",
              "runs": {
                "batter": 0,
                "extras": 1,
                "total": 1
              }
            },
            {
              "batter": "KC Ramamoorthy",
              "bowler": "S Maduranga",
              "non_striker": "S Kharvi",
              "runs": {
                "batter": 4,
                "extras": 0,
                "total": 4
              }
            },
            {
              "batter": "KC Ramamoorthy",
              "bowler": "S Maduranga",
              "extras": {
                "wides": 1
              },
              "non_striker": "S Kharvi",
              "runs": {
                "batter": 0,
                "extras": 1,
                "total": 1
              }
            },
            {
              "batter": "KC Ramamoorthy",
              "bowler": "S Maduranga",
              "non_striker": "S Kharvi",
              "runs": {
                "batter": 0,
                "extras": 0,
                "total": 0
              }
            }
          ]
        },
        {
          "over": 4,
          "deliveries": [
            {
              "batter": "S Kharvi",
              "bowler": "Basharat Hussain",
              "extras": {
                "wides": 1
              },
              "non_striker": "KC Ramamoorthy",
              "runs": {
                "batter": 0,
                "extras": 1,
                "total": 1
              }
            },
            {
              "batter": "S Kharvi",
              "bowler": "Basharat Hussain",
              "extras": {
                "wides": 1
              },
              "non_striker": "KC Ramamoorthy",
              "runs": {
                "batter": 0,
                "extras": 1,
                "total": 1
              }
            },
            {
              "batter": "S Kharvi",
              "bowler": "Basharat Hussain",
              "non_striker": "KC Ramamoorthy",
              "runs": {
                "batter": 6,
                "extras": 0,
                "total": 6
              }
            },
            {
              "batter": "S Kharvi",
              "bowler": "Basharat Hussain",
              "non_striker": "KC Ramamoorthy",
              "runs": {
                "batter": 6,
                "extras": 0,
                "total": 6
              }
            },
            {
              "batter": "S Kharvi",
              "bowler": "Basharat Hussain",
              "non_striker": "KC Ramamoorthy",
              "runs": {
                "batter": 1,
                "extras": 0,
                "total": 1
              }
            },
            {
              "batter": "KC Ramamoorthy",
              "bowler": "Basharat Hussain",
              "non_striker": "S Kharvi",
              "runs": {
                "batter": 0,
                "extras": 0,
                "total": 0
              }
            },
            {
              "batter": "KC Ramamoorthy",
              "bowler": "Basharat Hussain",
              "non_striker": "S Kharvi",
              "runs": {
                "batter": 0,
                "extras": 0,
                "total": 0
              }
            },
            {
              "batter": "KC Ramamoorthy",
              "bowler": "Basharat Hussain",
              "non_striker": "S Kharvi",
              "runs": {
                "batter": 0,
                "extras": 0,
                "total": 0
              }
            }
          ]
        },
        {
          "over": 5,
          "deliveries": [
            {
              "batter": "S Kharvi",
              "bowler": "Bilal Ahmad Mir",
              "non_striker": "KC Ramamoorthy",
              "runs": {
                "batter": 6,
                "extras": 0,
                "total": 6
              }
            },
            {
              "batter": "S Kharvi",
              "bowler": "Bilal Ahmad Mir",
              "non_striker": "KC Ramamoorthy",
              "runs": {
                "batter": 6,
                "extras": 0,
                "total": 6
              }
            },
            {
              "batter": "S Kharvi",
              "bowler": "Bilal Ahmad Mir",
              "non_striker": "KC Ramamoorthy",
              "runs": {
                "batter": 0,
                "extras": 0,
                "total": 0
              }
            },
            {
              "batter": "S Kharvi",
              "bowler": "Bilal Ahmad Mir",
              "non_striker": "KC Ramamoorthy",
              "runs": {
                "batter": 4,
                "extras": 0,
                "total": 4
              }
            },
            {
              "batter": "S Kharvi",
              "bowler": "Bilal Ahmad Mir",
              "non_striker": "KC Ramamoorthy",
              "runs": {
                "batter": 0,
                "extras": 0,
                "total": 0
              }
            },
            {
              "batter": "S Kharvi",
              "bowler": "Bilal Ahmad Mir",
              "non_striker": "KC Ramamoorthy",
              "runs": {
                "batter": 0,
                "extras": 0,
                "total": 0
              }
            }
          ]
        },
        {
          "over": 6,
          "deliveries": [
            {
              "batter": "KC Ramamoorthy",
              "bowler": "K Babu",
              "non_striker": "S Kharvi",
              "runs": {
                "batter": 6,
                "extras": 0,
                "total": 6
              }
            },
            {
              "batter": "KC Ramamoorthy",
              "bowler": "K Babu",
              "non_striker": "S Kharvi",
              "runs": {
                "batter": 1,
                "extras": 0,
                "total": 1
              }
            },
            {
              "batter": "S Kharvi",
              "bowler": "K Babu",
              "non_striker": "KC Ramamoorthy",
              "runs": {
                "batter": 0,
                "extras": 0,
                "total": 0
              }
            },
            {
              "batter": "S Kharvi",
              "bowler": "K Babu",
              "non_striker": "KC Ramamoorthy",
              "runs": {
                "batter": 2,
                "extras": 0,
                "total": 2
              }
            },
            {
              "batter": "S Kharvi",
              "bowler": "K Babu",
              "non_striker": "KC Ramamoorthy",
              "runs": {
                "batter": 0,
                "extras": 0,
                "total": 0
              },
              "wickets": [
                {
                  "player_out": "S Kharvi",
                  "kind": "bowled"
                }
              ]
            },
            {
              "batter": "PR Surve",
              "bowler": "K Babu",
              "non_striker": "KC Ramamoorthy",
              "runs": {
                "batter": 1,
                "extras": 0,
                "total": 1
              }
            }
          ]
        },
        {
          "over": 7,
          "deliveries": [
            {
              "batter": "PR Surve",
              "bowler": "Kuldeep Gurjar",
              "non_striker": "KC Ramamoorthy",
              "runs": {
                "batter": 4,
                "extras": 0,
                "total": 4
              }
            },
            {
              "batter": "PR Surve",
              "bowler": "Kuldeep Gurjar",
              "non_striker": "KC Ramamoorthy",
              "runs": {
                "batter": 1,
                "extras": 0,
                "total": 1
              }
            },
            {
              "batter": "KC Ramamoorthy",
              "bowler": "Kuldeep Gurjar",
              "non_striker": "PR Surve",
              "runs": {
                "batter": 0,
                "extras": 0,
                "total": 0
              }
            },
            {
              "batter": "KC Ramamoorthy",
              "bowler": "Kuldeep Gurjar",
              "non_striker": "PR Surve",
              "runs": {
                "batter": 0,
                "extras": 0,
                "total": 0
              }
            },
            {
              "batter": "KC Ramamoorthy",
              "bowler": "Kuldeep Gurjar",
              "non_striker": "PR Surve",
              "runs": {
                "batter": 0,
                "extras": 0,
                "total": 0
              },
              "wickets": [
                {
                  "player_out": "KC Ramamoorthy",
                  "fielders": [
                    {
                      "name": "Kim Daeyeon"
                    }
                  ],
                  "kind": "caught"
                }
              ]
            },
            {
              "batter": "Anjar Tadarus",
              "bowler": "Kuldeep Gurjar",
              "non_striker": "PR Surve",
              "runs": {
                "batter": 1,
                "extras": 0,
                "total": 1
              }
            }
          ]
        },
        {
          "over": 8,
          "deliveries": [
            {
              "batter": "Anjar Tadarus",
              "bowler": "K Babu",
              "non_striker": "PR Surve",
              "runs": {
                "batter": 0,
                "extras": 0,
                "total": 0
              }
            },
            {
              "batter": "Anjar Tadarus",
              "bowler": "K Babu",
              "non_striker": "PR Surve",
              "runs": {
                "batter": 0,
                "extras": 0,
                "total": 0
              }
            },
            {
              "batter": "Anjar Tadarus",
              "bowler": "K Babu",
              "non_striker": "PR Surve",
              "runs": {
                "batter": 0,
                "extras": 0,
                "total": 0
              }
            },
            {
              "batter": "Anjar Tadarus",
              "bowler": "K Babu",
              "non_striker": "PR Surve",
              "runs": {
                "batter": 1,
                "extras": 0,
                "total": 1
              }
            },
            {
              "batter": "PR Surve",
              "bowler": "K Babu",
              "non_striker": "Anjar Tadarus",
              "runs": {
                "batter": 1,
                "extras": 0,
                "total": 1
              }
            },
            {
              "batter": "Anjar Tadarus",
              "bowler": "K Babu",
              "non_striker": "PR Surve",
              "runs": {
                "batter": 0,
                "extras": 0,
                "total": 0
              }
            }
          ]
        },
        {
          "over": 9,
          "deliveries": [
            {
              "batter": "PR Surve",
              "bowler": "Kuldeep Gurjar",
              "non_striker": "Anjar Tadarus",
              "runs": {
                "batter": 0,
                "extras": 0,
                "total": 0
              }
            },
            {
              "batter": "PR Surve",
              "bowler": "Kuldeep Gurjar",
              "non_striker": "Anjar Tadarus",
              "runs": {
                "batter": 0,
                "extras": 0,
                "total": 0
              }
            },
            {
              "batter": "PR Surve",
              "bowler": "Kuldeep Gurjar",
              "non_striker": "Anjar Tadarus",
              "runs": {
                "batter": 1,
                "extras": 0,
                "total": 1
              }
            },
            {
              "batter": "Anjar Tadarus",
              "bowler": "Kuldeep Gurjar",
              "non_striker": "PR Surve",
              "runs": {
                "batter": 6,
                "extras": 0,
                "total": 6
              }
            },
            {
              "batter": "Anjar Tadarus",
              "bowler": "Kuldeep Gurjar",
              "non_striker": "PR Surve",
              "runs": {
                "batter": 2,
                "extras": 0,
                "total": 2
              }
            },
            {
              "batter": "Anjar Tadarus",
              "bowler": "Kuldeep Gurjar",
              "non_striker": "PR Surve",
              "runs": {
                "batter": 4,
                "extras": 0,
                "total": 4
              }
            }
          ]
        },
        {
          "over": 10,
          "deliveries": [
            {
              "batter": "PR Surve",
              "bowler": "K Babu",
              "non_striker": "Anjar Tadarus",
              "runs": {
                "batter": 0,
                "extras": 0,
                "total": 0
              }
            },
            {
              "batter": "PR Surve",
              "bowler": "K Babu",
              "non_striker": "Anjar Tadarus",
              "runs": {
                "batter": 0,
                "extras": 0,
                "total": 0
              }
            },
            {
              "batter": "PR Surve",
              "bowler": "K Babu",
              "non_striker": "Anjar Tadarus",
              "runs": {
                "batter": 2,
                "extras": 0,
                "total": 2
              }
            },
            {
              "batter": "PR Surve",
              "bowler": "K Babu",
              "non_striker": "Anjar Tadarus",
              "runs": {
                "batter": 1,
                "extras": 0,
                "total": 1
              }
            },
            {
              "batter": "Anjar Tadarus",
              "bowler": "K Babu",
              "non_striker": "PR Surve",
              "runs": {
                "batter": 4,
                "extras": 0,
                "total": 4
              }
            },
            {
              "batter": "Anjar Tadarus",
              "bowler": "K Babu",
              "non_striker": "PR Surve",
              "runs": {
                "batter": 0,
                "extras": 0,
                "total": 0
              }
            }
          ]
        },
        {
          "over": 11,
          "deliveries": [
            {
              "batter": "PR Surve",
              "bowler": "Kuldeep Gurjar",
              "non_striker": "Anjar Tadarus",
              "runs": {
                "batter": 0,
                "extras": 0,
                "total": 0
              }
            },
            {
              "batter": "PR Surve",
              "bowler": "Kuldeep Gurjar",
              "non_striker": "Anjar Tadarus",
              "runs": {
                "batter": 1,
                "extras": 0,
                "total": 1
              }
            },
            {
              "batter": "Anjar Tadarus",
              "bowler": "Kuldeep Gurjar",
              "non_striker": "PR Surve",
              "runs": {
                "batter": 0,
                "extras": 0,
                "total": 0
              }
            },
            {
              "batter": "Anjar Tadarus",
              "bowler": "Kuldeep Gurjar",
              "non_striker": "PR Surve",
              "runs": {
                "batter": 1,
                "extras": 0,
                "total": 1
              }
            },
            {
              "batter": "PR Surve",
              "bowler": "Kuldeep Gurjar",
              "non_striker": "Anjar Tadarus",
              "runs": {
                "batter": 1,
                "extras": 0,
                "total": 1
              }
            },
            {
              "batter": "Anjar Tadarus",
              "bowler": "Kuldeep Gurjar",
              "non_striker": "PR Surve",
              "runs": {
                "batter": 1,
                "extras": 0,
                "total": 1
              }
            }
          ]
        },
        {
          "over": 12,
          "deliveries": [
            {
              "batter": "Anjar Tadarus",
              "bowler": "K Babu",
              "non_striker": "PR Surve",
              "runs": {
                "batter": 1,
                "extras": 0,
                "total": 1
              }
            },
            {
              "batter": "PR Surve",
              "bowler": "K Babu",
              "non_striker": "Anjar Tadarus",
              "runs": {
                "batter": 2,
                "extras": 0,
                "total": 2
              }
            },
            {
              "batter": "PR Surve",
              "bowler": "K Babu",
              "non_striker": "Anjar Tadarus",
              "runs": {
                "batter": 1,
                "extras": 0,
                "total": 1
              }
            },
            {
              "batter": "Anjar Tadarus",
              "bowler": "K Babu",
              "non_striker": "PR Surve",
              "runs": {
                "batter": 6,
                "extras": 0,
                "total": 6
              }
            },
            {
              "batter": "Anjar Tadarus",
              "bowler": "K Babu",
              "non_striker": "PR Surve",
              "runs": {
                "batter": 1,
                "extras": 0,
                "total": 1
              }
            },
            {
              "batter": "PR Surve",
              "bowler": "K Babu",
              "non_striker": "Anjar Tadarus",
              "runs": {
                "batter": 1,
                "extras": 0,
                "total": 1
              }
            }
          ]
        },
        {
          "over": 13,
          "deliveries": [
            {
              "batter": "PR Surve",
              "bowler": "S Maduranga",
              "non_striker": "Anjar Tadarus",
              "runs": {
                "batter": 0,
                "extras": 0,
                "total": 0
              }
            },
            {
              "batter": "PR Surve",
              "bowler": "S Maduranga",
              "non_striker": "Anjar Tadarus",
              "runs": {
                "batter": 0,
                "extras": 0,
                "total": 0
              }
            },
            {
              "batter": "PR Surve",
              "bowler": "S Maduranga",
              "non_striker": "Anjar Tadarus",
              "runs": {
                "batter": 1,
                "extras": 0,
                "total": 1
              }
            },
            {
              "batter": "Anjar Tadarus",
              "bowler": "S Maduranga",
              "non_striker": "PR Surve",
              "runs": {
                "batter": 0,
                "extras": 0,
                "total": 0
              }
            },
            {
              "batter": "Anjar Tadarus",
              "bowler": "S Maduranga",
              "extras": {
                "wides": 1
              },
              "non_striker": "PR Surve",
              "runs": {
                "batter": 0,
                "extras": 1,
                "total": 1
              }
            }
          ]
        }
      ],
      "powerplays": [
        {
          "from": 0.1,
          "to": 5.6,
          "type": "mandatory"
        }
      ],
      "target": {
        "overs": 20,
        "runs": 116
      }
    }
  ]
}