{
  "meta": {
    "data_version": "1.1.0",
    "created": "2025-07-24",
    "revision": 1
  },
  "info": {
    "balls_per_over": 6,
    "city": "Singapore",
    "dates": [
      "2025-07-19"
    ],
    "event": {
      "name": "Asia Pacific Cricket Champions Trophy",
      "match_number": 3
    },
    "gender": "male",
    "match_type": "T20",
    "match_type_number": 3327,
    "officials": {
      "match_referees": [
        "Sarika Prasad"
      ],
      "reserve_umpires": [
        "KSVP Venu Madhav"
      ],
      "umpires": [
        "A Natarajan",
        "Foyes Ahmed"
      ]
    },
    "outcome": {
      "winner": "Malaysia",
      "by": {
        "wickets": 6
      }
    },
    "overs": 20,
    "player_of_match": [
      "S Vijay Unni"
    ],
    "players": {
      "Singapore": [
        "Aman Desai",
        "Arnav Manoj",
        "M Bhatia",
        "K Sathish",
        "Manpreet Singh",
        "SH Venugopal",
        "C Shivakumar",
        "H Venkataram",
        "Kabir Berlia",
        "AR Puri",
        "PSRK Sudarshan"
      ],
      "Malaysia": [
        "Syed Aziz",
        "Aslam Khan",
        "Muhammad Haziq Aiman",
        "Virandeep Singh",
        "M Syahadat Ramli",
        "S Muniandy",
        "S Vijay Unni",
        "Khizar Hayat",
        "Ainool Hafizs",
        "Arif Ullah",
        "Ahmed Aqeel"
      ]
    },
    "registry": {
      "people": {
        "A Natarajan": "a2b73ae0",
        "AR Puri": "1f490b28",
        "Ahmed Aqeel": "92f0e10e",
        "Ainool Hafizs": "1bada9da",
        "Aman Desai": "c10fd8f9",
        "Arif Ullah": "740a5b6d",
        "Arnav Manoj": "788dbfcd",
        "Aslam Khan": "31080a88",
        "C Shivakumar": "a02a0e07",
        "Foyes Ahmed": "465cdd1d",
        "H Venkataram": "e61cee7b",
        "K Sathish": "1cad1601",
        "KSVP Venu Madhav": "8c7fb752",
        "Kabir Berlia": "5e5a45bd",
        "Khizar Hayat": "78bbeba1",
        "M Bhatia": "22bdbba3",
        "M Syahadat Ramli": "5efa8af3",
        "Manpreet Singh": "e9d6a2ce",
        "Muhammad Haziq Aiman": "1f13eba1",
        "PSRK Sudarshan": "3a44a4e4",
        "S Muniandy": "57fcfd3b",
        "S Vijay Unni": "f737ab44",
        "SH Venugopal": "9f542219",
        "Sarika Prasad": "8ff397fa",
        "Syed Aziz": "6667067e",
        "Virandeep Singh": "415d30b6"
      }
    },
    "season": "2025",
    "team_type": "international",
    "teams": [
      "Singapore",
      "Malaysia"
    ],
    "toss": {
      "decision": "field",
      "winner": "Malaysia"
    },
    "venue": "Singapore National Cricket Ground"
  },
  "innings": [
    {
      "team": "Singapore",
      "overs": [
        {
          "over": 0,
          "deliveries": [
            {
              "batter": "Aman Desai",
              "bowler": "Syed Aziz",
              "non_striker": "Arnav Manoj",
              "runs": {
                "batter": 0,
                "extras": 0,
                "total": 0
              }
            },
            {
              "batter": "Aman Desai",
              "bowler": "Syed Aziz",
              "non_striker": "Arnav Manoj",
              "runs": {
                "batter": 0,
                "extras": 0,
                "total": 0
              }
            },
            {
              "batter": "Aman Desai",
              "bowler": "Syed Aziz",
              "non_striker": "Arnav Manoj",
              "runs": {
                "batter": 0,
                "extras": 0,
                "total": 0
              }
            },
            {
              "batter": "Aman Desai",
              "bowler": "Syed Aziz",
              "extras": {
                "noballs": 1
              },
              "non_striker": "Arnav Manoj",
              "runs": {
                "batter": 0,
                "extras": 1,
                "total": 1
              }
            },
            {
              "batter": "Aman Desai",
              "bowler": "Syed Aziz",
              "non_striker": "Arnav Manoj",
              "runs": {
                "batter": 4,
                "extras": 0,
                "total": 4
              }
            },
            {
              "batter": "Aman Desai",
              "bowler": "Syed Aziz",
              "non_striker": "Arnav Manoj",
              "runs": {
                "batter": 0,
                "extras": 0,
                "total": 0
              }
            },
            {
              "batter": "Aman Desai",
              "bowler": "Syed Aziz",
              "non_striker": "Arnav Manoj",
              "runs": {
                "batter": 0,
                "extras": 0,
                "total": 0
              }
            }
          ]
        },
        {
          "over": 1,
          "deliveries": [
            {
              "batter": "Arnav Manoj",
              "bowler": "S Vijay Unni",
              "non_striker": "Aman Desai",
              "runs": {
                "batter": 0,
                "extras": 0,
                "total": 0
              }
            },
            {
              "batter": "Arnav Manoj",
              "bowler": "S Vijay Unni",
              "non_striker": "Aman Desai",
              "runs": {
                "batter": 0,
                "extras": 0,
                "total": 0
              },
              "wickets": [
                {
                  "player_out": "Arnav Manoj",
                  "fielders": [
                    {
                      "name": "S Muniandy"
                    }
                  ],
                  "kind": "caught"
                }
              ]
            },
            {
              "batter": "M Bhatia",
              "bowler": "S Vijay Unni",
              "non_striker": "Aman Desai",
              "runs": {
                "batter": 0,
                "extras": 0,
                "total": 0
              }
            },
            {
              "batter": "M Bhatia",
              "bowler": "S Vijay Unni",
              "non_striker": "Aman Desai",
              "runs": {
                "batter": 0,
                "extras": 0,
                "total": 0
              }
            },
            {
              "batter": "M Bhatia",
              "bowler": "S Vijay Unni",
              "non_striker": "Aman Desai",
              "runs": {
                "batter": 1,
                "extras": 0,
                "total": 1
              }
            },
            {
              "batter": "Aman Desai",
              "bowler": "S Vijay Unni",
              "non_striker": "M Bhatia",
              "runs": {
                "batter": 1,
                "extras": 0,
                "total": 1
              }
            }
          ]
        },
        {
          "over": 2,
          "deliveries": [
            {
              "batter": "Aman Desai",
              "bowler": "Syed Aziz",
              "non_striker": "M Bhatia",
              "runs": {
                "batter": 1,
                "extras": 0,
                "total": 1
              }
            },
            {
              "batter": "M Bhatia",
              "bowler": "Syed Aziz",
              "non_striker": "Aman Desai",
              "runs": {
                "batter": 1,
                "extras": 0,
                "total": 1
              }
            },
            {
              "batter": "Aman Desai",
              "bowler": "Syed Aziz",
              "non_striker": "M Bhatia",
              "runs": {
                "batter": 0,
                "extras": 0,
                "total": 0
              }
            },
            {
              "batter": "Aman Desai",
              "bowler": "Syed Aziz",
              "extras": {
                "wides": 1
              },
              "non_striker": "M Bhatia",
              "runs": {
                "batter": 0,
                "extras": 1,
                "total": 1
              }
            },
            {
              "batter": "Aman Desai",
              "bowler": "Syed Aziz",
              "non_striker": "M Bhatia",
              "runs": {
                "batter": 0,
                "extras": 0,
                "total": 0
              }
            },
            {
              "batter": "Aman Desai",
              "bowler": "Syed Aziz",
              "non_striker": "M Bhatia",
              "runs": {
                "batter": 6,
                "extras": 0,
                "total": 6
              }
            },
            {
              "batter": "Aman Desai",
              "bowler": "Syed Aziz",
              "non_striker": "M Bhatia",
              "runs": {
                "batter": 0,
                "extras": 0,
                "total": 0
              },
              "wickets": [
                {
                  "player_out": "Aman Desai",
                  "fielders": [
                    {
                      "name": "Ainool Hafizs"
                    }
                  ],
                  "kind": "caught"
                }
              ]
            }
          ]
        },
        {
          "over": 3,
          "deliveries": [
            {
              "batter": "M Bhatia",
              "bowler": "S Vijay Unni",
              "non_striker": "K Sathish",
              "runs": {
                "batter": 0,
                "extras": 0,
                "total": 0
              },
              "wickets": [
                {
                  "player_out": "M Bhatia",
                  "fielders": [
                    {
                      "name": "Ahmed Aqeel"
                    }
                  ],
                  "kind": "caught"
                }
              ]
            },
            {
              "batter": "Manpreet Singh",
              "bowler": "S Vijay Unni",
              "non_striker": "K Sathish",
              "runs": {
                "batter": 0,
                "extras": 0,
                "total": 0
              },
              "wickets": [
                {
                  "player_out": "Manpreet Singh",
                  "fielders": [
                    {
                      "name": "Syed Aziz"
                    }
                  ],
                  "kind": "caught"
                }
              ]
            },
            {
              "batter": "SH Venugopal",
              "bowler": "S Vijay Unni",
              "non_striker": "K Sathish",
              "runs": {
                "batter": 0,
                "extras": 0,
                "total": 0
              }
            },
            {
              "batter": "SH Venugopal",
              "bowler": "S Vijay Unni",
              "non_striker": "K Sathish",
              "runs": {
                "batter": 0,
                "extras": 0,
                "total": 0
              }
            },
            {
              "batter": "SH Venugopal",
              "bowler": "S Vijay Unni",
              "non_striker": "K Sathish",
              "runs": {
                "batter": 0,
                "extras": 0,
                "total": 0
              }
            },
            {
              "batter": "SH Venugopal",
              "bowler": "S Vijay Unni",
              "non_striker": "K Sathish",
              "runs": {
                "batter": 1,
                "extras": 0,
                "total": 1
              }
            }
          ]
        },
        {
          "over": 4,
          "deliveries": [
            {
              "batter": "SH Venugopal",
              "bowler": "Syed Aziz",
              "non_striker": "K Sathish",
              "runs": {
                "batter": 0,
                "extras": 0,
                "total": 0
              }
            },
            {
              "batter": "SH Venugopal",
              "bowler": "Syed Aziz",
              "non_striker": "K Sathish",
              "runs": {
                "batter": 4,
                "extras": 0,
                "total": 4
              }
            },
            {
              "batter": "SH Venugopal",
              "bowler": "Syed Aziz",
              "non_striker": "K Sathish",
              "runs": {
                "batter": 1,
                "extras": 0,
                "total": 1
              }
            },
            {
              "batter": "K Sathish",
              "bowler": "Syed Aziz",
              "non_striker": "SH Venugopal",
              "runs": {
                "batter": 1,
                "extras": 0,
                "total": 1
              }
            },
            {
              "batter": "SH Venugopal",
              "bowler": "Syed Aziz",
              "non_striker": "K Sathish",
              "runs": {
                "batter": 4,
                "extras": 0,
                "total": 4
              }
            },
            {
              "batter": "SH Venugopal",
              "bowler": "Syed Aziz",
              "non_striker": "K Sathish",
              "runs": {
                "batter": 0,
                "extras": 0,
                "total": 0
              }
            }
          ]
        },
        {
          "over": 5,
          "deliveries": [
            {
              "batter": "K Sathish",
              "bowler": "S Vijay Unni",
              "non_striker": "SH Venugopal",
              "runs": {
                "batter": 1,
                "extras": 0,
                "total": 1
              }
            },
            {
              "batter": "SH Venugopal",
              "bowler": "S Vijay Unni",
              "non_striker": "K Sathish",
              "runs": {
                "batter": 1,
                "extras": 0,
                "total": 1
              }
            },
            {
              "batter": "K Sathish",
              "bowler": "S Vijay Unni",
              "non_striker": "SH Venugopal",
              "runs": {
                "batter": 0,
                "extras": 0,
                "total": 0
              }
            },
            {
              "batter": "K Sathish",
              "bowler": "S Vijay Unni",
              "non_striker": "SH Venugopal",
              "runs": {
                "batter": 0,
                "extras": 0,
                "total": 0
              }
            },
            {
              "batter": "K Sathish",
              "bowler": "S Vijay Unni",
              "non_striker": "SH Venugopal",
              "runs": {
                "batter": 0,
                "extras": 0,
                "total": 0
              },
              "wickets": [
                {
                  "player_out": "K Sathish",
                  "fielders": [
                    {
                      "name": "S Muniandy"
                    }
                  ],
                  "kind": "caught"
                }
              ]
            },
            {
              "batter": "C Shivakumar",
              "bowler": "S Vijay Unni",
              "non_striker": "SH Venugopal",
              "runs": {
                "batter": 0,
                "extras": 0,
                "total": 0
              }
            }
          ]
        },
        {
          "over": 6,
          "deliveries": [
            {
              "batter": "SH Venugopal",
              "bowler": "Virandeep Singh",
              "non_striker": "C Shivakumar",
              "runs": {
                "batter": 0,
                "extras": 0,
                "total": 0
              }
            },
            {
              "batter": "SH Venugopal",
              "bowler": "Virandeep Singh",
              "non_striker": "C Shivakumar",
              "runs": {
                "batter": 0,
                "extras": 0,
                "total": 0
              }
            },
            {
              "batter": "SH Venugopal",
              "bowler": "Virandeep Singh",
              "non_striker": "C Shivakumar",
              "runs": {
                "batter": 0,
                "extras": 0,
                "total": 0
              }
            },
            {
              "batter": "SH Venugopal",
              "bowler": "Virandeep Singh",
              "non_striker": "C Shivakumar",
              "runs": {
                "batter": 1,
                "extras": 0,
                "total": 1
              }
            },
            {
              "batter": "C Shivakumar",
              "bowler": "Virandeep Singh",
              "non_striker": "SH Venugopal",
              "runs": {
                "batter": 4,
                "extras": 0,
                "total": 4
              }
            },
            {
              "batter": "C Shivakumar",
              "bowler": "Virandeep Singh",
              "non_striker": "SH Venugopal",
              "runs": {
                "batter": 0,
                "extras": 0,
                "total": 0
              }
            }
          ]
        },
        {
          "over": 7,
          "deliveries": [
            {
              "batter": "SH Venugopal",
              "bowler": "S Vijay Unni",
              "non_striker": "C Shivakumar",
              "runs": {
                "batter": 1,
                "extras": 0,
                "total": 1
              }
            },
            {
              "batter": "C Shivakumar",
              "bowler": "S Vijay Unni",
              "non_striker": "SH Venugopal",
              "runs": {
                "batter": 0,
                "extras": 0,
                "total": 0
              }
            },
            {
              "batter": "C Shivakumar",
              "bowler": "S Vijay Unni",
              "non_striker": "SH Venugopal",
              "runs": {
                "batter": 0,
                "extras": 0,
                "total": 0
              }
            },
            {
              "batter": "C Shivakumar",
              "bowler": "S Vijay Unni",
              "non_striker": "SH Venugopal",
              "runs": {
                "batter": 0,
                "extras": 0,
                "total": 0
              }
            },
            {
              "batter": "C Shivakumar",
              "bowler": "S Vijay Unni",
              "non_striker": "SH Venugopal",
              "runs": {
                "batter": 0,
                "extras": 0,
                "total": 0
              }
            },
            {
              "batter": "C Shivakumar",
              "bowler": "S Vijay Unni",
              "non_striker": "SH Venugopal",
              "runs": {
                "batter": 0,
                "extras": 0,
                "total": 0
              }
            }
          ]
        },
        {
          "over": 8,
          "deliveries": [
            {
              "batter": "SH Venugopal",
              "bowler": "Virandeep Singh",
              "non_striker": "C Shivakumar",
              "runs": {
                "batter": 1,
                "extras": 0,
                "total": 1
              }
            },
            {
              "batter": "C Shivakumar",
              "bowler": "Virandeep Singh",
              "non_striker": "SH Venugopal",
              "runs": {
                "batter": 1,
                "extras": 0,
                "total": 1
              }
            },
            {
              "batter": "SH Venugopal",
              "bowler": "Virandeep Singh",
              "non_striker": "C Shivakumar",
              "runs": {
                "batter": 1,
                "extras": 0,
                "total": 1
              }
            },
            {
              "batter": "C Shivakumar",
              "bowler": "Virandeep Singh",
              "non_striker": "SH Venugopal",
              "runs": {
                "batter": 0,
                "extras": 0,
                "total": 0
              }
            },
            {
              "batter": "C Shivakumar",
              "bowler": "Virandeep Singh",
              "non_striker": "SH Venugopal",
              "runs": {
                "batter": 4,
                "extras": 0,
                "total": 4
              }
            },
            {
              "batter": "C Shivakumar",
              "bowler": "Virandeep Singh",
              "non_striker": "SH Venugopal",
              "runs": {
                "batter": 0,
                "extras": 0,
                "total": 0
              }
            }
          ]
        },
        {
          "over": 9,
          "deliveries": [
            {
              "batter": "SH Venugopal",
              "bowler": "Arif Ullah",
              "non_striker": "C Shivakumar",
              "runs": {
                "batter": 0,
                "extras": 0,
                "total": 0
              }
            },
            {
              "batter": "SH Venugopal",
              "bowler": "Arif Ullah",
              "non_striker": "C Shivakumar",
              "runs": {
                "batter": 4,
                "extras": 0,
                "total": 4
              }
            },
            {
              "batter": "SH Venugopal",
              "bowler": "Arif Ullah",
              "non_striker": "C Shivakumar",
              "runs": {
                "batter": 1,
                "extras": 0,
                "total": 1
              }
            },
            {
              "batter": "C Shivakumar",
              "bowler": "Arif Ullah",
              "non_striker": "SH Venugopal",
              "runs": {
                "batter": 4,
                "extras": 0,
                "total": 4
              }
            },
            {
              "batter": "C Shivakumar",
              "bowler": "Arif Ullah",
              "non_striker": "SH Venugopal",
              "runs": {
                "batter": 0,
                "extras": 0,
                "total": 0
              }
            },
            {
              "batter": "C Shivakumar",
              "bowler": "Arif Ullah",
              "extras": {
                "wides": 1
              },
              "non_striker": "SH Venugopal",
              "runs": {
                "batter": 0,
                "extras": 1,
                "total": 1
              }
            },
            {
              "batter": "C Shivakumar",
              "bowler": "Arif Ullah",
              "non_striker": "SH Venugopal",
              "runs": {
                "batter": 1,
                "extras": 0,
                "total": 1
              }
            }
          ]
        },
        {
          "over": 10,
          "deliveries": [
            {
              "batter": "C Shivakumar",
              "bowler": "Khizar Hayat",
              "non_striker": "SH Venugopal",
              "runs": {
                "batter": 0,
                "extras": 0,
                "total": 0
              }
            },
            {
              "batter": "C Shivakumar",
              "bowler": "Khizar Hayat",
              "non_striker": "SH Venugopal",
              "runs": {
                "batter": 0,
                "extras": 0,
                "total": 0
              }
            },
            {
              "batter": "C Shivakumar",
              "bowler": "Khizar Hayat",
              "non_striker": "SH Venugopal",
              "runs": {
                "batter": 2,
                "extras": 0,
                "total": 2
              }
            },
            {
              "batter": "C Shivakumar",
              "bowler": "Khizar Hayat",
              "non_striker": "SH Venugopal",
              "runs": {
                "batter": 0,
                "extras": 0,
                "total": 0
              }
            },
            {
              "batter": "C Shivakumar",
              "bowler": "Khizar Hayat",
              "non_striker": "SH Venugopal",
              "runs": {
                "batter": 1,
                "extras": 0,
                "total": 1
              }
            },
            {
              "batter": "SH Venugopal",
              "bowler": "Khizar Hayat",
              "non_striker": "C Shivakumar",
              "runs": {
                "batter": 0,
                "extras": 0,
                "total": 0
              }
            }
          ]
        },
        {
          "over": 11,
          "deliveries": [
            {
              "batter": "C Shivakumar",
              "bowler": "Virandeep Singh",
              "non_striker": "SH Venugopal",
              "runs": {
                "batter": 0,
                "extras": 0,
                "total": 0
              }
            },
            {
              "batter": "C Shivakumar",
              "bowler": "Virandeep Singh",
              "non_striker": "SH Venugopal",
              "runs": {
                "batter": 0,
                "extras": 0,
                "total": 0
              },
              "wickets": [
                {
                  "player_out": "C Shivakumar",
                  "kind": "caught and bowled"
                }
              ]
            },
            {
              "batter": "H Venkataram",
              "bowler": "Virandeep Singh",
              "non_striker": "SH Venugopal",
              "runs": {
                "batter": 1,
                "extras": 0,
                "total": 1
              }
            },
            {
              "batter": "SH Venugopal",
              "bowler": "Virandeep Singh",
              "extras": {
                "wides": 1
              },
              "non_striker": "H Venkataram",
              "runs": {
                "batter": 0,
                "extras": 1,
                "total": 1
              }
            },
            {
              "batter": "SH Venugopal",
              "bowler": "Virandeep Singh",
              "non_striker": "H Venkataram",
              "runs": {
                "batter": 0,
                "extras": 0,
                "total": 0
              },
              "wickets": [
                {
                  "player_out": "SH Venugopal",
                  "kind": "lbw"
                }
              ]
            },
            {
              "batter": "Kabir Berlia",
              "bowler": "Virandeep Singh",
              "non_striker": "H Venkataram",
              "runs": {
                "batter": 1,
                "extras": 0,
                "total": 1
              }
            },
            {
              "batter": "H Venkataram",
              "bowler": "Virandeep Singh",
              "non_striker": "Kabir Berlia",
              "runs": {
                "batter": 0,
                "extras": 0,
                "total": 0
              }
            }
          ]
        },
        {
          "over": 12,
          "deliveries": [
            {
              "batter": "Kabir Berlia",
              "bowler": "Khizar Hayat",
              "non_striker": "H Venkataram",
              "runs": {
                "batter": 0,
                "extras": 0,
                "total": 0
              }
            },
            {
              "batter": "Kabir Berlia",
              "bowler": "Khizar Hayat",
              "non_striker": "H Venkataram",
              "runs": {
                "batter": 0,
                "extras": 0,
                "total": 0
              }
            },
            {
              "batter": "Kabir Berlia",
              "bowler": "Khizar Hayat",
              "non_striker": "H Venkataram",
              "runs": {
                "batter": 0,
                "extras": 0,
                "total": 0
              }
            },
            {
              "batter": "Kabir Berlia",
              "bowler": "Khizar Hayat",
              "non_striker": "H Venkataram",
              "runs": {
                "batter": 0,
                "extras": 0,
                "total": 0
              },
              "wickets": [
                {
                  "player_out": "Kabir Berlia",
                  "fielders": [
                    {
                      "name": "Arif Ullah"
                    }
                  ],
                  "kind": "caught"
                }
              ]
            },
            {
              "batter": "AR Puri",
              "bowler": "Khizar Hayat",
              "non_striker": "H Venkataram",
              "runs": {
                "batter": 0,
                "extras": 0,
                "total": 0
              }
            },
            {
              "batter": "AR Puri",
              "bowler": "Khizar Hayat",
              "non_striker": "H Venkataram",
              "runs": {
                "batter": 0,
                "extras": 0,
                "total": 0
              }
            }
          ]
        },
        {
          "over": 13,
          "deliveries": [
            {
              "batter": "H Venkataram",
              "bowler": "Virandeep Singh",
              "extras": {
                "legbyes": 4
              },
              "non_striker": "AR Puri",
              "runs": {
                "batter": 0,
                "extras": 4,
                "total": 4
              }
            },
            {
              "batter": "H Venkataram",
              "bowler": "Virandeep Singh",
              "non_striker": "AR Puri",
              "runs": {
                "batter": 0,
                "extras": 0,
                "total": 0
              }
            },
            {
              "batter": "H Venkataram",
              "bowler": "Virandeep Singh",
              "non_striker": "AR Puri",
              "runs": {
                "batter": 0,
                "extras": 0,
                "total": 0
              }
            },
            {
              "batter": "H Venkataram",
              "bowler": "Virandeep Singh",
              "extras": {
                "legbyes": 1
              },
              "non_striker": "AR Puri",
              "runs": {
                "batter": 0,
                "extras": 1,
                "total": 1
              }
            },
            {
              "batter": "AR Puri",
              "bowler": "Virandeep Singh",
              "non_striker": "H Venkataram",
              "runs": {
                "batter": 1,
                "extras": 0,
                "total": 1
              }
            },
            {
              "batter": "H Venkataram",
              "bowler": "Virandeep Singh",
              "non_striker": "AR Puri",
              "runs": {
                "batter": 1,
                "extras": 0,
                "total": 1
              }
            }
          ]
        },
        {
          "over": 14,
          "deliveries": [
            {
              "batter": "H Venkataram",
              "bowler": "Khizar Hayat",
              "non_striker": "AR Puri",
              "runs": {
                "batter": 0,
                "extras": 0,
                "total": 0
              }
            },
            {
              "batter": "H Venkataram",
              "bowler": "Khizar Hayat",
              "non_striker": "AR Puri",
              "runs": {
                "batter": 0,
                "extras": 0,
                "total": 0
              }
            },
            {
              "batter": "H Venkataram",
              "bowler": "Khizar Hayat",
              "non_striker": "AR Puri",
              "runs": {
                "batter": 1,
                "extras": 0,
                "total": 1
              }
            },
            {
              "batter": "AR Puri",
              "bowler": "Khizar Hayat",
              "non_striker": "H Venkataram",
              "runs": {
                "batter": 0,
                "extras": 0,
                "total": 0
              }
            },
            {
              "batter": "AR Puri",
              "bowler": "Khizar Hayat",
              "non_striker": "H Venkataram",
              "runs": {
                "batter": 0,
                "extras": 0,
                "total": 0
              }
            },
            {
              "batter": "AR Puri",
              "bowler": "Khizar Hayat",
              "non_striker": "H Venkataram",
              "runs": {
                "batter": 0,
                "extras": 0,
                "total": 0
              }
            }
          ]
        },
        {
          "over": 15,
          "deliveries": [
            {
              "batter": "H Venkataram",
              "bowler": "Arif Ullah",
              "non_striker": "AR Puri",
              "runs": {
                "batter": 1,
                "extras": 0,
                "total": 1
              }
            },
            {
              "batter": "AR Puri",
              "bowler": "Arif Ullah",
              "non_striker": "H Venkataram",
              "runs": {
                "batter": 0,
                "extras": 0,
                "total": 0
              }
            },
            {
              "batter": "AR Puri",
              "bowler": "Arif Ullah",
              "non_striker": "H Venkataram",
              "runs": {
                "batter": 2,
                "extras": 0,
                "total": 2
              }
            },
            {
              "batter": "AR Puri",
              "bowler": "Arif Ullah",
              "extras": {
                "wides": 1
              },
              "non_striker": "H Venkataram",
              "runs": {
                "batter": 0,
                "extras": 1,
                "total": 1
              }
            },
            {
              "batter": "AR Puri",
              "bowler": "Arif Ullah",
              "non_striker": "H Venkataram",
              "runs": {
                "batter": 0,
                "extras": 0,
                "total": 0
              }
            },
            {
              "batter": "AR Puri",
              "bowler": "Arif Ullah",
              "non_striker": "H Venkataram",
              "runs": {
                "batter": 2,
                "extras": 0,
                "total": 2
              }
            },
            {
              "batter": "AR Puri",
              "bowler": "Arif Ullah",
              "non_striker": "H Venkataram",
              "runs": {
                "batter": 0,
                "extras": 0,
                "total": 0
              }
            }
          ]
        },
        {
          "over": 16,
          "deliveries": [
            {
              "batter": "H Venkataram",
              "bowler": "Khizar Hayat",
              "non_striker": "AR Puri",
              "runs": {
                "batter": 1,
                "extras": 0,
                "total": 1
              }
            },
            {
              "batter": "AR Puri",
              "bowler": "Khizar Hayat",
              "non_striker": "H Venkataram",
              "runs": {
                "batter": 0,
                "extras": 0,
                "total": 0
              }
            },
            {
              "batter": "AR Puri",
              "bowler": "Khizar Hayat",
              "non_striker": "H Venkataram",
              "runs": {
                "batter": 0,
                "extras": 0,
                "total": 0
              }
            },
            {
              "batter": "AR Puri",
              "bowler": "Khizar Hayat",
              "non_striker": "H Venkataram",
              "runs": {
                "batter": 1,
                "extras": 0,
                "total": 1
              }
            },
            {
              "batter": "H Venkataram",
              "bowler": "Khizar Hayat",
              "non_striker": "AR Puri",
              "runs": {
                "batter": 1,
                "extras": 0,
                "total": 1
              }
            },
            {
              "batter": "AR Puri",
              "bowler": "Khizar Hayat",
              "non_striker": "H Venkataram",
              "runs": {
                "batter": 1,
                "extras": 0,
                "total": 1
              }
            }
          ]
        },
        {
          "over": 17,
          "deliveries": [
            {
              "batter": "AR Puri",
              "bowler": "Arif Ullah",
              "non_striker": "H Venkataram",
              "runs": {
                "batter": 1,
                "extras": 0,
                "total": 1
              }
            },
            {
              "batter": "H Venkataram",
              "bowler": "Arif Ullah",
              "non_striker": "AR Puri",
              "runs": {
                "batter": 0,
                "extras": 0,
                "total": 0
              }
            },
            {
              "batter": "H Venkataram",
              "bowler": "Arif Ullah",
              "non_striker": "AR Puri",
              "runs": {
                "batter": 4,
                "extras": 0,
                "total": 4
              }
            },
            {
              "batter": "H Venkataram",
              "bowler": "Arif Ullah",
              "non_striker": "AR Puri",
              "runs": {
                "batter": 1,
                "extras": 0,
                "total": 1
              }
            },
            {
              "batter": "AR Puri",
              "bowler": "Arif Ullah",
              "non_striker": "H Venkataram",
              "runs": {
                "batter": 2,
                "extras": 0,
                "total": 2
              }
            },
            {
              "batter": "AR Puri",
              "bowler": "Arif Ullah",
              "non_striker": "H Venkataram",
              "runs": {
                "batter": 0,
                "extras": 0,
                "total": 0
              }
            }
          ]
        },
        {
          "over": 18,
          "deliveries": [
            {
              "batter": "H Venkataram",
              "bowler": "Syed Aziz",
              "non_striker": "AR Puri",
              "runs": {
                "batter": 2,
                "extras": 0,
                "total": 2
              }
            },
            {
              "batter": "H Venkataram",
              "bowler": "Syed Aziz",
              "extras": {
                "wides": 1
              },
              "non_striker": "AR Puri",
              "runs": {
                "batter": 0,
                "extras": 1,
                "total": 1
              }
            },
            {
              "batter": "H Venkataram",
              "bowler": "Syed Aziz",
              "non_striker": "AR Puri",
              "runs": {
                "batter": 0,
                "extras": 0,
                "total": 0
              }
            },
            {
              "batter": "H Venkataram",
              "bowler": "Syed Aziz",
              "non_striker": "AR Puri",
              "runs": {
                "batter": 1,
                "extras": 0,
                "total": 1
              }
            },
            {
              "batter": "AR Puri",
              "bowler": "Syed Aziz",
              "non_striker": "H Venkataram",
              "runs": {
                "batter": 1,
                "extras": 0,
                "total": 1
              }
            },
            {
              "batter": "H Venkataram",
              "bowler": "Syed Aziz",
              "non_striker": "AR Puri",
              "runs": {
                "batter": 6,
                "extras": 0,
                "total": 6
              }
            },
            {
              "batter": "H Venkataram",
              "bowler": "Syed Aziz",
              "non_striker": "AR Puri",
              "runs": {
                "batter": 1,
                "extras": 0,
                "total": 1
              }
            }
          ]
        },
        {
          "over": 19,
          "deliveries": [
            {
              "batter": "H Venkataram",
              "bowler": "Arif Ullah",
              "non_striker": "AR Puri",
              "runs": {
                "batter": 1,
                "extras": 0,
                "total": 1
              }
            },
            {
              "batter": "AR Puri",
              "bowler": "Arif Ullah",
              "non_striker": "H Venkataram",
              "runs": {
                "batter": 1,
                "extras": 0,
                "total": 1
              }
            },
            {
              "batter": "H Venkataram",
              "bowler": "Arif Ullah",
              "non_striker": "AR Puri",
              "runs": {
                "batter": 2,
                "extras": 0,
                "total": 2
              }
            },
            {
              "batter": "H Venkataram",
              "bowler": "Arif Ullah",
              "non_striker": "AR Puri",
              "runs": {
                "batter": 1,
                "extras": 0,
                "total": 1
              }
            },
            {
              "batter": "AR Puri",
              "bowler": "Arif Ullah",
              "non_striker": "H Venkataram",
              "runs": {
                "batter": 1,
                "extras": 0,
                "total": 1
              }
            },
            {
              "batter": "H Venkataram",
              "bowler": "Arif Ullah",
              "non_striker": "AR Puri",
              "runs": {
                "batter": 2,
                "extras": 0,
                "total": 2
              },
              "wickets": [
                {
                  "player_out": "AR Puri",
                  "fielders": [
                    {
                      "name": "Khizar Hayat"
                    }
                  ],
                  "kind": "run out"
                }
              ]
            }
          ]
        }
      ],
      "powerplays": [
        {
          "from": 0.1,
          "to": 5.6,
          "type": "mandatory"
        }
      ]
    },
    {
      "team": "Malaysia",
      "overs": [
        {
          "over": 0,
          "deliveries": [
            {
              "batter": "Syed Aziz",
              "bowler": "PSRK Sudarshan",
              "extras": {
                "wides": 5
              },
              "non_striker": "Aslam Khan",
              "runs": {
                "batter": 0,
                "extras": 5,
                "total": 5
              }
            },
            {
              "batter": "Syed Aziz",
              "bowler": "PSRK Sudarshan",
              "non_striker": "Aslam Khan",
              "runs": {
                "batter": 0,
                "extras": 0,
                "total": 0
              }
            },
            {
              "batter": "Syed Aziz",
              "bowler": "PSRK Sudarshan",
              "non_striker": "Aslam Khan",
              "runs": {
                "batter": 1,
                "extras": 0,
                "total": 1
              }
            },
            {
              "batter": "Aslam Khan",
              "bowler": "PSRK Sudarshan",
              "non_striker": "Syed Aziz",
              "runs": {
                "batter": 4,
                "extras": 0,
                "total": 4
              }
            },
            {
              "batter": "Aslam Khan",
              "bowler": "PSRK Sudarshan",
              "non_striker": "Syed Aziz",
              "runs": {
                "batter": 1,
                "extras": 0,
                "total": 1
              }
            },
            {
              "batter": "Syed Aziz",
              "bowler": "PSRK Sudarshan",
              "non_striker": "Aslam Khan",
              "runs": {
                "batter": 6,
                "extras": 0,
                "total": 6
              }
            },
            {
              "batter": "Syed Aziz",
              "bowler": "PSRK Sudarshan",
              "non_striker": "Aslam Khan",
              "runs": {
                "batter": 0,
                "extras": 0,
                "total": 0
              }
            }
          ]
        },
        {
          "over": 1,
          "deliveries": [
            {
              "batter": "Aslam Khan",
              "bowler": "H Venkataram",
              "extras": {
                "wides": 1
              },
              "non_striker": "Syed Aziz",
              "runs": {
                "batter": 0,
                "extras": 1,
                "total": 1
              }
            },
            {
              "batter": "Aslam Khan",
              "bowler": "H Venkataram",
              "non_striker": "Syed Aziz",
              "runs": {
                "batter": 4,
                "extras": 0,
                "total": 4
              }
            },
            {
              "batter": "Aslam Khan",
              "bowler": "H Venkataram",
              "non_striker": "Syed Aziz",
              "runs": {
                "batter": 4,
                "extras": 0,
                "total": 4
              }
            },
            {
              "batter": "Aslam Khan",
              "bowler": "H Venkataram",
              "non_striker": "Syed Aziz",
              "runs": {
                "batter": 0,
                "extras": 0,
                "total": 0
              }
            },
            {
              "batter": "Aslam Khan",
              "bowler": "H Venkataram",
              "extras": {
                "wides": 1
              },
              "non_striker": "Syed Aziz",
              "runs": {
                "batter": 0,
                "extras": 1,
                "total": 1
              }
            },
            {
              "batter": "Aslam Khan",
              "bowler": "H Venkataram",
              "non_striker": "Syed Aziz",
              "runs": {
                "batter": 4,
                "extras": 0,
                "total": 4
              }
            },
            {
              "batter": "Aslam Khan",
              "bowler": "H Venkataram",
              "non_striker": "Syed Aziz",
              "runs": {
                "batter": 4,
                "extras": 0,
                "total": 4
              }
            },
            {
              "batter": "Aslam Khan",
              "bowler": "H Venkataram",
              "non_striker": "Syed Aziz",
              "runs": {
                "batter": 1,
                "extras": 0,
                "total": 1
              }
            }
          ]
        },
        {
          "over": 2,
          "deliveries": [
            {
              "batter": "Aslam Khan",
              "bowler": "AR Puri",
              "non_striker": "Syed Aziz",
              "runs": {
                "batter": 6,
                "extras": 0,
                "total": 6
              }
            },
            {
              "batter": "Aslam Khan",
              "bowler": "AR Puri",
              "non_striker": "Syed Aziz",
              "runs": {
                "batter": 1,
                "extras": 0,
                "total": 1
              }
            },
            {
              "batter": "Syed Aziz",
              "bowler": "AR Puri",
              "non_striker": "Aslam Khan",
              "runs": {
                "batter": 0,
                "extras": 0,
                "total": 0
              }
            },
            {
              "batter": "Syed Aziz",
              "bowler": "AR Puri",
              "extras": {
                "wides": 1
              },
              "non_striker": "Aslam Khan",
              "runs": {
                "batter": 0,
                "extras": 1,
                "total": 1
              }
            },
            {
              "batter": "Syed Aziz",
              "bowler": "AR Puri",
              "non_striker": "Aslam Khan",
              "runs": {
                "batter": 0,
                "extras": 0,
                "total": 0
              }
            },
            {
              "batter": "Syed Aziz",
              "bowler": "AR Puri",
              "non_striker": "Aslam Khan",
              "runs": {
                "batter": 1,
                "extras": 0,
                "total": 1
              }
            },
            {
              "batter": "Aslam Khan",
              "bowler": "AR Puri",
              "non_striker": "Syed Aziz",
              "runs": {
                "batter": 6,
                "extras": 0,
                "total": 6
              }
            }
          ]
        },
        {
          "over": 3,
          "deliveries": [
            {
              "batter": "Syed Aziz",
              "bowler": "PSRK Sudarshan",
              "non_striker": "Aslam Khan",
              "runs": {
                "batter": 1,
                "extras": 0,
                "total": 1
              }
            },
            {
              "batter": "Aslam Khan",
              "bowler": "PSRK Sudarshan",
              "non_striker": "Syed Aziz",
              "runs": {
                "batter": 4,
                "extras": 0,
                "total": 4
              }
            },
            {
              "batter": "Aslam Khan",
              "bowler": "PSRK Sudarshan",
              "non_striker": "Syed Aziz",
              "runs": {
                "batter": 0,
                "extras": 0,
                "total": 0
              },
              "wickets": [
                {
                  "player_out": "Aslam Khan",
                  "fielders": [
                    {
                      "name": "AR Puri"
                    }
                  ],
                  "kind": "caught"
                }
              ]
            },
            {
              "batter": "Muhammad Haziq Aiman",
              "bowler": "PSRK Sudarshan",
              "non_striker": "Syed Aziz",
              "runs": {
                "batter": 0,
                "extras": 0,
                "total": 0
              }
            },
            {
              "batter": "Muhammad Haziq Aiman",
              "bowler": "PSRK Sudarshan",
              "non_striker": "Syed Aziz",
              "runs": {
                "batter": 0,
                "extras": 0,
                "total": 0
              }
            },
            {
              "batter": "Muhammad Haziq Aiman",
              "bowler": "PSRK Sudarshan",
              "extras": {
                "legbyes": 1
              },
              "non_striker": "Syed Aziz",
              "runs": {
                "batter": 0,
                "extras": 1,
                "total": 1
              }
            }
          ]
        },
        {
          "over": 4,
          "deliveries": [
            {
              "batter": "Muhammad Haziq Aiman",
              "bowler": "H Venkataram",
              "non_striker": "Syed Aziz",
              "runs": {
                "batter": 4,
                "extras": 0,
                "total": 4
              }
            },
            {
              "batter": "Muhammad Haziq Aiman",
              "bowler": "H Venkataram",
              "non_striker": "Syed Aziz",
              "runs": {
                "batter": 0,
                "extras": 0,
                "total": 0
              },
              "wickets": [
                {
                  "player_out": "Muhammad Haziq Aiman",
                  "fielders": [
                    {
                      "name": "Manpreet Singh"
                    }
                  ],
                  "kind": "caught"
                }
              ]
            },
            {
              "batter": "Virandeep Singh",
              "bowler": "H Venkataram",
              "non_striker": "Syed Aziz",
              "runs": {
                "batter": 0,
                "extras": 0,
                "total": 0
              }
            },
            {
              "batter": "Virandeep Singh",
              "bowler": "H Venkataram",
              "non_striker": "Syed Aziz",
              "runs": {
                "batter": 0,
                "extras": 0,
                "total": 0
              }
            },
            {
              "batter": "Virandeep Singh",
              "bowler": "H Venkataram",
              "non_striker": "Syed Aziz",
              "runs": {
                "batter": 4,
                "extras": 0,
                "total": 4
              }
            },
            {
              "batter": "Virandeep Singh",
              "bowler": "H Venkataram",
              "non_striker": "Syed Aziz",
              "runs": {
                "batter": 4,
                "extras": 0,
                "total": 4
              }
            }
          ]
        },
        {
          "over": 5,
          "deliveries": [
            {
              "batter": "Syed Aziz",
              "bowler": "PSRK Sudarshan",
              "extras": {
                "legbyes": 1
              },
              "non_striker": "Virandeep Singh",
              "runs": {
                "batter": 0,
                "extras": 1,
                "total": 1
              }
            },
            {
              "batter": "Virandeep Singh",
              "bowler": "PSRK Sudarshan",
              "non_striker": "Syed Aziz",
              "runs": {
                "batter": 0,
                "extras": 0,
                "total": 0
              }
            },
            {
              "batter": "Virandeep Singh",
              "bowler": "PSRK Sudarshan",
              "non_striker": "Syed Aziz",
              "runs": {
                "batter": 1,
                "extras": 0,
                "total": 1
              }
            },
            {
              "batter": "Syed Aziz",
              "bowler": "PSRK Sudarshan",
              "non_striker": "Virandeep Singh",
              "runs": {
                "batter": 1,
                "extras": 0,
                "total": 1
              }
            },
            {
              "batter": "Virandeep Singh",
              "bowler": "PSRK Sudarshan",
              "non_striker": "Syed Aziz",
              "runs": {
                "batter": 4,
                "extras": 0,
                "total": 4
              }
            },
            {
              "batter": "Virandeep Singh",
              "bowler": "PSRK Sudarshan",
              "non_striker": "Syed Aziz",
              "runs": {
                "batter": 0,
                "extras": 0,
                "total": 0
              },
              "wickets": [
                {
                  "player_out": "Virandeep Singh",
                  "kind": "bowled"
                }
              ]
            }
          ]
        },
        {
          "over": 6,
          "deliveries": [
            {
              "batter": "Syed Aziz",
              "bowler": "AR Puri",
              "non_striker": "M Syahadat Ramli",
              "runs": {
                "batter": 1,
                "extras": 0,
                "total": 1
              }
            },
            {
              "batter": "M Syahadat Ramli",
              "bowler": "AR Puri",
              "non_striker": "Syed Aziz",
              "runs": {
                "batter": 1,
                "extras": 0,
                "total": 1
              }
            },
            {
              "batter": "Syed Aziz",
              "bowler": "AR Puri",
              "non_striker": "M Syahadat Ramli",
              "runs": {
                "batter": 0,
                "extras": 0,
                "total": 0
              }
            },
            {
              "batter": "Syed Aziz",
              "bowler": "AR Puri",
              "non_striker": "M Syahadat Ramli",
              "runs": {
                "batter": 0,
                "extras": 0,
                "total": 0
              }
            },
            {
              "batter": "Syed Aziz",
              "bowler": "AR Puri",
              "non_striker": "M Syahadat Ramli",
              "runs": {
                "batter": 1,
                "extras": 0,
                "total": 1
              }
            },
            {
              "batter": "M Syahadat Ramli",
              "bowler": "AR Puri",
              "non_striker": "Syed Aziz",
              "runs": {
                "batter": 0,
                "extras": 0,
                "total": 0
              }
            }
          ]
        },
        {
          "over": 7,
          "deliveries": [
            {
              "batter": "Syed Aziz",
              "bowler": "Kabir Berlia",
              "non_striker": "M Syahadat Ramli",
              "runs": {
                "batter": 1,
                "extras": 0,
                "total": 1
              }
            },
            {
              "batter": "M Syahadat Ramli",
              "bowler": "Kabir Berlia",
              "non_striker": "Syed Aziz",
              "runs": {
                "batter": 1,
                "extras": 0,
                "total": 1
              }
            },
            {
              "batter": "Syed Aziz",
              "bowler": "Kabir Berlia",
              "non_striker": "M Syahadat Ramli",
              "runs": {
                "batter": 6,
                "extras": 0,
                "total": 6
              }
            },
            {
              "batter": "Syed Aziz",
              "bowler": "Kabir Berlia",
              "non_striker": "M Syahadat Ramli",
              "runs": {
                "batter": 0,
                "extras": 0,
                "total": 0
              }
            },
            {
              "batter": "Syed Aziz",
              "bowler": "Kabir Berlia",
              "non_striker": "M Syahadat Ramli",
              "runs": {
                "batter": 1,
                "extras": 0,
                "total": 1
              }
            },
            {
              "batter": "M Syahadat Ramli",
              "bowler": "Kabir Berlia",
              "non_striker": "Syed Aziz",
              "runs": {
                "batter": 1,
                "extras": 0,
                "total": 1
              }
            }
          ]
        },
        {
          "over": 8,
          "deliveries": [
            {
              "batter": "M Syahadat Ramli",
              "bowler": "AR Puri",
              "non_striker": "Syed Aziz",
              "runs": {
                "batter": 0,
                "extras": 0,
                "total": 0
              }
            },
            {
              "batter": "M Syahadat Ramli",
              "bowler": "AR Puri",
              "non_striker": "Syed Aziz",
              "runs": {
                "batter": 0,
                "extras": 0,
                "total": 0
              }
            },
            {
              "batter": "M Syahadat Ramli",
              "bowler": "AR Puri",
              "non_striker": "Syed Aziz",
              "runs": {
                "batter": 0,
                "extras": 0,
                "total": 0
              },
              "wickets": [
                {
                  "player_out": "M Syahadat Ramli",
                  "fielders": [
                    {
                      "name": "C Shivakumar"
                    }
                  ],
                  "kind": "caught"
                }
              ]
            },
            {
              "batter": "S Muniandy",
              "bowler": "AR Puri",
              "non_striker": "Syed Aziz",
              "runs": {
                "batter": 1,
                "extras": 0,
                "total": 1
              }
            },
            {
              "batter": "Syed Aziz",
              "bowler": "AR Puri",
              "non_striker": "S Muniandy",
              "runs": {
                "batter": 1,
                "extras": 0,
                "total": 1
              }
            },
            {
              "batter": "S Muniandy",
              "bowler": "AR Puri",
              "non_striker": "Syed Aziz",
              "runs": {
                "batter": 2,
                "extras": 0,
                "total": 2
              }
            }
          ]
        },
        {
          "over": 9,
          "deliveries": [
            {
              "batter": "Syed Aziz",
              "bowler": "Kabir Berlia",
              "non_striker": "S Muniandy",
              "runs": {
                "batter": 1,
                "extras": 0,
                "total": 1
              }
            },
            {
              "batter": "S Muniandy",
              "bowler": "Kabir Berlia",
              "non_striker": "Syed Aziz",
              "runs": {
                "batter": 1,
                "extras": 0,
                "total": 1
              }
            },
            {
              "batter": "Syed Aziz",
              "bowler": "Kabir Berlia",
              "non_striker": "S Muniandy",
              "runs": {
                "batter": 6,
                "extras": 0,
                "total": 6
              }
            },
            {
              "batter": "Syed Aziz",
              "bowler": "Kabir Berlia",
              "non_striker": "S Muniandy",
              "runs": {
                "batter": 6,
                "extras": 0,
                "total": 6
              }
            }
          ]
        }
      ],
      "powerplays": [
        {
          "from": 0.1,
          "to": 5.6,
          "type": "mandatory"
        }
      ],
      "target": {
        "overs": 20,
        "runs": 106
      }
    }
  ]
}