{
  "meta": {
    "data_version": "1.1.0",
    "created": "2025-07-25",
    "revision": 1
  },
  "info": {
    "balls_per_over": 6,
    "city": "Entebbe",
    "dates": [
      "2025-07-25"
    ],
    "event": {
      "name": "Pearl of Africa T20I Series",
      "match_number": 13
    },
    "gender": "male",
    "match_type": "T20",
    "match_type_number": 3363,
    "officials": {
      "match_referees": [
        "O Chirombe"
      ],
      "reserve_umpires": [
        "J Bamulese"
      ],
      "umpires": [
        "Charles Kariuki",
        "S Kintu"
      ]
    },
    "outcome": {
      "winner": "Uganda",
      "by": {
        "wickets": 6
      }
    },
    "overs": 20,
    "player_of_match": [
      "DM Nakrani"
    ],
    "players": {
      "Kenya": [
        "DM Gondaria",
        "P Sharma",
        "S Singh",
        "RR Patel",
        "S Gill",
        "JS Kundi",
        "Tanzeel Sheikh",
        "LN Oluoch",
        "SO Ngoche",
        "P Koech",
        "Vraj Patel"
      ],
      "Uganda": [
        "SG Mangela",
        "R Obuya",
        "Raghav Dhawan",
        "CN Kakuru",
        "DM Nakrani",
        "J Miyaji",
        "AR Ramjani",
        "M Musinguzi",
        "C Watuwa",
        "F Nsubuga",
        "C Kyewuta"
      ]
    },
    "registry": {
      "people": {
        "AR Ramjani": "30d8136b",
        "C Kyewuta": "395695ce",
        "C Watuwa": "121d97fb",
        "CN Kakuru": "f6aed283",
        "Charles Kariuki": "8de34db0",
        "DM Gondaria": "9048c17e",
        "DM Nakrani": "46a7ac78",
        "F Nsubuga": "87e33d07",
        "J Bamulese": "e8c8f086",
        "J Miyaji": "414d8a10",
        "JS Kundi": "092ccf20",
        "LN Oluoch": "eb4f9c61",
        "M Musinguzi": "34712b35",
        "O Chirombe": "6345307f",
        "P Koech": "f4a0a615",
        "P Sharma": "d047f983",
        "R Obuya": "6bc04a3e",
        "RR Patel": "7fa6bd8e",
        "Raghav Dhawan": "ac64c2ef",
        "S Gill": "3e6e9a5f",
        "S Kintu": "ff387f93",
        "S Singh": "612a395c",
        "SG Mangela": "eb3c3cca",
        "SO Ngoche": "49118dc7",
        "Tanzeel Sheikh": "5493ad5c",
        "Vraj Patel": "2af28253"
      }
    },
    "season": "2025",
    "team_type": "international",
    "teams": [
      "Kenya",
      "Uganda"
    ],
    "toss": {
      "decision": "field",
      "winner": "Uganda"
    },
    "venue": "Entebbe Cricket Oval"
  },
  "innings": [
    {
      "team": "Kenya",
      "overs": [
        {
          "over": 0,
          "deliveries": [
            {
              "batter": "DM Gondaria",
              "bowler": "J Miyaji",
              "non_striker": "P Sharma",
              "runs": {
                "batter": 2,
                "extras": 0,
                "total": 2
              }
            },
            {
              "batter": "DM Gondaria",
              "bowler": "J Miyaji",
              "non_striker": "P Sharma",
              "runs": {
                "batter": 0,
                "extras": 0,
                "total": 0
              }
            },
            {
              "batter": "DM Gondaria",
              "bowler": "J Miyaji",
              "non_striker": "P Sharma",
              "runs": {
                "batter": 1,
                "extras": 0,
                "total": 1
              }
            },
            {
              "batter": "P Sharma",
              "bowler": "J Miyaji",
              "extras": {
                "wides": 1
              },
              "non_striker": "DM Gondaria",
              "runs": {
                "batter": 0,
                "extras": 1,
                "total": 1
              }
            },
            {
              "batter": "P Sharma",
              "bowler": "J Miyaji",
              "extras": {
                "wides": 1
              },
              "non_striker": "DM Gondaria",
              "runs": {
                "batter": 0,
                "extras": 1,
                "total": 1
              }
            },
            {
              "batter": "P Sharma",
              "bowler": "J Miyaji",
              "non_striker": "DM Gondaria",
              "runs": {
                "batter": 0,
                "extras": 0,
                "total": 0
              }
            },
            {
              "batter": "P Sharma",
              "bowler": "J Miyaji",
              "non_striker": "DM Gondaria",
              "runs": {
                "batter": 2,
                "extras": 0,
                "total": 2
              }
            },
            {
              "batter": "P Sharma",
              "bowler": "J Miyaji",
              "non_striker": "DM Gondaria",
              "runs": {
                "batter": 4,
                "extras": 0,
                "total": 4
              }
            }
          ]
        },
        {
          "over": 1,
          "deliveries": [
            {
              "batter": "DM Gondaria",
              "bowler": "F Nsubuga",
              "non_striker": "P Sharma",
              "runs": {
                "batter": 0,
                "extras": 0,
                "total": 0
              }
            },
            {
              "batter": "DM Gondaria",
              "bowler": "F Nsubuga",
              "non_striker": "P Sharma",
              "runs": {
                "batter": 4,
                "extras": 0,
                "total": 4
              }
            },
            {
              "batter": "DM Gondaria",
              "bowler": "F Nsubuga",
              "non_striker": "P Sharma",
              "runs": {
                "batter": 2,
                "extras": 0,
                "total": 2
              }
            },
            {
              "batter": "DM Gondaria",
              "bowler": "F Nsubuga",
              "non_striker": "P Sharma",
              "runs": {
                "batter": 1,
                "extras": 0,
                "total": 1
              }
            },
            {
              "batter": "P Sharma",
              "bowler": "F Nsubuga",
              "non_striker": "DM Gondaria",
              "runs": {
                "batter": 0,
                "extras": 0,
                "total": 0
              }
            },
            {
              "batter": "P Sharma",
              "bowler": "F Nsubuga",
              "non_striker": "DM Gondaria",
              "runs": {
                "batter": 1,
                "extras": 0,
                "total": 1
              }
            }
          ]
        },
        {
          "over": 2,
          "deliveries": [
            {
              "batter": "P Sharma",
              "bowler": "J Miyaji",
              "non_striker": "DM Gondaria",
              "runs": {
                "batter": 0,
                "extras": 0,
                "total": 0
              },
              "wickets": [
                {
                  "player_out": "P Sharma",
                  "kind": "bowled"
                }
              ]
            },
            {
              "batter": "S Singh",
              "bowler": "J Miyaji",
              "non_striker": "DM Gondaria",
              "runs": {
                "batter": 2,
                "extras": 0,
                "total": 2
              }
            },
            {
              "batter": "S Singh",
              "bowler": "J Miyaji",
              "non_striker": "DM Gondaria",
              "runs": {
                "batter": 0,
                "extras": 0,
                "total": 0
              }
            },
            {
              "batter": "S Singh",
              "bowler": "J Miyaji",
              "non_striker": "DM Gondaria",
              "runs": {
                "batter": 0,
                "extras": 0,
                "total": 0
              }
            },
            {
              "batter": "S Singh",
              "bowler": "J Miyaji",
              "non_striker": "DM Gondaria",
              "runs": {
                "batter": 0,
                "extras": 0,
                "total": 0
              }
            },
            {
              "batter": "S Singh",
              "bowler": "J Miyaji",
              "extras": {
                "wides": 5
              },
              "non_striker": "DM Gondaria",
              "runs": {
                "batter": 0,
                "extras": 5,
                "total": 5
              }
            },
            {
              "batter": "S Singh",
              "bowler": "J Miyaji",
              "non_striker": "DM Gondaria",
              "runs": {
                "batter": 4,
                "extras": 0,
                "total": 4
              }
            }
          ]
        },
        {
          "over": 3,
          "deliveries": [
            {
              "batter": "DM Gondaria",
              "bowler": "F Nsubuga",
              "non_striker": "S Singh",
              "runs": {
                "batter": 1,
                "extras": 0,
                "total": 1
              }
            },
            {
              "batter": "S Singh",
              "bowler": "F Nsubuga",
              "non_striker": "DM Gondaria",
              "runs": {
                "batter": 0,
                "extras": 0,
                "total": 0
              },
              "wickets": [
                {
                  "player_out": "S Singh",
                  "fielders": [
                    {
                      "name": "J Miyaji"
                    }
                  ],
                  "kind": "caught"
                }
              ]
            },
            {
              "batter": "RR Patel",
              "bowler": "F Nsubuga",
              "non_striker": "DM Gondaria",
              "runs": {
                "batter": 0,
                "extras": 0,
                "total": 0
              }
            },
            {
              "batter": "RR Patel",
              "bowler": "F Nsubuga",
              "non_striker": "DM Gondaria",
              "runs": {
                "batter": 0,
                "extras": 0,
                "total": 0
              }
            },
            {
              "batter": "RR Patel",
              "bowler": "F Nsubuga",
              "non_striker": "DM Gondaria",
              "runs": {
                "batter": 0,
                "extras": 0,
                "total": 0
              }
            },
            {
              "batter": "RR Patel",
              "bowler": "F Nsubuga",
              "non_striker": "DM Gondaria",
              "runs": {
                "batter": 1,
                "extras": 0,
                "total": 1
              }
            }
          ]
        },
        {
          "over": 4,
          "deliveries": [
            {
              "batter": "RR Patel",
              "bowler": "C Kyewuta",
              "non_striker": "DM Gondaria",
              "runs": {
                "batter": 1,
                "extras": 0,
                "total": 1
              }
            },
            {
              "batter": "DM Gondaria",
              "bowler": "C Kyewuta",
              "non_striker": "RR Patel",
              "runs": {
                "batter": 2,
                "extras": 0,
                "total": 2
              }
            },
            {
              "batter": "DM Gondaria",
              "bowler": "C Kyewuta",
              "non_striker": "RR Patel",
              "runs": {
                "batter": 4,
                "extras": 0,
                "total": 4
              }
            },
            {
              "batter": "DM Gondaria",
              "bowler": "C Kyewuta",
              "non_striker": "RR Patel",
              "runs": {
                "batter": 0,
                "extras": 0,
                "total": 0
              }
            },
            {
              "batter": "DM Gondaria",
              "bowler": "C Kyewuta",
              "non_striker": "RR Patel",
              "runs": {
                "batter": 1,
                "extras": 0,
                "total": 1
              }
            },
            {
              "batter": "RR Patel",
              "bowler": "C Kyewuta",
              "non_striker": "DM Gondaria",
              "runs": {
                "batter": 0,
                "extras": 0,
                "total": 0
              }
            }
          ]
        },
        {
          "over": 5,
          "deliveries": [
            {
              "batter": "DM Gondaria",
              "bowler": "AR Ramjani",
              "non_striker": "RR Patel",
              "runs": {
                "batter": 0,
                "extras": 0,
                "total": 0
              }
            },
            {
              "batter": "DM Gondaria",
              "bowler": "AR Ramjani",
              "non_striker": "RR Patel",
              "runs": {
                "batter": 0,
                "extras": 0,
                "total": 0
              }
            },
            {
              "batter": "DM Gondaria",
              "bowler": "AR Ramjani",
              "non_striker": "RR Patel",
              "runs": {
                "batter": 0,
                "extras": 0,
                "total": 0
              }
            },
            {
              "batter": "DM Gondaria",
              "bowler": "AR Ramjani",
              "non_striker": "RR Patel",
              "runs": {
                "batter": 0,
                "extras": 0,
                "total": 0
              },
              "wickets": [
                {
                  "player_out": "DM Gondaria",
                  "kind": "caught and bowled"
                }
              ]
            },
            {
              "batter": "S Gill",
              "bowler": "AR Ramjani",
              "non_striker": "RR Patel",
              "runs": {
                "batter": 0,
                "extras": 0,
                "total": 0
              }
            },
            {
              "batter": "S Gill",
              "bowler": "AR Ramjani",
              "non_striker": "RR Patel",
              "runs": {
                "batter": 0,
                "extras": 0,
                "total": 0
              }
            }
          ]
        },
        {
          "over": 6,
          "deliveries": [
            {
              "batter": "RR Patel",
              "bowler": "C Kyewuta",
              "non_striker": "S Gill",
              "runs": {
                "batter": 1,
                "extras": 0,
                "total": 1
              }
            },
            {
              "batter": "S Gill",
              "bowler": "C Kyewuta",
              "non_striker": "RR Patel",
              "runs": {
                "batter": 0,
                "extras": 0,
                "total": 0
              }
            },
            {
              "batter": "S Gill",
              "bowler": "C Kyewuta",
              "non_striker": "RR Patel",
              "runs": {
                "batter": 0,
                "extras": 0,
                "total": 0
              }
            },
            {
              "batter": "S Gill",
              "bowler": "C Kyewuta",
              "extras": {
                "legbyes": 1
              },
              "non_striker": "RR Patel",
              "runs": {
                "batter": 0,
                "extras": 1,
                "total": 1
              }
            },
            {
              "batter": "RR Patel",
              "bowler": "C Kyewuta",
              "non_striker": "S Gill",
              "runs": {
                "batter": 4,
                "extras": 0,
                "total": 4
              }
            },
            {
              "batter": "RR Patel",
              "bowler": "C Kyewuta",
              "non_striker": "S Gill",
              "runs": {
                "batter": 1,
                "extras": 0,
                "total": 1
              }
            }
          ]
        },
        {
          "over": 7,
          "deliveries": [
            {
              "batter": "RR Patel",
              "bowler": "AR Ramjani",
              "non_striker": "S Gill",
              "runs": {
                "batter": 0,
                "extras": 0,
                "total": 0
              }
            },
            {
              "batter": "RR Patel",
              "bowler": "AR Ramjani",
              "non_striker": "S Gill",
              "runs": {
                "batter": 1,
                "extras": 0,
                "total": 1
              }
            },
            {
              "batter": "S Gill",
              "bowler": "AR Ramjani",
              "non_striker": "RR Patel",
              "runs": {
                "batter": 1,
                "extras": 0,
                "total": 1
              }
            },
            {
              "batter": "RR Patel",
              "bowler": "AR Ramjani",
              "non_striker": "S Gill",
              "runs": {
                "batter": 0,
                "extras": 0,
                "total": 0
              }
            },
            {
              "batter": "RR Patel",
              "bowler": "AR Ramjani",
              "non_striker": "S Gill",
              "runs": {
                "batter": 2,
                "extras": 0,
                "total": 2
              }
            },
            {
              "batter": "RR Patel",
              "bowler": "AR Ramjani",
              "non_striker": "S Gill",
              "runs": {
                "batter": 2,
                "extras": 0,
                "total": 2
              }
            }
          ]
        },
        {
          "over": 8,
          "deliveries": [
            {
              "batter": "S Gill",
              "bowler": "DM Nakrani",
              "non_striker": "RR Patel",
              "runs": {
                "batter": 0,
                "extras": 0,
                "total": 0
              },
              "wickets": [
                {
                  "player_out": "S Gill",
                  "fielders": [
                    {
                      "name": "CN Kakuru"
                    }
                  ],
                  "kind": "caught"
                }
              ]
            },
            {
              "batter": "JS Kundi",
              "bowler": "DM Nakrani",
              "non_striker": "RR Patel",
              "runs": {
                "batter": 0,
                "extras": 0,
                "total": 0
              }
            },
            {
              "batter": "JS Kundi",
              "bowler": "DM Nakrani",
              "non_striker": "RR Patel",
              "runs": {
                "batter": 1,
                "extras": 0,
                "total": 1
              }
            },
            {
              "batter": "RR Patel",
              "bowler": "DM Nakrani",
              "non_striker": "JS Kundi",
              "runs": {
                "batter": 0,
                "extras": 0,
                "total": 0
              }
            },
            {
              "batter": "RR Patel",
              "bowler": "DM Nakrani",
              "non_striker": "JS Kundi",
              "runs": {
                "batter": 0,
                "extras": 0,
                "total": 0
              }
            },
            {
              "batter": "RR Patel",
              "bowler": "DM Nakrani",
              "non_striker": "JS Kundi",
              "runs": {
                "batter": 1,
                "extras": 0,
                "total": 1
              }
            }
          ]
        },
        {
          "over": 9,
          "deliveries": [
            {
              "batter": "RR Patel",
              "bowler": "M Musinguzi",
              "extras": {
                "wides": 1
              },
              "non_striker": "JS Kundi",
              "runs": {
                "batter": 0,
                "extras": 1,
                "total": 1
              }
            },
            {
              "batter": "RR Patel",
              "bowler": "M Musinguzi",
              "non_striker": "JS Kundi",
              "runs": {
                "batter": 1,
                "extras": 0,
                "total": 1
              }
            },
            {
              "batter": "JS Kundi",
              "bowler": "M Musinguzi",
              "non_striker": "RR Patel",
              "runs": {
                "batter": 0,
                "extras": 0,
                "total": 0
              }
            },
            {
              "batter": "JS Kundi",
              "bowler": "M Musinguzi",
              "non_striker": "RR Patel",
              "runs": {
                "batter": 0,
                "extras": 0,
                "total": 0
              }
            },
            {
              "batter": "JS Kundi",
              "bowler": "M Musinguzi",
              "non_striker": "RR Patel",
              "runs": {
                "batter": 0,
                "extras": 0,
                "total": 0
              }
            },
            {
              "batter": "JS Kundi",
              "bowler": "M Musinguzi",
              "non_striker": "RR Patel",
              "runs": {
                "batter": 2,
                "extras": 0,
                "total": 2
              }
            },
            {
              "batter": "JS Kundi",
              "bowler": "M Musinguzi",
              "non_striker": "RR Patel",
              "runs": {
                "batter": 1,
                "extras": 0,
                "total": 1
              }
            }
          ]
        },
        {
          "over": 10,
          "deliveries": [
            {
              "batter": "JS Kundi",
              "bowler": "DM Nakrani",
              "non_striker": "RR Patel",
              "runs": {
                "batter": 0,
                "extras": 0,
                "total": 0
              }
            },
            {
              "batter": "JS Kundi",
              "bowler": "DM Nakrani",
              "non_striker": "RR Patel",
              "runs": {
                "batter": 1,
                "extras": 0,
                "total": 1
              }
            },
            {
              "batter": "RR Patel",
              "bowler": "DM Nakrani",
              "non_striker": "JS Kundi",
              "runs": {
                "batter": 1,
                "extras": 0,
                "total": 1
              }
            },
            {
              "batter": "JS Kundi",
              "bowler": "DM Nakrani",
              "non_striker": "RR Patel",
              "runs": {
                "batter": 0,
                "extras": 0,
                "total": 0
              }
            },
            {
              "batter": "JS Kundi",
              "bowler": "DM Nakrani",
              "non_striker": "RR Patel",
              "runs": {
                "batter": 2,
                "extras": 0,
                "total": 2
              }
            },
            {
              "batter": "JS Kundi",
              "bowler": "DM Nakrani",
              "non_striker": "RR Patel",
              "runs": {
                "batter": 0,
                "extras": 0,
                "total": 0
              }
            }
          ]
        },
        {
          "over": 11,
          "deliveries": [
            {
              "batter": "RR Patel",
              "bowler": "M Musinguzi",
              "non_striker": "JS Kundi",
              "runs": {
                "batter": 0,
                "extras": 0,
                "total": 0
              }
            },
            {
              "batter": "RR Patel",
              "bowler": "M Musinguzi",
              "non_striker": "JS Kundi",
              "runs": {
                "batter": 1,
                "extras": 0,
                "total": 1
              }
            },
            {
              "batter": "JS Kundi",
              "bowler": "M Musinguzi",
              "non_striker": "RR Patel",
              "runs": {
                "batter": 0,
                "extras": 0,
                "total": 0
              }
            },
            {
              "batter": "JS Kundi",
              "bowler": "M Musinguzi",
              "non_striker": "RR Patel",
              "runs": {
                "batter": 1,
                "extras": 0,
                "total": 1
              }
            },
            {
              "batter": "RR Patel",
              "bowler": "M Musinguzi",
              "non_striker": "JS Kundi",
              "runs": {
                "batter": 3,
                "extras": 0,
                "total": 3
              }
            },
            {
              "batter": "JS Kundi",
              "bowler": "M Musinguzi",
              "non_striker": "RR Patel",
              "runs": {
                "batter": 1,
                "extras": 0,
                "total": 1
              }
            }
          ]
        },
        {
          "over": 12,
          "deliveries": [
            {
              "batter": "JS Kundi",
              "bowler": "DM Nakrani",
              "non_striker": "RR Patel",
              "runs": {
                "batter": 2,
                "extras": 0,
                "total": 2
              }
            },
            {
              "batter": "JS Kundi",
              "bowler": "DM Nakrani",
              "non_striker": "RR Patel",
              "runs": {
                "batter": 0,
                "extras": 0,
                "total": 0
              }
            },
            {
              "batter": "JS Kundi",
              "bowler": "DM Nakrani",
              "non_striker": "RR Patel",
              "runs": {
                "batter": 1,
                "extras": 0,
                "total": 1
              }
            },
            {
              "batter": "RR Patel",
              "bowler": "DM Nakrani",
              "non_striker": "JS Kundi",
              "runs": {
                "batter": 1,
                "extras": 0,
                "total": 1
              }
            },
            {
              "batter": "JS Kundi",
              "bowler": "DM Nakrani",
              "non_striker": "RR Patel",
              "runs": {
                "batter": 0,
                "extras": 0,
                "total": 0
              }
            },
            {
              "batter": "JS Kundi",
              "bowler": "DM Nakrani",
              "non_striker": "RR Patel",
              "runs": {
                "batter": 1,
                "extras": 0,
                "total": 1
              }
            }
          ]
        },
        {
          "over": 13,
          "deliveries": [
            {
              "batter": "JS Kundi",
              "bowler": "AR Ramjani",
              "non_striker": "RR Patel",
              "runs": {
                "batter": 1,
                "extras": 0,
                "total": 1
              }
            },
            {
              "batter": "RR Patel",
              "bowler": "AR Ramjani",
              "non_striker": "JS Kundi",
              "runs": {
                "batter": 1,
                "extras": 0,
                "total": 1
              }
            },
            {
              "batter": "JS Kundi",
              "bowler": "AR Ramjani",
              "non_striker": "RR Patel",
              "runs": {
                "batter": 0,
                "extras": 0,
                "total": 0
              }
            },
            {
              "batter": "JS Kundi",
              "bowler": "AR Ramjani",
              "non_striker": "RR Patel",
              "runs": {
                "batter": 1,
                "extras": 0,
                "total": 1
              }
            },
            {
              "batter": "RR Patel",
              "bowler": "AR Ramjani",
              "non_striker": "JS Kundi",
              "runs": {
                "batter": 4,
                "extras": 0,
                "total": 4
              }
            },
            {
              "batter": "RR Patel",
              "bowler": "AR Ramjani",
              "non_striker": "JS Kundi",
              "runs": {
                "batter": 1,
                "extras": 0,
                "total": 1
              }
            }
          ]
        },
        {
          "over": 14,
          "deliveries": [
            {
              "batter": "RR Patel",
              "bowler": "DM Nakrani",
              "non_striker": "JS Kundi",
              "runs": {
                "batter": 4,
                "extras": 0,
                "total": 4
              }
            },
            {
              "batter": "RR Patel",
              "bowler": "DM Nakrani",
              "non_striker": "JS Kundi",
              "runs": {
                "batter": 1,
                "extras": 0,
                "total": 1
              }
            },
            {
              "batter": "JS Kundi",
              "bowler": "DM Nakrani",
              "non_striker": "RR Patel",
              "runs": {
                "batter": 0,
                "extras": 0,
                "total": 0
              },
              "wickets": [
                {
                  "player_out": "JS Kundi",
                  "fielders": [
                    {
                      "name": "CN Kakuru"
                    }
                  ],
                  "kind": "run out"
                }
              ]
            },
            {
              "batter": "Tanzeel Sheikh",
              "bowler": "DM Nakrani",
              "non_striker": "RR Patel",
              "runs": {
                "batter": 0,
                "extras": 0,
                "total": 0
              }
            },
            {
              "batter": "Tanzeel Sheikh",
              "bowler": "DM Nakrani",
              "non_striker": "RR Patel",
              "runs": {
                "batter": 1,
                "extras": 0,
                "total": 1
              }
            },
            {
              "batter": "RR Patel",
              "bowler": "DM Nakrani",
              "non_striker": "Tanzeel Sheikh",
              "runs": {
                "batter": 1,
                "extras": 0,
                "total": 1
              }
            }
          ]
        },
        {
          "over": 15,
          "deliveries": [
            {
              "batter": "RR Patel",
              "bowler": "AR Ramjani",
              "non_striker": "Tanzeel Sheikh",
              "runs": {
                "batter": 0,
                "extras": 0,
                "total": 0
              }
            },
            {
              "batter": "RR Patel",
              "bowler": "AR Ramjani",
              "non_striker": "Tanzeel Sheikh",
              "runs": {
                "batter": 1,
                "extras": 0,
                "total": 1
              }
            },
            {
              "batter": "Tanzeel Sheikh",
              "bowler": "AR Ramjani",
              "non_striker": "RR Patel",
              "runs": {
                "batter": 1,
                "extras": 0,
                "total": 1
              }
            },
            {
              "batter": "RR Patel",
              "bowler": "AR Ramjani",
              "non_striker": "Tanzeel Sheikh",
              "runs": {
                "batter": 1,
                "extras": 0,
                "total": 1
              }
            },
            {
              "batter": "Tanzeel Sheikh",
              "bowler": "AR Ramjani",
              "non_striker": "RR Patel",
              "runs": {
                "batter": 4,
                "extras": 0,
                "total": 4
              }
            },
            {
              "batter": "Tanzeel Sheikh",
              "bowler": "AR Ramjani",
              "non_striker": "RR Patel",
              "runs": {
                "batter": 1,
                "extras": 0,
                "total": 1
              }
            }
          ]
        },
        {
          "over": 16,
          "deliveries": [
            {
              "batter": "Tanzeel Sheikh",
              "bowler": "J Miyaji",
              "non_striker": "RR Patel",
              "runs": {
                "batter": 0,
                "extras": 0,
                "total": 0
              },
              "wickets": [
                {
                  "player_out": "Tanzeel Sheikh",
                  "kind": "bowled"
                }
              ]
            },
            {
              "batter": "LN Oluoch",
              "bowler": "J Miyaji",
              "non_striker": "RR Patel",
              "runs": {
                "batter": 1,
                "extras": 0,
                "total": 1
              }
            },
            {
              "batter": "RR Patel",
              "bowler": "J Miyaji",
              "extras": {
                "wides": 2
              },
              "non_striker": "LN Oluoch",
              "runs": {
                "batter": 0,
                "extras": 2,
                "total": 2
              }
            },
            {
              "batter": "LN Oluoch",
              "bowler": "J Miyaji",
              "non_striker": "RR Patel",
              "runs": {
                "batter": 4,
                "extras": 0,
                "total": 4
              }
            },
            {
              "batter": "LN Oluoch",
              "bowler": "J Miyaji",
              "non_striker": "RR Patel",
              "runs": {
                "batter": 1,
                "extras": 0,
                "total": 1
              }
            },
            {
              "batter": "RR Patel",
              "bowler": "J Miyaji",
              "non_striker": "LN Oluoch",
              "runs": {
                "batter": 0,
                "extras": 0,
                "total": 0
              }
            },
            {
              "batter": "RR Patel",
              "bowler": "J Miyaji",
              "non_striker": "LN Oluoch",
              "runs": {
                "batter": 1,
                "extras": 0,
                "total": 1
              }
            }
          ]
        },
        {
          "over": 17,
          "deliveries": [
            {
              "batter": "RR Patel",
              "bowler": "C Kyewuta",
              "non_striker": "LN Oluoch",
              "runs": {
                "batter": 1,
                "extras": 0,
                "total": 1
              }
            },
            {
              "batter": "LN Oluoch",
              "bowler": "C Kyewuta",
              "non_striker": "RR Patel",
              "runs": {
                "batter": 1,
                "extras": 0,
                "total": 1
              }
            },
            {
              "batter": "RR Patel",
              "bowler": "C Kyewuta",
              "non_striker": "LN Oluoch",
              "runs": {
                "batter": 0,
                "extras": 0,
                "total": 0
              },
              "wickets": [
                {
                  "player_out": "RR Patel",
                  "fielders": [
                    {
                      "name": "R Obuya"
                    }
                  ],
                  "kind": "caught"
                }
              ]
            },
            {
              "batter": "SO Ngoche",
              "bowler": "C Kyewuta",
              "non_striker": "LN Oluoch",
              "runs": {
                "batter": 1,
                "extras": 0,
                "total": 1
              }
            },
            {
              "batter": "LN Oluoch",
              "bowler": "C Kyewuta",
              "non_striker": "SO Ngoche",
              "runs": {
                "batter": 1,
                "extras": 0,
                "total": 1
              }
            },
            {
              "batter": "SO Ngoche",
              "bowler": "C Kyewuta",
              "non_striker": "LN Oluoch",
              "runs": {
                "batter": 1,
                "extras": 0,
                "total": 1
              }
            }
          ]
        },
        {
          "over": 18,
          "deliveries": [
            {
              "batter": "SO Ngoche",
              "bowler": "J Miyaji",
              "non_striker": "LN Oluoch",
              "runs": {
                "batter": 0,
                "extras": 0,
                "total": 0
              }
            },
            {
              "batter": "SO Ngoche",
              "bowler": "J Miyaji",
              "non_striker": "LN Oluoch",
              "runs": {
                "batter": 1,
                "extras": 0,
                "total": 1
              }
            },
            {
              "batter": "LN Oluoch",
              "bowler": "J Miyaji",
              "non_striker": "SO Ngoche",
              "runs": {
                "batter": 0,
                "extras": 0,
                "total": 0
              }
            },
            {
              "batter": "LN Oluoch",
              "bowler": "J Miyaji",
              "non_striker": "SO Ngoche",
              "runs": {
                "batter": 0,
                "extras": 0,
                "total": 0
              }
            },
            {
              "batter": "LN Oluoch",
              "bowler": "J Miyaji",
              "non_striker": "SO Ngoche",
              "runs": {
                "batter": 1,
                "extras": 0,
                "total": 1
              }
            },
            {
              "batter": "SO Ngoche",
              "bowler": "J Miyaji",
              "non_striker": "LN Oluoch",
              "runs": {
                "batter": 4,
                "extras": 0,
                "total": 4
              }
            }
          ]
        },
        {
          "over": 19,
          "deliveries": [
            {
              "batter": "LN Oluoch",
              "bowler": "C Kyewuta",
              "non_striker": "SO Ngoche",
              "runs": {
                "batter": 1,
                "extras": 0,
                "total": 1
              }
            },
            {
              "batter": "SO Ngoche",
              "bowler": "C Kyewuta",
              "non_striker": "LN Oluoch",
              "runs": {
                "batter": 0,
                "extras": 0,
                "total": 0
              }
            },
            {
              "batter": "SO Ngoche",
              "bowler": "C Kyewuta",
              "non_striker": "LN Oluoch",
              "runs": {
                "batter": 0,
                "extras": 0,
                "total": 0
              },
              "wickets": [
                {
                  "player_out": "SO Ngoche",
                  "fielders": [
                    {
                      "name": "J Miyaji"
                    }
                  ],
                  "kind": "caught"
                }
              ]
            },
            {
              "batter": "P Koech",
              "bowler": "C Kyewuta",
              "non_striker": "LN Oluoch",
              "runs": {
                "batter": 1,
                "extras": 0,
                "total": 1
              }
            },
            {
              "batter": "LN Oluoch",
              "bowler": "C Kyewuta",
              "non_striker": "P Koech",
              "runs": {
                "batter": 2,
                "extras": 0,
                "total": 2
              }
            },
            {
              "batter": "LN Oluoch",
              "bowler": "C Kyewuta",
              "non_striker": "P Koech",
              "runs": {
                "batter": 2,
                "extras": 0,
                "total": 2
              }
            }
          ]
        }
      ],
      "powerplays": [
        {
          "from": 0.1,
          "to": 5.6,
          "type": "mandatory"
        }
      ]
    },
    {
      "team": "Uganda",
      "overs": [
        {
          "over": 0,
          "deliveries": [
            {
              "batter": "SG Mangela",
              "bowler": "S Gill",
              "non_striker": "R Obuya",
              "runs": {
                "batter": 1,
                "extras": 0,
                "total": 1
              }
            },
            {
              "batter": "R Obuya",
              "bowler": "S Gill",
              "non_striker": "SG Mangela",
              "runs": {
                "batter": 0,
                "extras": 0,
                "total": 0
              }
            },
            {
              "batter": "R Obuya",
              "bowler": "S Gill",
              "non_striker": "SG Mangela",
              "runs": {
                "batter": 0,
                "extras": 0,
                "total": 0
              }
            },
            {
              "batter": "R Obuya",
              "bowler": "S Gill",
              "non_striker": "SG Mangela",
              "runs": {
                "batter": 0,
                "extras": 0,
                "total": 0
              }
            },
            {
              "batter": "R Obuya",
              "bowler": "S Gill",
              "non_striker": "SG Mangela",
              "runs": {
                "batter": 1,
                "extras": 0,
                "total": 1
              }
            },
            {
              "batter": "SG Mangela",
              "bowler": "S Gill",
              "extras": {
                "wides": 1
              },
              "non_striker": "R Obuya",
              "runs": {
                "batter": 0,
                "extras": 1,
                "total": 1
              }
            },
            {
              "batter": "SG Mangela",
              "bowler": "S Gill",
              "non_striker": "R Obuya",
              "runs": {
                "batter": 4,
                "extras": 0,
                "total": 4
              }
            }
          ]
        },
        {
          "over": 1,
          "deliveries": [
            {
              "batter": "R Obuya",
              "bowler": "P Koech",
              "non_striker": "SG Mangela",
              "runs": {
                "batter": 0,
                "extras": 0,
                "total": 0
              }
            },
            {
              "batter": "R Obuya",
              "bowler": "P Koech",
              "non_striker": "SG Mangela",
              "runs": {
                "batter": 4,
                "extras": 0,
                "total": 4
              }
            },
            {
              "batter": "R Obuya",
              "bowler": "P Koech",
              "non_striker": "SG Mangela",
              "runs": {
                "batter": 4,
                "extras": 0,
                "total": 4
              }
            },
            {
              "batter": "R Obuya",
              "bowler": "P Koech",
              "non_striker": "SG Mangela",
              "runs": {
                "batter": 4,
                "extras": 0,
                "total": 4
              }
            },
            {
              "batter": "R Obuya",
              "bowler": "P Koech",
              "non_striker": "SG Mangela",
              "runs": {
                "batter": 0,
                "extras": 0,
                "total": 0
              }
            },
            {
              "batter": "R Obuya",
              "bowler": "P Koech",
              "non_striker": "SG Mangela",
              "runs": {
                "batter": 0,
                "extras": 0,
                "total": 0
              }
            }
          ]
        },
        {
          "over": 2,
          "deliveries": [
            {
              "batter": "SG Mangela",
              "bowler": "S Gill",
              "non_striker": "R Obuya",
              "runs": {
                "batter": 4,
                "extras": 0,
                "total": 4
              }
            },
            {
              "batter": "SG Mangela",
              "bowler": "S Gill",
              "non_striker": "R Obuya",
              "runs": {
                "batter": 0,
                "extras": 0,
                "total": 0
              }
            },
            {
              "batter": "SG Mangela",
              "bowler": "S Gill",
              "non_striker": "R Obuya",
              "runs": {
                "batter": 1,
                "extras": 0,
                "total": 1
              }
            },
            {
              "batter": "R Obuya",
              "bowler": "S Gill",
              "non_striker": "SG Mangela",
              "runs": {
                "batter": 4,
                "extras": 0,
                "total": 4
              }
            },
            {
              "batter": "R Obuya",
              "bowler": "S Gill",
              "non_striker": "SG Mangela",
              "runs": {
                "batter": 0,
                "extras": 0,
                "total": 0
              },
              "wickets": [
                {
                  "player_out": "R Obuya",
                  "fielders": [
                    {
                      "name": "Vraj Patel"
                    }
                  ],
                  "kind": "caught"
                }
              ]
            },
            {
              "batter": "Raghav Dhawan",
              "bowler": "S Gill",
              "non_striker": "SG Mangela",
              "runs": {
                "batter": 0,
                "extras": 0,
                "total": 0
              }
            }
          ]
        },
        {
          "over": 3,
          "deliveries": [
            {
              "batter": "SG Mangela",
              "bowler": "Vraj Patel",
              "non_striker": "Raghav Dhawan",
              "runs": {
                "batter": 1,
                "extras": 0,
                "total": 1
              }
            },
            {
              "batter": "Raghav Dhawan",
              "bowler": "Vraj Patel",
              "non_striker": "SG Mangela",
              "runs": {
                "batter": 0,
                "extras": 0,
                "total": 0
              }
            },
            {
              "batter": "Raghav Dhawan",
              "bowler": "Vraj Patel",
              "non_striker": "SG Mangela",
              "runs": {
                "batter": 0,
                "extras": 0,
                "total": 0
              }
            },
            {
              "batter": "Raghav Dhawan",
              "bowler": "Vraj Patel",
              "non_striker": "SG Mangela",
              "runs": {
                "batter": 0,
                "extras": 0,
                "total": 0
              }
            },
            {
              "batter": "Raghav Dhawan",
              "bowler": "Vraj Patel",
              "non_striker": "SG Mangela",
              "runs": {
                "batter": 1,
                "extras": 0,
                "total": 1
              }
            },
            {
              "batter": "SG Mangela",
              "bowler": "Vraj Patel",
              "non_striker": "Raghav Dhawan",
              "runs": {
                "batter": 3,
                "extras": 0,
                "total": 3
              }
            }
          ]
        },
        {
          "over": 4,
          "deliveries": [
            {
              "batter": "SG Mangela",
              "bowler": "LN Oluoch",
              "non_striker": "Raghav Dhawan",
              "runs": {
                "batter": 0,
                "extras": 0,
                "total": 0
              },
              "wickets": [
                {
                  "player_out": "SG Mangela",
                  "fielders": [
                    {
                      "name": "RR Patel"
                    }
                  ],
                  "kind": "caught"
                }
              ]
            },
            {
              "batter": "CN Kakuru",
              "bowler": "LN Oluoch",
              "extras": {
                "wides": 1
              },
              "non_striker": "Raghav Dhawan",
              "runs": {
                "batter": 0,
                "extras": 1,
                "total": 1
              }
            },
            {
              "batter": "CN Kakuru",
              "bowler": "LN Oluoch",
              "extras": {
                "legbyes": 1
              },
              "non_striker": "Raghav Dhawan",
              "runs": {
                "batter": 0,
                "extras": 1,
                "total": 1
              }
            },
            {
              "batter": "Raghav Dhawan",
              "bowler": "LN Oluoch",
              "non_striker": "CN Kakuru",
              "runs": {
                "batter": 1,
                "extras": 0,
                "total": 1
              }
            },
            {
              "batter": "CN Kakuru",
              "bowler": "LN Oluoch",
              "non_striker": "Raghav Dhawan",
              "runs": {
                "batter": 3,
                "extras": 0,
                "total": 3
              }
            },
            {
              "batter": "Raghav Dhawan",
              "bowler": "LN Oluoch",
              "non_striker": "CN Kakuru",
              "runs": {
                "batter": 0,
                "extras": 0,
                "total": 0
              }
            },
            {
              "batter": "Raghav Dhawan",
              "bowler": "LN Oluoch",
              "non_striker": "CN Kakuru",
              "runs": {
                "batter": 0,
                "extras": 0,
                "total": 0
              }
            }
          ]
        },
        {
          "over": 5,
          "deliveries": [
            {
              "batter": "CN Kakuru",
              "bowler": "Vraj Patel",
              "non_striker": "Raghav Dhawan",
              "runs": {
                "batter": 0,
                "extras": 0,
                "total": 0
              }
            },
            {
              "batter": "CN Kakuru",
              "bowler": "Vraj Patel",
              "non_striker": "Raghav Dhawan",
              "runs": {
                "batter": 0,
                "extras": 0,
                "total": 0
              }
            },
            {
              "batter": "CN Kakuru",
              "bowler": "Vraj Patel",
              "non_striker": "Raghav Dhawan",
              "runs": {
                "batter": 1,
                "extras": 0,
                "total": 1
              }
            },
            {
              "batter": "Raghav Dhawan",
              "bowler": "Vraj Patel",
              "non_striker": "CN Kakuru",
              "runs": {
                "batter": 0,
                "extras": 0,
                "total": 0
              }
            },
            {
              "batter": "Raghav Dhawan",
              "bowler": "Vraj Patel",
              "non_striker": "CN Kakuru",
              "runs": {
                "batter": 0,
                "extras": 0,
                "total": 0
              }
            },
            {
              "batter": "Raghav Dhawan",
              "bowler": "Vraj Patel",
              "non_striker": "CN Kakuru",
              "runs": {
                "batter": 0,
                "extras": 0,
                "total": 0
              }
            }
          ]
        },
        {
          "over": 6,
          "deliveries": [
            {
              "batter": "CN Kakuru",
              "bowler": "SO Ngoche",
              "non_striker": "Raghav Dhawan",
              "runs": {
                "batter": 1,
                "extras": 0,
                "total": 1
              }
            },
            {
              "batter": "Raghav Dhawan",
              "bowler": "SO Ngoche",
              "non_striker": "CN Kakuru",
              "runs": {
                "batter": 6,
                "extras": 0,
                "total": 6
              }
            },
            {
              "batter": "Raghav Dhawan",
              "bowler": "SO Ngoche",
              "non_striker": "CN Kakuru",
              "runs": {
                "batter": 0,
                "extras": 0,
                "total": 0
              }
            },
            {
              "batter": "Raghav Dhawan",
              "bowler": "SO Ngoche",
              "non_striker": "CN Kakuru",
              "runs": {
                "batter": 1,
                "extras": 0,
                "total": 1
              }
            },
            {
              "batter": "CN Kakuru",
              "bowler": "SO Ngoche",
              "non_striker": "Raghav Dhawan",
              "runs": {
                "batter": 1,
                "extras": 0,
                "total": 1
              }
            },
            {
              "batter": "Raghav Dhawan",
              "bowler": "SO Ngoche",
              "non_striker": "CN Kakuru",
              "runs": {
                "batter": 0,
                "extras": 0,
                "total": 0
              }
            }
          ]
        },
        {
          "over": 7,
          "deliveries": [
            {
              "batter": "CN Kakuru",
              "bowler": "Vraj Patel",
              "non_striker": "Raghav Dhawan",
              "runs": {
                "batter": 3,
                "extras": 0,
                "total": 3
              }
            },
            {
              "batter": "Raghav Dhawan",
              "bowler": "Vraj Patel",
              "non_striker": "CN Kakuru",
              "runs": {
                "batter": 0,
                "extras": 0,
                "total": 0
              }
            },
            {
              "batter": "Raghav Dhawan",
              "bowler": "Vraj Patel",
              "non_striker": "CN Kakuru",
              "runs": {
                "batter": 0,
                "extras": 0,
                "total": 0
              }
            },
            {
              "batter": "Raghav Dhawan",
              "bowler": "Vraj Patel",
              "non_striker": "CN Kakuru",
              "runs": {
                "batter": 0,
                "extras": 0,
                "total": 0
              }
            },
            {
              "batter": "Raghav Dhawan",
              "bowler": "Vraj Patel",
              "non_striker": "CN Kakuru",
              "runs": {
                "batter": 2,
                "extras": 0,
                "total": 2
              }
            },
            {
              "batter": "Raghav Dhawan",
              "bowler": "Vraj Patel",
              "non_striker": "CN Kakuru",
              "runs": {
                "batter": 0,
                "extras": 0,
                "total": 0
              }
            }
          ]
        },
        {
          "over": 8,
          "deliveries": [
            {
              "batter": "CN Kakuru",
              "bowler": "SO Ngoche",
              "non_striker": "Raghav Dhawan",
              "runs": {
                "batter": 1,
                "extras": 0,
                "total": 1
              }
            },
            {
              "batter": "Raghav Dhawan",
              "bowler": "SO Ngoche",
              "non_striker": "CN Kakuru",
              "runs": {
                "batter": 0,
                "extras": 0,
                "total": 0
              }
            },
            {
              "batter": "Raghav Dhawan",
              "bowler": "SO Ngoche",
              "non_striker": "CN Kakuru",
              "runs": {
                "batter": 1,
                "extras": 0,
                "total": 1
              }
            },
            {
              "batter": "CN Kakuru",
              "bowler": "SO Ngoche",
              "non_striker": "Raghav Dhawan",
              "runs": {
                "batter": 1,
                "extras": 0,
                "total": 1
              }
            },
            {
              "batter": "Raghav Dhawan",
              "bowler": "SO Ngoche",
              "non_striker": "CN Kakuru",
              "runs": {
                "batter": 1,
                "extras": 0,
                "total": 1
              }
            },
            {
              "batter": "CN Kakuru",
              "bowler": "SO Ngoche",
              "non_striker": "Raghav Dhawan",
              "runs": {
                "batter": 0,
                "extras": 0,
                "total": 0
              }
            }
          ]
        },
        {
          "over": 9,
          "deliveries": [
            {
              "batter": "Raghav Dhawan",
              "bowler": "Vraj Patel",
              "non_striker": "CN Kakuru",
              "runs": {
                "batter": 0,
                "extras": 0,
                "total": 0
              }
            },
            {
              "batter": "Raghav Dhawan",
              "bowler": "Vraj Patel",
              "non_striker": "CN Kakuru",
              "runs": {
                "batter": 0,
                "extras": 0,
                "total": 0
              }
            },
            {
              "batter": "Raghav Dhawan",
              "bowler": "Vraj Patel",
              "non_striker": "CN Kakuru",
              "runs": {
                "batter": 0,
                "extras": 0,
                "total": 0
              }
            },
            {
              "batter": "Raghav Dhawan",
              "bowler": "Vraj Patel",
              "non_striker": "CN Kakuru",
              "runs": {
                "batter": 4,
                "extras": 0,
                "total": 4
              }
            },
            {
              "batter": "Raghav Dhawan",
              "bowler": "Vraj Patel",
              "non_striker": "CN Kakuru",
              "runs": {
                "batter": 1,
                "extras": 0,
                "total": 1
              }
            },
            {
              "batter": "CN Kakuru",
              "bowler": "Vraj Patel",
              "non_striker": "Raghav Dhawan",
              "runs": {
                "batter": 2,
                "extras": 0,
                "total": 2
              }
            }
          ]
        },
        {
          "over": 10,
          "deliveries": [
            {
              "batter": "Raghav Dhawan",
              "bowler": "DM Gondaria",
              "non_striker": "CN Kakuru",
              "runs": {
                "batter": 0,
                "extras": 0,
                "total": 0
              }
            },
            {
              "batter": "Raghav Dhawan",
              "bowler": "DM Gondaria",
              "non_striker": "CN Kakuru",
              "runs": {
                "batter": 2,
                "extras": 0,
                "total": 2
              }
            },
            {
              "batter": "Raghav Dhawan",
              "bowler": "DM Gondaria",
              "non_striker": "CN Kakuru",
              "runs": {
                "batter": 1,
                "extras": 0,
                "total": 1
              }
            },
            {
              "batter": "CN Kakuru",
              "bowler": "DM Gondaria",
              "non_striker": "Raghav Dhawan",
              "runs": {
                "batter": 2,
                "extras": 0,
                "total": 2
              }
            },
            {
              "batter": "CN Kakuru",
              "bowler": "DM Gondaria",
              "non_striker": "Raghav Dhawan",
              "runs": {
                "batter": 1,
                "extras": 0,
                "total": 1
              }
            },
            {
              "batter": "Raghav Dhawan",
              "bowler": "DM Gondaria",
              "non_striker": "CN Kakuru",
              "runs": {
                "batter": 0,
                "extras": 0,
                "total": 0
              }
            }
          ]
        },
        {
          "over": 11,
          "deliveries": [
            {
              "batter": "CN Kakuru",
              "bowler": "SO Ngoche",
              "non_striker": "Raghav Dhawan",
              "runs": {
                "batter": 1,
                "extras": 0,
                "total": 1
              }
            },
            {
              "batter": "Raghav Dhawan",
              "bowler": "SO Ngoche",
              "non_striker": "CN Kakuru",
              "runs": {
                "batter": 0,
                "extras": 0,
                "total": 0
              }
            },
            {
              "batter": "Raghav Dhawan",
              "bowler": "SO Ngoche",
              "non_striker": "CN Kakuru",
              "runs": {
                "batter": 1,
                "extras": 0,
                "total": 1
              }
            },
            {
              "batter": "CN Kakuru",
              "bowler": "SO Ngoche",
              "non_striker": "Raghav Dhawan",
              "runs": {
                "batter": 0,
                "extras": 0,
                "total": 0
              },
              "wickets": [
                {
                  "player_out": "CN Kakuru",
                  "fielders": [
                    {
                      "name": "Tanzeel Sheikh"
                    }
                  ],
                  "kind": "caught"
                }
              ]
            },
            {
              "batter": "DM Nakrani",
              "bowler": "SO Ngoche",
              "non_striker": "Raghav Dhawan",
              "runs": {
                "batter": 1,
                "extras": 0,
                "total": 1
              }
            },
            {
              "batter": "Raghav Dhawan",
              "bowler": "SO Ngoche",
              "non_striker": "DM Nakrani",
              "runs": {
                "batter": 0,
                "extras": 0,
                "total": 0
              }
            }
          ]
        },
        {
          "over": 12,
          "deliveries": [
            {
              "batter": "DM Nakrani",
              "bowler": "DM Gondaria",
              "non_striker": "Raghav Dhawan",
              "runs": {
                "batter": 0,
                "extras": 0,
                "total": 0
              }
            },
            {
              "batter": "DM Nakrani",
              "bowler": "DM Gondaria",
              "non_striker": "Raghav Dhawan",
              "runs": {
                "batter": 1,
                "extras": 0,
                "total": 1
              }
            },
            {
              "batter": "Raghav Dhawan",
              "bowler": "DM Gondaria",
              "non_striker": "DM Nakrani",
              "runs": {
                "batter": 2,
                "extras": 0,
                "total": 2
              }
            },
            {
              "batter": "Raghav Dhawan",
              "bowler": "DM Gondaria",
              "non_striker": "DM Nakrani",
              "runs": {
                "batter": 0,
                "extras": 0,
                "total": 0
              }
            },
            {
              "batter": "Raghav Dhawan",
              "bowler": "DM Gondaria",
              "non_striker": "DM Nakrani",
              "runs": {
                "batter": 0,
                "extras": 0,
                "total": 0
              }
            },
            {
              "batter": "Raghav Dhawan",
              "bowler": "DM Gondaria",
              "non_striker": "DM Nakrani",
              "runs": {
                "batter": 2,
                "extras": 0,
                "total": 2
              }
            }
          ]
        },
        {
          "over": 13,
          "deliveries": [
            {
              "batter": "DM Nakrani",
              "bowler": "SO Ngoche",
              "non_striker": "Raghav Dhawan",
              "runs": {
                "batter": 0,
                "extras": 0,
                "total": 0
              }
            },
            {
              "batter": "DM Nakrani",
              "bowler": "SO Ngoche",
              "non_striker": "Raghav Dhawan",
              "runs": {
                "batter": 0,
                "extras": 0,
                "total": 0
              }
            },
            {
              "batter": "DM Nakrani",
              "bowler": "SO Ngoche",
              "non_striker": "Raghav Dhawan",
              "runs": {
                "batter": 1,
                "extras": 0,
                "total": 1
              }
            },
            {
              "batter": "Raghav Dhawan",
              "bowler": "SO Ngoche",
              "non_striker": "DM Nakrani",
              "runs": {
                "batter": 1,
                "extras": 0,
                "total": 1
              }
            },
            {
              "batter": "DM Nakrani",
              "bowler": "SO Ngoche",
              "non_striker": "Raghav Dhawan",
              "runs": {
                "batter": 0,
                "extras": 0,
                "total": 0
              }
            },
            {
              "batter": "DM Nakrani",
              "bowler": "SO Ngoche",
              "non_striker": "Raghav Dhawan",
              "runs": {
                "batter": 1,
                "extras": 0,
                "total": 1
              }
            }
          ]
        },
        {
          "over": 14,
          "deliveries": [
            {
              "batter": "DM Nakrani",
              "bowler": "DM Gondaria",
              "non_striker": "Raghav Dhawan",
              "runs": {
                "batter": 0,
                "extras": 0,
                "total": 0
              }
            },
            {
              "batter": "DM Nakrani",
              "bowler": "DM Gondaria",
              "non_striker": "Raghav Dhawan",
              "runs": {
                "batter": 1,
                "extras": 0,
                "total": 1
              }
            },
            {
              "batter": "Raghav Dhawan",
              "bowler": "DM Gondaria",
              "non_striker": "DM Nakrani",
              "runs": {
                "batter": 0,
                "extras": 0,
                "total": 0
              }
            },
            {
              "batter": "Raghav Dhawan",
              "bowler": "DM Gondaria",
              "non_striker": "DM Nakrani",
              "runs": {
                "batter": 1,
                "extras": 0,
                "total": 1
              }
            },
            {
              "batter": "DM Nakrani",
              "bowler": "DM Gondaria",
              "non_striker": "Raghav Dhawan",
              "runs": {
                "batter": 0,
                "extras": 0,
                "total": 0
              }
            },
            {
              "batter": "DM Nakrani",
              "bowler": "DM Gondaria",
              "non_striker": "Raghav Dhawan",
              "runs": {
                "batter": 0,
                "extras": 0,
                "total": 0
              }
            }
          ]
        },
        {
          "over": 15,
          "deliveries": [
            {
              "batter": "Raghav Dhawan",
              "bowler": "S Gill",
              "non_striker": "DM Nakrani",
              "runs": {
                "batter": 1,
                "extras": 0,
                "total": 1
              }
            },
            {
              "batter": "DM Nakrani",
              "bowler": "S Gill",
              "non_striker": "Raghav Dhawan",
              "runs": {
                "batter": 4,
                "extras": 0,
                "total": 4
              }
            },
            {
              "batter": "DM Nakrani",
              "bowler": "S Gill",
              "non_striker": "Raghav Dhawan",
              "runs": {
                "batter": 1,
                "extras": 0,
                "total": 1
              }
            },
            {
              "batter": "Raghav Dhawan",
              "bowler": "S Gill",
              "non_striker": "DM Nakrani",
              "runs": {
                "batter": 2,
                "extras": 0,
                "total": 2
              }
            },
            {
              "batter": "Raghav Dhawan",
              "bowler": "S Gill",
              "non_striker": "DM Nakrani",
              "runs": {
                "batter": 1,
                "extras": 0,
                "total": 1
              }
            },
            {
              "batter": "DM Nakrani",
              "bowler": "S Gill",
              "non_striker": "Raghav Dhawan",
              "runs": {
                "batter": 2,
                "extras": 0,
                "total": 2
              }
            }
          ]
        },
        {
          "over": 16,
          "deliveries": [
            {
              "batter": "Raghav Dhawan",
              "bowler": "DM Gondaria",
              "non_striker": "DM Nakrani",
              "runs": {
                "batter": 0,
                "extras": 0,
                "total": 0
              },
              "wickets": [
                {
                  "player_out": "Raghav Dhawan",
                  "fielders": [
                    {
                      "name": "P Koech"
                    }
                  ],
                  "kind": "caught"
                }
              ]
            },
            {
              "batter": "J Miyaji",
              "bowler": "DM Gondaria",
              "non_striker": "DM Nakrani",
              "runs": {
                "batter": 4,
                "extras": 0,
                "total": 4
              }
            },
            {
              "batter": "J Miyaji",
              "bowler": "DM Gondaria",
              "non_striker": "DM Nakrani",
              "runs": {
                "batter": 0,
                "extras": 0,
                "total": 0
              }
            },
            {
              "batter": "J Miyaji",
              "bowler": "DM Gondaria",
              "non_striker": "DM Nakrani",
              "runs": {
                "batter": 2,
                "extras": 0,
                "total": 2
              }
            },
            {
              "batter": "J Miyaji",
              "bowler": "DM Gondaria",
              "non_striker": "DM Nakrani",
              "runs": {
                "batter": 6,
                "extras": 0,
                "total": 6
              }
            },
            {
              "batter": "J Miyaji",
              "bowler": "DM Gondaria",
              "non_striker": "DM Nakrani",
              "runs": {
                "batter": 4,
                "extras": 0,
                "total": 4
              }
            }
          ]
        },
        {
          "over": 17,
          "deliveries": [
            {
              "batter": "DM Nakrani",
              "bowler": "P Koech",
              "non_striker": "J Miyaji",
              "runs": {
                "batter": 4,
                "extras": 0,
                "total": 4
              }
            },
            {
              "batter": "DM Nakrani",
              "bowler": "P Koech",
              "non_striker": "J Miyaji",
              "runs": {
                "batter": 2,
                "extras": 0,
                "total": 2
              }
            },
            {
              "batter": "DM Nakrani",
              "bowler": "P Koech",
              "non_striker": "J Miyaji",
              "runs": {
                "batter": 1,
                "extras": 0,
                "total": 1
              }
            },
            {
              "batter": "J Miyaji",
              "bowler": "P Koech",
              "non_striker": "DM Nakrani",
              "runs": {
                "batter": 1,
                "extras": 0,
                "total": 1
              }
            },
            {
              "batter": "DM Nakrani",
              "bowler": "P Koech",
              "non_striker": "J Miyaji",
              "runs": {
                "batter": 4,
                "extras": 0,
                "total": 4
              }
            },
            {
              "batter": "DM Nakrani",
              "bowler": "P Koech",
              "extras": {
                "wides": 1
              },
              "non_striker": "J Miyaji",
              "runs": {
                "batter": 0,
                "extras": 1,
                "total": 1
              }
            },
            {
              "batter": "DM Nakrani",
              "bowler": "P Koech",
              "non_striker": "J Miyaji",
              "runs": {
                "batter": 0,
                "extras": 0,
                "total": 0
              }
            }
          ]
        },
        {
          "over": 18,
          "deliveries": [
            {
              "batter": "J Miyaji",
              "bowler": "LN Oluoch",
              "non_striker": "DM Nakrani",
              "runs": {
                "batter": 1,
                "extras": 0,
                "total": 1
              }
            }
          ]
        }
      ],
      "powerplays": [
        {
          "from": 0.1,
          "to": 5.6,
          "type": "mandatory"
        }
      ],
      "target": {
        "overs": 20,
        "runs": 125
      }
    }
  ]
}