{
  "meta": {
    "data_version": "1.1.0",
    "created": "2025-07-26",
    "revision": 1
  },
  "info": {
    "balls_per_over": 6,
    "city": "Szodliget",
    "dates": [
      "2025-07-25"
    ],
    "event": {
      "name": "Budapest Cup",
      "match_number": 3
    },
    "gender": "male",
    "match_type": "T20",
    "match_type_number": 3368,
    "missing": [
      "umpires"
    ],
    "outcome": {
      "winner": "Hungary",
      "by": {
        "runs": 70
      }
    },
    "overs": 20,
    "player_of_match": [
      "Muhammad Saqlain"
    ],
    "players": {
      "Hungary": [
        "Abbas Ghani",
        "Zahir Mohammed",
        "Zeeshan Kukikhel",
        "V Ravindran",
        "MP Ainsworth",
        "Muhammad Usman",
        "A Prashar",
        "Muhammad Burhan",
        "Amal Jacob",
        "Muhammad Saqlain",
        "Sadat Said"
      ],
      "Luxembourg": [
        "TC Barker",
        "SKS Gill",
        "A Manepalli",
        "Mayank Nagayach",
        "V Vijh",
        "Anoop Orsu",
        "A Halbhavi",
        "G Venkateswaran",
        "Kamal Soukhiya",
        "Sareer Shah",
        "Milad Momend"
      ]
    },
    "registry": {
      "people": {
        "A Halbhavi": "df1b4c8f",
        "A Manepalli": "36101309",
        "A Prashar": "b18dbaff",
        "Abbas Ghani": "a8f91f78",
        "Amal Jacob": "5772882c",
        "Anoop Orsu": "488b7e22",
        "G Venkateswaran": "a4bcaba7",
        "Kamal Soukhiya": "64457c72",
        "MP Ainsworth": "ae4a47d8",
        "Mayank Nagayach": "e401f8a5",
        "Milad Momend": "84880baf",
        "Muhammad Burhan": "a92609f2",
        "Muhammad Saqlain": "f094e3b8",
        "Muhammad Usman": "b7621723",
        "SKS Gill": "faef026c",
        "Sadat Said": "c5d00347",
        "Sareer Shah": "f16953c5",
        "TC Barker": "c31adb5c",
        "V Ravindran": "e5ecb1ef",
        "V Vijh": "b857468a",
        "Zahir Mohammed": "7c38942a",
        "Zeeshan Kukikhel": "5d6a1f76"
      }
    },
    "season": "2025",
    "team_type": "international",
    "teams": [
      "Hungary",
      "Luxembourg"
    ],
    "toss": {
      "decision": "bat",
      "winner": "Hungary"
    },
    "venue": "GB Oval, Szodliget"
  },
  "innings": [
    {
      "team": "Hungary",
      "overs": [
        {
          "over": 0,
          "deliveries": [
            {
              "batter": "Abbas Ghani",
              "bowler": "Sareer Shah",
              "non_striker": "Zahir Mohammed",
              "runs": {
                "batter": 0,
                "extras": 0,
                "total": 0
              }
            },
            {
              "batter": "Abbas Ghani",
              "bowler": "Sareer Shah",
              "non_striker": "Zahir Mohammed",
              "runs": {
                "batter": 0,
                "extras": 0,
                "total": 0
              }
            },
            {
              "batter": "Abbas Ghani",
              "bowler": "Sareer Shah",
              "non_striker": "Zahir Mohammed",
              "runs": {
                "batter": 1,
                "extras": 0,
                "total": 1
              }
            },
            {
              "batter": "Zahir Mohammed",
              "bowler": "Sareer Shah",
              "non_striker": "Abbas Ghani",
              "runs": {
                "batter": 0,
                "extras": 0,
                "total": 0
              }
            },
            {
              "batter": "Zahir Mohammed",
              "bowler": "Sareer Shah",
              "non_striker": "Abbas Ghani",
              "runs": {
                "batter": 0,
                "extras": 0,
                "total": 0
              }
            },
            {
              "batter": "Zahir Mohammed",
              "bowler": "Sareer Shah",
              "non_striker": "Abbas Ghani",
              "runs": {
                "batter": 0,
                "extras": 0,
                "total": 0
              }
            }
          ]
        },
        {
          "over": 1,
          "deliveries": [
            {
              "batter": "Abbas Ghani",
              "bowler": "Kamal Soukhiya",
              "extras": {
                "wides": 1
              },
              "non_striker": "Zahir Mohammed",
              "runs": {
                "batter": 0,
                "extras": 1,
                "total": 1
              }
            },
            {
              "batter": "Abbas Ghani",
              "bowler": "Kamal Soukhiya",
              "non_striker": "Zahir Mohammed",
              "runs": {
                "batter": 0,
                "extras": 0,
                "total": 0
              }
            },
            {
              "batter": "Abbas Ghani",
              "bowler": "Kamal Soukhiya",
              "extras": {
                "wides": 1
              },
              "non_striker": "Zahir Mohammed",
              "runs": {
                "batter": 0,
                "extras": 1,
                "total": 1
              }
            },
            {
              "batter": "Abbas Ghani",
              "bowler": "Kamal Soukhiya",
              "non_striker": "Zahir Mohammed",
              "runs": {
                "batter": 2,
                "extras": 0,
                "total": 2
              }
            },
            {
              "batter": "Abbas Ghani",
              "bowler": "Kamal Soukhiya",
              "non_striker": "Zahir Mohammed",
              "runs": {
                "batter": 0,
                "extras": 0,
                "total": 0
              }
            },
            {
              "batter": "Abbas Ghani",
              "bowler": "Kamal Soukhiya",
              "non_striker": "Zahir Mohammed",
              "runs": {
                "batter": 4,
                "extras": 0,
                "total": 4
              }
            },
            {
              "batter": "Abbas Ghani",
              "bowler": "Kamal Soukhiya",
              "non_striker": "Zahir Mohammed",
              "runs": {
                "batter": 4,
                "extras": 0,
                "total": 4
              }
            },
            {
              "batter": "Abbas Ghani",
              "bowler": "Kamal Soukhiya",
              "non_striker": "Zahir Mohammed",
              "runs": {
                "batter": 0,
                "extras": 0,
                "total": 0
              },
              "wickets": [
                {
                  "player_out": "Abbas Ghani",
                  "fielders": [
                    {
                      "name": "A Manepalli"
                    },
                    {
                      "name": "A Halbhavi"
                    }
                  ],
                  "kind": "run out"
                }
              ]
            }
          ]
        },
        {
          "over": 2,
          "deliveries": [
            {
              "batter": "Zahir Mohammed",
              "bowler": "Sareer Shah",
              "non_striker": "Zeeshan Kukikhel",
              "runs": {
                "batter": 0,
                "extras": 0,
                "total": 0
              }
            },
            {
              "batter": "Zahir Mohammed",
              "bowler": "Sareer Shah",
              "non_striker": "Zeeshan Kukikhel",
              "runs": {
                "batter": 1,
                "extras": 0,
                "total": 1
              }
            },
            {
              "batter": "Zeeshan Kukikhel",
              "bowler": "Sareer Shah",
              "non_striker": "Zahir Mohammed",
              "runs": {
                "batter": 1,
                "extras": 0,
                "total": 1
              }
            },
            {
              "batter": "Zahir Mohammed",
              "bowler": "Sareer Shah",
              "non_striker": "Zeeshan Kukikhel",
              "runs": {
                "batter": 1,
                "extras": 0,
                "total": 1
              }
            },
            {
              "batter": "Zeeshan Kukikhel",
              "bowler": "Sareer Shah",
              "non_striker": "Zahir Mohammed",
              "runs": {
                "batter": 1,
                "extras": 0,
                "total": 1
              }
            },
            {
              "batter": "Zahir Mohammed",
              "bowler": "Sareer Shah",
              "non_striker": "Zeeshan Kukikhel",
              "runs": {
                "batter": 1,
                "extras": 0,
                "total": 1
              }
            }
          ]
        },
        {
          "over": 3,
          "deliveries": [
            {
              "batter": "Zahir Mohammed",
              "bowler": "Kamal Soukhiya",
              "extras": {
                "legbyes": 1
              },
              "non_striker": "Zeeshan Kukikhel",
              "runs": {
                "batter": 0,
                "extras": 1,
                "total": 1
              }
            },
            {
              "batter": "Zeeshan Kukikhel",
              "bowler": "Kamal Soukhiya",
              "non_striker": "Zahir Mohammed",
              "runs": {
                "batter": 0,
                "extras": 0,
                "total": 0
              },
              "wickets": [
                {
                  "player_out": "Zeeshan Kukikhel",
                  "fielders": [
                    {
                      "name": "A Manepalli"
                    }
                  ],
                  "kind": "caught"
                }
              ]
            },
            {
              "batter": "V Ravindran",
              "bowler": "Kamal Soukhiya",
              "extras": {
                "wides": 1
              },
              "non_striker": "Zahir Mohammed",
              "runs": {
                "batter": 0,
                "extras": 1,
                "total": 1
              }
            },
            {
              "batter": "V Ravindran",
              "bowler": "Kamal Soukhiya",
              "non_striker": "Zahir Mohammed",
              "runs": {
                "batter": 0,
                "extras": 0,
                "total": 0
              }
            },
            {
              "batter": "V Ravindran",
              "bowler": "Kamal Soukhiya",
              "extras": {
                "wides": 1
              },
              "non_striker": "Zahir Mohammed",
              "runs": {
                "batter": 0,
                "extras": 1,
                "total": 1
              }
            },
            {
              "batter": "V Ravindran",
              "bowler": "Kamal Soukhiya",
              "non_striker": "Zahir Mohammed",
              "runs": {
                "batter": 0,
                "extras": 0,
                "total": 0
              }
            },
            {
              "batter": "V Ravindran",
              "bowler": "Kamal Soukhiya",
              "extras": {
                "wides": 1
              },
              "non_striker": "Zahir Mohammed",
              "runs": {
                "batter": 0,
                "extras": 1,
                "total": 1
              }
            },
            {
              "batter": "V Ravindran",
              "bowler": "Kamal Soukhiya",
              "extras": {
                "wides": 1
              },
              "non_striker": "Zahir Mohammed",
              "runs": {
                "batter": 0,
                "extras": 1,
                "total": 1
              }
            },
            {
              "batter": "V Ravindran",
              "bowler": "Kamal Soukhiya",
              "non_striker": "Zahir Mohammed",
              "runs": {
                "batter": 4,
                "extras": 0,
                "total": 4
              }
            },
            {
              "batter": "V Ravindran",
              "bowler": "Kamal Soukhiya",
              "non_striker": "Zahir Mohammed",
              "runs": {
                "batter": 0,
                "extras": 0,
                "total": 0
              }
            }
          ]
        },
        {
          "over": 4,
          "deliveries": [
            {
              "batter": "Zahir Mohammed",
              "bowler": "Sareer Shah",
              "non_striker": "V Ravindran",
              "runs": {
                "batter": 1,
                "extras": 0,
                "total": 1
              }
            },
            {
              "batter": "V Ravindran",
              "bowler": "Sareer Shah",
              "non_striker": "Zahir Mohammed",
              "runs": {
                "batter": 6,
                "extras": 0,
                "total": 6
              }
            },
            {
              "batter": "V Ravindran",
              "bowler": "Sareer Shah",
              "non_striker": "Zahir Mohammed",
              "runs": {
                "batter": 1,
                "extras": 0,
                "total": 1
              }
            },
            {
              "batter": "Zahir Mohammed",
              "bowler": "Sareer Shah",
              "non_striker": "V Ravindran",
              "runs": {
                "batter": 6,
                "extras": 0,
                "total": 6
              }
            },
            {
              "batter": "Zahir Mohammed",
              "bowler": "Sareer Shah",
              "non_striker": "V Ravindran",
              "runs": {
                "batter": 1,
                "extras": 0,
                "total": 1
              }
            },
            {
              "batter": "V Ravindran",
              "bowler": "Sareer Shah",
              "non_striker": "Zahir Mohammed",
              "runs": {
                "batter": 0,
                "extras": 0,
                "total": 0
              }
            }
          ]
        },
        {
          "over": 5,
          "deliveries": [
            {
              "batter": "Zahir Mohammed",
              "bowler": "Milad Momend",
              "non_striker": "V Ravindran",
              "runs": {
                "batter": 2,
                "extras": 0,
                "total": 2
              }
            },
            {
              "batter": "Zahir Mohammed",
              "bowler": "Milad Momend",
              "extras": {
                "wides": 1
              },
              "non_striker": "V Ravindran",
              "runs": {
                "batter": 0,
                "extras": 1,
                "total": 1
              }
            },
            {
              "batter": "Zahir Mohammed",
              "bowler": "Milad Momend",
              "non_striker": "V Ravindran",
              "runs": {
                "batter": 0,
                "extras": 0,
                "total": 0
              },
              "wickets": [
                {
                  "player_out": "Zahir Mohammed",
                  "fielders": [
                    {
                      "name": "A Manepalli"
                    }
                  ],
                  "kind": "caught"
                }
              ]
            },
            {
              "batter": "MP Ainsworth",
              "bowler": "Milad Momend",
              "non_striker": "V Ravindran",
              "runs": {
                "batter": 1,
                "extras": 0,
                "total": 1
              }
            },
            {
              "batter": "V Ravindran",
              "bowler": "Milad Momend",
              "non_striker": "MP Ainsworth",
              "runs": {
                "batter": 0,
                "extras": 0,
                "total": 0
              }
            },
            {
              "batter": "V Ravindran",
              "bowler": "Milad Momend",
              "non_striker": "MP Ainsworth",
              "runs": {
                "batter": 1,
                "extras": 0,
                "total": 1
              }
            },
            {
              "batter": "MP Ainsworth",
              "bowler": "Milad Momend",
              "extras": {
                "wides": 1
              },
              "non_striker": "V Ravindran",
              "runs": {
                "batter": 0,
                "extras": 1,
                "total": 1
              }
            },
            {
              "batter": "MP Ainsworth",
              "bowler": "Milad Momend",
              "non_striker": "V Ravindran",
              "runs": {
                "batter": 0,
                "extras": 0,
                "total": 0
              }
            }
          ]
        },
        {
          "over": 6,
          "deliveries": [
            {
              "batter": "V Ravindran",
              "bowler": "Mayank Nagayach",
              "non_striker": "MP Ainsworth",
              "runs": {
                "batter": 1,
                "extras": 0,
                "total": 1
              }
            },
            {
              "batter": "MP Ainsworth",
              "bowler": "Mayank Nagayach",
              "non_striker": "V Ravindran",
              "runs": {
                "batter": 1,
                "extras": 0,
                "total": 1
              }
            },
            {
              "batter": "V Ravindran",
              "bowler": "Mayank Nagayach",
              "non_striker": "MP Ainsworth",
              "runs": {
                "batter": 1,
                "extras": 0,
                "total": 1
              }
            },
            {
              "batter": "MP Ainsworth",
              "bowler": "Mayank Nagayach",
              "non_striker": "V Ravindran",
              "runs": {
                "batter": 0,
                "extras": 0,
                "total": 0
              }
            },
            {
              "batter": "MP Ainsworth",
              "bowler": "Mayank Nagayach",
              "non_striker": "V Ravindran",
              "runs": {
                "batter": 0,
                "extras": 0,
                "total": 0
              }
            },
            {
              "batter": "MP Ainsworth",
              "bowler": "Mayank Nagayach",
              "non_striker": "V Ravindran",
              "runs": {
                "batter": 0,
                "extras": 0,
                "total": 0
              }
            }
          ]
        },
        {
          "over": 7,
          "deliveries": [
            {
              "batter": "V Ravindran",
              "bowler": "Milad Momend",
              "non_striker": "MP Ainsworth",
              "runs": {
                "batter": 0,
                "extras": 0,
                "total": 0
              }
            },
            {
              "batter": "V Ravindran",
              "bowler": "Milad Momend",
              "non_striker": "MP Ainsworth",
              "runs": {
                "batter": 0,
                "extras": 0,
                "total": 0
              }
            },
            {
              "batter": "V Ravindran",
              "bowler": "Milad Momend",
              "extras": {
                "wides": 1
              },
              "non_striker": "MP Ainsworth",
              "runs": {
                "batter": 0,
                "extras": 1,
                "total": 1
              }
            },
            {
              "batter": "V Ravindran",
              "bowler": "Milad Momend",
              "extras": {
                "wides": 1
              },
              "non_striker": "MP Ainsworth",
              "runs": {
                "batter": 0,
                "extras": 1,
                "total": 1
              }
            },
            {
              "batter": "V Ravindran",
              "bowler": "Milad Momend",
              "non_striker": "MP Ainsworth",
              "runs": {
                "batter": 0,
                "extras": 0,
                "total": 0
              }
            },
            {
              "batter": "V Ravindran",
              "bowler": "Milad Momend",
              "non_striker": "MP Ainsworth",
              "runs": {
                "batter": 0,
                "extras": 0,
                "total": 0
              }
            },
            {
              "batter": "V Ravindran",
              "bowler": "Milad Momend",
              "non_striker": "MP Ainsworth",
              "runs": {
                "batter": 0,
                "extras": 0,
                "total": 0
              }
            },
            {
              "batter": "V Ravindran",
              "bowler": "Milad Momend",
              "non_striker": "MP Ainsworth",
              "runs": {
                "batter": 0,
                "extras": 0,
                "total": 0
              }
            }
          ]
        },
        {
          "over": 8,
          "deliveries": [
            {
              "batter": "MP Ainsworth",
              "bowler": "Mayank Nagayach",
              "non_striker": "V Ravindran",
              "runs": {
                "batter": 0,
                "extras": 0,
                "total": 0
              }
            },
            {
              "batter": "MP Ainsworth",
              "bowler": "Mayank Nagayach",
              "non_striker": "V Ravindran",
              "runs": {
                "batter": 0,
                "extras": 0,
                "total": 0
              }
            },
            {
              "batter": "MP Ainsworth",
              "bowler": "Mayank Nagayach",
              "non_striker": "V Ravindran",
              "runs": {
                "batter": 0,
                "extras": 0,
                "total": 0
              }
            },
            {
              "batter": "MP Ainsworth",
              "bowler": "Mayank Nagayach",
              "non_striker": "V Ravindran",
              "runs": {
                "batter": 1,
                "extras": 0,
                "total": 1
              }
            },
            {
              "batter": "V Ravindran",
              "bowler": "Mayank Nagayach",
              "non_striker": "MP Ainsworth",
              "runs": {
                "batter": 0,
                "extras": 0,
                "total": 0
              }
            },
            {
              "batter": "V Ravindran",
              "bowler": "Mayank Nagayach",
              "non_striker": "MP Ainsworth",
              "runs": {
                "batter": 1,
                "extras": 0,
                "total": 1
              }
            }
          ]
        },
        {
          "over": 9,
          "deliveries": [
            {
              "batter": "V Ravindran",
              "bowler": "G Venkateswaran",
              "non_striker": "MP Ainsworth",
              "runs": {
                "batter": 1,
                "extras": 0,
                "total": 1
              }
            },
            {
              "batter": "MP Ainsworth",
              "bowler": "G Venkateswaran",
              "non_striker": "V Ravindran",
              "runs": {
                "batter": 0,
                "extras": 0,
                "total": 0
              }
            },
            {
              "batter": "MP Ainsworth",
              "bowler": "G Venkateswaran",
              "non_striker": "V Ravindran",
              "runs": {
                "batter": 2,
                "extras": 0,
                "total": 2
              }
            },
            {
              "batter": "MP Ainsworth",
              "bowler": "G Venkateswaran",
              "non_striker": "V Ravindran",
              "runs": {
                "batter": 0,
                "extras": 0,
                "total": 0
              }
            },
            {
              "batter": "MP Ainsworth",
              "bowler": "G Venkateswaran",
              "non_striker": "V Ravindran",
              "runs": {
                "batter": 1,
                "extras": 0,
                "total": 1
              }
            },
            {
              "batter": "V Ravindran",
              "bowler": "G Venkateswaran",
              "non_striker": "MP Ainsworth",
              "runs": {
                "batter": 1,
                "extras": 0,
                "total": 1
              }
            }
          ]
        },
        {
          "over": 10,
          "deliveries": [
            {
              "batter": "V Ravindran",
              "bowler": "Mayank Nagayach",
              "non_striker": "MP Ainsworth",
              "runs": {
                "batter": 0,
                "extras": 0,
                "total": 0
              }
            },
            {
              "batter": "V Ravindran",
              "bowler": "Mayank Nagayach",
              "non_striker": "MP Ainsworth",
              "runs": {
                "batter": 4,
                "extras": 0,
                "total": 4
              }
            },
            {
              "batter": "V Ravindran",
              "bowler": "Mayank Nagayach",
              "non_striker": "MP Ainsworth",
              "runs": {
                "batter": 1,
                "extras": 0,
                "total": 1
              }
            },
            {
              "batter": "MP Ainsworth",
              "bowler": "Mayank Nagayach",
              "non_striker": "V Ravindran",
              "runs": {
                "batter": 2,
                "extras": 0,
                "total": 2
              }
            },
            {
              "batter": "MP Ainsworth",
              "bowler": "Mayank Nagayach",
              "non_striker": "V Ravindran",
              "runs": {
                "batter": 1,
                "extras": 0,
                "total": 1
              }
            },
            {
              "batter": "V Ravindran",
              "bowler": "Mayank Nagayach",
              "non_striker": "MP Ainsworth",
              "runs": {
                "batter": 1,
                "extras": 0,
                "total": 1
              }
            }
          ]
        },
        {
          "over": 11,
          "deliveries": [
            {
              "batter": "V Ravindran",
              "bowler": "G Venkateswaran",
              "non_striker": "MP Ainsworth",
              "runs": {
                "batter": 0,
                "extras": 0,
                "total": 0
              }
            },
            {
              "batter": "V Ravindran",
              "bowler": "G Venkateswaran",
              "non_striker": "MP Ainsworth",
              "runs": {
                "batter": 4,
                "extras": 0,
                "total": 4
              }
            },
            {
              "batter": "V Ravindran",
              "bowler": "G Venkateswaran",
              "non_striker": "MP Ainsworth",
              "runs": {
                "batter": 0,
                "extras": 0,
                "total": 0
              }
            },
            {
              "batter": "V Ravindran",
              "bowler": "G Venkateswaran",
              "non_striker": "MP Ainsworth",
              "runs": {
                "batter": 0,
                "extras": 0,
                "total": 0
              }
            },
            {
              "batter": "V Ravindran",
              "bowler": "G Venkateswaran",
              "non_striker": "MP Ainsworth",
              "runs": {
                "batter": 0,
                "extras": 0,
                "total": 0
              }
            },
            {
              "batter": "V Ravindran",
              "bowler": "G Venkateswaran",
              "non_striker": "MP Ainsworth",
              "runs": {
                "batter": 0,
                "extras": 0,
                "total": 0
              },
              "wickets": [
                {
                  "player_out": "V Ravindran",
                  "kind": "bowled"
                }
              ]
            }
          ]
        },
        {
          "over": 12,
          "deliveries": [
            {
              "batter": "MP Ainsworth",
              "bowler": "Mayank Nagayach",
              "non_striker": "Muhammad Usman",
              "runs": {
                "batter": 0,
                "extras": 0,
                "total": 0
              }
            },
            {
              "batter": "MP Ainsworth",
              "bowler": "Mayank Nagayach",
              "non_striker": "Muhammad Usman",
              "runs": {
                "batter": 1,
                "extras": 0,
                "total": 1
              }
            },
            {
              "batter": "Muhammad Usman",
              "bowler": "Mayank Nagayach",
              "non_striker": "MP Ainsworth",
              "runs": {
                "batter": 0,
                "extras": 0,
                "total": 0
              }
            },
            {
              "batter": "Muhammad Usman",
              "bowler": "Mayank Nagayach",
              "non_striker": "MP Ainsworth",
              "runs": {
                "batter": 4,
                "extras": 0,
                "total": 4
              }
            },
            {
              "batter": "Muhammad Usman",
              "bowler": "Mayank Nagayach",
              "non_striker": "MP Ainsworth",
              "runs": {
                "batter": 1,
                "extras": 0,
                "total": 1
              }
            },
            {
              "batter": "MP Ainsworth",
              "bowler": "Mayank Nagayach",
              "non_striker": "Muhammad Usman",
              "runs": {
                "batter": 4,
                "extras": 0,
                "total": 4
              }
            }
          ]
        },
        {
          "over": 13,
          "deliveries": [
            {
              "batter": "Muhammad Usman",
              "bowler": "G Venkateswaran",
              "non_striker": "MP Ainsworth",
              "runs": {
                "batter": 1,
                "extras": 0,
                "total": 1
              }
            },
            {
              "batter": "MP Ainsworth",
              "bowler": "G Venkateswaran",
              "non_striker": "Muhammad Usman",
              "runs": {
                "batter": 1,
                "extras": 0,
                "total": 1
              }
            },
            {
              "batter": "Muhammad Usman",
              "bowler": "G Venkateswaran",
              "non_striker": "MP Ainsworth",
              "runs": {
                "batter": 6,
                "extras": 0,
                "total": 6
              }
            },
            {
              "batter": "Muhammad Usman",
              "bowler": "G Venkateswaran",
              "non_striker": "MP Ainsworth",
              "runs": {
                "batter": 0,
                "extras": 0,
                "total": 0
              }
            },
            {
              "batter": "Muhammad Usman",
              "bowler": "G Venkateswaran",
              "non_striker": "MP Ainsworth",
              "runs": {
                "batter": 6,
                "extras": 0,
                "total": 6
              }
            },
            {
              "batter": "Muhammad Usman",
              "bowler": "G Venkateswaran",
              "non_striker": "MP Ainsworth",
              "runs": {
                "batter": 1,
                "extras": 0,
                "total": 1
              }
            }
          ]
        },
        {
          "over": 14,
          "deliveries": [
            {
              "batter": "Muhammad Usman",
              "bowler": "Kamal Soukhiya",
              "non_striker": "MP Ainsworth",
              "runs": {
                "batter": 1,
                "extras": 0,
                "total": 1
              }
            },
            {
              "batter": "MP Ainsworth",
              "bowler": "Kamal Soukhiya",
              "extras": {
                "wides": 1
              },
              "non_striker": "Muhammad Usman",
              "runs": {
                "batter": 0,
                "extras": 1,
                "total": 1
              }
            },
            {
              "batter": "MP Ainsworth",
              "bowler": "Kamal Soukhiya",
              "non_striker": "Muhammad Usman",
              "runs": {
                "batter": 1,
                "extras": 0,
                "total": 1
              }
            },
            {
              "batter": "Muhammad Usman",
              "bowler": "Kamal Soukhiya",
              "non_striker": "MP Ainsworth",
              "runs": {
                "batter": 0,
                "extras": 0,
                "total": 0
              }
            },
            {
              "batter": "Muhammad Usman",
              "bowler": "Kamal Soukhiya",
              "non_striker": "MP Ainsworth",
              "runs": {
                "batter": 6,
                "extras": 0,
                "total": 6
              }
            },
            {
              "batter": "Muhammad Usman",
              "bowler": "Kamal Soukhiya",
              "non_striker": "MP Ainsworth",
              "runs": {
                "batter": 0,
                "extras": 0,
                "total": 0
              }
            },
            {
              "batter": "Muhammad Usman",
              "bowler": "Kamal Soukhiya",
              "non_striker": "MP Ainsworth",
              "runs": {
                "batter": 0,
                "extras": 0,
                "total": 0
              }
            }
          ]
        },
        {
          "over": 15,
          "deliveries": [
            {
              "batter": "MP Ainsworth",
              "bowler": "Milad Momend",
              "non_striker": "Muhammad Usman",
              "runs": {
                "batter": 0,
                "extras": 0,
                "total": 0
              }
            },
            {
              "batter": "MP Ainsworth",
              "bowler": "Milad Momend",
              "non_striker": "Muhammad Usman",
              "runs": {
                "batter": 4,
                "extras": 0,
                "total": 4
              }
            },
            {
              "batter": "MP Ainsworth",
              "bowler": "Milad Momend",
              "non_striker": "Muhammad Usman",
              "runs": {
                "batter": 1,
                "extras": 0,
                "total": 1
              }
            },
            {
              "batter": "Muhammad Usman",
              "bowler": "Milad Momend",
              "extras": {
                "wides": 1
              },
              "non_striker": "MP Ainsworth",
              "runs": {
                "batter": 0,
                "extras": 1,
                "total": 1
              }
            },
            {
              "batter": "Muhammad Usman",
              "bowler": "Milad Momend",
              "non_striker": "MP Ainsworth",
              "runs": {
                "batter": 1,
                "extras": 0,
                "total": 1
              }
            },
            {
              "batter": "MP Ainsworth",
              "bowler": "Milad Momend",
              "non_striker": "Muhammad Usman",
              "runs": {
                "batter": 1,
                "extras": 0,
                "total": 1
              }
            },
            {
              "batter": "Muhammad Usman",
              "bowler": "Milad Momend",
              "non_striker": "MP Ainsworth",
              "runs": {
                "batter": 0,
                "extras": 0,
                "total": 0
              },
              "wickets": [
                {
                  "player_out": "Muhammad Usman",
                  "fielders": [
                    {
                      "name": "A Manepalli"
                    }
                  ],
                  "kind": "caught"
                }
              ]
            }
          ]
        },
        {
          "over": 16,
          "deliveries": [
            {
              "batter": "MP Ainsworth",
              "bowler": "Kamal Soukhiya",
              "non_striker": "A Prashar",
              "runs": {
                "batter": 0,
                "extras": 0,
                "total": 0
              }
            },
            {
              "batter": "MP Ainsworth",
              "bowler": "Kamal Soukhiya",
              "non_striker": "A Prashar",
              "runs": {
                "batter": 1,
                "extras": 0,
                "total": 1
              }
            },
            {
              "batter": "A Prashar",
              "bowler": "Kamal Soukhiya",
              "non_striker": "MP Ainsworth",
              "runs": {
                "batter": 0,
                "extras": 0,
                "total": 0
              }
            },
            {
              "batter": "A Prashar",
              "bowler": "Kamal Soukhiya",
              "non_striker": "MP Ainsworth",
              "runs": {
                "batter": 1,
                "extras": 0,
                "total": 1
              }
            },
            {
              "batter": "MP Ainsworth",
              "bowler": "Kamal Soukhiya",
              "non_striker": "A Prashar",
              "runs": {
                "batter": 1,
                "extras": 0,
                "total": 1
              }
            },
            {
              "batter": "A Prashar",
              "bowler": "Kamal Soukhiya",
              "non_striker": "MP Ainsworth",
              "runs": {
                "batter": 0,
                "extras": 0,
                "total": 0
              }
            }
          ]
        },
        {
          "over": 17,
          "deliveries": [
            {
              "batter": "MP Ainsworth",
              "bowler": "G Venkateswaran",
              "non_striker": "A Prashar",
              "runs": {
                "batter": 1,
                "extras": 0,
                "total": 1
              }
            },
            {
              "batter": "A Prashar",
              "bowler": "G Venkateswaran",
              "non_striker": "MP Ainsworth",
              "runs": {
                "batter": 6,
                "extras": 0,
                "total": 6
              }
            },
            {
              "batter": "A Prashar",
              "bowler": "G Venkateswaran",
              "non_striker": "MP Ainsworth",
              "runs": {
                "batter": 0,
                "extras": 0,
                "total": 0
              },
              "wickets": [
                {
                  "player_out": "A Prashar",
                  "fielders": [
                    {
                      "name": "V Vijh"
                    }
                  ],
                  "kind": "caught"
                }
              ]
            },
            {
              "batter": "Muhammad Burhan",
              "bowler": "G Venkateswaran",
              "non_striker": "MP Ainsworth",
              "runs": {
                "batter": 2,
                "extras": 0,
                "total": 2
              }
            },
            {
              "batter": "Muhammad Burhan",
              "bowler": "G Venkateswaran",
              "non_striker": "MP Ainsworth",
              "runs": {
                "batter": 1,
                "extras": 0,
                "total": 1
              }
            },
            {
              "batter": "MP Ainsworth",
              "bowler": "G Venkateswaran",
              "non_striker": "Muhammad Burhan",
              "runs": {
                "batter": 1,
                "extras": 0,
                "total": 1
              }
            }
          ]
        },
        {
          "over": 18,
          "deliveries": [
            {
              "batter": "MP Ainsworth",
              "bowler": "Sareer Shah",
              "non_striker": "Muhammad Burhan",
              "runs": {
                "batter": 0,
                "extras": 0,
                "total": 0
              }
            },
            {
              "batter": "MP Ainsworth",
              "bowler": "Sareer Shah",
              "non_striker": "Muhammad Burhan",
              "runs": {
                "batter": 0,
                "extras": 0,
                "total": 0
              },
              "wickets": [
                {
                  "player_out": "MP Ainsworth",
                  "fielders": [
                    {
                      "name": "Milad Momend"
                    }
                  ],
                  "kind": "caught"
                }
              ]
            },
            {
              "batter": "Amal Jacob",
              "bowler": "Sareer Shah",
              "non_striker": "Muhammad Burhan",
              "runs": {
                "batter": 1,
                "extras": 0,
                "total": 1
              }
            },
            {
              "batter": "Muhammad Burhan",
              "bowler": "Sareer Shah",
              "non_striker": "Amal Jacob",
              "runs": {
                "batter": 4,
                "extras": 0,
                "total": 4
              }
            },
            {
              "batter": "Muhammad Burhan",
              "bowler": "Sareer Shah",
              "non_striker": "Amal Jacob",
              "runs": {
                "batter": 4,
                "extras": 0,
                "total": 4
              }
            },
            {
              "batter": "Muhammad Burhan",
              "bowler": "Sareer Shah",
              "extras": {
                "wides": 1
              },
              "non_striker": "Amal Jacob",
              "runs": {
                "batter": 0,
                "extras": 1,
                "total": 1
              }
            },
            {
              "batter": "Muhammad Burhan",
              "bowler": "Sareer Shah",
              "non_striker": "Amal Jacob",
              "runs": {
                "batter": 4,
                "extras": 0,
                "total": 4
              }
            }
          ]
        },
        {
          "over": 19,
          "deliveries": [
            {
              "batter": "Amal Jacob",
              "bowler": "Milad Momend",
              "non_striker": "Muhammad Burhan",
              "runs": {
                "batter": 2,
                "extras": 0,
                "total": 2
              }
            },
            {
              "batter": "Amal Jacob",
              "bowler": "Milad Momend",
              "non_striker": "Muhammad Burhan",
              "runs": {
                "batter": 1,
                "extras": 0,
                "total": 1
              }
            },
            {
              "batter": "Muhammad Burhan",
              "bowler": "Milad Momend",
              "non_striker": "Amal Jacob",
              "runs": {
                "batter": 1,
                "extras": 0,
                "total": 1
              }
            },
            {
              "batter": "Amal Jacob",
              "bowler": "Milad Momend",
              "non_striker": "Muhammad Burhan",
              "runs": {
                "batter": 1,
                "extras": 0,
                "total": 1
              }
            },
            {
              "batter": "Muhammad Burhan",
              "bowler": "Milad Momend",
              "non_striker": "Amal Jacob",
              "runs": {
                "batter": 0,
                "extras": 0,
                "total": 0
              }
            },
            {
              "batter": "Muhammad Burhan",
              "bowler": "Milad Momend",
              "non_striker": "Amal Jacob",
              "runs": {
                "batter": 0,
                "extras": 0,
                "total": 0
              },
              "wickets": [
                {
                  "player_out": "Muhammad Burhan",
                  "kind": "bowled"
                }
              ]
            }
          ]
        }
      ],
      "powerplays": [
        {
          "from": 0.1,
          "to": 5.8,
          "type": "mandatory"
        }
      ]
    },
    {
      "team": "Luxembourg",
      "overs": [
        {
          "over": 0,
          "deliveries": [
            {
              "batter": "TC Barker",
              "bowler": "A Prashar",
              "non_striker": "SKS Gill",
              "runs": {
                "batter": 4,
                "extras": 0,
                "total": 4
              }
            },
            {
              "batter": "TC Barker",
              "bowler": "A Prashar",
              "non_striker": "SKS Gill",
              "runs": {
                "batter": 4,
                "extras": 0,
                "total": 4
              }
            },
            {
              "batter": "TC Barker",
              "bowler": "A Prashar",
              "non_striker": "SKS Gill",
              "runs": {
                "batter": 1,
                "extras": 0,
                "total": 1
              }
            },
            {
              "batter": "SKS Gill",
              "bowler": "A Prashar",
              "non_striker": "TC Barker",
              "runs": {
                "batter": 1,
                "extras": 0,
                "total": 1
              }
            },
            {
              "batter": "TC Barker",
              "bowler": "A Prashar",
              "non_striker": "SKS Gill",
              "runs": {
                "batter": 0,
                "extras": 0,
                "total": 0
              }
            },
            {
              "batter": "TC Barker",
              "bowler": "A Prashar",
              "extras": {
                "wides": 1
              },
              "non_striker": "SKS Gill",
              "runs": {
                "batter": 0,
                "extras": 1,
                "total": 1
              }
            },
            {
              "batter": "TC Barker",
              "bowler": "A Prashar",
              "non_striker": "SKS Gill",
              "runs": {
                "batter": 0,
                "extras": 0,
                "total": 0
              },
              "wickets": [
                {
                  "player_out": "TC Barker",
                  "fielders": [
                    {
                      "name": "V Ravindran"
                    }
                  ],
                  "kind": "caught"
                }
              ]
            }
          ]
        },
        {
          "over": 1,
          "deliveries": [
            {
              "batter": "SKS Gill",
              "bowler": "Muhammad Saqlain",
              "non_striker": "A Manepalli",
              "runs": {
                "batter": 0,
                "extras": 0,
                "total": 0
              }
            },
            {
              "batter": "SKS Gill",
              "bowler": "Muhammad Saqlain",
              "non_striker": "A Manepalli",
              "runs": {
                "batter": 0,
                "extras": 0,
                "total": 0
              }
            },
            {
              "batter": "SKS Gill",
              "bowler": "Muhammad Saqlain",
              "non_striker": "A Manepalli",
              "runs": {
                "batter": 0,
                "extras": 0,
                "total": 0
              }
            },
            {
              "batter": "SKS Gill",
              "bowler": "Muhammad Saqlain",
              "non_striker": "A Manepalli",
              "runs": {
                "batter": 1,
                "extras": 0,
                "total": 1
              }
            },
            {
              "batter": "A Manepalli",
              "bowler": "Muhammad Saqlain",
              "non_striker": "SKS Gill",
              "runs": {
                "batter": 0,
                "extras": 0,
                "total": 0
              }
            },
            {
              "batter": "A Manepalli",
              "bowler": "Muhammad Saqlain",
              "non_striker": "SKS Gill",
              "runs": {
                "batter": 0,
                "extras": 0,
                "total": 0
              },
              "wickets": [
                {
                  "player_out": "A Manepalli",
                  "fielders": [
                    {
                      "name": "Muhammad Burhan"
                    }
                  ],
                  "kind": "caught"
                }
              ]
            }
          ]
        },
        {
          "over": 2,
          "deliveries": [
            {
              "batter": "SKS Gill",
              "bowler": "A Prashar",
              "non_striker": "Mayank Nagayach",
              "runs": {
                "batter": 0,
                "extras": 0,
                "total": 0
              }
            },
            {
              "batter": "SKS Gill",
              "bowler": "A Prashar",
              "non_striker": "Mayank Nagayach",
              "runs": {
                "batter": 0,
                "extras": 0,
                "total": 0
              }
            },
            {
              "batter": "SKS Gill",
              "bowler": "A Prashar",
              "non_striker": "Mayank Nagayach",
              "runs": {
                "batter": 1,
                "extras": 0,
                "total": 1
              }
            },
            {
              "batter": "Mayank Nagayach",
              "bowler": "A Prashar",
              "non_striker": "SKS Gill",
              "runs": {
                "batter": 0,
                "extras": 0,
                "total": 0
              }
            },
            {
              "batter": "Mayank Nagayach",
              "bowler": "A Prashar",
              "non_striker": "SKS Gill",
              "runs": {
                "batter": 2,
                "extras": 0,
                "total": 2
              }
            },
            {
              "batter": "Mayank Nagayach",
              "bowler": "A Prashar",
              "non_striker": "SKS Gill",
              "runs": {
                "batter": 1,
                "extras": 0,
                "total": 1
              }
            }
          ]
        },
        {
          "over": 3,
          "deliveries": [
            {
              "batter": "Mayank Nagayach",
              "bowler": "Muhammad Saqlain",
              "non_striker": "SKS Gill",
              "runs": {
                "batter": 0,
                "extras": 0,
                "total": 0
              },
              "wickets": [
                {
                  "player_out": "Mayank Nagayach",
                  "fielders": [
                    {
                      "name": "Muhammad Usman"
                    }
                  ],
                  "kind": "caught"
                }
              ]
            },
            {
              "batter": "V Vijh",
              "bowler": "Muhammad Saqlain",
              "non_striker": "SKS Gill",
              "runs": {
                "batter": 1,
                "extras": 0,
                "total": 1
              }
            },
            {
              "batter": "SKS Gill",
              "bowler": "Muhammad Saqlain",
              "non_striker": "V Vijh",
              "runs": {
                "batter": 1,
                "extras": 0,
                "total": 1
              }
            },
            {
              "batter": "V Vijh",
              "bowler": "Muhammad Saqlain",
              "extras": {
                "wides": 1
              },
              "non_striker": "SKS Gill",
              "runs": {
                "batter": 0,
                "extras": 1,
                "total": 1
              }
            },
            {
              "batter": "V Vijh",
              "bowler": "Muhammad Saqlain",
              "non_striker": "SKS Gill",
              "runs": {
                "batter": 0,
                "extras": 0,
                "total": 0
              }
            },
            {
              "batter": "V Vijh",
              "bowler": "Muhammad Saqlain",
              "extras": {
                "wides": 1
              },
              "non_striker": "SKS Gill",
              "runs": {
                "batter": 0,
                "extras": 1,
                "total": 1
              }
            },
            {
              "batter": "V Vijh",
              "bowler": "Muhammad Saqlain",
              "extras": {
                "wides": 1
              },
              "non_striker": "SKS Gill",
              "runs": {
                "batter": 0,
                "extras": 1,
                "total": 1
              }
            },
            {
              "batter": "V Vijh",
              "bowler": "Muhammad Saqlain",
              "non_striker": "SKS Gill",
              "runs": {
                "batter": 0,
                "extras": 0,
                "total": 0
              }
            },
            {
              "batter": "V Vijh",
              "bowler": "Muhammad Saqlain",
              "non_striker": "SKS Gill",
              "runs": {
                "batter": 1,
                "extras": 0,
                "total": 1
              }
            }
          ]
        },
        {
          "over": 4,
          "deliveries": [
            {
              "batter": "V Vijh",
              "bowler": "A Prashar",
              "non_striker": "SKS Gill",
              "runs": {
                "batter": 0,
                "extras": 0,
                "total": 0
              }
            },
            {
              "batter": "V Vijh",
              "bowler": "A Prashar",
              "non_striker": "SKS Gill",
              "runs": {
                "batter": 0,
                "extras": 0,
                "total": 0
              }
            },
            {
              "batter": "V Vijh",
              "bowler": "A Prashar",
              "non_striker": "SKS Gill",
              "runs": {
                "batter": 1,
                "extras": 0,
                "total": 1
              }
            },
            {
              "batter": "SKS Gill",
              "bowler": "A Prashar",
              "non_striker": "V Vijh",
              "runs": {
                "batter": 0,
                "extras": 0,
                "total": 0
              }
            },
            {
              "batter": "SKS Gill",
              "bowler": "A Prashar",
              "non_striker": "V Vijh",
              "runs": {
                "batter": 0,
                "extras": 0,
                "total": 0
              }
            },
            {
              "batter": "SKS Gill",
              "bowler": "A Prashar",
              "non_striker": "V Vijh",
              "runs": {
                "batter": 0,
                "extras": 0,
                "total": 0
              }
            }
          ]
        },
        {
          "over": 5,
          "deliveries": [
            {
              "batter": "V Vijh",
              "bowler": "Sadat Said",
              "non_striker": "SKS Gill",
              "runs": {
                "batter": 1,
                "extras": 0,
                "total": 1
              }
            },
            {
              "batter": "SKS Gill",
              "bowler": "Sadat Said",
              "non_striker": "V Vijh",
              "runs": {
                "batter": 4,
                "extras": 0,
                "total": 4
              }
            },
            {
              "batter": "SKS Gill",
              "bowler": "Sadat Said",
              "non_striker": "V Vijh",
              "runs": {
                "batter": 1,
                "extras": 0,
                "total": 1
              }
            },
            {
              "batter": "V Vijh",
              "bowler": "Sadat Said",
              "non_striker": "SKS Gill",
              "runs": {
                "batter": 1,
                "extras": 0,
                "total": 1
              }
            },
            {
              "batter": "SKS Gill",
              "bowler": "Sadat Said",
              "non_striker": "V Vijh",
              "runs": {
                "batter": 0,
                "extras": 0,
                "total": 0
              },
              "wickets": [
                {
                  "player_out": "SKS Gill",
                  "fielders": [
                    {
                      "name": "Zeeshan Kukikhel"
                    }
                  ],
                  "kind": "caught"
                }
              ]
            },
            {
              "batter": "Anoop Orsu",
              "bowler": "Sadat Said",
              "non_striker": "V Vijh",
              "runs": {
                "batter": 2,
                "extras": 0,
                "total": 2
              }
            }
          ]
        },
        {
          "over": 6,
          "deliveries": [
            {
              "batter": "V Vijh",
              "bowler": "Muhammad Burhan",
              "non_striker": "Anoop Orsu",
              "runs": {
                "batter": 0,
                "extras": 0,
                "total": 0
              }
            },
            {
              "batter": "V Vijh",
              "bowler": "Muhammad Burhan",
              "extras": {
                "wides": 1
              },
              "non_striker": "Anoop Orsu",
              "runs": {
                "batter": 0,
                "extras": 1,
                "total": 1
              }
            },
            {
              "batter": "V Vijh",
              "bowler": "Muhammad Burhan",
              "non_striker": "Anoop Orsu",
              "runs": {
                "batter": 1,
                "extras": 0,
                "total": 1
              }
            },
            {
              "batter": "Anoop Orsu",
              "bowler": "Muhammad Burhan",
              "non_striker": "V Vijh",
              "runs": {
                "batter": 6,
                "extras": 0,
                "total": 6
              }
            },
            {
              "batter": "Anoop Orsu",
              "bowler": "Muhammad Burhan",
              "non_striker": "V Vijh",
              "runs": {
                "batter": 0,
                "extras": 0,
                "total": 0
              },
              "wickets": [
                {
                  "player_out": "Anoop Orsu",
                  "kind": "bowled"
                }
              ]
            },
            {
              "batter": "A Halbhavi",
              "bowler": "Muhammad Burhan",
              "extras": {
                "wides": 1
              },
              "non_striker": "V Vijh",
              "runs": {
                "batter": 0,
                "extras": 1,
                "total": 1
              }
            },
            {
              "batter": "A Halbhavi",
              "bowler": "Muhammad Burhan",
              "non_striker": "V Vijh",
              "runs": {
                "batter": 0,
                "extras": 0,
                "total": 0
              }
            },
            {
              "batter": "A Halbhavi",
              "bowler": "Muhammad Burhan",
              "non_striker": "V Vijh",
              "runs": {
                "batter": 0,
                "extras": 0,
                "total": 0
              }
            }
          ]
        },
        {
          "over": 7,
          "deliveries": [
            {
              "batter": "V Vijh",
              "bowler": "Sadat Said",
              "non_striker": "A Halbhavi",
              "runs": {
                "batter": 1,
                "extras": 0,
                "total": 1
              }
            },
            {
              "batter": "A Halbhavi",
              "bowler": "Sadat Said",
              "non_striker": "V Vijh",
              "runs": {
                "batter": 1,
                "extras": 0,
                "total": 1
              }
            },
            {
              "batter": "V Vijh",
              "bowler": "Sadat Said",
              "non_striker": "A Halbhavi",
              "runs": {
                "batter": 1,
                "extras": 0,
                "total": 1
              }
            },
            {
              "batter": "A Halbhavi",
              "bowler": "Sadat Said",
              "non_striker": "V Vijh",
              "runs": {
                "batter": 1,
                "extras": 0,
                "total": 1
              }
            },
            {
              "batter": "V Vijh",
              "bowler": "Sadat Said",
              "non_striker": "A Halbhavi",
              "runs": {
                "batter": 1,
                "extras": 0,
                "total": 1
              }
            },
            {
              "batter": "A Halbhavi",
              "bowler": "Sadat Said",
              "non_striker": "V Vijh",
              "runs": {
                "batter": 0,
                "extras": 0,
                "total": 0
              },
              "wickets": [
                {
                  "player_out": "A Halbhavi",
                  "kind": "lbw"
                }
              ]
            }
          ]
        },
        {
          "over": 8,
          "deliveries": [
            {
              "batter": "V Vijh",
              "bowler": "Muhammad Burhan",
              "non_striker": "G Venkateswaran",
              "runs": {
                "batter": 0,
                "extras": 0,
                "total": 0
              }
            },
            {
              "batter": "V Vijh",
              "bowler": "Muhammad Burhan",
              "non_striker": "G Venkateswaran",
              "runs": {
                "batter": 0,
                "extras": 0,
                "total": 0
              }
            },
            {
              "batter": "V Vijh",
              "bowler": "Muhammad Burhan",
              "non_striker": "G Venkateswaran",
              "runs": {
                "batter": 0,
                "extras": 0,
                "total": 0
              }
            },
            {
              "batter": "V Vijh",
              "bowler": "Muhammad Burhan",
              "non_striker": "G Venkateswaran",
              "runs": {
                "batter": 0,
                "extras": 0,
                "total": 0
              }
            },
            {
              "batter": "V Vijh",
              "bowler": "Muhammad Burhan",
              "non_striker": "G Venkateswaran",
              "runs": {
                "batter": 1,
                "extras": 0,
                "total": 1
              }
            },
            {
              "batter": "G Venkateswaran",
              "bowler": "Muhammad Burhan",
              "non_striker": "V Vijh",
              "runs": {
                "batter": 0,
                "extras": 0,
                "total": 0
              }
            }
          ]
        },
        {
          "over": 9,
          "deliveries": [
            {
              "batter": "V Vijh",
              "bowler": "Amal Jacob",
              "non_striker": "G Venkateswaran",
              "runs": {
                "batter": 2,
                "extras": 0,
                "total": 2
              }
            },
            {
              "batter": "V Vijh",
              "bowler": "Amal Jacob",
              "extras": {
                "wides": 1
              },
              "non_striker": "G Venkateswaran",
              "runs": {
                "batter": 0,
                "extras": 1,
                "total": 1
              }
            },
            {
              "batter": "V Vijh",
              "bowler": "Amal Jacob",
              "non_striker": "G Venkateswaran",
              "runs": {
                "batter": 1,
                "extras": 0,
                "total": 1
              }
            },
            {
              "batter": "G Venkateswaran",
              "bowler": "Amal Jacob",
              "non_striker": "V Vijh",
              "runs": {
                "batter": 1,
                "extras": 0,
                "total": 1
              }
            },
            {
              "batter": "V Vijh",
              "bowler": "Amal Jacob",
              "non_striker": "G Venkateswaran",
              "runs": {
                "batter": 0,
                "extras": 0,
                "total": 0
              }
            },
            {
              "batter": "V Vijh",
              "bowler": "Amal Jacob",
              "non_striker": "G Venkateswaran",
              "runs": {
                "batter": 1,
                "extras": 0,
                "total": 1
              }
            },
            {
              "batter": "G Venkateswaran",
              "bowler": "Amal Jacob",
              "non_striker": "V Vijh",
              "runs": {
                "batter": 0,
                "extras": 0,
                "total": 0
              }
            }
          ]
        },
        {
          "over": 10,
          "deliveries": [
            {
              "batter": "V Vijh",
              "bowler": "Muhammad Burhan",
              "non_striker": "G Venkateswaran",
              "runs": {
                "batter": 0,
                "extras": 0,
                "total": 0
              }
            },
            {
              "batter": "V Vijh",
              "bowler": "Muhammad Burhan",
              "non_striker": "G Venkateswaran",
              "runs": {
                "batter": 0,
                "extras": 0,
                "total": 0
              },
              "wickets": [
                {
                  "player_out": "V Vijh",
                  "fielders": [
                    {
                      "name": "V Ravindran"
                    }
                  ],
                  "kind": "run out"
                }
              ]
            },
            {
              "batter": "Kamal Soukhiya",
              "bowler": "Muhammad Burhan",
              "non_striker": "G Venkateswaran",
              "runs": {
                "batter": 0,
                "extras": 0,
                "total": 0
              }
            },
            {
              "batter": "Kamal Soukhiya",
              "bowler": "Muhammad Burhan",
              "non_striker": "G Venkateswaran",
              "runs": {
                "batter": 0,
                "extras": 0,
                "total": 0
              }
            },
            {
              "batter": "Kamal Soukhiya",
              "bowler": "Muhammad Burhan",
              "non_striker": "G Venkateswaran",
              "runs": {
                "batter": 1,
                "extras": 0,
                "total": 1
              }
            },
            {
              "batter": "G Venkateswaran",
              "bowler": "Muhammad Burhan",
              "non_striker": "Kamal Soukhiya",
              "runs": {
                "batter": 0,
                "extras": 0,
                "total": 0
              }
            }
          ]
        },
        {
          "over": 11,
          "deliveries": [
            {
              "batter": "Kamal Soukhiya",
              "bowler": "Amal Jacob",
              "non_striker": "G Venkateswaran",
              "runs": {
                "batter": 1,
                "extras": 0,
                "total": 1
              }
            },
            {
              "batter": "G Venkateswaran",
              "bowler": "Amal Jacob",
              "non_striker": "Kamal Soukhiya",
              "runs": {
                "batter": 1,
                "extras": 0,
                "total": 1
              }
            },
            {
              "batter": "Kamal Soukhiya",
              "bowler": "Amal Jacob",
              "non_striker": "G Venkateswaran",
              "runs": {
                "batter": 1,
                "extras": 0,
                "total": 1
              }
            },
            {
              "batter": "G Venkateswaran",
              "bowler": "Amal Jacob",
              "non_striker": "Kamal Soukhiya",
              "runs": {
                "batter": 4,
                "extras": 0,
                "total": 4
              }
            },
            {
              "batter": "G Venkateswaran",
              "bowler": "Amal Jacob",
              "non_striker": "Kamal Soukhiya",
              "runs": {
                "batter": 0,
                "extras": 0,
                "total": 0
              }
            },
            {
              "batter": "G Venkateswaran",
              "bowler": "Amal Jacob",
              "non_striker": "Kamal Soukhiya",
              "runs": {
                "batter": 4,
                "extras": 0,
                "total": 4
              }
            }
          ]
        },
        {
          "over": 12,
          "deliveries": [
            {
              "batter": "Kamal Soukhiya",
              "bowler": "Muhammad Burhan",
              "non_striker": "G Venkateswaran",
              "runs": {
                "batter": 0,
                "extras": 0,
                "total": 0
              }
            },
            {
              "batter": "Kamal Soukhiya",
              "bowler": "Muhammad Burhan",
              "non_striker": "G Venkateswaran",
              "runs": {
                "batter": 0,
                "extras": 0,
                "total": 0
              }
            },
            {
              "batter": "Kamal Soukhiya",
              "bowler": "Muhammad Burhan",
              "non_striker": "G Venkateswaran",
              "runs": {
                "batter": 2,
                "extras": 0,
                "total": 2
              }
            },
            {
              "batter": "Kamal Soukhiya",
              "bowler": "Muhammad Burhan",
              "non_striker": "G Venkateswaran",
              "runs": {
                "batter": 4,
                "extras": 0,
                "total": 4
              }
            },
            {
              "batter": "Kamal Soukhiya",
              "bowler": "Muhammad Burhan",
              "non_striker": "G Venkateswaran",
              "runs": {
                "batter": 1,
                "extras": 0,
                "total": 1
              }
            },
            {
              "batter": "G Venkateswaran",
              "bowler": "Muhammad Burhan",
              "non_striker": "Kamal Soukhiya",
              "runs": {
                "batter": 2,
                "extras": 0,
                "total": 2
              }
            }
          ]
        },
        {
          "over": 13,
          "deliveries": [
            {
              "batter": "Kamal Soukhiya",
              "bowler": "Muhammad Saqlain",
              "non_striker": "G Venkateswaran",
              "runs": {
                "batter": 0,
                "extras": 0,
                "total": 0
              }
            },
            {
              "batter": "Kamal Soukhiya",
              "bowler": "Muhammad Saqlain",
              "non_striker": "G Venkateswaran",
              "runs": {
                "batter": 0,
                "extras": 0,
                "total": 0
              },
              "wickets": [
                {
                  "player_out": "Kamal Soukhiya",
                  "fielders": [
                    {
                      "name": "Zeeshan Kukikhel"
                    }
                  ],
                  "kind": "caught"
                }
              ]
            },
            {
              "batter": "Sareer Shah",
              "bowler": "Muhammad Saqlain",
              "non_striker": "G Venkateswaran",
              "runs": {
                "batter": 0,
                "extras": 0,
                "total": 0
              },
              "wickets": [
                {
                  "player_out": "Sareer Shah",
                  "kind": "bowled"
                }
              ]
            },
            {
              "batter": "Milad Momend",
              "bowler": "Muhammad Saqlain",
              "non_striker": "G Venkateswaran",
              "runs": {
                "batter": 0,
                "extras": 0,
                "total": 0
              }
            },
            {
              "batter": "Milad Momend",
              "bowler": "Muhammad Saqlain",
              "non_striker": "G Venkateswaran",
              "runs": {
                "batter": 0,
                "extras": 0,
                "total": 0
              }
            },
            {
              "batter": "Milad Momend",
              "bowler": "Muhammad Saqlain",
              "non_striker": "G Venkateswaran",
              "runs": {
                "batter": 1,
                "extras": 0,
                "total": 1
              }
            }
          ]
        },
        {
          "over": 14,
          "deliveries": [
            {
              "batter": "Milad Momend",
              "bowler": "Sadat Said",
              "non_striker": "G Venkateswaran",
              "runs": {
                "batter": 0,
                "extras": 0,
                "total": 0
              }
            },
            {
              "batter": "Milad Momend",
              "bowler": "Sadat Said",
              "extras": {
                "wides": 1
              },
              "non_striker": "G Venkateswaran",
              "runs": {
                "batter": 0,
                "extras": 1,
                "total": 1
              }
            },
            {
              "batter": "Milad Momend",
              "bowler": "Sadat Said",
              "non_striker": "G Venkateswaran",
              "runs": {
                "batter": 1,
                "extras": 0,
                "total": 1
              }
            },
            {
              "batter": "G Venkateswaran",
              "bowler": "Sadat Said",
              "non_striker": "Milad Momend",
              "runs": {
                "batter": 0,
                "extras": 0,
                "total": 0
              }
            },
            {
              "batter": "G Venkateswaran",
              "bowler": "Sadat Said",
              "non_striker": "Milad Momend",
              "runs": {
                "batter": 0,
                "extras": 0,
                "total": 0
              }
            },
            {
              "batter": "G Venkateswaran",
              "bowler": "Sadat Said",
              "non_striker": "Milad Momend",
              "runs": {
                "batter": 1,
                "extras": 0,
                "total": 1
              }
            },
            {
              "batter": "Milad Momend",
              "bowler": "Sadat Said",
              "non_striker": "G Venkateswaran",
              "runs": {
                "batter": 0,
                "extras": 0,
                "total": 0
              }
            }
          ]
        },
        {
          "over": 15,
          "deliveries": [
            {
              "batter": "G Venkateswaran",
              "bowler": "Muhammad Saqlain",
              "non_striker": "Milad Momend",
              "runs": {
                "batter": 0,
                "extras": 0,
                "total": 0
              },
              "wickets": [
                {
                  "player_out": "G Venkateswaran",
                  "kind": "lbw"
                }
              ]
            }
          ]
        }
      ],
      "powerplays": [
        {
          "from": 0.1,
          "to": 5.6,
          "type": "mandatory"
        }
      ],
      "target": {
        "overs": 20,
        "runs": 149
      }
    }
  ]
}