{
  "meta": {
    "data_version": "1.1.0",
    "created": "2025-07-28",
    "revision": 1
  },
  "info": {
    "balls_per_over": 6,
    "city": "Szodliget",
    "dates": [
      "2025-07-27"
    ],
    "event": {
      "name": "Budapest Cup",
      "stage": "3rd Place Play-Off"
    },
    "gender": "male",
    "match_type": "T20",
    "match_type_number": 3379,
    "missing": [
      "umpires"
    ],
    "outcome": {
      "winner": "Hungary",
      "by": {
        "runs": 37
      }
    },
    "overs": 20,
    "players": {
      "Hungary": [
        "Abbas Ghani",
        "V Ravindran",
        "Zeeshan Kukikhel",
        "Muhammad Usman",
        "A Prashar",
        "Muhammad Burhan",
        "RJ Ainsworth",
        "Ali Nawaz",
        "MP Ainsworth",
        "SA Mohandas",
        "Muhammad Saqlain"
      ],
      "Luxembourg": [
        "TC Barker",
        "A Halbhavi",
        "SKS Gill",
        "V Vijh",
        "Kamal Soukhiya",
        "Anoop Orsu",
        "G Venkateswaran",
        "Mayank Nagayach",
        "A Manepalli",
        "Milad Momend",
        "Sareer Shah"
      ]
    },
    "registry": {
      "people": {
        "A Halbhavi": "df1b4c8f",
        "A Manepalli": "36101309",
        "A Prashar": "b18dbaff",
        "Abbas Ghani": "a8f91f78",
        "Ali Nawaz": "deef8879",
        "Anoop Orsu": "488b7e22",
        "G Venkateswaran": "a4bcaba7",
        "Kamal Soukhiya": "64457c72",
        "MP Ainsworth": "ae4a47d8",
        "Mayank Nagayach": "e401f8a5",
        "Milad Momend": "84880baf",
        "Muhammad Burhan": "a92609f2",
        "Muhammad Saqlain": "f094e3b8",
        "Muhammad Usman": "b7621723",
        "RJ Ainsworth": "b6924e3f",
        "SA Mohandas": "8b0b3bba",
        "SKS Gill": "faef026c",
        "Sareer Shah": "f16953c5",
        "TC Barker": "c31adb5c",
        "V Ravindran": "e5ecb1ef",
        "V Vijh": "b857468a",
        "Zeeshan Kukikhel": "5d6a1f76"
      }
    },
    "season": "2025",
    "team_type": "international",
    "teams": [
      "Hungary",
      "Luxembourg"
    ],
    "toss": {
      "decision": "field",
      "winner": "Luxembourg"
    },
    "venue": "GB Oval, Szodliget"
  },
  "innings": [
    {
      "team": "Hungary",
      "overs": [
        {
          "over": 0,
          "deliveries": [
            {
              "batter": "Abbas Ghani",
              "bowler": "Sareer Shah",
              "extras": {
                "byes": 1
              },
              "non_striker": "V Ravindran",
              "runs": {
                "batter": 0,
                "extras": 1,
                "total": 1
              }
            },
            {
              "batter": "V Ravindran",
              "bowler": "Sareer Shah",
              "non_striker": "Abbas Ghani",
              "runs": {
                "batter": 2,
                "extras": 0,
                "total": 2
              }
            },
            {
              "batter": "V Ravindran",
              "bowler": "Sareer Shah",
              "non_striker": "Abbas Ghani",
              "runs": {
                "batter": 0,
                "extras": 0,
                "total": 0
              }
            },
            {
              "batter": "V Ravindran",
              "bowler": "Sareer Shah",
              "extras": {
                "wides": 1
              },
              "non_striker": "Abbas Ghani",
              "runs": {
                "batter": 0,
                "extras": 1,
                "total": 1
              }
            },
            {
              "batter": "V Ravindran",
              "bowler": "Sareer Shah",
              "non_striker": "Abbas Ghani",
              "runs": {
                "batter": 0,
                "extras": 0,
                "total": 0
              }
            },
            {
              "batter": "V Ravindran",
              "bowler": "Sareer Shah",
              "non_striker": "Abbas Ghani",
              "runs": {
                "batter": 4,
                "extras": 0,
                "total": 4
              }
            },
            {
              "batter": "V Ravindran",
              "bowler": "Sareer Shah",
              "non_striker": "Abbas Ghani",
              "runs": {
                "batter": 0,
                "extras": 0,
                "total": 0
              }
            }
          ]
        },
        {
          "over": 1,
          "deliveries": [
            {
              "batter": "Abbas Ghani",
              "bowler": "Kamal Soukhiya",
              "extras": {
                "wides": 1
              },
              "non_striker": "V Ravindran",
              "runs": {
                "batter": 0,
                "extras": 1,
                "total": 1
              }
            },
            {
              "batter": "Abbas Ghani",
              "bowler": "Kamal Soukhiya",
              "non_striker": "V Ravindran",
              "runs": {
                "batter": 1,
                "extras": 0,
                "total": 1
              }
            },
            {
              "batter": "V Ravindran",
              "bowler": "Kamal Soukhiya",
              "non_striker": "Abbas Ghani",
              "runs": {
                "batter": 0,
                "extras": 0,
                "total": 0
              }
            },
            {
              "batter": "V Ravindran",
              "bowler": "Kamal Soukhiya",
              "extras": {
                "wides": 1
              },
              "non_striker": "Abbas Ghani",
              "runs": {
                "batter": 0,
                "extras": 1,
                "total": 1
              }
            },
            {
              "batter": "V Ravindran",
              "bowler": "Kamal Soukhiya",
              "non_striker": "Abbas Ghani",
              "runs": {
                "batter": 4,
                "extras": 0,
                "total": 4
              }
            },
            {
              "batter": "V Ravindran",
              "bowler": "Kamal Soukhiya",
              "non_striker": "Abbas Ghani",
              "runs": {
                "batter": 0,
                "extras": 0,
                "total": 0
              }
            },
            {
              "batter": "V Ravindran",
              "bowler": "Kamal Soukhiya",
              "extras": {
                "wides": 1
              },
              "non_striker": "Abbas Ghani",
              "runs": {
                "batter": 0,
                "extras": 1,
                "total": 1
              }
            },
            {
              "batter": "V Ravindran",
              "bowler": "Kamal Soukhiya",
              "non_striker": "Abbas Ghani",
              "runs": {
                "batter": 0,
                "extras": 0,
                "total": 0
              }
            },
            {
              "batter": "V Ravindran",
              "bowler": "Kamal Soukhiya",
              "non_striker": "Abbas Ghani",
              "runs": {
                "batter": 4,
                "extras": 0,
                "total": 4
              }
            }
          ]
        },
        {
          "over": 2,
          "deliveries": [
            {
              "batter": "Abbas Ghani",
              "bowler": "Sareer Shah",
              "non_striker": "V Ravindran",
              "runs": {
                "batter": 0,
                "extras": 0,
                "total": 0
              }
            },
            {
              "batter": "Abbas Ghani",
              "bowler": "Sareer Shah",
              "non_striker": "V Ravindran",
              "runs": {
                "batter": 1,
                "extras": 0,
                "total": 1
              }
            },
            {
              "batter": "V Ravindran",
              "bowler": "Sareer Shah",
              "non_striker": "Abbas Ghani",
              "runs": {
                "batter": 1,
                "extras": 0,
                "total": 1
              }
            },
            {
              "batter": "Abbas Ghani",
              "bowler": "Sareer Shah",
              "extras": {
                "wides": 1
              },
              "non_striker": "V Ravindran",
              "runs": {
                "batter": 0,
                "extras": 1,
                "total": 1
              }
            },
            {
              "batter": "Abbas Ghani",
              "bowler": "Sareer Shah",
              "non_striker": "V Ravindran",
              "runs": {
                "batter": 4,
                "extras": 0,
                "total": 4
              }
            },
            {
              "batter": "Abbas Ghani",
              "bowler": "Sareer Shah",
              "non_striker": "V Ravindran",
              "runs": {
                "batter": 1,
                "extras": 0,
                "total": 1
              }
            },
            {
              "batter": "V Ravindran",
              "bowler": "Sareer Shah",
              "non_striker": "Abbas Ghani",
              "runs": {
                "batter": 1,
                "extras": 0,
                "total": 1
              }
            }
          ]
        },
        {
          "over": 3,
          "deliveries": [
            {
              "batter": "V Ravindran",
              "bowler": "Kamal Soukhiya",
              "extras": {
                "wides": 1
              },
              "non_striker": "Abbas Ghani",
              "runs": {
                "batter": 0,
                "extras": 1,
                "total": 1
              }
            },
            {
              "batter": "V Ravindran",
              "bowler": "Kamal Soukhiya",
              "non_striker": "Abbas Ghani",
              "runs": {
                "batter": 0,
                "extras": 0,
                "total": 0
              }
            },
            {
              "batter": "V Ravindran",
              "bowler": "Kamal Soukhiya",
              "non_striker": "Abbas Ghani",
              "runs": {
                "batter": 0,
                "extras": 0,
                "total": 0
              }
            },
            {
              "batter": "V Ravindran",
              "bowler": "Kamal Soukhiya",
              "non_striker": "Abbas Ghani",
              "runs": {
                "batter": 2,
                "extras": 0,
                "total": 2
              }
            },
            {
              "batter": "V Ravindran",
              "bowler": "Kamal Soukhiya",
              "non_striker": "Abbas Ghani",
              "runs": {
                "batter": 1,
                "extras": 0,
                "total": 1
              }
            },
            {
              "batter": "Abbas Ghani",
              "bowler": "Kamal Soukhiya",
              "non_striker": "V Ravindran",
              "runs": {
                "batter": 4,
                "extras": 0,
                "total": 4
              }
            },
            {
              "batter": "Abbas Ghani",
              "bowler": "Kamal Soukhiya",
              "non_striker": "V Ravindran",
              "runs": {
                "batter": 2,
                "extras": 0,
                "total": 2
              }
            }
          ]
        },
        {
          "over": 4,
          "deliveries": [
            {
              "batter": "V Ravindran",
              "bowler": "Sareer Shah",
              "non_striker": "Abbas Ghani",
              "runs": {
                "batter": 6,
                "extras": 0,
                "total": 6
              }
            },
            {
              "batter": "V Ravindran",
              "bowler": "Sareer Shah",
              "non_striker": "Abbas Ghani",
              "runs": {
                "batter": 4,
                "extras": 0,
                "total": 4
              }
            },
            {
              "batter": "V Ravindran",
              "bowler": "Sareer Shah",
              "non_striker": "Abbas Ghani",
              "runs": {
                "batter": 2,
                "extras": 0,
                "total": 2
              }
            },
            {
              "batter": "V Ravindran",
              "bowler": "Sareer Shah",
              "non_striker": "Abbas Ghani",
              "runs": {
                "batter": 0,
                "extras": 0,
                "total": 0
              }
            },
            {
              "batter": "V Ravindran",
              "bowler": "Sareer Shah",
              "non_striker": "Abbas Ghani",
              "runs": {
                "batter": 4,
                "extras": 0,
                "total": 4
              }
            },
            {
              "batter": "V Ravindran",
              "bowler": "Sareer Shah",
              "non_striker": "Abbas Ghani",
              "runs": {
                "batter": 0,
                "extras": 0,
                "total": 0
              }
            }
          ]
        },
        {
          "over": 5,
          "deliveries": [
            {
              "batter": "Abbas Ghani",
              "bowler": "Milad Momend",
              "non_striker": "V Ravindran",
              "runs": {
                "batter": 4,
                "extras": 0,
                "total": 4
              }
            },
            {
              "batter": "Abbas Ghani",
              "bowler": "Milad Momend",
              "extras": {
                "wides": 1
              },
              "non_striker": "V Ravindran",
              "runs": {
                "batter": 0,
                "extras": 1,
                "total": 1
              }
            },
            {
              "batter": "Abbas Ghani",
              "bowler": "Milad Momend",
              "non_striker": "V Ravindran",
              "runs": {
                "batter": 0,
                "extras": 0,
                "total": 0
              }
            },
            {
              "batter": "Abbas Ghani",
              "bowler": "Milad Momend",
              "non_striker": "V Ravindran",
              "runs": {
                "batter": 0,
                "extras": 0,
                "total": 0
              }
            },
            {
              "batter": "Abbas Ghani",
              "bowler": "Milad Momend",
              "non_striker": "V Ravindran",
              "runs": {
                "batter": 1,
                "extras": 0,
                "total": 1
              }
            },
            {
              "batter": "V Ravindran",
              "bowler": "Milad Momend",
              "non_striker": "Abbas Ghani",
              "runs": {
                "batter": 1,
                "extras": 0,
                "total": 1
              }
            },
            {
              "batter": "Abbas Ghani",
              "bowler": "Milad Momend",
              "non_striker": "V Ravindran",
              "runs": {
                "batter": 4,
                "extras": 0,
                "total": 4
              }
            }
          ]
        },
        {
          "over": 6,
          "deliveries": [
            {
              "batter": "V Ravindran",
              "bowler": "Mayank Nagayach",
              "non_striker": "Abbas Ghani",
              "runs": {
                "batter": 2,
                "extras": 0,
                "total": 2
              }
            },
            {
              "batter": "V Ravindran",
              "bowler": "Mayank Nagayach",
              "non_striker": "Abbas Ghani",
              "runs": {
                "batter": 0,
                "extras": 0,
                "total": 0
              }
            },
            {
              "batter": "V Ravindran",
              "bowler": "Mayank Nagayach",
              "extras": {
                "wides": 1
              },
              "non_striker": "Abbas Ghani",
              "runs": {
                "batter": 0,
                "extras": 1,
                "total": 1
              }
            },
            {
              "batter": "V Ravindran",
              "bowler": "Mayank Nagayach",
              "non_striker": "Abbas Ghani",
              "runs": {
                "batter": 0,
                "extras": 0,
                "total": 0
              }
            },
            {
              "batter": "V Ravindran",
              "bowler": "Mayank Nagayach",
              "non_striker": "Abbas Ghani",
              "runs": {
                "batter": 1,
                "extras": 0,
                "total": 1
              }
            },
            {
              "batter": "Abbas Ghani",
              "bowler": "Mayank Nagayach",
              "non_striker": "V Ravindran",
              "runs": {
                "batter": 0,
                "extras": 0,
                "total": 0
              }
            },
            {
              "batter": "Abbas Ghani",
              "bowler": "Mayank Nagayach",
              "non_striker": "V Ravindran",
              "runs": {
                "batter": 1,
                "extras": 0,
                "total": 1
              }
            }
          ]
        },
        {
          "over": 7,
          "deliveries": [
            {
              "batter": "Abbas Ghani",
              "bowler": "Milad Momend",
              "non_striker": "V Ravindran",
              "runs": {
                "batter": 1,
                "extras": 0,
                "total": 1
              }
            },
            {
              "batter": "V Ravindran",
              "bowler": "Milad Momend",
              "non_striker": "Abbas Ghani",
              "runs": {
                "batter": 1,
                "extras": 0,
                "total": 1
              }
            },
            {
              "batter": "Abbas Ghani",
              "bowler": "Milad Momend",
              "non_striker": "V Ravindran",
              "runs": {
                "batter": 2,
                "extras": 0,
                "total": 2
              }
            },
            {
              "batter": "Abbas Ghani",
              "bowler": "Milad Momend",
              "non_striker": "V Ravindran",
              "runs": {
                "batter": 0,
                "extras": 0,
                "total": 0
              }
            },
            {
              "batter": "Abbas Ghani",
              "bowler": "Milad Momend",
              "non_striker": "V Ravindran",
              "runs": {
                "batter": 1,
                "extras": 0,
                "total": 1
              }
            },
            {
              "batter": "V Ravindran",
              "bowler": "Milad Momend",
              "non_striker": "Abbas Ghani",
              "runs": {
                "batter": 4,
                "extras": 0,
                "total": 4
              }
            }
          ]
        },
        {
          "over": 8,
          "deliveries": [
            {
              "batter": "Abbas Ghani",
              "bowler": "Mayank Nagayach",
              "non_striker": "V Ravindran",
              "runs": {
                "batter": 2,
                "extras": 0,
                "total": 2
              }
            },
            {
              "batter": "Abbas Ghani",
              "bowler": "Mayank Nagayach",
              "non_striker": "V Ravindran",
              "runs": {
                "batter": 1,
                "extras": 0,
                "total": 1
              }
            },
            {
              "batter": "V Ravindran",
              "bowler": "Mayank Nagayach",
              "non_striker": "Abbas Ghani",
              "runs": {
                "batter": 1,
                "extras": 0,
                "total": 1
              }
            },
            {
              "batter": "Abbas Ghani",
              "bowler": "Mayank Nagayach",
              "non_striker": "V Ravindran",
              "runs": {
                "batter": 0,
                "extras": 0,
                "total": 0
              }
            },
            {
              "batter": "Abbas Ghani",
              "bowler": "Mayank Nagayach",
              "non_striker": "V Ravindran",
              "runs": {
                "batter": 2,
                "extras": 0,
                "total": 2
              }
            },
            {
              "batter": "Abbas Ghani",
              "bowler": "Mayank Nagayach",
              "non_striker": "V Ravindran",
              "runs": {
                "batter": 1,
                "extras": 0,
                "total": 1
              }
            }
          ]
        },
        {
          "over": 9,
          "deliveries": [
            {
              "batter": "Abbas Ghani",
              "bowler": "G Venkateswaran",
              "non_striker": "V Ravindran",
              "runs": {
                "batter": 2,
                "extras": 0,
                "total": 2
              }
            },
            {
              "batter": "Abbas Ghani",
              "bowler": "G Venkateswaran",
              "non_striker": "V Ravindran",
              "runs": {
                "batter": 6,
                "extras": 0,
                "total": 6
              }
            },
            {
              "batter": "Abbas Ghani",
              "bowler": "G Venkateswaran",
              "non_striker": "V Ravindran",
              "runs": {
                "batter": 1,
                "extras": 0,
                "total": 1
              }
            },
            {
              "batter": "V Ravindran",
              "bowler": "G Venkateswaran",
              "non_striker": "Abbas Ghani",
              "runs": {
                "batter": 0,
                "extras": 0,
                "total": 0
              }
            },
            {
              "batter": "V Ravindran",
              "bowler": "G Venkateswaran",
              "non_striker": "Abbas Ghani",
              "runs": {
                "batter": 2,
                "extras": 0,
                "total": 2
              }
            },
            {
              "batter": "V Ravindran",
              "bowler": "G Venkateswaran",
              "non_striker": "Abbas Ghani",
              "runs": {
                "batter": 1,
                "extras": 0,
                "total": 1
              }
            }
          ]
        },
        {
          "over": 10,
          "deliveries": [
            {
              "batter": "V Ravindran",
              "bowler": "Mayank Nagayach",
              "non_striker": "Abbas Ghani",
              "runs": {
                "batter": 1,
                "extras": 0,
                "total": 1
              }
            },
            {
              "batter": "Abbas Ghani",
              "bowler": "Mayank Nagayach",
              "non_striker": "V Ravindran",
              "runs": {
                "batter": 2,
                "extras": 0,
                "total": 2
              }
            },
            {
              "batter": "Abbas Ghani",
              "bowler": "Mayank Nagayach",
              "non_striker": "V Ravindran",
              "runs": {
                "batter": 1,
                "extras": 0,
                "total": 1
              }
            },
            {
              "batter": "V Ravindran",
              "bowler": "Mayank Nagayach",
              "non_striker": "Abbas Ghani",
              "runs": {
                "batter": 0,
                "extras": 0,
                "total": 0
              }
            },
            {
              "batter": "V Ravindran",
              "bowler": "Mayank Nagayach",
              "non_striker": "Abbas Ghani",
              "runs": {
                "batter": 4,
                "extras": 0,
                "total": 4
              }
            },
            {
              "batter": "V Ravindran",
              "bowler": "Mayank Nagayach",
              "non_striker": "Abbas Ghani",
              "runs": {
                "batter": 2,
                "extras": 0,
                "total": 2
              }
            }
          ]
        },
        {
          "over": 11,
          "deliveries": [
            {
              "batter": "Abbas Ghani",
              "bowler": "G Venkateswaran",
              "non_striker": "V Ravindran",
              "runs": {
                "batter": 4,
                "extras": 0,
                "total": 4
              }
            },
            {
              "batter": "Abbas Ghani",
              "bowler": "G Venkateswaran",
              "non_striker": "V Ravindran",
              "runs": {
                "batter": 1,
                "extras": 0,
                "total": 1
              }
            },
            {
              "batter": "V Ravindran",
              "bowler": "G Venkateswaran",
              "non_striker": "Abbas Ghani",
              "runs": {
                "batter": 1,
                "extras": 0,
                "total": 1
              }
            },
            {
              "batter": "Abbas Ghani",
              "bowler": "G Venkateswaran",
              "non_striker": "V Ravindran",
              "runs": {
                "batter": 1,
                "extras": 0,
                "total": 1
              }
            },
            {
              "batter": "V Ravindran",
              "bowler": "G Venkateswaran",
              "non_striker": "Abbas Ghani",
              "runs": {
                "batter": 2,
                "extras": 0,
                "total": 2
              }
            },
            {
              "batter": "V Ravindran",
              "bowler": "G Venkateswaran",
              "non_striker": "Abbas Ghani",
              "runs": {
                "batter": 2,
                "extras": 0,
                "total": 2
              }
            }
          ]
        },
        {
          "over": 12,
          "deliveries": [
            {
              "batter": "Abbas Ghani",
              "bowler": "V Vijh",
              "non_striker": "V Ravindran",
              "runs": {
                "batter": 0,
                "extras": 0,
                "total": 0
              }
            },
            {
              "batter": "Abbas Ghani",
              "bowler": "V Vijh",
              "non_striker": "V Ravindran",
              "runs": {
                "batter": 1,
                "extras": 0,
                "total": 1
              }
            },
            {
              "batter": "V Ravindran",
              "bowler": "V Vijh",
              "non_striker": "Abbas Ghani",
              "runs": {
                "batter": 0,
                "extras": 0,
                "total": 0
              }
            },
            {
              "batter": "V Ravindran",
              "bowler": "V Vijh",
              "non_striker": "Abbas Ghani",
              "runs": {
                "batter": 2,
                "extras": 0,
                "total": 2
              }
            },
            {
              "batter": "V Ravindran",
              "bowler": "V Vijh",
              "non_striker": "Abbas Ghani",
              "runs": {
                "batter": 1,
                "extras": 0,
                "total": 1
              }
            },
            {
              "batter": "Abbas Ghani",
              "bowler": "V Vijh",
              "non_striker": "V Ravindran",
              "runs": {
                "batter": 1,
                "extras": 0,
                "total": 1
              }
            }
          ]
        },
        {
          "over": 13,
          "deliveries": [
            {
              "batter": "Abbas Ghani",
              "bowler": "Kamal Soukhiya",
              "non_striker": "V Ravindran",
              "runs": {
                "batter": 1,
                "extras": 0,
                "total": 1
              }
            },
            {
              "batter": "V Ravindran",
              "bowler": "Kamal Soukhiya",
              "non_striker": "Abbas Ghani",
              "runs": {
                "batter": 1,
                "extras": 0,
                "total": 1
              }
            },
            {
              "batter": "Abbas Ghani",
              "bowler": "Kamal Soukhiya",
              "non_striker": "V Ravindran",
              "runs": {
                "batter": 0,
                "extras": 0,
                "total": 0
              }
            },
            {
              "batter": "Abbas Ghani",
              "bowler": "Kamal Soukhiya",
              "non_striker": "V Ravindran",
              "runs": {
                "batter": 0,
                "extras": 0,
                "total": 0
              }
            },
            {
              "batter": "Abbas Ghani",
              "bowler": "Kamal Soukhiya",
              "non_striker": "V Ravindran",
              "runs": {
                "batter": 1,
                "extras": 0,
                "total": 1
              }
            },
            {
              "batter": "V Ravindran",
              "bowler": "Kamal Soukhiya",
              "non_striker": "Abbas Ghani",
              "runs": {
                "batter": 2,
                "extras": 0,
                "total": 2
              }
            }
          ]
        },
        {
          "over": 14,
          "deliveries": [
            {
              "batter": "Abbas Ghani",
              "bowler": "V Vijh",
              "non_striker": "V Ravindran",
              "runs": {
                "batter": 1,
                "extras": 0,
                "total": 1
              }
            },
            {
              "batter": "V Ravindran",
              "bowler": "V Vijh",
              "non_striker": "Abbas Ghani",
              "runs": {
                "batter": 0,
                "extras": 0,
                "total": 0
              },
              "wickets": [
                {
                  "player_out": "V Ravindran",
                  "fielders": [
                    {
                      "name": "A Halbhavi"
                    }
                  ],
                  "kind": "caught"
                }
              ]
            },
            {
              "batter": "Zeeshan Kukikhel",
              "bowler": "V Vijh",
              "non_striker": "Abbas Ghani",
              "runs": {
                "batter": 2,
                "extras": 0,
                "total": 2
              }
            },
            {
              "batter": "Zeeshan Kukikhel",
              "bowler": "V Vijh",
              "non_striker": "Abbas Ghani",
              "runs": {
                "batter": 1,
                "extras": 0,
                "total": 1
              }
            },
            {
              "batter": "Abbas Ghani",
              "bowler": "V Vijh",
              "non_striker": "Zeeshan Kukikhel",
              "runs": {
                "batter": 0,
                "extras": 0,
                "total": 0
              }
            },
            {
              "batter": "Abbas Ghani",
              "bowler": "V Vijh",
              "non_striker": "Zeeshan Kukikhel",
              "runs": {
                "batter": 1,
                "extras": 0,
                "total": 1
              }
            }
          ]
        },
        {
          "over": 15,
          "deliveries": [
            {
              "batter": "Abbas Ghani",
              "bowler": "Kamal Soukhiya",
              "non_striker": "Zeeshan Kukikhel",
              "runs": {
                "batter": 2,
                "extras": 0,
                "total": 2
              }
            },
            {
              "batter": "Abbas Ghani",
              "bowler": "Kamal Soukhiya",
              "non_striker": "Zeeshan Kukikhel",
              "runs": {
                "batter": 6,
                "extras": 0,
                "total": 6
              }
            },
            {
              "batter": "Abbas Ghani",
              "bowler": "Kamal Soukhiya",
              "non_striker": "Zeeshan Kukikhel",
              "runs": {
                "batter": 1,
                "extras": 0,
                "total": 1
              }
            },
            {
              "batter": "Zeeshan Kukikhel",
              "bowler": "Kamal Soukhiya",
              "non_striker": "Abbas Ghani",
              "runs": {
                "batter": 1,
                "extras": 0,
                "total": 1
              }
            },
            {
              "batter": "Abbas Ghani",
              "bowler": "Kamal Soukhiya",
              "non_striker": "Zeeshan Kukikhel",
              "runs": {
                "batter": 0,
                "extras": 0,
                "total": 0
              },
              "wickets": [
                {
                  "player_out": "Abbas Ghani",
                  "fielders": [
                    {
                      "name": "SKS Gill"
                    }
                  ],
                  "kind": "caught"
                }
              ]
            },
            {
              "batter": "Muhammad Usman",
              "bowler": "Kamal Soukhiya",
              "non_striker": "Zeeshan Kukikhel",
              "runs": {
                "batter": 2,
                "extras": 0,
                "total": 2
              }
            }
          ]
        },
        {
          "over": 16,
          "deliveries": [
            {
              "batter": "Zeeshan Kukikhel",
              "bowler": "V Vijh",
              "non_striker": "Muhammad Usman",
              "runs": {
                "batter": 0,
                "extras": 0,
                "total": 0
              }
            },
            {
              "batter": "Zeeshan Kukikhel",
              "bowler": "V Vijh",
              "non_striker": "Muhammad Usman",
              "runs": {
                "batter": 6,
                "extras": 0,
                "total": 6
              }
            },
            {
              "batter": "Zeeshan Kukikhel",
              "bowler": "V Vijh",
              "non_striker": "Muhammad Usman",
              "runs": {
                "batter": 4,
                "extras": 0,
                "total": 4
              }
            },
            {
              "batter": "Zeeshan Kukikhel",
              "bowler": "V Vijh",
              "non_striker": "Muhammad Usman",
              "runs": {
                "batter": 2,
                "extras": 0,
                "total": 2
              }
            },
            {
              "batter": "Zeeshan Kukikhel",
              "bowler": "V Vijh",
              "extras": {
                "byes": 1
              },
              "non_striker": "Muhammad Usman",
              "runs": {
                "batter": 0,
                "extras": 1,
                "total": 1
              }
            },
            {
              "batter": "Muhammad Usman",
              "bowler": "V Vijh",
              "non_striker": "Zeeshan Kukikhel",
              "runs": {
                "batter": 1,
                "extras": 0,
                "total": 1
              }
            }
          ]
        },
        {
          "over": 17,
          "deliveries": [
            {
              "batter": "Muhammad Usman",
              "bowler": "Milad Momend",
              "non_striker": "Zeeshan Kukikhel",
              "runs": {
                "batter": 1,
                "extras": 0,
                "total": 1
              }
            },
            {
              "batter": "Zeeshan Kukikhel",
              "bowler": "Milad Momend",
              "non_striker": "Muhammad Usman",
              "runs": {
                "batter": 6,
                "extras": 0,
                "total": 6
              }
            },
            {
              "batter": "Zeeshan Kukikhel",
              "bowler": "Milad Momend",
              "non_striker": "Muhammad Usman",
              "runs": {
                "batter": 0,
                "extras": 0,
                "total": 0
              },
              "wickets": [
                {
                  "player_out": "Zeeshan Kukikhel",
                  "fielders": [
                    {
                      "name": "Kamal Soukhiya"
                    }
                  ],
                  "kind": "caught"
                }
              ]
            },
            {
              "batter": "A Prashar",
              "bowler": "Milad Momend",
              "extras": {
                "wides": 1
              },
              "non_striker": "Muhammad Usman",
              "runs": {
                "batter": 0,
                "extras": 1,
                "total": 1
              }
            },
            {
              "batter": "A Prashar",
              "bowler": "Milad Momend",
              "non_striker": "Muhammad Usman",
              "runs": {
                "batter": 1,
                "extras": 0,
                "total": 1
              }
            },
            {
              "batter": "Muhammad Usman",
              "bowler": "Milad Momend",
              "non_striker": "A Prashar",
              "runs": {
                "batter": 0,
                "extras": 0,
                "total": 0
              },
              "wickets": [
                {
                  "player_out": "Muhammad Usman",
                  "fielders": [
                    {
                      "name": "TC Barker"
                    }
                  ],
                  "kind": "caught"
                }
              ]
            },
            {
              "batter": "Muhammad Burhan",
              "bowler": "Milad Momend",
              "non_striker": "A Prashar",
              "runs": {
                "batter": 1,
                "extras": 0,
                "total": 1
              }
            }
          ]
        },
        {
          "over": 18,
          "deliveries": [
            {
              "batter": "Muhammad Burhan",
              "bowler": "V Vijh",
              "non_striker": "A Prashar",
              "runs": {
                "batter": 1,
                "extras": 0,
                "total": 1
              }
            },
            {
              "batter": "A Prashar",
              "bowler": "V Vijh",
              "non_striker": "Muhammad Burhan",
              "runs": {
                "batter": 0,
                "extras": 0,
                "total": 0
              }
            },
            {
              "batter": "A Prashar",
              "bowler": "V Vijh",
              "non_striker": "Muhammad Burhan",
              "runs": {
                "batter": 2,
                "extras": 0,
                "total": 2
              }
            },
            {
              "batter": "A Prashar",
              "bowler": "V Vijh",
              "non_striker": "Muhammad Burhan",
              "runs": {
                "batter": 0,
                "extras": 0,
                "total": 0
              },
              "wickets": [
                {
                  "player_out": "A Prashar",
                  "fielders": [
                    {
                      "name": "SKS Gill"
                    }
                  ],
                  "kind": "caught"
                }
              ]
            },
            {
              "batter": "RJ Ainsworth",
              "bowler": "V Vijh",
              "non_striker": "Muhammad Burhan",
              "runs": {
                "batter": 0,
                "extras": 0,
                "total": 0
              }
            },
            {
              "batter": "RJ Ainsworth",
              "bowler": "V Vijh",
              "non_striker": "Muhammad Burhan",
              "runs": {
                "batter": 0,
                "extras": 0,
                "total": 0
              }
            }
          ]
        },
        {
          "over": 19,
          "deliveries": [
            {
              "batter": "Muhammad Burhan",
              "bowler": "Milad Momend",
              "non_striker": "RJ Ainsworth",
              "runs": {
                "batter": 0,
                "extras": 0,
                "total": 0
              },
              "wickets": [
                {
                  "player_out": "Muhammad Burhan",
                  "fielders": [
                    {
                      "name": "V Vijh"
                    }
                  ],
                  "kind": "caught"
                }
              ]
            },
            {
              "batter": "Ali Nawaz",
              "bowler": "Milad Momend",
              "non_striker": "RJ Ainsworth",
              "runs": {
                "batter": 1,
                "extras": 0,
                "total": 1
              }
            },
            {
              "batter": "RJ Ainsworth",
              "bowler": "Milad Momend",
              "non_striker": "Ali Nawaz",
              "runs": {
                "batter": 0,
                "extras": 0,
                "total": 0
              }
            },
            {
              "batter": "RJ Ainsworth",
              "bowler": "Milad Momend",
              "non_striker": "Ali Nawaz",
              "runs": {
                "batter": 0,
                "extras": 0,
                "total": 0
              },
              "wickets": [
                {
                  "player_out": "RJ Ainsworth",
                  "fielders": [
                    {
                      "name": "SKS Gill"
                    }
                  ],
                  "kind": "caught"
                }
              ]
            },
            {
              "batter": "MP Ainsworth",
              "bowler": "Milad Momend",
              "non_striker": "Ali Nawaz",
              "runs": {
                "batter": 1,
                "extras": 0,
                "total": 1
              }
            },
            {
              "batter": "Ali Nawaz",
              "bowler": "Milad Momend",
              "non_striker": "MP Ainsworth",
              "runs": {
                "batter": 6,
                "extras": 0,
                "total": 6
              }
            }
          ]
        }
      ],
      "powerplays": [
        {
          "from": 0.1,
          "to": 5.7,
          "type": "mandatory"
        }
      ]
    },
    {
      "team": "Luxembourg",
      "overs": [
        {
          "over": 0,
          "deliveries": [
            {
              "batter": "TC Barker",
              "bowler": "SA Mohandas",
              "non_striker": "A Halbhavi",
              "runs": {
                "batter": 1,
                "extras": 0,
                "total": 1
              }
            },
            {
              "batter": "A Halbhavi",
              "bowler": "SA Mohandas",
              "non_striker": "TC Barker",
              "runs": {
                "batter": 1,
                "extras": 0,
                "total": 1
              }
            },
            {
              "batter": "TC Barker",
              "bowler": "SA Mohandas",
              "non_striker": "A Halbhavi",
              "runs": {
                "batter": 4,
                "extras": 0,
                "total": 4
              }
            },
            {
              "batter": "TC Barker",
              "bowler": "SA Mohandas",
              "non_striker": "A Halbhavi",
              "runs": {
                "batter": 1,
                "extras": 0,
                "total": 1
              }
            },
            {
              "batter": "A Halbhavi",
              "bowler": "SA Mohandas",
              "non_striker": "TC Barker",
              "runs": {
                "batter": 1,
                "extras": 0,
                "total": 1
              }
            },
            {
              "batter": "TC Barker",
              "bowler": "SA Mohandas",
              "non_striker": "A Halbhavi",
              "runs": {
                "batter": 1,
                "extras": 0,
                "total": 1
              }
            }
          ]
        },
        {
          "over": 1,
          "deliveries": [
            {
              "batter": "TC Barker",
              "bowler": "A Prashar",
              "non_striker": "A Halbhavi",
              "runs": {
                "batter": 1,
                "extras": 0,
                "total": 1
              }
            },
            {
              "batter": "A Halbhavi",
              "bowler": "A Prashar",
              "non_striker": "TC Barker",
              "runs": {
                "batter": 0,
                "extras": 0,
                "total": 0
              },
              "wickets": [
                {
                  "player_out": "A Halbhavi",
                  "kind": "bowled"
                }
              ]
            },
            {
              "batter": "SKS Gill",
              "bowler": "A Prashar",
              "non_striker": "TC Barker",
              "runs": {
                "batter": 0,
                "extras": 0,
                "total": 0
              }
            },
            {
              "batter": "SKS Gill",
              "bowler": "A Prashar",
              "non_striker": "TC Barker",
              "runs": {
                "batter": 1,
                "extras": 0,
                "total": 1
              }
            },
            {
              "batter": "TC Barker",
              "bowler": "A Prashar",
              "non_striker": "SKS Gill",
              "runs": {
                "batter": 2,
                "extras": 0,
                "total": 2
              }
            },
            {
              "batter": "TC Barker",
              "bowler": "A Prashar",
              "non_striker": "SKS Gill",
              "runs": {
                "batter": 0,
                "extras": 0,
                "total": 0
              }
            }
          ]
        },
        {
          "over": 2,
          "deliveries": [
            {
              "batter": "SKS Gill",
              "bowler": "SA Mohandas",
              "non_striker": "TC Barker",
              "runs": {
                "batter": 2,
                "extras": 0,
                "total": 2
              }
            },
            {
              "batter": "SKS Gill",
              "bowler": "SA Mohandas",
              "non_striker": "TC Barker",
              "runs": {
                "batter": 1,
                "extras": 0,
                "total": 1
              }
            },
            {
              "batter": "TC Barker",
              "bowler": "SA Mohandas",
              "non_striker": "SKS Gill",
              "runs": {
                "batter": 1,
                "extras": 0,
                "total": 1
              }
            },
            {
              "batter": "SKS Gill",
              "bowler": "SA Mohandas",
              "non_striker": "TC Barker",
              "runs": {
                "batter": 1,
                "extras": 0,
                "total": 1
              }
            },
            {
              "batter": "TC Barker",
              "bowler": "SA Mohandas",
              "non_striker": "SKS Gill",
              "runs": {
                "batter": 0,
                "extras": 0,
                "total": 0
              }
            },
            {
              "batter": "TC Barker",
              "bowler": "SA Mohandas",
              "non_striker": "SKS Gill",
              "runs": {
                "batter": 1,
                "extras": 0,
                "total": 1
              }
            }
          ]
        },
        {
          "over": 3,
          "deliveries": [
            {
              "batter": "TC Barker",
              "bowler": "A Prashar",
              "non_striker": "SKS Gill",
              "runs": {
                "batter": 0,
                "extras": 0,
                "total": 0
              }
            },
            {
              "batter": "TC Barker",
              "bowler": "A Prashar",
              "non_striker": "SKS Gill",
              "runs": {
                "batter": 0,
                "extras": 0,
                "total": 0
              }
            },
            {
              "batter": "TC Barker",
              "bowler": "A Prashar",
              "non_striker": "SKS Gill",
              "runs": {
                "batter": 0,
                "extras": 0,
                "total": 0
              }
            },
            {
              "batter": "TC Barker",
              "bowler": "A Prashar",
              "non_striker": "SKS Gill",
              "runs": {
                "batter": 0,
                "extras": 0,
                "total": 0
              },
              "wickets": [
                {
                  "player_out": "TC Barker",
                  "fielders": [
                    {
                      "name": "V Ravindran"
                    }
                  ],
                  "kind": "caught"
                }
              ]
            },
            {
              "batter": "V Vijh",
              "bowler": "A Prashar",
              "non_striker": "SKS Gill",
              "runs": {
                "batter": 0,
                "extras": 0,
                "total": 0
              }
            },
            {
              "batter": "V Vijh",
              "bowler": "A Prashar",
              "non_striker": "SKS Gill",
              "runs": {
                "batter": 1,
                "extras": 0,
                "total": 1
              }
            }
          ]
        },
        {
          "over": 4,
          "deliveries": [
            {
              "batter": "V Vijh",
              "bowler": "SA Mohandas",
              "non_striker": "SKS Gill",
              "runs": {
                "batter": 0,
                "extras": 0,
                "total": 0
              }
            },
            {
              "batter": "V Vijh",
              "bowler": "SA Mohandas",
              "non_striker": "SKS Gill",
              "runs": {
                "batter": 1,
                "extras": 0,
                "total": 1
              }
            },
            {
              "batter": "SKS Gill",
              "bowler": "SA Mohandas",
              "non_striker": "V Vijh",
              "runs": {
                "batter": 1,
                "extras": 0,
                "total": 1
              }
            },
            {
              "batter": "V Vijh",
              "bowler": "SA Mohandas",
              "non_striker": "SKS Gill",
              "runs": {
                "batter": 0,
                "extras": 0,
                "total": 0
              }
            },
            {
              "batter": "V Vijh",
              "bowler": "SA Mohandas",
              "non_striker": "SKS Gill",
              "runs": {
                "batter": 0,
                "extras": 0,
                "total": 0
              }
            },
            {
              "batter": "V Vijh",
              "bowler": "SA Mohandas",
              "non_striker": "SKS Gill",
              "runs": {
                "batter": 1,
                "extras": 0,
                "total": 1
              }
            }
          ]
        },
        {
          "over": 5,
          "deliveries": [
            {
              "batter": "V Vijh",
              "bowler": "A Prashar",
              "non_striker": "SKS Gill",
              "runs": {
                "batter": 2,
                "extras": 0,
                "total": 2
              }
            },
            {
              "batter": "V Vijh",
              "bowler": "A Prashar",
              "non_striker": "SKS Gill",
              "runs": {
                "batter": 0,
                "extras": 0,
                "total": 0
              }
            },
            {
              "batter": "V Vijh",
              "bowler": "A Prashar",
              "non_striker": "SKS Gill",
              "runs": {
                "batter": 1,
                "extras": 0,
                "total": 1
              }
            },
            {
              "batter": "SKS Gill",
              "bowler": "A Prashar",
              "non_striker": "V Vijh",
              "runs": {
                "batter": 4,
                "extras": 0,
                "total": 4
              }
            },
            {
              "batter": "SKS Gill",
              "bowler": "A Prashar",
              "non_striker": "V Vijh",
              "runs": {
                "batter": 1,
                "extras": 0,
                "total": 1
              }
            },
            {
              "batter": "V Vijh",
              "bowler": "A Prashar",
              "non_striker": "SKS Gill",
              "runs": {
                "batter": 1,
                "extras": 0,
                "total": 1
              }
            }
          ]
        },
        {
          "over": 6,
          "deliveries": [
            {
              "batter": "V Vijh",
              "bowler": "SA Mohandas",
              "non_striker": "SKS Gill",
              "runs": {
                "batter": 1,
                "extras": 0,
                "total": 1
              }
            },
            {
              "batter": "SKS Gill",
              "bowler": "SA Mohandas",
              "extras": {
                "wides": 1
              },
              "non_striker": "V Vijh",
              "runs": {
                "batter": 0,
                "extras": 1,
                "total": 1
              }
            },
            {
              "batter": "SKS Gill",
              "bowler": "SA Mohandas",
              "extras": {
                "byes": 1
              },
              "non_striker": "V Vijh",
              "runs": {
                "batter": 0,
                "extras": 1,
                "total": 1
              }
            },
            {
              "batter": "V Vijh",
              "bowler": "SA Mohandas",
              "non_striker": "SKS Gill",
              "runs": {
                "batter": 2,
                "extras": 0,
                "total": 2
              }
            },
            {
              "batter": "V Vijh",
              "bowler": "SA Mohandas",
              "non_striker": "SKS Gill",
              "runs": {
                "batter": 4,
                "extras": 0,
                "total": 4
              }
            },
            {
              "batter": "V Vijh",
              "bowler": "SA Mohandas",
              "non_striker": "SKS Gill",
              "runs": {
                "batter": 0,
                "extras": 0,
                "total": 0
              },
              "wickets": [
                {
                  "player_out": "V Vijh",
                  "fielders": [
                    {
                      "name": "MP Ainsworth"
                    }
                  ],
                  "kind": "caught"
                }
              ]
            },
            {
              "batter": "Kamal Soukhiya",
              "bowler": "SA Mohandas",
              "extras": {
                "wides": 1
              },
              "non_striker": "SKS Gill",
              "runs": {
                "batter": 0,
                "extras": 1,
                "total": 1
              }
            },
            {
              "batter": "Kamal Soukhiya",
              "bowler": "SA Mohandas",
              "non_striker": "SKS Gill",
              "runs": {
                "batter": 6,
                "extras": 0,
                "total": 6
              }
            }
          ]
        },
        {
          "over": 7,
          "deliveries": [
            {
              "batter": "SKS Gill",
              "bowler": "Muhammad Burhan",
              "non_striker": "Kamal Soukhiya",
              "runs": {
                "batter": 2,
                "extras": 0,
                "total": 2
              }
            },
            {
              "batter": "SKS Gill",
              "bowler": "Muhammad Burhan",
              "non_striker": "Kamal Soukhiya",
              "runs": {
                "batter": 0,
                "extras": 0,
                "total": 0
              }
            },
            {
              "batter": "SKS Gill",
              "bowler": "Muhammad Burhan",
              "non_striker": "Kamal Soukhiya",
              "runs": {
                "batter": 0,
                "extras": 0,
                "total": 0
              }
            },
            {
              "batter": "SKS Gill",
              "bowler": "Muhammad Burhan",
              "non_striker": "Kamal Soukhiya",
              "runs": {
                "batter": 1,
                "extras": 0,
                "total": 1
              }
            },
            {
              "batter": "Kamal Soukhiya",
              "bowler": "Muhammad Burhan",
              "non_striker": "SKS Gill",
              "runs": {
                "batter": 2,
                "extras": 0,
                "total": 2
              }
            },
            {
              "batter": "Kamal Soukhiya",
              "bowler": "Muhammad Burhan",
              "non_striker": "SKS Gill",
              "runs": {
                "batter": 0,
                "extras": 0,
                "total": 0
              }
            }
          ]
        },
        {
          "over": 8,
          "deliveries": [
            {
              "batter": "SKS Gill",
              "bowler": "Muhammad Saqlain",
              "non_striker": "Kamal Soukhiya",
              "runs": {
                "batter": 0,
                "extras": 0,
                "total": 0
              }
            },
            {
              "batter": "SKS Gill",
              "bowler": "Muhammad Saqlain",
              "non_striker": "Kamal Soukhiya",
              "runs": {
                "batter": 4,
                "extras": 0,
                "total": 4
              }
            },
            {
              "batter": "SKS Gill",
              "bowler": "Muhammad Saqlain",
              "non_striker": "Kamal Soukhiya",
              "runs": {
                "batter": 2,
                "extras": 0,
                "total": 2
              }
            },
            {
              "batter": "SKS Gill",
              "bowler": "Muhammad Saqlain",
              "non_striker": "Kamal Soukhiya",
              "runs": {
                "batter": 0,
                "extras": 0,
                "total": 0
              }
            },
            {
              "batter": "SKS Gill",
              "bowler": "Muhammad Saqlain",
              "non_striker": "Kamal Soukhiya",
              "runs": {
                "batter": 1,
                "extras": 0,
                "total": 1
              }
            },
            {
              "batter": "Kamal Soukhiya",
              "bowler": "Muhammad Saqlain",
              "non_striker": "SKS Gill",
              "runs": {
                "batter": 1,
                "extras": 0,
                "total": 1
              }
            }
          ]
        },
        {
          "over": 9,
          "deliveries": [
            {
              "batter": "Kamal Soukhiya",
              "bowler": "Muhammad Burhan",
              "non_striker": "SKS Gill",
              "runs": {
                "batter": 1,
                "extras": 0,
                "total": 1
              }
            },
            {
              "batter": "SKS Gill",
              "bowler": "Muhammad Burhan",
              "non_striker": "Kamal Soukhiya",
              "runs": {
                "batter": 2,
                "extras": 0,
                "total": 2
              }
            },
            {
              "batter": "SKS Gill",
              "bowler": "Muhammad Burhan",
              "non_striker": "Kamal Soukhiya",
              "runs": {
                "batter": 0,
                "extras": 0,
                "total": 0
              }
            },
            {
              "batter": "SKS Gill",
              "bowler": "Muhammad Burhan",
              "non_striker": "Kamal Soukhiya",
              "runs": {
                "batter": 1,
                "extras": 0,
                "total": 1
              }
            },
            {
              "batter": "Kamal Soukhiya",
              "bowler": "Muhammad Burhan",
              "non_striker": "SKS Gill",
              "runs": {
                "batter": 0,
                "extras": 0,
                "total": 0
              }
            },
            {
              "batter": "Kamal Soukhiya",
              "bowler": "Muhammad Burhan",
              "non_striker": "SKS Gill",
              "runs": {
                "batter": 1,
                "extras": 0,
                "total": 1
              }
            }
          ]
        },
        {
          "over": 10,
          "deliveries": [
            {
              "batter": "Kamal Soukhiya",
              "bowler": "Muhammad Saqlain",
              "non_striker": "SKS Gill",
              "runs": {
                "batter": 1,
                "extras": 0,
                "total": 1
              }
            },
            {
              "batter": "SKS Gill",
              "bowler": "Muhammad Saqlain",
              "non_striker": "Kamal Soukhiya",
              "runs": {
                "batter": 0,
                "extras": 0,
                "total": 0
              }
            },
            {
              "batter": "SKS Gill",
              "bowler": "Muhammad Saqlain",
              "non_striker": "Kamal Soukhiya",
              "runs": {
                "batter": 4,
                "extras": 0,
                "total": 4
              }
            },
            {
              "batter": "SKS Gill",
              "bowler": "Muhammad Saqlain",
              "non_striker": "Kamal Soukhiya",
              "runs": {
                "batter": 4,
                "extras": 0,
                "total": 4
              }
            },
            {
              "batter": "SKS Gill",
              "bowler": "Muhammad Saqlain",
              "non_striker": "Kamal Soukhiya",
              "runs": {
                "batter": 1,
                "extras": 0,
                "total": 1
              }
            },
            {
              "batter": "Kamal Soukhiya",
              "bowler": "Muhammad Saqlain",
              "non_striker": "SKS Gill",
              "runs": {
                "batter": 0,
                "extras": 0,
                "total": 0
              }
            }
          ]
        },
        {
          "over": 11,
          "deliveries": [
            {
              "batter": "SKS Gill",
              "bowler": "Muhammad Burhan",
              "non_striker": "Kamal Soukhiya",
              "runs": {
                "batter": 0,
                "extras": 0,
                "total": 0
              },
              "wickets": [
                {
                  "player_out": "SKS Gill",
                  "fielders": [
                    {
                      "name": "RJ Ainsworth"
                    }
                  ],
                  "kind": "caught"
                }
              ]
            },
            {
              "batter": "Anoop Orsu",
              "bowler": "Muhammad Burhan",
              "non_striker": "Kamal Soukhiya",
              "runs": {
                "batter": 1,
                "extras": 0,
                "total": 1
              }
            },
            {
              "batter": "Kamal Soukhiya",
              "bowler": "Muhammad Burhan",
              "non_striker": "Anoop Orsu",
              "runs": {
                "batter": 0,
                "extras": 0,
                "total": 0
              },
              "wickets": [
                {
                  "player_out": "Kamal Soukhiya",
                  "fielders": [
                    {
                      "name": "MP Ainsworth"
                    }
                  ],
                  "kind": "caught"
                }
              ]
            },
            {
              "batter": "G Venkateswaran",
              "bowler": "Muhammad Burhan",
              "non_striker": "Anoop Orsu",
              "runs": {
                "batter": 1,
                "extras": 0,
                "total": 1
              }
            },
            {
              "batter": "Anoop Orsu",
              "bowler": "Muhammad Burhan",
              "non_striker": "G Venkateswaran",
              "runs": {
                "batter": 1,
                "extras": 0,
                "total": 1
              }
            },
            {
              "batter": "G Venkateswaran",
              "bowler": "Muhammad Burhan",
              "non_striker": "Anoop Orsu",
              "runs": {
                "batter": 0,
                "extras": 0,
                "total": 0
              }
            }
          ]
        },
        {
          "over": 12,
          "deliveries": [
            {
              "batter": "Anoop Orsu",
              "bowler": "MP Ainsworth",
              "non_striker": "G Venkateswaran",
              "runs": {
                "batter": 0,
                "extras": 0,
                "total": 0
              }
            },
            {
              "batter": "Anoop Orsu",
              "bowler": "MP Ainsworth",
              "non_striker": "G Venkateswaran",
              "runs": {
                "batter": 1,
                "extras": 0,
                "total": 1
              }
            },
            {
              "batter": "G Venkateswaran",
              "bowler": "MP Ainsworth",
              "non_striker": "Anoop Orsu",
              "runs": {
                "batter": 0,
                "extras": 0,
                "total": 0
              }
            },
            {
              "batter": "G Venkateswaran",
              "bowler": "MP Ainsworth",
              "non_striker": "Anoop Orsu",
              "runs": {
                "batter": 0,
                "extras": 0,
                "total": 0
              }
            },
            {
              "batter": "G Venkateswaran",
              "bowler": "MP Ainsworth",
              "non_striker": "Anoop Orsu",
              "runs": {
                "batter": 1,
                "extras": 0,
                "total": 1
              }
            },
            {
              "batter": "Anoop Orsu",
              "bowler": "MP Ainsworth",
              "non_striker": "G Venkateswaran",
              "runs": {
                "batter": 0,
                "extras": 0,
                "total": 0
              }
            }
          ]
        },
        {
          "over": 13,
          "deliveries": [
            {
              "batter": "G Venkateswaran",
              "bowler": "Muhammad Burhan",
              "non_striker": "Anoop Orsu",
              "runs": {
                "batter": 0,
                "extras": 0,
                "total": 0
              }
            },
            {
              "batter": "G Venkateswaran",
              "bowler": "Muhammad Burhan",
              "non_striker": "Anoop Orsu",
              "runs": {
                "batter": 0,
                "extras": 0,
                "total": 0
              }
            },
            {
              "batter": "G Venkateswaran",
              "bowler": "Muhammad Burhan",
              "non_striker": "Anoop Orsu",
              "runs": {
                "batter": 1,
                "extras": 0,
                "total": 1
              }
            },
            {
              "batter": "Anoop Orsu",
              "bowler": "Muhammad Burhan",
              "non_striker": "G Venkateswaran",
              "runs": {
                "batter": 2,
                "extras": 0,
                "total": 2
              }
            },
            {
              "batter": "Anoop Orsu",
              "bowler": "Muhammad Burhan",
              "non_striker": "G Venkateswaran",
              "runs": {
                "batter": 0,
                "extras": 0,
                "total": 0
              }
            },
            {
              "batter": "Anoop Orsu",
              "bowler": "Muhammad Burhan",
              "non_striker": "G Venkateswaran",
              "runs": {
                "batter": 0,
                "extras": 0,
                "total": 0
              }
            }
          ]
        },
        {
          "over": 14,
          "deliveries": [
            {
              "batter": "G Venkateswaran",
              "bowler": "MP Ainsworth",
              "extras": {
                "noballs": 1
              },
              "non_striker": "Anoop Orsu",
              "runs": {
                "batter": 6,
                "extras": 1,
                "total": 7
              }
            },
            {
              "batter": "G Venkateswaran",
              "bowler": "MP Ainsworth",
              "non_striker": "Anoop Orsu",
              "runs": {
                "batter": 2,
                "extras": 0,
                "total": 2
              }
            },
            {
              "batter": "G Venkateswaran",
              "bowler": "MP Ainsworth",
              "non_striker": "Anoop Orsu",
              "runs": {
                "batter": 6,
                "extras": 0,
                "total": 6
              }
            },
            {
              "batter": "G Venkateswaran",
              "bowler": "MP Ainsworth",
              "non_striker": "Anoop Orsu",
              "runs": {
                "batter": 1,
                "extras": 0,
                "total": 1
              }
            },
            {
              "batter": "Anoop Orsu",
              "bowler": "MP Ainsworth",
              "non_striker": "G Venkateswaran",
              "runs": {
                "batter": 0,
                "extras": 0,
                "total": 0
              }
            },
            {
              "batter": "Anoop Orsu",
              "bowler": "MP Ainsworth",
              "non_striker": "G Venkateswaran",
              "runs": {
                "batter": 0,
                "extras": 0,
                "total": 0
              },
              "wickets": [
                {
                  "player_out": "Anoop Orsu",
                  "fielders": [
                    {
                      "name": "Muhammad Usman"
                    }
                  ],
                  "kind": "caught"
                }
              ]
            },
            {
              "batter": "Mayank Nagayach",
              "bowler": "MP Ainsworth",
              "non_striker": "G Venkateswaran",
              "runs": {
                "batter": 4,
                "extras": 0,
                "total": 4
              }
            }
          ]
        },
        {
          "over": 15,
          "deliveries": [
            {
              "batter": "G Venkateswaran",
              "bowler": "Abbas Ghani",
              "non_striker": "Mayank Nagayach",
              "runs": {
                "batter": 1,
                "extras": 0,
                "total": 1
              }
            },
            {
              "batter": "Mayank Nagayach",
              "bowler": "Abbas Ghani",
              "non_striker": "G Venkateswaran",
              "runs": {
                "batter": 1,
                "extras": 0,
                "total": 1
              }
            },
            {
              "batter": "G Venkateswaran",
              "bowler": "Abbas Ghani",
              "non_striker": "Mayank Nagayach",
              "runs": {
                "batter": 1,
                "extras": 0,
                "total": 1
              }
            },
            {
              "batter": "Mayank Nagayach",
              "bowler": "Abbas Ghani",
              "non_striker": "G Venkateswaran",
              "runs": {
                "batter": 0,
                "extras": 0,
                "total": 0
              },
              "wickets": [
                {
                  "player_out": "Mayank Nagayach",
                  "fielders": [
                    {
                      "name": "RJ Ainsworth"
                    }
                  ],
                  "kind": "caught"
                }
              ]
            },
            {
              "batter": "A Manepalli",
              "bowler": "Abbas Ghani",
              "extras": {
                "wides": 1
              },
              "non_striker": "G Venkateswaran",
              "runs": {
                "batter": 0,
                "extras": 1,
                "total": 1
              }
            },
            {
              "batter": "A Manepalli",
              "bowler": "Abbas Ghani",
              "non_striker": "G Venkateswaran",
              "runs": {
                "batter": 0,
                "extras": 0,
                "total": 0
              }
            },
            {
              "batter": "A Manepalli",
              "bowler": "Abbas Ghani",
              "non_striker": "G Venkateswaran",
              "runs": {
                "batter": 1,
                "extras": 0,
                "total": 1
              }
            }
          ]
        },
        {
          "over": 16,
          "deliveries": [
            {
              "batter": "A Manepalli",
              "bowler": "Muhammad Saqlain",
              "non_striker": "G Venkateswaran",
              "runs": {
                "batter": 0,
                "extras": 0,
                "total": 0
              }
            },
            {
              "batter": "A Manepalli",
              "bowler": "Muhammad Saqlain",
              "non_striker": "G Venkateswaran",
              "runs": {
                "batter": 1,
                "extras": 0,
                "total": 1
              }
            },
            {
              "batter": "G Venkateswaran",
              "bowler": "Muhammad Saqlain",
              "non_striker": "A Manepalli",
              "runs": {
                "batter": 1,
                "extras": 0,
                "total": 1
              }
            },
            {
              "batter": "A Manepalli",
              "bowler": "Muhammad Saqlain",
              "non_striker": "G Venkateswaran",
              "runs": {
                "batter": 6,
                "extras": 0,
                "total": 6
              }
            },
            {
              "batter": "A Manepalli",
              "bowler": "Muhammad Saqlain",
              "non_striker": "G Venkateswaran",
              "runs": {
                "batter": 2,
                "extras": 0,
                "total": 2
              }
            },
            {
              "batter": "A Manepalli",
              "bowler": "Muhammad Saqlain",
              "non_striker": "G Venkateswaran",
              "runs": {
                "batter": 2,
                "extras": 0,
                "total": 2
              }
            }
          ]
        },
        {
          "over": 17,
          "deliveries": [
            {
              "batter": "G Venkateswaran",
              "bowler": "Abbas Ghani",
              "non_striker": "A Manepalli",
              "runs": {
                "batter": 0,
                "extras": 0,
                "total": 0
              }
            },
            {
              "batter": "G Venkateswaran",
              "bowler": "Abbas Ghani",
              "non_striker": "A Manepalli",
              "runs": {
                "batter": 1,
                "extras": 0,
                "total": 1
              }
            },
            {
              "batter": "A Manepalli",
              "bowler": "Abbas Ghani",
              "non_striker": "G Venkateswaran",
              "runs": {
                "batter": 1,
                "extras": 0,
                "total": 1
              }
            },
            {
              "batter": "G Venkateswaran",
              "bowler": "Abbas Ghani",
              "non_striker": "A Manepalli",
              "runs": {
                "batter": 1,
                "extras": 0,
                "total": 1
              }
            },
            {
              "batter": "A Manepalli",
              "bowler": "Abbas Ghani",
              "non_striker": "G Venkateswaran",
              "runs": {
                "batter": 1,
                "extras": 0,
                "total": 1
              }
            },
            {
              "batter": "G Venkateswaran",
              "bowler": "Abbas Ghani",
              "non_striker": "A Manepalli",
              "runs": {
                "batter": 4,
                "extras": 0,
                "total": 4
              }
            }
          ]
        },
        {
          "over": 18,
          "deliveries": [
            {
              "batter": "A Manepalli",
              "bowler": "Muhammad Saqlain",
              "non_striker": "G Venkateswaran",
              "runs": {
                "batter": 0,
                "extras": 0,
                "total": 0
              },
              "wickets": [
                {
                  "player_out": "A Manepalli",
                  "fielders": [
                    {
                      "name": "V Ravindran"
                    }
                  ],
                  "kind": "caught"
                }
              ]
            },
            {
              "batter": "Milad Momend",
              "bowler": "Muhammad Saqlain",
              "non_striker": "G Venkateswaran",
              "runs": {
                "batter": 0,
                "extras": 0,
                "total": 0
              }
            },
            {
              "batter": "Milad Momend",
              "bowler": "Muhammad Saqlain",
              "non_striker": "G Venkateswaran",
              "runs": {
                "batter": 0,
                "extras": 0,
                "total": 0
              },
              "wickets": [
                {
                  "player_out": "Milad Momend",
                  "fielders": [
                    {
                      "name": "V Ravindran"
                    }
                  ],
                  "kind": "caught"
                }
              ]
            },
            {
              "batter": "Sareer Shah",
              "bowler": "Muhammad Saqlain",
              "non_striker": "G Venkateswaran",
              "runs": {
                "batter": 1,
                "extras": 0,
                "total": 1
              }
            },
            {
              "batter": "G Venkateswaran",
              "bowler": "Muhammad Saqlain",
              "non_striker": "Sareer Shah",
              "runs": {
                "batter": 0,
                "extras": 0,
                "total": 0
              }
            },
            {
              "batter": "G Venkateswaran",
              "bowler": "Muhammad Saqlain",
              "non_striker": "Sareer Shah",
              "runs": {
                "batter": 1,
                "extras": 0,
                "total": 1
              }
            }
          ]
        },
        {
          "over": 19,
          "deliveries": [
            {
              "batter": "G Venkateswaran",
              "bowler": "RJ Ainsworth",
              "extras": {
                "wides": 5
              },
              "non_striker": "Sareer Shah",
              "runs": {
                "batter": 0,
                "extras": 5,
                "total": 5
              }
            },
            {
              "batter": "G Venkateswaran",
              "bowler": "RJ Ainsworth",
              "non_striker": "Sareer Shah",
              "runs": {
                "batter": 0,
                "extras": 0,
                "total": 0
              }
            },
            {
              "batter": "G Venkateswaran",
              "bowler": "RJ Ainsworth",
              "non_striker": "Sareer Shah",
              "runs": {
                "batter": 4,
                "extras": 0,
                "total": 4
              }
            },
            {
              "batter": "G Venkateswaran",
              "bowler": "RJ Ainsworth",
              "non_striker": "Sareer Shah",
              "runs": {
                "batter": 0,
                "extras": 0,
                "total": 0
              }
            },
            {
              "batter": "G Venkateswaran",
              "bowler": "RJ Ainsworth",
              "non_striker": "Sareer Shah",
              "runs": {
                "batter": 0,
                "extras": 0,
                "total": 0
              }
            },
            {
              "batter": "G Venkateswaran",
              "bowler": "RJ Ainsworth",
              "non_striker": "Sareer Shah",
              "runs": {
                "batter": 4,
                "extras": 0,
                "total": 4
              }
            },
            {
              "batter": "G Venkateswaran",
              "bowler": "RJ Ainsworth",
              "non_striker": "Sareer Shah",
              "runs": {
                "batter": 1,
                "extras": 0,
                "total": 1
              }
            }
          ]
        }
      ],
      "powerplays": [
        {
          "from": 0.1,
          "to": 5.6,
          "type": "mandatory"
        }
      ],
      "target": {
        "overs": 20,
        "runs": 183
      }
    }
  ]
}