{
  "meta": {
    "data_version": "1.1.0",
    "created": "2025-08-23",
    "revision": 1
  },
  "info": {
    "balls_per_over": 6,
    "city": "Ilfov County",
    "dates": [
      "2025-08-22"
    ],
    "event": {
      "name": "Czech Republic tour of Romania",
      "match_number": 3
    },
    "gender": "male",
    "match_type": "T20",
    "match_type_number": 3413,
    "missing": [
      "umpires"
    ],
    "outcome": {
      "winner": "Romania",
      "by": {
        "runs": 25
      }
    },
    "overs": 20,
    "player_of_match": [
      "Rameez Khan"
    ],
    "players": {
      "Romania": [
        "R Satheesan",
        "Rohit Kumar",
        "Avishka Iroshan",
        "V Saini",
        "Md Ariyan",
        "S Periyalwar",
        "Ijaz Hussain",
        "Rameez Khan",
        "Luca Petre",
        "Ravinder Gill",
        "M Koli"
      ],
      "Czech Republic": [
        "S Davizi",
        "S Grover",
        "Sazib Bhuiyan",
        "S Ramakrishnan",
        "Sagor Hossain",
        "RM Magare",
        "Divyendra Singh",
        "N Tyagi",
        "Ajhar Alam",
        "D Ramani",
        "Neeraj Mishra"
      ]
    },
    "registry": {
      "people": {
        "Ajhar Alam": "b18d78f6",
        "Avishka Iroshan": "2964821b",
        "D Ramani": "dacf556b",
        "Divyendra Singh": "7f122e0b",
        "Ijaz Hussain": "dc1dd6c4",
        "Luca Petre": "b31d458f",
        "M Koli": "eb0f2802",
        "Md Ariyan": "ff4805ee",
        "N Tyagi": "53984f75",
        "Neeraj Mishra": "43e2e8c3",
        "R Satheesan": "1125ebe4",
        "RM Magare": "d5966b42",
        "Rameez Khan": "ee86a890",
        "Ravinder Gill": "eac5f67f",
        "Rohit Kumar": "43462314",
        "S Davizi": "5787be00",
        "S Grover": "c2a6e61f",
        "S Periyalwar": "d207e4fb",
        "S Ramakrishnan": "b0f5175e",
        "Sagor Hossain": "04628837",
        "Sazib Bhuiyan": "e5464794",
        "V Saini": "0fa81719"
      }
    },
    "season": "2025",
    "team_type": "international",
    "teams": [
      "Romania",
      "Czech Republic"
    ],
    "toss": {
      "decision": "field",
      "winner": "Czech Republic"
    },
    "venue": "Moara Vlasiei Cricket Ground, Ilfov County"
  },
  "innings": [
    {
      "team": "Romania",
      "overs": [
        {
          "over": 0,
          "deliveries": [
            {
              "batter": "R Satheesan",
              "bowler": "Ajhar Alam",
              "non_striker": "Rohit Kumar",
              "runs": {
                "batter": 0,
                "extras": 0,
                "total": 0
              }
            },
            {
              "batter": "R Satheesan",
              "bowler": "Ajhar Alam",
              "non_striker": "Rohit Kumar",
              "runs": {
                "batter": 2,
                "extras": 0,
                "total": 2
              }
            },
            {
              "batter": "R Satheesan",
              "bowler": "Ajhar Alam",
              "extras": {
                "legbyes": 1
              },
              "non_striker": "Rohit Kumar",
              "runs": {
                "batter": 0,
                "extras": 1,
                "total": 1
              }
            },
            {
              "batter": "Rohit Kumar",
              "bowler": "Ajhar Alam",
              "non_striker": "R Satheesan",
              "runs": {
                "batter": 0,
                "extras": 0,
                "total": 0
              }
            },
            {
              "batter": "Rohit Kumar",
              "bowler": "Ajhar Alam",
              "non_striker": "R Satheesan",
              "runs": {
                "batter": 4,
                "extras": 0,
                "total": 4
              }
            },
            {
              "batter": "Rohit Kumar",
              "bowler": "Ajhar Alam",
              "non_striker": "R Satheesan",
              "runs": {
                "batter": 4,
                "extras": 0,
                "total": 4
              }
            }
          ]
        },
        {
          "over": 1,
          "deliveries": [
            {
              "batter": "R Satheesan",
              "bowler": "Neeraj Mishra",
              "non_striker": "Rohit Kumar",
              "runs": {
                "batter": 0,
                "extras": 0,
                "total": 0
              }
            },
            {
              "batter": "R Satheesan",
              "bowler": "Neeraj Mishra",
              "non_striker": "Rohit Kumar",
              "runs": {
                "batter": 1,
                "extras": 0,
                "total": 1
              }
            },
            {
              "batter": "Rohit Kumar",
              "bowler": "Neeraj Mishra",
              "non_striker": "R Satheesan",
              "runs": {
                "batter": 0,
                "extras": 0,
                "total": 0
              }
            },
            {
              "batter": "Rohit Kumar",
              "bowler": "Neeraj Mishra",
              "non_striker": "R Satheesan",
              "runs": {
                "batter": 0,
                "extras": 0,
                "total": 0
              },
              "wickets": [
                {
                  "player_out": "Rohit Kumar",
                  "fielders": [
                    {
                      "name": "D Ramani"
                    }
                  ],
                  "kind": "caught"
                }
              ]
            },
            {
              "batter": "Avishka Iroshan",
              "bowler": "Neeraj Mishra",
              "non_striker": "R Satheesan",
              "runs": {
                "batter": 1,
                "extras": 0,
                "total": 1
              }
            },
            {
              "batter": "R Satheesan",
              "bowler": "Neeraj Mishra",
              "non_striker": "Avishka Iroshan",
              "runs": {
                "batter": 0,
                "extras": 0,
                "total": 0
              }
            }
          ]
        },
        {
          "over": 2,
          "deliveries": [
            {
              "batter": "Avishka Iroshan",
              "bowler": "Ajhar Alam",
              "non_striker": "R Satheesan",
              "runs": {
                "batter": 1,
                "extras": 0,
                "total": 1
              }
            },
            {
              "batter": "R Satheesan",
              "bowler": "Ajhar Alam",
              "non_striker": "Avishka Iroshan",
              "runs": {
                "batter": 0,
                "extras": 0,
                "total": 0
              }
            },
            {
              "batter": "R Satheesan",
              "bowler": "Ajhar Alam",
              "non_striker": "Avishka Iroshan",
              "runs": {
                "batter": 5,
                "extras": 0,
                "total": 5
              }
            },
            {
              "batter": "Avishka Iroshan",
              "bowler": "Ajhar Alam",
              "non_striker": "R Satheesan",
              "runs": {
                "batter": 0,
                "extras": 0,
                "total": 0
              }
            },
            {
              "batter": "Avishka Iroshan",
              "bowler": "Ajhar Alam",
              "non_striker": "R Satheesan",
              "runs": {
                "batter": 4,
                "extras": 0,
                "total": 4
              }
            },
            {
              "batter": "Avishka Iroshan",
              "bowler": "Ajhar Alam",
              "non_striker": "R Satheesan",
              "runs": {
                "batter": 0,
                "extras": 0,
                "total": 0
              }
            }
          ]
        },
        {
          "over": 3,
          "deliveries": [
            {
              "batter": "R Satheesan",
              "bowler": "Neeraj Mishra",
              "non_striker": "Avishka Iroshan",
              "runs": {
                "batter": 1,
                "extras": 0,
                "total": 1
              }
            },
            {
              "batter": "Avishka Iroshan",
              "bowler": "Neeraj Mishra",
              "extras": {
                "wides": 1
              },
              "non_striker": "R Satheesan",
              "runs": {
                "batter": 0,
                "extras": 1,
                "total": 1
              }
            },
            {
              "batter": "Avishka Iroshan",
              "bowler": "Neeraj Mishra",
              "extras": {
                "byes": 1
              },
              "non_striker": "R Satheesan",
              "runs": {
                "batter": 0,
                "extras": 1,
                "total": 1
              }
            },
            {
              "batter": "R Satheesan",
              "bowler": "Neeraj Mishra",
              "non_striker": "Avishka Iroshan",
              "runs": {
                "batter": 6,
                "extras": 0,
                "total": 6
              }
            },
            {
              "batter": "R Satheesan",
              "bowler": "Neeraj Mishra",
              "non_striker": "Avishka Iroshan",
              "runs": {
                "batter": 1,
                "extras": 0,
                "total": 1
              }
            },
            {
              "batter": "Avishka Iroshan",
              "bowler": "Neeraj Mishra",
              "non_striker": "R Satheesan",
              "runs": {
                "batter": 0,
                "extras": 0,
                "total": 0
              }
            },
            {
              "batter": "Avishka Iroshan",
              "bowler": "Neeraj Mishra",
              "non_striker": "R Satheesan",
              "runs": {
                "batter": 4,
                "extras": 0,
                "total": 4
              }
            }
          ]
        },
        {
          "over": 4,
          "deliveries": [
            {
              "batter": "R Satheesan",
              "bowler": "N Tyagi",
              "non_striker": "Avishka Iroshan",
              "runs": {
                "batter": 4,
                "extras": 0,
                "total": 4
              }
            },
            {
              "batter": "R Satheesan",
              "bowler": "N Tyagi",
              "non_striker": "Avishka Iroshan",
              "runs": {
                "batter": 0,
                "extras": 0,
                "total": 0
              }
            },
            {
              "batter": "R Satheesan",
              "bowler": "N Tyagi",
              "non_striker": "Avishka Iroshan",
              "runs": {
                "batter": 4,
                "extras": 0,
                "total": 4
              }
            },
            {
              "batter": "R Satheesan",
              "bowler": "N Tyagi",
              "non_striker": "Avishka Iroshan",
              "runs": {
                "batter": 0,
                "extras": 0,
                "total": 0
              }
            },
            {
              "batter": "R Satheesan",
              "bowler": "N Tyagi",
              "non_striker": "Avishka Iroshan",
              "runs": {
                "batter": 0,
                "extras": 0,
                "total": 0
              }
            },
            {
              "batter": "R Satheesan",
              "bowler": "N Tyagi",
              "non_striker": "Avishka Iroshan",
              "runs": {
                "batter": 0,
                "extras": 0,
                "total": 0
              }
            }
          ]
        },
        {
          "over": 5,
          "deliveries": [
            {
              "batter": "Avishka Iroshan",
              "bowler": "D Ramani",
              "non_striker": "R Satheesan",
              "runs": {
                "batter": 4,
                "extras": 0,
                "total": 4
              }
            },
            {
              "batter": "Avishka Iroshan",
              "bowler": "D Ramani",
              "extras": {
                "wides": 1
              },
              "non_striker": "R Satheesan",
              "runs": {
                "batter": 0,
                "extras": 1,
                "total": 1
              }
            },
            {
              "batter": "Avishka Iroshan",
              "bowler": "D Ramani",
              "non_striker": "R Satheesan",
              "runs": {
                "batter": 0,
                "extras": 0,
                "total": 0
              }
            },
            {
              "batter": "Avishka Iroshan",
              "bowler": "D Ramani",
              "extras": {
                "wides": 1
              },
              "non_striker": "R Satheesan",
              "runs": {
                "batter": 0,
                "extras": 1,
                "total": 1
              }
            },
            {
              "batter": "Avishka Iroshan",
              "bowler": "D Ramani",
              "extras": {
                "byes": 1
              },
              "non_striker": "R Satheesan",
              "runs": {
                "batter": 0,
                "extras": 1,
                "total": 1
              }
            },
            {
              "batter": "R Satheesan",
              "bowler": "D Ramani",
              "non_striker": "Avishka Iroshan",
              "runs": {
                "batter": 1,
                "extras": 0,
                "total": 1
              }
            },
            {
              "batter": "Avishka Iroshan",
              "bowler": "D Ramani",
              "non_striker": "R Satheesan",
              "runs": {
                "batter": 1,
                "extras": 0,
                "total": 1
              }
            },
            {
              "batter": "R Satheesan",
              "bowler": "D Ramani",
              "non_striker": "Avishka Iroshan",
              "runs": {
                "batter": 0,
                "extras": 0,
                "total": 0
              }
            }
          ]
        },
        {
          "over": 6,
          "deliveries": [
            {
              "batter": "Avishka Iroshan",
              "bowler": "N Tyagi",
              "non_striker": "R Satheesan",
              "runs": {
                "batter": 0,
                "extras": 0,
                "total": 0
              }
            },
            {
              "batter": "Avishka Iroshan",
              "bowler": "N Tyagi",
              "non_striker": "R Satheesan",
              "runs": {
                "batter": 0,
                "extras": 0,
                "total": 0
              }
            },
            {
              "batter": "Avishka Iroshan",
              "bowler": "N Tyagi",
              "non_striker": "R Satheesan",
              "runs": {
                "batter": 0,
                "extras": 0,
                "total": 0
              }
            },
            {
              "batter": "Avishka Iroshan",
              "bowler": "N Tyagi",
              "non_striker": "R Satheesan",
              "runs": {
                "batter": 4,
                "extras": 0,
                "total": 4
              }
            },
            {
              "batter": "Avishka Iroshan",
              "bowler": "N Tyagi",
              "non_striker": "R Satheesan",
              "runs": {
                "batter": 1,
                "extras": 0,
                "total": 1
              }
            },
            {
              "batter": "R Satheesan",
              "bowler": "N Tyagi",
              "non_striker": "Avishka Iroshan",
              "runs": {
                "batter": 1,
                "extras": 0,
                "total": 1
              }
            }
          ]
        },
        {
          "over": 7,
          "deliveries": [
            {
              "batter": "R Satheesan",
              "bowler": "D Ramani",
              "extras": {
                "byes": 1
              },
              "non_striker": "Avishka Iroshan",
              "runs": {
                "batter": 0,
                "extras": 1,
                "total": 1
              }
            },
            {
              "batter": "Avishka Iroshan",
              "bowler": "D Ramani",
              "non_striker": "R Satheesan",
              "runs": {
                "batter": 2,
                "extras": 0,
                "total": 2
              }
            },
            {
              "batter": "Avishka Iroshan",
              "bowler": "D Ramani",
              "non_striker": "R Satheesan",
              "runs": {
                "batter": 1,
                "extras": 0,
                "total": 1
              }
            },
            {
              "batter": "R Satheesan",
              "bowler": "D Ramani",
              "non_striker": "Avishka Iroshan",
              "runs": {
                "batter": 6,
                "extras": 0,
                "total": 6
              }
            },
            {
              "batter": "R Satheesan",
              "bowler": "D Ramani",
              "non_striker": "Avishka Iroshan",
              "runs": {
                "batter": 0,
                "extras": 0,
                "total": 0
              }
            },
            {
              "batter": "R Satheesan",
              "bowler": "D Ramani",
              "non_striker": "Avishka Iroshan",
              "runs": {
                "batter": 4,
                "extras": 0,
                "total": 4
              }
            }
          ]
        },
        {
          "over": 8,
          "deliveries": [
            {
              "batter": "Avishka Iroshan",
              "bowler": "N Tyagi",
              "non_striker": "R Satheesan",
              "runs": {
                "batter": 1,
                "extras": 0,
                "total": 1
              }
            },
            {
              "batter": "R Satheesan",
              "bowler": "N Tyagi",
              "non_striker": "Avishka Iroshan",
              "runs": {
                "batter": 1,
                "extras": 0,
                "total": 1
              }
            },
            {
              "batter": "Avishka Iroshan",
              "bowler": "N Tyagi",
              "non_striker": "R Satheesan",
              "runs": {
                "batter": 1,
                "extras": 0,
                "total": 1
              }
            },
            {
              "batter": "R Satheesan",
              "bowler": "N Tyagi",
              "non_striker": "Avishka Iroshan",
              "runs": {
                "batter": 4,
                "extras": 0,
                "total": 4
              }
            },
            {
              "batter": "R Satheesan",
              "bowler": "N Tyagi",
              "non_striker": "Avishka Iroshan",
              "runs": {
                "batter": 4,
                "extras": 0,
                "total": 4
              }
            },
            {
              "batter": "R Satheesan",
              "bowler": "N Tyagi",
              "extras": {
                "wides": 1
              },
              "non_striker": "Avishka Iroshan",
              "runs": {
                "batter": 0,
                "extras": 1,
                "total": 1
              }
            },
            {
              "batter": "R Satheesan",
              "bowler": "N Tyagi",
              "extras": {
                "wides": 1
              },
              "non_striker": "Avishka Iroshan",
              "runs": {
                "batter": 0,
                "extras": 1,
                "total": 1
              }
            },
            {
              "batter": "R Satheesan",
              "bowler": "N Tyagi",
              "non_striker": "Avishka Iroshan",
              "runs": {
                "batter": 0,
                "extras": 0,
                "total": 0
              }
            }
          ]
        },
        {
          "over": 9,
          "deliveries": [
            {
              "batter": "Avishka Iroshan",
              "bowler": "Neeraj Mishra",
              "non_striker": "R Satheesan",
              "runs": {
                "batter": 0,
                "extras": 0,
                "total": 0
              }
            },
            {
              "batter": "Avishka Iroshan",
              "bowler": "Neeraj Mishra",
              "extras": {
                "wides": 5
              },
              "non_striker": "R Satheesan",
              "runs": {
                "batter": 0,
                "extras": 5,
                "total": 5
              }
            },
            {
              "batter": "Avishka Iroshan",
              "bowler": "Neeraj Mishra",
              "non_striker": "R Satheesan",
              "runs": {
                "batter": 6,
                "extras": 0,
                "total": 6
              }
            },
            {
              "batter": "Avishka Iroshan",
              "bowler": "Neeraj Mishra",
              "non_striker": "R Satheesan",
              "runs": {
                "batter": 2,
                "extras": 0,
                "total": 2
              }
            },
            {
              "batter": "Avishka Iroshan",
              "bowler": "Neeraj Mishra",
              "non_striker": "R Satheesan",
              "runs": {
                "batter": 1,
                "extras": 0,
                "total": 1
              }
            },
            {
              "batter": "R Satheesan",
              "bowler": "Neeraj Mishra",
              "non_striker": "Avishka Iroshan",
              "runs": {
                "batter": 4,
                "extras": 0,
                "total": 4
              }
            },
            {
              "batter": "R Satheesan",
              "bowler": "Neeraj Mishra",
              "non_striker": "Avishka Iroshan",
              "runs": {
                "batter": 1,
                "extras": 0,
                "total": 1
              }
            }
          ]
        },
        {
          "over": 10,
          "deliveries": [
            {
              "batter": "R Satheesan",
              "bowler": "Sazib Bhuiyan",
              "non_striker": "Avishka Iroshan",
              "runs": {
                "batter": 1,
                "extras": 0,
                "total": 1
              }
            },
            {
              "batter": "Avishka Iroshan",
              "bowler": "Sazib Bhuiyan",
              "non_striker": "R Satheesan",
              "runs": {
                "batter": 4,
                "extras": 0,
                "total": 4
              }
            },
            {
              "batter": "Avishka Iroshan",
              "bowler": "Sazib Bhuiyan",
              "non_striker": "R Satheesan",
              "runs": {
                "batter": 1,
                "extras": 0,
                "total": 1
              }
            },
            {
              "batter": "R Satheesan",
              "bowler": "Sazib Bhuiyan",
              "non_striker": "Avishka Iroshan",
              "runs": {
                "batter": 4,
                "extras": 0,
                "total": 4
              }
            },
            {
              "batter": "R Satheesan",
              "bowler": "Sazib Bhuiyan",
              "non_striker": "Avishka Iroshan",
              "runs": {
                "batter": 0,
                "extras": 0,
                "total": 0
              }
            },
            {
              "batter": "R Satheesan",
              "bowler": "Sazib Bhuiyan",
              "non_striker": "Avishka Iroshan",
              "runs": {
                "batter": 1,
                "extras": 0,
                "total": 1
              }
            }
          ]
        },
        {
          "over": 11,
          "deliveries": [
            {
              "batter": "R Satheesan",
              "bowler": "RM Magare",
              "non_striker": "Avishka Iroshan",
              "runs": {
                "batter": 2,
                "extras": 0,
                "total": 2
              }
            },
            {
              "batter": "R Satheesan",
              "bowler": "RM Magare",
              "non_striker": "Avishka Iroshan",
              "runs": {
                "batter": 1,
                "extras": 0,
                "total": 1
              }
            },
            {
              "batter": "Avishka Iroshan",
              "bowler": "RM Magare",
              "non_striker": "R Satheesan",
              "runs": {
                "batter": 1,
                "extras": 0,
                "total": 1
              }
            },
            {
              "batter": "R Satheesan",
              "bowler": "RM Magare",
              "extras": {
                "legbyes": 1
              },
              "non_striker": "Avishka Iroshan",
              "runs": {
                "batter": 0,
                "extras": 1,
                "total": 1
              }
            },
            {
              "batter": "Avishka Iroshan",
              "bowler": "RM Magare",
              "non_striker": "R Satheesan",
              "runs": {
                "batter": 0,
                "extras": 0,
                "total": 0
              }
            },
            {
              "batter": "Avishka Iroshan",
              "bowler": "RM Magare",
              "non_striker": "R Satheesan",
              "runs": {
                "batter": 1,
                "extras": 0,
                "total": 1
              }
            }
          ]
        },
        {
          "over": 12,
          "deliveries": [
            {
              "batter": "Avishka Iroshan",
              "bowler": "Sazib Bhuiyan",
              "non_striker": "R Satheesan",
              "runs": {
                "batter": 1,
                "extras": 0,
                "total": 1
              }
            },
            {
              "batter": "R Satheesan",
              "bowler": "Sazib Bhuiyan",
              "non_striker": "Avishka Iroshan",
              "runs": {
                "batter": 0,
                "extras": 0,
                "total": 0
              },
              "wickets": [
                {
                  "player_out": "R Satheesan",
                  "kind": "lbw"
                }
              ]
            },
            {
              "batter": "V Saini",
              "bowler": "Sazib Bhuiyan",
              "non_striker": "Avishka Iroshan",
              "runs": {
                "batter": 1,
                "extras": 0,
                "total": 1
              }
            },
            {
              "batter": "Avishka Iroshan",
              "bowler": "Sazib Bhuiyan",
              "non_striker": "V Saini",
              "runs": {
                "batter": 1,
                "extras": 0,
                "total": 1
              }
            },
            {
              "batter": "V Saini",
              "bowler": "Sazib Bhuiyan",
              "non_striker": "Avishka Iroshan",
              "runs": {
                "batter": 1,
                "extras": 0,
                "total": 1
              }
            },
            {
              "batter": "Avishka Iroshan",
              "bowler": "Sazib Bhuiyan",
              "non_striker": "V Saini",
              "runs": {
                "batter": 0,
                "extras": 0,
                "total": 0
              }
            }
          ]
        },
        {
          "over": 13,
          "deliveries": [
            {
              "batter": "V Saini",
              "bowler": "RM Magare",
              "extras": {
                "wides": 1
              },
              "non_striker": "Avishka Iroshan",
              "runs": {
                "batter": 0,
                "extras": 1,
                "total": 1
              }
            },
            {
              "batter": "V Saini",
              "bowler": "RM Magare",
              "non_striker": "Avishka Iroshan",
              "runs": {
                "batter": 1,
                "extras": 0,
                "total": 1
              }
            },
            {
              "batter": "Avishka Iroshan",
              "bowler": "RM Magare",
              "non_striker": "V Saini",
              "runs": {
                "batter": 1,
                "extras": 0,
                "total": 1
              }
            },
            {
              "batter": "V Saini",
              "bowler": "RM Magare",
              "non_striker": "Avishka Iroshan",
              "runs": {
                "batter": 1,
                "extras": 0,
                "total": 1
              }
            },
            {
              "batter": "Avishka Iroshan",
              "bowler": "RM Magare",
              "non_striker": "V Saini",
              "runs": {
                "batter": 0,
                "extras": 0,
                "total": 0
              }
            },
            {
              "batter": "Avishka Iroshan",
              "bowler": "RM Magare",
              "non_striker": "V Saini",
              "runs": {
                "batter": 1,
                "extras": 0,
                "total": 1
              }
            },
            {
              "batter": "V Saini",
              "bowler": "RM Magare",
              "non_striker": "Avishka Iroshan",
              "runs": {
                "batter": 1,
                "extras": 0,
                "total": 1
              }
            }
          ]
        },
        {
          "over": 14,
          "deliveries": [
            {
              "batter": "V Saini",
              "bowler": "Sazib Bhuiyan",
              "non_striker": "Avishka Iroshan",
              "runs": {
                "batter": 1,
                "extras": 0,
                "total": 1
              }
            },
            {
              "batter": "Avishka Iroshan",
              "bowler": "Sazib Bhuiyan",
              "non_striker": "V Saini",
              "runs": {
                "batter": 1,
                "extras": 0,
                "total": 1
              }
            },
            {
              "batter": "V Saini",
              "bowler": "Sazib Bhuiyan",
              "non_striker": "Avishka Iroshan",
              "runs": {
                "batter": 2,
                "extras": 0,
                "total": 2
              }
            },
            {
              "batter": "V Saini",
              "bowler": "Sazib Bhuiyan",
              "non_striker": "Avishka Iroshan",
              "runs": {
                "batter": 0,
                "extras": 0,
                "total": 0
              }
            },
            {
              "batter": "V Saini",
              "bowler": "Sazib Bhuiyan",
              "non_striker": "Avishka Iroshan",
              "runs": {
                "batter": 4,
                "extras": 0,
                "total": 4
              }
            },
            {
              "batter": "V Saini",
              "bowler": "Sazib Bhuiyan",
              "non_striker": "Avishka Iroshan",
              "runs": {
                "batter": 1,
                "extras": 0,
                "total": 1
              }
            }
          ]
        },
        {
          "over": 15,
          "deliveries": [
            {
              "batter": "V Saini",
              "bowler": "RM Magare",
              "non_striker": "Avishka Iroshan",
              "runs": {
                "batter": 1,
                "extras": 0,
                "total": 1
              }
            },
            {
              "batter": "Avishka Iroshan",
              "bowler": "RM Magare",
              "non_striker": "V Saini",
              "runs": {
                "batter": 4,
                "extras": 0,
                "total": 4
              }
            },
            {
              "batter": "Avishka Iroshan",
              "bowler": "RM Magare",
              "non_striker": "V Saini",
              "runs": {
                "batter": 1,
                "extras": 0,
                "total": 1
              }
            },
            {
              "batter": "V Saini",
              "bowler": "RM Magare",
              "non_striker": "Avishka Iroshan",
              "runs": {
                "batter": 0,
                "extras": 0,
                "total": 0
              }
            },
            {
              "batter": "V Saini",
              "bowler": "RM Magare",
              "non_striker": "Avishka Iroshan",
              "runs": {
                "batter": 0,
                "extras": 0,
                "total": 0
              }
            },
            {
              "batter": "V Saini",
              "bowler": "RM Magare",
              "non_striker": "Avishka Iroshan",
              "runs": {
                "batter": 1,
                "extras": 0,
                "total": 1
              }
            }
          ]
        },
        {
          "over": 16,
          "deliveries": [
            {
              "batter": "V Saini",
              "bowler": "Sazib Bhuiyan",
              "non_striker": "Avishka Iroshan",
              "runs": {
                "batter": 4,
                "extras": 0,
                "total": 4
              }
            },
            {
              "batter": "V Saini",
              "bowler": "Sazib Bhuiyan",
              "non_striker": "Avishka Iroshan",
              "runs": {
                "batter": 4,
                "extras": 0,
                "total": 4
              }
            },
            {
              "batter": "V Saini",
              "bowler": "Sazib Bhuiyan",
              "non_striker": "Avishka Iroshan",
              "runs": {
                "batter": 1,
                "extras": 0,
                "total": 1
              }
            },
            {
              "batter": "Avishka Iroshan",
              "bowler": "Sazib Bhuiyan",
              "non_striker": "V Saini",
              "runs": {
                "batter": 0,
                "extras": 0,
                "total": 0
              }
            },
            {
              "batter": "Avishka Iroshan",
              "bowler": "Sazib Bhuiyan",
              "non_striker": "V Saini",
              "runs": {
                "batter": 4,
                "extras": 0,
                "total": 4
              }
            },
            {
              "batter": "Avishka Iroshan",
              "bowler": "Sazib Bhuiyan",
              "non_striker": "V Saini",
              "runs": {
                "batter": 1,
                "extras": 0,
                "total": 1
              }
            }
          ]
        },
        {
          "over": 17,
          "deliveries": [
            {
              "batter": "Avishka Iroshan",
              "bowler": "D Ramani",
              "non_striker": "V Saini",
              "runs": {
                "batter": 1,
                "extras": 0,
                "total": 1
              }
            },
            {
              "batter": "V Saini",
              "bowler": "D Ramani",
              "non_striker": "Avishka Iroshan",
              "runs": {
                "batter": 1,
                "extras": 0,
                "total": 1
              }
            },
            {
              "batter": "Avishka Iroshan",
              "bowler": "D Ramani",
              "non_striker": "V Saini",
              "runs": {
                "batter": 4,
                "extras": 0,
                "total": 4
              }
            },
            {
              "batter": "Avishka Iroshan",
              "bowler": "D Ramani",
              "non_striker": "V Saini",
              "runs": {
                "batter": 1,
                "extras": 0,
                "total": 1
              }
            },
            {
              "batter": "V Saini",
              "bowler": "D Ramani",
              "non_striker": "Avishka Iroshan",
              "runs": {
                "batter": 2,
                "extras": 0,
                "total": 2
              }
            },
            {
              "batter": "V Saini",
              "bowler": "D Ramani",
              "non_striker": "Avishka Iroshan",
              "runs": {
                "batter": 0,
                "extras": 0,
                "total": 0
              },
              "wickets": [
                {
                  "player_out": "V Saini",
                  "kind": "bowled"
                }
              ]
            }
          ]
        },
        {
          "over": 18,
          "deliveries": [
            {
              "batter": "Avishka Iroshan",
              "bowler": "Ajhar Alam",
              "extras": {
                "wides": 1
              },
              "non_striker": "Md Ariyan",
              "runs": {
                "batter": 0,
                "extras": 1,
                "total": 1
              }
            },
            {
              "batter": "Avishka Iroshan",
              "bowler": "Ajhar Alam",
              "non_striker": "Md Ariyan",
              "runs": {
                "batter": 2,
                "extras": 0,
                "total": 2
              }
            },
            {
              "batter": "Avishka Iroshan",
              "bowler": "Ajhar Alam",
              "non_striker": "Md Ariyan",
              "runs": {
                "batter": 0,
                "extras": 0,
                "total": 0
              }
            },
            {
              "batter": "Avishka Iroshan",
              "bowler": "Ajhar Alam",
              "non_striker": "Md Ariyan",
              "runs": {
                "batter": 1,
                "extras": 0,
                "total": 1
              }
            },
            {
              "batter": "Md Ariyan",
              "bowler": "Ajhar Alam",
              "non_striker": "Avishka Iroshan",
              "runs": {
                "batter": 4,
                "extras": 0,
                "total": 4
              }
            },
            {
              "batter": "Md Ariyan",
              "bowler": "Ajhar Alam",
              "non_striker": "Avishka Iroshan",
              "runs": {
                "batter": 6,
                "extras": 0,
                "total": 6
              }
            },
            {
              "batter": "Md Ariyan",
              "bowler": "Ajhar Alam",
              "non_striker": "Avishka Iroshan",
              "runs": {
                "batter": 0,
                "extras": 0,
                "total": 0
              }
            }
          ]
        },
        {
          "over": 19,
          "deliveries": [
            {
              "batter": "Avishka Iroshan",
              "bowler": "D Ramani",
              "non_striker": "Md Ariyan",
              "runs": {
                "batter": 1,
                "extras": 0,
                "total": 1
              }
            },
            {
              "batter": "Md Ariyan",
              "bowler": "D Ramani",
              "non_striker": "Avishka Iroshan",
              "runs": {
                "batter": 4,
                "extras": 0,
                "total": 4
              }
            },
            {
              "batter": "Md Ariyan",
              "bowler": "D Ramani",
              "non_striker": "Avishka Iroshan",
              "runs": {
                "batter": 1,
                "extras": 0,
                "total": 1
              }
            },
            {
              "batter": "Avishka Iroshan",
              "bowler": "D Ramani",
              "non_striker": "Md Ariyan",
              "runs": {
                "batter": 0,
                "extras": 0,
                "total": 0
              },
              "wickets": [
                {
                  "player_out": "Avishka Iroshan",
                  "fielders": [
                    {
                      "name": "S Grover"
                    }
                  ],
                  "kind": "caught"
                }
              ]
            },
            {
              "batter": "S Periyalwar",
              "bowler": "D Ramani",
              "non_striker": "Md Ariyan",
              "runs": {
                "batter": 3,
                "extras": 0,
                "total": 3
              }
            },
            {
              "batter": "Md Ariyan",
              "bowler": "D Ramani",
              "non_striker": "S Periyalwar",
              "runs": {
                "batter": 0,
                "extras": 0,
                "total": 0
              }
            }
          ]
        }
      ],
      "powerplays": [
        {
          "from": 0.1,
          "to": 5.8,
          "type": "mandatory"
        }
      ]
    },
    {
      "team": "Czech Republic",
      "overs": [
        {
          "over": 0,
          "deliveries": [
            {
              "batter": "S Davizi",
              "bowler": "M Koli",
              "non_striker": "S Grover",
              "runs": {
                "batter": 1,
                "extras": 0,
                "total": 1
              }
            },
            {
              "batter": "S Grover",
              "bowler": "M Koli",
              "non_striker": "S Davizi",
              "runs": {
                "batter": 4,
                "extras": 0,
                "total": 4
              }
            },
            {
              "batter": "S Grover",
              "bowler": "M Koli",
              "non_striker": "S Davizi",
              "runs": {
                "batter": 0,
                "extras": 0,
                "total": 0
              }
            },
            {
              "batter": "S Grover",
              "bowler": "M Koli",
              "extras": {
                "legbyes": 1
              },
              "non_striker": "S Davizi",
              "runs": {
                "batter": 0,
                "extras": 1,
                "total": 1
              }
            },
            {
              "batter": "S Davizi",
              "bowler": "M Koli",
              "non_striker": "S Grover",
              "runs": {
                "batter": 1,
                "extras": 0,
                "total": 1
              }
            },
            {
              "batter": "S Grover",
              "bowler": "M Koli",
              "non_striker": "S Davizi",
              "runs": {
                "batter": 6,
                "extras": 0,
                "total": 6
              }
            }
          ]
        },
        {
          "over": 1,
          "deliveries": [
            {
              "batter": "S Davizi",
              "bowler": "Luca Petre",
              "extras": {
                "wides": 1
              },
              "non_striker": "S Grover",
              "runs": {
                "batter": 0,
                "extras": 1,
                "total": 1
              }
            },
            {
              "batter": "S Davizi",
              "bowler": "Luca Petre",
              "extras": {
                "wides": 1
              },
              "non_striker": "S Grover",
              "runs": {
                "batter": 0,
                "extras": 1,
                "total": 1
              }
            },
            {
              "batter": "S Davizi",
              "bowler": "Luca Petre",
              "non_striker": "S Grover",
              "runs": {
                "batter": 4,
                "extras": 0,
                "total": 4
              }
            },
            {
              "batter": "S Davizi",
              "bowler": "Luca Petre",
              "non_striker": "S Grover",
              "runs": {
                "batter": 1,
                "extras": 0,
                "total": 1
              }
            },
            {
              "batter": "S Grover",
              "bowler": "Luca Petre",
              "extras": {
                "wides": 1
              },
              "non_striker": "S Davizi",
              "runs": {
                "batter": 0,
                "extras": 1,
                "total": 1
              }
            },
            {
              "batter": "S Grover",
              "bowler": "Luca Petre",
              "non_striker": "S Davizi",
              "runs": {
                "batter": 0,
                "extras": 0,
                "total": 0
              }
            },
            {
              "batter": "S Grover",
              "bowler": "Luca Petre",
              "non_striker": "S Davizi",
              "runs": {
                "batter": 1,
                "extras": 0,
                "total": 1
              }
            },
            {
              "batter": "S Davizi",
              "bowler": "Luca Petre",
              "non_striker": "S Grover",
              "runs": {
                "batter": 1,
                "extras": 0,
                "total": 1
              }
            },
            {
              "batter": "S Grover",
              "bowler": "Luca Petre",
              "non_striker": "S Davizi",
              "runs": {
                "batter": 4,
                "extras": 0,
                "total": 4
              }
            }
          ]
        },
        {
          "over": 2,
          "deliveries": [
            {
              "batter": "S Davizi",
              "bowler": "M Koli",
              "non_striker": "S Grover",
              "runs": {
                "batter": 0,
                "extras": 0,
                "total": 0
              }
            },
            {
              "batter": "S Davizi",
              "bowler": "M Koli",
              "non_striker": "S Grover",
              "runs": {
                "batter": 0,
                "extras": 0,
                "total": 0
              }
            },
            {
              "batter": "S Davizi",
              "bowler": "M Koli",
              "non_striker": "S Grover",
              "runs": {
                "batter": 0,
                "extras": 0,
                "total": 0
              }
            },
            {
              "batter": "S Davizi",
              "bowler": "M Koli",
              "non_striker": "S Grover",
              "runs": {
                "batter": 4,
                "extras": 0,
                "total": 4
              }
            },
            {
              "batter": "S Davizi",
              "bowler": "M Koli",
              "non_striker": "S Grover",
              "runs": {
                "batter": 0,
                "extras": 0,
                "total": 0
              }
            },
            {
              "batter": "S Davizi",
              "bowler": "M Koli",
              "non_striker": "S Grover",
              "runs": {
                "batter": 0,
                "extras": 0,
                "total": 0
              }
            }
          ]
        },
        {
          "over": 3,
          "deliveries": [
            {
              "batter": "S Grover",
              "bowler": "Luca Petre",
              "non_striker": "S Davizi",
              "runs": {
                "batter": 0,
                "extras": 0,
                "total": 0
              }
            },
            {
              "batter": "S Grover",
              "bowler": "Luca Petre",
              "non_striker": "S Davizi",
              "runs": {
                "batter": 0,
                "extras": 0,
                "total": 0
              }
            },
            {
              "batter": "S Grover",
              "bowler": "Luca Petre",
              "non_striker": "S Davizi",
              "runs": {
                "batter": 1,
                "extras": 0,
                "total": 1
              }
            },
            {
              "batter": "S Davizi",
              "bowler": "Luca Petre",
              "non_striker": "S Grover",
              "runs": {
                "batter": 0,
                "extras": 0,
                "total": 0
              }
            },
            {
              "batter": "S Davizi",
              "bowler": "Luca Petre",
              "non_striker": "S Grover",
              "runs": {
                "batter": 4,
                "extras": 0,
                "total": 4
              }
            },
            {
              "batter": "S Davizi",
              "bowler": "Luca Petre",
              "non_striker": "S Grover",
              "runs": {
                "batter": 4,
                "extras": 0,
                "total": 4
              }
            }
          ]
        },
        {
          "over": 4,
          "deliveries": [
            {
              "batter": "S Grover",
              "bowler": "Avishka Iroshan",
              "non_striker": "S Davizi",
              "runs": {
                "batter": 0,
                "extras": 0,
                "total": 0
              }
            },
            {
              "batter": "S Grover",
              "bowler": "Avishka Iroshan",
              "non_striker": "S Davizi",
              "runs": {
                "batter": 1,
                "extras": 0,
                "total": 1
              }
            },
            {
              "batter": "S Davizi",
              "bowler": "Avishka Iroshan",
              "non_striker": "S Grover",
              "runs": {
                "batter": 0,
                "extras": 0,
                "total": 0
              }
            },
            {
              "batter": "S Davizi",
              "bowler": "Avishka Iroshan",
              "non_striker": "S Grover",
              "runs": {
                "batter": 4,
                "extras": 0,
                "total": 4
              }
            },
            {
              "batter": "S Davizi",
              "bowler": "Avishka Iroshan",
              "non_striker": "S Grover",
              "runs": {
                "batter": 1,
                "extras": 0,
                "total": 1
              }
            },
            {
              "batter": "S Grover",
              "bowler": "Avishka Iroshan",
              "non_striker": "S Davizi",
              "runs": {
                "batter": 0,
                "extras": 0,
                "total": 0
              }
            }
          ]
        },
        {
          "over": 5,
          "deliveries": [
            {
              "batter": "S Davizi",
              "bowler": "Rameez Khan",
              "extras": {
                "wides": 1
              },
              "non_striker": "S Grover",
              "runs": {
                "batter": 0,
                "extras": 1,
                "total": 1
              }
            },
            {
              "batter": "S Davizi",
              "bowler": "Rameez Khan",
              "non_striker": "S Grover",
              "runs": {
                "batter": 0,
                "extras": 0,
                "total": 0
              },
              "wickets": [
                {
                  "player_out": "S Davizi",
                  "fielders": [
                    {
                      "name": "V Saini"
                    }
                  ],
                  "kind": "caught"
                }
              ]
            },
            {
              "batter": "Sazib Bhuiyan",
              "bowler": "Rameez Khan",
              "non_striker": "S Grover",
              "runs": {
                "batter": 0,
                "extras": 0,
                "total": 0
              },
              "wickets": [
                {
                  "player_out": "Sazib Bhuiyan",
                  "kind": "bowled"
                }
              ]
            },
            {
              "batter": "S Ramakrishnan",
              "bowler": "Rameez Khan",
              "non_striker": "S Grover",
              "runs": {
                "batter": 0,
                "extras": 0,
                "total": 0
              }
            },
            {
              "batter": "S Ramakrishnan",
              "bowler": "Rameez Khan",
              "non_striker": "S Grover",
              "runs": {
                "batter": 1,
                "extras": 0,
                "total": 1
              }
            },
            {
              "batter": "S Grover",
              "bowler": "Rameez Khan",
              "non_striker": "S Ramakrishnan",
              "runs": {
                "batter": 0,
                "extras": 0,
                "total": 0
              },
              "wickets": [
                {
                  "player_out": "S Grover",
                  "fielders": [
                    {
                      "name": "Ravinder Gill"
                    }
                  ],
                  "kind": "caught"
                }
              ]
            },
            {
              "batter": "Sagor Hossain",
              "bowler": "Rameez Khan",
              "non_striker": "S Ramakrishnan",
              "runs": {
                "batter": 0,
                "extras": 0,
                "total": 0
              }
            }
          ]
        },
        {
          "over": 6,
          "deliveries": [
            {
              "batter": "S Ramakrishnan",
              "bowler": "Avishka Iroshan",
              "non_striker": "Sagor Hossain",
              "runs": {
                "batter": 0,
                "extras": 0,
                "total": 0
              }
            },
            {
              "batter": "S Ramakrishnan",
              "bowler": "Avishka Iroshan",
              "non_striker": "Sagor Hossain",
              "runs": {
                "batter": 0,
                "extras": 0,
                "total": 0
              }
            },
            {
              "batter": "S Ramakrishnan",
              "bowler": "Avishka Iroshan",
              "non_striker": "Sagor Hossain",
              "runs": {
                "batter": 1,
                "extras": 0,
                "total": 1
              }
            },
            {
              "batter": "Sagor Hossain",
              "bowler": "Avishka Iroshan",
              "non_striker": "S Ramakrishnan",
              "runs": {
                "batter": 1,
                "extras": 0,
                "total": 1
              }
            },
            {
              "batter": "S Ramakrishnan",
              "bowler": "Avishka Iroshan",
              "non_striker": "Sagor Hossain",
              "runs": {
                "batter": 2,
                "extras": 0,
                "total": 2
              }
            },
            {
              "batter": "S Ramakrishnan",
              "bowler": "Avishka Iroshan",
              "non_striker": "Sagor Hossain",
              "runs": {
                "batter": 2,
                "extras": 0,
                "total": 2
              }
            }
          ]
        },
        {
          "over": 7,
          "deliveries": [
            {
              "batter": "Sagor Hossain",
              "bowler": "Rameez Khan",
              "non_striker": "S Ramakrishnan",
              "runs": {
                "batter": 0,
                "extras": 0,
                "total": 0
              }
            },
            {
              "batter": "Sagor Hossain",
              "bowler": "Rameez Khan",
              "non_striker": "S Ramakrishnan",
              "runs": {
                "batter": 0,
                "extras": 0,
                "total": 0
              }
            },
            {
              "batter": "Sagor Hossain",
              "bowler": "Rameez Khan",
              "non_striker": "S Ramakrishnan",
              "runs": {
                "batter": 0,
                "extras": 0,
                "total": 0
              }
            },
            {
              "batter": "Sagor Hossain",
              "bowler": "Rameez Khan",
              "non_striker": "S Ramakrishnan",
              "runs": {
                "batter": 0,
                "extras": 0,
                "total": 0
              },
              "wickets": [
                {
                  "player_out": "Sagor Hossain",
                  "fielders": [
                    {
                      "name": "R Satheesan"
                    }
                  ],
                  "kind": "caught"
                }
              ]
            },
            {
              "batter": "RM Magare",
              "bowler": "Rameez Khan",
              "non_striker": "S Ramakrishnan",
              "runs": {
                "batter": 1,
                "extras": 0,
                "total": 1
              }
            },
            {
              "batter": "S Ramakrishnan",
              "bowler": "Rameez Khan",
              "extras": {
                "wides": 1
              },
              "non_striker": "RM Magare",
              "runs": {
                "batter": 0,
                "extras": 1,
                "total": 1
              }
            },
            {
              "batter": "S Ramakrishnan",
              "bowler": "Rameez Khan",
              "extras": {
                "wides": 1
              },
              "non_striker": "RM Magare",
              "runs": {
                "batter": 0,
                "extras": 1,
                "total": 1
              }
            },
            {
              "batter": "S Ramakrishnan",
              "bowler": "Rameez Khan",
              "non_striker": "RM Magare",
              "runs": {
                "batter": 1,
                "extras": 0,
                "total": 1
              }
            }
          ]
        },
        {
          "over": 8,
          "deliveries": [
            {
              "batter": "S Ramakrishnan",
              "bowler": "Avishka Iroshan",
              "non_striker": "RM Magare",
              "runs": {
                "batter": 0,
                "extras": 0,
                "total": 0
              }
            },
            {
              "batter": "S Ramakrishnan",
              "bowler": "Avishka Iroshan",
              "non_striker": "RM Magare",
              "runs": {
                "batter": 1,
                "extras": 0,
                "total": 1
              }
            },
            {
              "batter": "RM Magare",
              "bowler": "Avishka Iroshan",
              "non_striker": "S Ramakrishnan",
              "runs": {
                "batter": 2,
                "extras": 0,
                "total": 2
              }
            },
            {
              "batter": "RM Magare",
              "bowler": "Avishka Iroshan",
              "non_striker": "S Ramakrishnan",
              "runs": {
                "batter": 1,
                "extras": 0,
                "total": 1
              }
            },
            {
              "batter": "S Ramakrishnan",
              "bowler": "Avishka Iroshan",
              "non_striker": "RM Magare",
              "runs": {
                "batter": 1,
                "extras": 0,
                "total": 1
              }
            },
            {
              "batter": "RM Magare",
              "bowler": "Avishka Iroshan",
              "non_striker": "S Ramakrishnan",
              "runs": {
                "batter": 4,
                "extras": 0,
                "total": 4
              }
            }
          ]
        },
        {
          "over": 9,
          "deliveries": [
            {
              "batter": "S Ramakrishnan",
              "bowler": "Rameez Khan",
              "non_striker": "RM Magare",
              "runs": {
                "batter": 1,
                "extras": 0,
                "total": 1
              }
            },
            {
              "batter": "RM Magare",
              "bowler": "Rameez Khan",
              "extras": {
                "wides": 1
              },
              "non_striker": "S Ramakrishnan",
              "runs": {
                "batter": 0,
                "extras": 1,
                "total": 1
              }
            },
            {
              "batter": "RM Magare",
              "bowler": "Rameez Khan",
              "non_striker": "S Ramakrishnan",
              "runs": {
                "batter": 1,
                "extras": 0,
                "total": 1
              }
            },
            {
              "batter": "S Ramakrishnan",
              "bowler": "Rameez Khan",
              "non_striker": "RM Magare",
              "runs": {
                "batter": 6,
                "extras": 0,
                "total": 6
              }
            },
            {
              "batter": "S Ramakrishnan",
              "bowler": "Rameez Khan",
              "non_striker": "RM Magare",
              "runs": {
                "batter": 1,
                "extras": 0,
                "total": 1
              }
            },
            {
              "batter": "RM Magare",
              "bowler": "Rameez Khan",
              "non_striker": "S Ramakrishnan",
              "runs": {
                "batter": 1,
                "extras": 0,
                "total": 1
              }
            },
            {
              "batter": "S Ramakrishnan",
              "bowler": "Rameez Khan",
              "non_striker": "RM Magare",
              "runs": {
                "batter": 1,
                "extras": 0,
                "total": 1
              }
            }
          ]
        },
        {
          "over": 10,
          "deliveries": [
            {
              "batter": "S Ramakrishnan",
              "bowler": "R Satheesan",
              "extras": {
                "byes": 1
              },
              "non_striker": "RM Magare",
              "runs": {
                "batter": 0,
                "extras": 1,
                "total": 1
              }
            },
            {
              "batter": "RM Magare",
              "bowler": "R Satheesan",
              "non_striker": "S Ramakrishnan",
              "runs": {
                "batter": 1,
                "extras": 0,
                "total": 1
              }
            },
            {
              "batter": "S Ramakrishnan",
              "bowler": "R Satheesan",
              "non_striker": "RM Magare",
              "runs": {
                "batter": 4,
                "extras": 0,
                "total": 4
              }
            },
            {
              "batter": "S Ramakrishnan",
              "bowler": "R Satheesan",
              "non_striker": "RM Magare",
              "runs": {
                "batter": 0,
                "extras": 0,
                "total": 0
              }
            },
            {
              "batter": "S Ramakrishnan",
              "bowler": "R Satheesan",
              "non_striker": "RM Magare",
              "runs": {
                "batter": 6,
                "extras": 0,
                "total": 6
              }
            },
            {
              "batter": "S Ramakrishnan",
              "bowler": "R Satheesan",
              "non_striker": "RM Magare",
              "runs": {
                "batter": 1,
                "extras": 0,
                "total": 1
              }
            }
          ]
        },
        {
          "over": 11,
          "deliveries": [
            {
              "batter": "S Ramakrishnan",
              "bowler": "Ijaz Hussain",
              "extras": {
                "byes": 1,
                "noballs": 1
              },
              "non_striker": "RM Magare",
              "runs": {
                "batter": 0,
                "extras": 2,
                "total": 2
              }
            },
            {
              "batter": "RM Magare",
              "bowler": "Ijaz Hussain",
              "extras": {
                "wides": 1
              },
              "non_striker": "S Ramakrishnan",
              "runs": {
                "batter": 0,
                "extras": 1,
                "total": 1
              }
            },
            {
              "batter": "RM Magare",
              "bowler": "Ijaz Hussain",
              "non_striker": "S Ramakrishnan",
              "runs": {
                "batter": 0,
                "extras": 0,
                "total": 0
              }
            },
            {
              "batter": "RM Magare",
              "bowler": "Ijaz Hussain",
              "non_striker": "S Ramakrishnan",
              "runs": {
                "batter": 0,
                "extras": 0,
                "total": 0
              }
            },
            {
              "batter": "RM Magare",
              "bowler": "Ijaz Hussain",
              "non_striker": "S Ramakrishnan",
              "runs": {
                "batter": 0,
                "extras": 0,
                "total": 0
              }
            },
            {
              "batter": "RM Magare",
              "bowler": "Ijaz Hussain",
              "non_striker": "S Ramakrishnan",
              "runs": {
                "batter": 1,
                "extras": 0,
                "total": 1
              }
            },
            {
              "batter": "S Ramakrishnan",
              "bowler": "Ijaz Hussain",
              "non_striker": "RM Magare",
              "runs": {
                "batter": 1,
                "extras": 0,
                "total": 1
              }
            },
            {
              "batter": "RM Magare",
              "bowler": "Ijaz Hussain",
              "non_striker": "S Ramakrishnan",
              "runs": {
                "batter": 1,
                "extras": 0,
                "total": 1
              }
            }
          ]
        },
        {
          "over": 12,
          "deliveries": [
            {
              "batter": "RM Magare",
              "bowler": "Ravinder Gill",
              "non_striker": "S Ramakrishnan",
              "runs": {
                "batter": 0,
                "extras": 0,
                "total": 0
              }
            },
            {
              "batter": "RM Magare",
              "bowler": "Ravinder Gill",
              "non_striker": "S Ramakrishnan",
              "runs": {
                "batter": 2,
                "extras": 0,
                "total": 2
              }
            },
            {
              "batter": "RM Magare",
              "bowler": "Ravinder Gill",
              "non_striker": "S Ramakrishnan",
              "runs": {
                "batter": 4,
                "extras": 0,
                "total": 4
              }
            },
            {
              "batter": "RM Magare",
              "bowler": "Ravinder Gill",
              "non_striker": "S Ramakrishnan",
              "runs": {
                "batter": 0,
                "extras": 0,
                "total": 0
              }
            },
            {
              "batter": "RM Magare",
              "bowler": "Ravinder Gill",
              "non_striker": "S Ramakrishnan",
              "runs": {
                "batter": 4,
                "extras": 0,
                "total": 4
              }
            },
            {
              "batter": "RM Magare",
              "bowler": "Ravinder Gill",
              "non_striker": "S Ramakrishnan",
              "runs": {
                "batter": 0,
                "extras": 0,
                "total": 0
              }
            }
          ]
        },
        {
          "over": 13,
          "deliveries": [
            {
              "batter": "S Ramakrishnan",
              "bowler": "Ijaz Hussain",
              "extras": {
                "wides": 1
              },
              "non_striker": "RM Magare",
              "runs": {
                "batter": 0,
                "extras": 1,
                "total": 1
              }
            },
            {
              "batter": "S Ramakrishnan",
              "bowler": "Ijaz Hussain",
              "extras": {
                "wides": 1
              },
              "non_striker": "RM Magare",
              "runs": {
                "batter": 0,
                "extras": 1,
                "total": 1
              }
            },
            {
              "batter": "S Ramakrishnan",
              "bowler": "Ijaz Hussain",
              "extras": {
                "wides": 1
              },
              "non_striker": "RM Magare",
              "runs": {
                "batter": 0,
                "extras": 1,
                "total": 1
              }
            },
            {
              "batter": "S Ramakrishnan",
              "bowler": "Ijaz Hussain",
              "non_striker": "RM Magare",
              "runs": {
                "batter": 1,
                "extras": 0,
                "total": 1
              }
            },
            {
              "batter": "RM Magare",
              "bowler": "Ijaz Hussain",
              "extras": {
                "legbyes": 1
              },
              "non_striker": "S Ramakrishnan",
              "runs": {
                "batter": 0,
                "extras": 1,
                "total": 1
              }
            },
            {
              "batter": "S Ramakrishnan",
              "bowler": "Ijaz Hussain",
              "non_striker": "RM Magare",
              "runs": {
                "batter": 0,
                "extras": 0,
                "total": 0
              }
            },
            {
              "batter": "S Ramakrishnan",
              "bowler": "Ijaz Hussain",
              "non_striker": "RM Magare",
              "runs": {
                "batter": 4,
                "extras": 0,
                "total": 4
              }
            },
            {
              "batter": "S Ramakrishnan",
              "bowler": "Ijaz Hussain",
              "non_striker": "RM Magare",
              "runs": {
                "batter": 1,
                "extras": 0,
                "total": 1
              }
            },
            {
              "batter": "RM Magare",
              "bowler": "Ijaz Hussain",
              "non_striker": "S Ramakrishnan",
              "runs": {
                "batter": 1,
                "extras": 0,
                "total": 1
              }
            }
          ]
        },
        {
          "over": 14,
          "deliveries": [
            {
              "batter": "RM Magare",
              "bowler": "Avishka Iroshan",
              "non_striker": "S Ramakrishnan",
              "runs": {
                "batter": 0,
                "extras": 0,
                "total": 0
              },
              "wickets": [
                {
                  "player_out": "RM Magare",
                  "fielders": [
                    {
                      "name": "Luca Petre"
                    }
                  ],
                  "kind": "caught"
                }
              ]
            },
            {
              "batter": "Divyendra Singh",
              "bowler": "Avishka Iroshan",
              "non_striker": "S Ramakrishnan",
              "runs": {
                "batter": 1,
                "extras": 0,
                "total": 1
              }
            },
            {
              "batter": "S Ramakrishnan",
              "bowler": "Avishka Iroshan",
              "non_striker": "Divyendra Singh",
              "runs": {
                "batter": 0,
                "extras": 0,
                "total": 0
              }
            },
            {
              "batter": "S Ramakrishnan",
              "bowler": "Avishka Iroshan",
              "extras": {
                "wides": 5
              },
              "non_striker": "Divyendra Singh",
              "runs": {
                "batter": 0,
                "extras": 5,
                "total": 5
              }
            },
            {
              "batter": "S Ramakrishnan",
              "bowler": "Avishka Iroshan",
              "non_striker": "Divyendra Singh",
              "runs": {
                "batter": 1,
                "extras": 0,
                "total": 1
              }
            },
            {
              "batter": "Divyendra Singh",
              "bowler": "Avishka Iroshan",
              "non_striker": "S Ramakrishnan",
              "runs": {
                "batter": 1,
                "extras": 0,
                "total": 1
              }
            },
            {
              "batter": "S Ramakrishnan",
              "bowler": "Avishka Iroshan",
              "non_striker": "Divyendra Singh",
              "runs": {
                "batter": 1,
                "extras": 0,
                "total": 1
              }
            }
          ]
        },
        {
          "over": 15,
          "deliveries": [
            {
              "batter": "S Ramakrishnan",
              "bowler": "Ravinder Gill",
              "non_striker": "Divyendra Singh",
              "runs": {
                "batter": 0,
                "extras": 0,
                "total": 0
              }
            },
            {
              "batter": "S Ramakrishnan",
              "bowler": "Ravinder Gill",
              "non_striker": "Divyendra Singh",
              "runs": {
                "batter": 0,
                "extras": 0,
                "total": 0
              }
            },
            {
              "batter": "S Ramakrishnan",
              "bowler": "Ravinder Gill",
              "non_striker": "Divyendra Singh",
              "runs": {
                "batter": 4,
                "extras": 0,
                "total": 4
              }
            },
            {
              "batter": "S Ramakrishnan",
              "bowler": "Ravinder Gill",
              "non_striker": "Divyendra Singh",
              "runs": {
                "batter": 4,
                "extras": 0,
                "total": 4
              }
            },
            {
              "batter": "S Ramakrishnan",
              "bowler": "Ravinder Gill",
              "non_striker": "Divyendra Singh",
              "runs": {
                "batter": 1,
                "extras": 0,
                "total": 1
              }
            },
            {
              "batter": "Divyendra Singh",
              "bowler": "Ravinder Gill",
              "non_striker": "S Ramakrishnan",
              "runs": {
                "batter": 0,
                "extras": 0,
                "total": 0
              }
            }
          ]
        },
        {
          "over": 16,
          "deliveries": [
            {
              "batter": "S Ramakrishnan",
              "bowler": "M Koli",
              "non_striker": "Divyendra Singh",
              "runs": {
                "batter": 1,
                "extras": 0,
                "total": 1
              }
            },
            {
              "batter": "Divyendra Singh",
              "bowler": "M Koli",
              "non_striker": "S Ramakrishnan",
              "runs": {
                "batter": 6,
                "extras": 0,
                "total": 6
              }
            },
            {
              "batter": "Divyendra Singh",
              "bowler": "M Koli",
              "non_striker": "S Ramakrishnan",
              "runs": {
                "batter": 0,
                "extras": 0,
                "total": 0
              }
            },
            {
              "batter": "Divyendra Singh",
              "bowler": "M Koli",
              "non_striker": "S Ramakrishnan",
              "runs": {
                "batter": 1,
                "extras": 0,
                "total": 1
              }
            },
            {
              "batter": "S Ramakrishnan",
              "bowler": "M Koli",
              "non_striker": "Divyendra Singh",
              "runs": {
                "batter": 1,
                "extras": 0,
                "total": 1
              }
            },
            {
              "batter": "Divyendra Singh",
              "bowler": "M Koli",
              "non_striker": "S Ramakrishnan",
              "runs": {
                "batter": 1,
                "extras": 0,
                "total": 1
              }
            }
          ]
        },
        {
          "over": 17,
          "deliveries": [
            {
              "batter": "Divyendra Singh",
              "bowler": "Rameez Khan",
              "non_striker": "S Ramakrishnan",
              "runs": {
                "batter": 1,
                "extras": 0,
                "total": 1
              }
            },
            {
              "batter": "S Ramakrishnan",
              "bowler": "Rameez Khan",
              "non_striker": "Divyendra Singh",
              "runs": {
                "batter": 1,
                "extras": 0,
                "total": 1
              }
            },
            {
              "batter": "Divyendra Singh",
              "bowler": "Rameez Khan",
              "non_striker": "S Ramakrishnan",
              "runs": {
                "batter": 0,
                "extras": 0,
                "total": 0
              },
              "wickets": [
                {
                  "player_out": "Divyendra Singh",
                  "kind": "caught and bowled"
                }
              ]
            },
            {
              "batter": "N Tyagi",
              "bowler": "Rameez Khan",
              "non_striker": "S Ramakrishnan",
              "runs": {
                "batter": 0,
                "extras": 0,
                "total": 0
              }
            },
            {
              "batter": "N Tyagi",
              "bowler": "Rameez Khan",
              "non_striker": "S Ramakrishnan",
              "runs": {
                "batter": 1,
                "extras": 0,
                "total": 1
              }
            },
            {
              "batter": "S Ramakrishnan",
              "bowler": "Rameez Khan",
              "non_striker": "N Tyagi",
              "runs": {
                "batter": 1,
                "extras": 0,
                "total": 1
              }
            }
          ]
        },
        {
          "over": 18,
          "deliveries": [
            {
              "batter": "S Ramakrishnan",
              "bowler": "M Koli",
              "extras": {
                "wides": 1
              },
              "non_striker": "N Tyagi",
              "runs": {
                "batter": 0,
                "extras": 1,
                "total": 1
              }
            },
            {
              "batter": "S Ramakrishnan",
              "bowler": "M Koli",
              "non_striker": "N Tyagi",
              "runs": {
                "batter": 1,
                "extras": 0,
                "total": 1
              }
            },
            {
              "batter": "N Tyagi",
              "bowler": "M Koli",
              "non_striker": "S Ramakrishnan",
              "runs": {
                "batter": 0,
                "extras": 0,
                "total": 0
              }
            },
            {
              "batter": "N Tyagi",
              "bowler": "M Koli",
              "non_striker": "S Ramakrishnan",
              "runs": {
                "batter": 0,
                "extras": 0,
                "total": 0
              },
              "wickets": [
                {
                  "player_out": "N Tyagi",
                  "kind": "bowled"
                }
              ]
            },
            {
              "batter": "Ajhar Alam",
              "bowler": "M Koli",
              "non_striker": "S Ramakrishnan",
              "runs": {
                "batter": 0,
                "extras": 0,
                "total": 0
              }
            },
            {
              "batter": "Ajhar Alam",
              "bowler": "M Koli",
              "non_striker": "S Ramakrishnan",
              "runs": {
                "batter": 0,
                "extras": 0,
                "total": 0
              }
            },
            {
              "batter": "Ajhar Alam",
              "bowler": "M Koli",
              "non_striker": "S Ramakrishnan",
              "runs": {
                "batter": 0,
                "extras": 0,
                "total": 0
              }
            }
          ]
        },
        {
          "over": 19,
          "deliveries": [
            {
              "batter": "S Ramakrishnan",
              "bowler": "Ijaz Hussain",
              "extras": {
                "wides": 1
              },
              "non_striker": "Ajhar Alam",
              "runs": {
                "batter": 0,
                "extras": 1,
                "total": 1
              }
            },
            {
              "batter": "S Ramakrishnan",
              "bowler": "Ijaz Hussain",
              "non_striker": "Ajhar Alam",
              "runs": {
                "batter": 0,
                "extras": 0,
                "total": 0
              }
            },
            {
              "batter": "S Ramakrishnan",
              "bowler": "Ijaz Hussain",
              "non_striker": "Ajhar Alam",
              "runs": {
                "batter": 6,
                "extras": 0,
                "total": 6
              }
            },
            {
              "batter": "S Ramakrishnan",
              "bowler": "Ijaz Hussain",
              "non_striker": "Ajhar Alam",
              "runs": {
                "batter": 4,
                "extras": 0,
                "total": 4
              }
            },
            {
              "batter": "S Ramakrishnan",
              "bowler": "Ijaz Hussain",
              "non_striker": "Ajhar Alam",
              "runs": {
                "batter": 4,
                "extras": 0,
                "total": 4
              }
            },
            {
              "batter": "S Ramakrishnan",
              "bowler": "Ijaz Hussain",
              "non_striker": "Ajhar Alam",
              "runs": {
                "batter": 1,
                "extras": 0,
                "total": 1
              }
            },
            {
              "batter": "Ajhar Alam",
              "bowler": "Ijaz Hussain",
              "non_striker": "S Ramakrishnan",
              "runs": {
                "batter": 1,
                "extras": 0,
                "total": 1
              }
            }
          ]
        }
      ],
      "powerplays": [
        {
          "from": 0.1,
          "to": 5.7,
          "type": "mandatory"
        }
      ],
      "target": {
        "overs": 20,
        "runs": 196
      }
    }
  ]
}