{
  "meta": {
    "data_version": "1.1.0",
    "created": "2025-10-09",
    "revision": 1
  },
  "info": {
    "balls_per_over": 6,
    "city": "Al Amarat",
    "dates": [
      "2025-10-08"
    ],
    "event": {
      "name": "ICC Men's T20 World Cup Asia & EAP Qualifier",
      "match_number": 1,
      "group": "C"
    },
    "gender": "male",
    "match_type": "T20",
    "match_type_number": 3505,
    "officials": {
      "match_referees": [
        "Hamim Khan"
      ],
      "reserve_umpires": [
        "PJ Gillespie"
      ],
      "umpires": [
        "Masudur Rahman",
        "SAJ Craig"
      ]
    },
    "outcome": {
      "winner": "Oman",
      "by": {
        "wickets": 5
      }
    },
    "overs": 20,
    "player_of_match": [
      "Shah Faisal"
    ],
    "players": {
      "Samoa": [
        "SM Solia",
        "D Visser",
        "SJ French",
        "BF Mailata",
        "LRPL Taylor",
        "CK Jasmat",
        "SM Nash",
        "SF Tiai",
        "F Suluoto",
        "DE Burgess",
        "MJ Tugaga"
      ],
      "Oman": [
        "AR Odedara",
        "Aamir Kaleem",
        "Hammad Mirza",
        "AR Bisht",
        "Mohammad Nadeem",
        "V Shukla",
        "J Ramanandi",
        "Nadeem Khan",
        "Shah Faisal",
        "Shakeel Ahmed",
        "Hassnain Shah"
      ]
    },
    "registry": {
      "people": {
        "AR Bisht": "80fe6790",
        "AR Odedara": "a7a6c1c2",
        "Aamir Kaleem": "7ecb9a14",
        "BF Mailata": "f49935eb",
        "CK Jasmat": "5299063a",
        "D Finau": "63772ee4",
        "D Visser": "bb4da4d3",
        "DE Burgess": "7bf39e5c",
        "F Suluoto": "ae380321",
        "Hamim Khan": "f82540a3",
        "Hammad Mirza": "0b7b78c6",
        "Hassnain Shah": "7cb931fc",
        "J Ramanandi": "f7ce2ff9",
        "LRPL Taylor": "b61a3e1a",
        "MJ Tugaga": "526a1047",
        "Masudur Rahman": "9581ac6b",
        "Mohammad Nadeem": "c5d7b244",
        "Nadeem Khan": "8a28c5d4",
        "PJ Gillespie": "3e253a50",
        "SAJ Craig": "689f2eed",
        "SF Tiai": "bf19d427",
        "SJ French": "0e93ef92",
        "SM Nash": "4f3a89ae",
        "SM Solia": "fd9f43bb",
        "Shah Faisal": "4fe6be0c",
        "Shakeel Ahmed": "e29e9c12",
        "V Shukla": "101b1180"
      }
    },
    "season": "2025/26",
    "team_type": "international",
    "teams": [
      "Samoa",
      "Oman"
    ],
    "toss": {
      "decision": "field",
      "winner": "Oman"
    },
    "venue": "Al Amerat Cricket Ground Oman Cricket (Ministry Turf 2)"
  },
  "innings": [
    {
      "team": "Samoa",
      "overs": [
        {
          "over": 0,
          "deliveries": [
            {
              "batter": "SM Solia",
              "bowler": "Shah Faisal",
              "non_striker": "D Visser",
              "runs": {
                "batter": 0,
                "extras": 0,
                "total": 0
              }
            },
            {
              "batter": "SM Solia",
              "bowler": "Shah Faisal",
              "non_striker": "D Visser",
              "runs": {
                "batter": 0,
                "extras": 0,
                "total": 0
              }
            },
            {
              "batter": "SM Solia",
              "bowler": "Shah Faisal",
              "non_striker": "D Visser",
              "runs": {
                "batter": 0,
                "extras": 0,
                "total": 0
              }
            },
            {
              "batter": "SM Solia",
              "bowler": "Shah Faisal",
              "non_striker": "D Visser",
              "runs": {
                "batter": 0,
                "extras": 0,
                "total": 0
              }
            },
            {
              "batter": "SM Solia",
              "bowler": "Shah Faisal",
              "non_striker": "D Visser",
              "runs": {
                "batter": 2,
                "extras": 0,
                "total": 2
              }
            },
            {
              "batter": "SM Solia",
              "bowler": "Shah Faisal",
              "non_striker": "D Visser",
              "runs": {
                "batter": 0,
                "extras": 0,
                "total": 0
              },
              "wickets": [
                {
                  "player_out": "SM Solia",
                  "fielders": [
                    {
                      "name": "Aamir Kaleem"
                    }
                  ],
                  "kind": "caught"
                }
              ]
            }
          ]
        },
        {
          "over": 1,
          "deliveries": [
            {
              "batter": "D Visser",
              "bowler": "Shakeel Ahmed",
              "non_striker": "SJ French",
              "runs": {
                "batter": 0,
                "extras": 0,
                "total": 0
              }
            },
            {
              "batter": "D Visser",
              "bowler": "Shakeel Ahmed",
              "non_striker": "SJ French",
              "runs": {
                "batter": 0,
                "extras": 0,
                "total": 0
              }
            },
            {
              "batter": "D Visser",
              "bowler": "Shakeel Ahmed",
              "non_striker": "SJ French",
              "runs": {
                "batter": 1,
                "extras": 0,
                "total": 1
              }
            },
            {
              "batter": "SJ French",
              "bowler": "Shakeel Ahmed",
              "non_striker": "D Visser",
              "runs": {
                "batter": 0,
                "extras": 0,
                "total": 0
              }
            },
            {
              "batter": "SJ French",
              "bowler": "Shakeel Ahmed",
              "non_striker": "D Visser",
              "runs": {
                "batter": 0,
                "extras": 0,
                "total": 0
              }
            },
            {
              "batter": "SJ French",
              "bowler": "Shakeel Ahmed",
              "non_striker": "D Visser",
              "runs": {
                "batter": 0,
                "extras": 0,
                "total": 0
              }
            }
          ]
        },
        {
          "over": 2,
          "deliveries": [
            {
              "batter": "D Visser",
              "bowler": "Shah Faisal",
              "extras": {
                "legbyes": 4
              },
              "non_striker": "SJ French",
              "runs": {
                "batter": 0,
                "extras": 4,
                "total": 4
              }
            },
            {
              "batter": "D Visser",
              "bowler": "Shah Faisal",
              "non_striker": "SJ French",
              "runs": {
                "batter": 0,
                "extras": 0,
                "total": 0
              },
              "wickets": [
                {
                  "player_out": "D Visser",
                  "fielders": [
                    {
                      "name": "Hassnain Shah"
                    }
                  ],
                  "kind": "caught"
                }
              ]
            },
            {
              "batter": "BF Mailata",
              "bowler": "Shah Faisal",
              "non_striker": "SJ French",
              "runs": {
                "batter": 0,
                "extras": 0,
                "total": 0
              }
            },
            {
              "batter": "BF Mailata",
              "bowler": "Shah Faisal",
              "non_striker": "SJ French",
              "runs": {
                "batter": 0,
                "extras": 0,
                "total": 0
              }
            },
            {
              "batter": "BF Mailata",
              "bowler": "Shah Faisal",
              "extras": {
                "legbyes": 1
              },
              "non_striker": "SJ French",
              "runs": {
                "batter": 0,
                "extras": 1,
                "total": 1
              }
            },
            {
              "batter": "SJ French",
              "bowler": "Shah Faisal",
              "non_striker": "BF Mailata",
              "runs": {
                "batter": 0,
                "extras": 0,
                "total": 0
              }
            }
          ]
        },
        {
          "over": 3,
          "deliveries": [
            {
              "batter": "BF Mailata",
              "bowler": "Shakeel Ahmed",
              "non_striker": "SJ French",
              "runs": {
                "batter": 1,
                "extras": 0,
                "total": 1
              }
            },
            {
              "batter": "SJ French",
              "bowler": "Shakeel Ahmed",
              "non_striker": "BF Mailata",
              "runs": {
                "batter": 1,
                "extras": 0,
                "total": 1
              }
            },
            {
              "batter": "BF Mailata",
              "bowler": "Shakeel Ahmed",
              "non_striker": "SJ French",
              "runs": {
                "batter": 1,
                "extras": 0,
                "total": 1
              }
            },
            {
              "batter": "SJ French",
              "bowler": "Shakeel Ahmed",
              "non_striker": "BF Mailata",
              "runs": {
                "batter": 0,
                "extras": 0,
                "total": 0
              }
            },
            {
              "batter": "SJ French",
              "bowler": "Shakeel Ahmed",
              "non_striker": "BF Mailata",
              "runs": {
                "batter": 0,
                "extras": 0,
                "total": 0
              }
            },
            {
              "batter": "SJ French",
              "bowler": "Shakeel Ahmed",
              "non_striker": "BF Mailata",
              "runs": {
                "batter": 1,
                "extras": 0,
                "total": 1
              }
            }
          ]
        },
        {
          "over": 4,
          "deliveries": [
            {
              "batter": "SJ French",
              "bowler": "Shah Faisal",
              "non_striker": "BF Mailata",
              "runs": {
                "batter": 0,
                "extras": 0,
                "total": 0
              }
            },
            {
              "batter": "SJ French",
              "bowler": "Shah Faisal",
              "extras": {
                "legbyes": 1
              },
              "non_striker": "BF Mailata",
              "runs": {
                "batter": 0,
                "extras": 1,
                "total": 1
              }
            },
            {
              "batter": "BF Mailata",
              "bowler": "Shah Faisal",
              "non_striker": "SJ French",
              "runs": {
                "batter": 0,
                "extras": 0,
                "total": 0
              }
            },
            {
              "batter": "BF Mailata",
              "bowler": "Shah Faisal",
              "non_striker": "SJ French",
              "runs": {
                "batter": 0,
                "extras": 0,
                "total": 0
              }
            },
            {
              "batter": "BF Mailata",
              "bowler": "Shah Faisal",
              "extras": {
                "wides": 1
              },
              "non_striker": "SJ French",
              "runs": {
                "batter": 0,
                "extras": 1,
                "total": 1
              }
            },
            {
              "batter": "BF Mailata",
              "bowler": "Shah Faisal",
              "non_striker": "SJ French",
              "runs": {
                "batter": 0,
                "extras": 0,
                "total": 0
              }
            },
            {
              "batter": "BF Mailata",
              "bowler": "Shah Faisal",
              "non_striker": "SJ French",
              "runs": {
                "batter": 0,
                "extras": 0,
                "total": 0
              }
            }
          ]
        },
        {
          "over": 5,
          "deliveries": [
            {
              "batter": "SJ French",
              "bowler": "Shakeel Ahmed",
              "extras": {
                "legbyes": 2
              },
              "non_striker": "BF Mailata",
              "runs": {
                "batter": 0,
                "extras": 2,
                "total": 2
              }
            },
            {
              "batter": "SJ French",
              "bowler": "Shakeel Ahmed",
              "non_striker": "BF Mailata",
              "runs": {
                "batter": 1,
                "extras": 0,
                "total": 1
              }
            },
            {
              "batter": "BF Mailata",
              "bowler": "Shakeel Ahmed",
              "non_striker": "SJ French",
              "runs": {
                "batter": 1,
                "extras": 0,
                "total": 1
              }
            },
            {
              "batter": "SJ French",
              "bowler": "Shakeel Ahmed",
              "non_striker": "BF Mailata",
              "runs": {
                "batter": 2,
                "extras": 0,
                "total": 2
              }
            },
            {
              "batter": "SJ French",
              "bowler": "Shakeel Ahmed",
              "non_striker": "BF Mailata",
              "runs": {
                "batter": 0,
                "extras": 0,
                "total": 0
              }
            },
            {
              "batter": "SJ French",
              "bowler": "Shakeel Ahmed",
              "non_striker": "BF Mailata",
              "runs": {
                "batter": 0,
                "extras": 0,
                "total": 0
              }
            }
          ]
        },
        {
          "over": 6,
          "deliveries": [
            {
              "batter": "BF Mailata",
              "bowler": "Mohammad Nadeem",
              "non_striker": "SJ French",
              "runs": {
                "batter": 0,
                "extras": 0,
                "total": 0
              },
              "wickets": [
                {
                  "player_out": "BF Mailata",
                  "fielders": [
                    {
                      "name": "J Ramanandi"
                    }
                  ],
                  "kind": "caught"
                }
              ]
            },
            {
              "batter": "LRPL Taylor",
              "bowler": "Mohammad Nadeem",
              "non_striker": "SJ French",
              "runs": {
                "batter": 1,
                "extras": 0,
                "total": 1
              }
            },
            {
              "batter": "SJ French",
              "bowler": "Mohammad Nadeem",
              "non_striker": "LRPL Taylor",
              "runs": {
                "batter": 0,
                "extras": 0,
                "total": 0
              },
              "wickets": [
                {
                  "player_out": "SJ French",
                  "kind": "lbw"
                }
              ]
            },
            {
              "batter": "CK Jasmat",
              "bowler": "Mohammad Nadeem",
              "non_striker": "LRPL Taylor",
              "runs": {
                "batter": 0,
                "extras": 0,
                "total": 0
              }
            },
            {
              "batter": "CK Jasmat",
              "bowler": "Mohammad Nadeem",
              "non_striker": "LRPL Taylor",
              "runs": {
                "batter": 0,
                "extras": 0,
                "total": 0
              }
            },
            {
              "batter": "CK Jasmat",
              "bowler": "Mohammad Nadeem",
              "non_striker": "LRPL Taylor",
              "runs": {
                "batter": 0,
                "extras": 0,
                "total": 0
              }
            }
          ]
        },
        {
          "over": 7,
          "deliveries": [
            {
              "batter": "LRPL Taylor",
              "bowler": "Nadeem Khan",
              "non_striker": "CK Jasmat",
              "runs": {
                "batter": 0,
                "extras": 0,
                "total": 0
              }
            },
            {
              "batter": "LRPL Taylor",
              "bowler": "Nadeem Khan",
              "non_striker": "CK Jasmat",
              "runs": {
                "batter": 1,
                "extras": 0,
                "total": 1
              }
            },
            {
              "batter": "CK Jasmat",
              "bowler": "Nadeem Khan",
              "non_striker": "LRPL Taylor",
              "runs": {
                "batter": 0,
                "extras": 0,
                "total": 0
              },
              "wickets": [
                {
                  "player_out": "CK Jasmat",
                  "kind": "bowled"
                }
              ]
            },
            {
              "batter": "SM Nash",
              "bowler": "Nadeem Khan",
              "non_striker": "LRPL Taylor",
              "runs": {
                "batter": 0,
                "extras": 0,
                "total": 0
              }
            },
            {
              "batter": "SM Nash",
              "bowler": "Nadeem Khan",
              "non_striker": "LRPL Taylor",
              "runs": {
                "batter": 0,
                "extras": 0,
                "total": 0
              }
            },
            {
              "batter": "SM Nash",
              "bowler": "Nadeem Khan",
              "non_striker": "LRPL Taylor",
              "runs": {
                "batter": 1,
                "extras": 0,
                "total": 1
              }
            }
          ]
        },
        {
          "over": 8,
          "deliveries": [
            {
              "batter": "SM Nash",
              "bowler": "Mohammad Nadeem",
              "non_striker": "LRPL Taylor",
              "runs": {
                "batter": 0,
                "extras": 0,
                "total": 0
              }
            },
            {
              "batter": "SM Nash",
              "bowler": "Mohammad Nadeem",
              "non_striker": "LRPL Taylor",
              "runs": {
                "batter": 0,
                "extras": 0,
                "total": 0
              }
            },
            {
              "batter": "SM Nash",
              "bowler": "Mohammad Nadeem",
              "non_striker": "LRPL Taylor",
              "runs": {
                "batter": 1,
                "extras": 0,
                "total": 1
              }
            },
            {
              "batter": "LRPL Taylor",
              "bowler": "Mohammad Nadeem",
              "non_striker": "SM Nash",
              "runs": {
                "batter": 1,
                "extras": 0,
                "total": 1
              }
            },
            {
              "batter": "SM Nash",
              "bowler": "Mohammad Nadeem",
              "non_striker": "LRPL Taylor",
              "runs": {
                "batter": 1,
                "extras": 0,
                "total": 1
              }
            },
            {
              "batter": "LRPL Taylor",
              "bowler": "Mohammad Nadeem",
              "non_striker": "SM Nash",
              "runs": {
                "batter": 1,
                "extras": 0,
                "total": 1
              }
            }
          ]
        },
        {
          "over": 9,
          "deliveries": [
            {
              "batter": "LRPL Taylor",
              "bowler": "Nadeem Khan",
              "non_striker": "SM Nash",
              "runs": {
                "batter": 0,
                "extras": 0,
                "total": 0
              }
            },
            {
              "batter": "LRPL Taylor",
              "bowler": "Nadeem Khan",
              "extras": {
                "legbyes": 1
              },
              "non_striker": "SM Nash",
              "runs": {
                "batter": 0,
                "extras": 1,
                "total": 1
              }
            },
            {
              "batter": "SM Nash",
              "bowler": "Nadeem Khan",
              "non_striker": "LRPL Taylor",
              "runs": {
                "batter": 0,
                "extras": 0,
                "total": 0
              }
            },
            {
              "batter": "SM Nash",
              "bowler": "Nadeem Khan",
              "non_striker": "LRPL Taylor",
              "runs": {
                "batter": 0,
                "extras": 0,
                "total": 0
              }
            },
            {
              "batter": "SM Nash",
              "bowler": "Nadeem Khan",
              "non_striker": "LRPL Taylor",
              "runs": {
                "batter": 0,
                "extras": 0,
                "total": 0
              }
            },
            {
              "batter": "SM Nash",
              "bowler": "Nadeem Khan",
              "non_striker": "LRPL Taylor",
              "runs": {
                "batter": 0,
                "extras": 0,
                "total": 0
              }
            }
          ]
        },
        {
          "over": 10,
          "deliveries": [
            {
              "batter": "LRPL Taylor",
              "bowler": "Mohammad Nadeem",
              "non_striker": "SM Nash",
              "runs": {
                "batter": 1,
                "extras": 0,
                "total": 1
              }
            },
            {
              "batter": "SM Nash",
              "bowler": "Mohammad Nadeem",
              "non_striker": "LRPL Taylor",
              "runs": {
                "batter": 0,
                "extras": 0,
                "total": 0
              }
            },
            {
              "batter": "SM Nash",
              "bowler": "Mohammad Nadeem",
              "non_striker": "LRPL Taylor",
              "runs": {
                "batter": 2,
                "extras": 0,
                "total": 2
              }
            },
            {
              "batter": "SM Nash",
              "bowler": "Mohammad Nadeem",
              "non_striker": "LRPL Taylor",
              "runs": {
                "batter": 1,
                "extras": 0,
                "total": 1
              }
            },
            {
              "batter": "LRPL Taylor",
              "bowler": "Mohammad Nadeem",
              "extras": {
                "wides": 1
              },
              "non_striker": "SM Nash",
              "runs": {
                "batter": 0,
                "extras": 1,
                "total": 1
              }
            },
            {
              "batter": "LRPL Taylor",
              "bowler": "Mohammad Nadeem",
              "non_striker": "SM Nash",
              "runs": {
                "batter": 1,
                "extras": 0,
                "total": 1
              }
            },
            {
              "batter": "SM Nash",
              "bowler": "Mohammad Nadeem",
              "non_striker": "LRPL Taylor",
              "runs": {
                "batter": 4,
                "extras": 0,
                "total": 4
              }
            }
          ]
        },
        {
          "over": 11,
          "deliveries": [
            {
              "batter": "LRPL Taylor",
              "bowler": "Nadeem Khan",
              "non_striker": "SM Nash",
              "runs": {
                "batter": 0,
                "extras": 0,
                "total": 0
              }
            },
            {
              "batter": "LRPL Taylor",
              "bowler": "Nadeem Khan",
              "non_striker": "SM Nash",
              "runs": {
                "batter": 0,
                "extras": 0,
                "total": 0
              }
            },
            {
              "batter": "LRPL Taylor",
              "bowler": "Nadeem Khan",
              "non_striker": "SM Nash",
              "runs": {
                "batter": 0,
                "extras": 0,
                "total": 0
              }
            },
            {
              "batter": "LRPL Taylor",
              "bowler": "Nadeem Khan",
              "non_striker": "SM Nash",
              "runs": {
                "batter": 4,
                "extras": 0,
                "total": 4
              }
            },
            {
              "batter": "LRPL Taylor",
              "bowler": "Nadeem Khan",
              "non_striker": "SM Nash",
              "runs": {
                "batter": 1,
                "extras": 0,
                "total": 1
              }
            },
            {
              "batter": "SM Nash",
              "bowler": "Nadeem Khan",
              "non_striker": "LRPL Taylor",
              "runs": {
                "batter": 0,
                "extras": 0,
                "total": 0
              }
            }
          ]
        },
        {
          "over": 12,
          "deliveries": [
            {
              "batter": "LRPL Taylor",
              "bowler": "Aamir Kaleem",
              "non_striker": "SM Nash",
              "runs": {
                "batter": 1,
                "extras": 0,
                "total": 1
              }
            },
            {
              "batter": "SM Nash",
              "bowler": "Aamir Kaleem",
              "non_striker": "LRPL Taylor",
              "runs": {
                "batter": 0,
                "extras": 0,
                "total": 0
              }
            },
            {
              "batter": "SM Nash",
              "bowler": "Aamir Kaleem",
              "non_striker": "LRPL Taylor",
              "runs": {
                "batter": 0,
                "extras": 0,
                "total": 0
              },
              "wickets": [
                {
                  "player_out": "SM Nash",
                  "fielders": [
                    {
                      "name": "AR Bisht"
                    }
                  ],
                  "kind": "caught"
                }
              ]
            },
            {
              "batter": "SF Tiai",
              "bowler": "Aamir Kaleem",
              "non_striker": "LRPL Taylor",
              "runs": {
                "batter": 1,
                "extras": 0,
                "total": 1
              }
            },
            {
              "batter": "LRPL Taylor",
              "bowler": "Aamir Kaleem",
              "non_striker": "SF Tiai",
              "runs": {
                "batter": 1,
                "extras": 0,
                "total": 1
              }
            },
            {
              "batter": "SF Tiai",
              "bowler": "Aamir Kaleem",
              "non_striker": "LRPL Taylor",
              "runs": {
                "batter": 1,
                "extras": 0,
                "total": 1
              }
            }
          ]
        },
        {
          "over": 13,
          "deliveries": [
            {
              "batter": "SF Tiai",
              "bowler": "Nadeem Khan",
              "non_striker": "LRPL Taylor",
              "runs": {
                "batter": 1,
                "extras": 0,
                "total": 1
              }
            },
            {
              "batter": "LRPL Taylor",
              "bowler": "Nadeem Khan",
              "non_striker": "SF Tiai",
              "runs": {
                "batter": 1,
                "extras": 0,
                "total": 1
              }
            },
            {
              "batter": "SF Tiai",
              "bowler": "Nadeem Khan",
              "non_striker": "LRPL Taylor",
              "runs": {
                "batter": 0,
                "extras": 0,
                "total": 0
              }
            },
            {
              "batter": "SF Tiai",
              "bowler": "Nadeem Khan",
              "non_striker": "LRPL Taylor",
              "runs": {
                "batter": 1,
                "extras": 0,
                "total": 1
              }
            },
            {
              "batter": "LRPL Taylor",
              "bowler": "Nadeem Khan",
              "non_striker": "SF Tiai",
              "runs": {
                "batter": 0,
                "extras": 0,
                "total": 0
              }
            },
            {
              "batter": "LRPL Taylor",
              "bowler": "Nadeem Khan",
              "non_striker": "SF Tiai",
              "runs": {
                "batter": 1,
                "extras": 0,
                "total": 1
              }
            }
          ]
        },
        {
          "over": 14,
          "deliveries": [
            {
              "batter": "LRPL Taylor",
              "bowler": "Aamir Kaleem",
              "non_striker": "SF Tiai",
              "runs": {
                "batter": 1,
                "extras": 0,
                "total": 1
              }
            },
            {
              "batter": "SF Tiai",
              "bowler": "Aamir Kaleem",
              "non_striker": "LRPL Taylor",
              "runs": {
                "batter": 1,
                "extras": 0,
                "total": 1
              }
            },
            {
              "batter": "LRPL Taylor",
              "bowler": "Aamir Kaleem",
              "non_striker": "SF Tiai",
              "runs": {
                "batter": 2,
                "extras": 0,
                "total": 2
              }
            },
            {
              "batter": "LRPL Taylor",
              "bowler": "Aamir Kaleem",
              "non_striker": "SF Tiai",
              "runs": {
                "batter": 1,
                "extras": 0,
                "total": 1
              }
            },
            {
              "batter": "SF Tiai",
              "bowler": "Aamir Kaleem",
              "non_striker": "LRPL Taylor",
              "runs": {
                "batter": 0,
                "extras": 0,
                "total": 0
              },
              "wickets": [
                {
                  "player_out": "SF Tiai",
                  "kind": "bowled"
                }
              ]
            },
            {
              "batter": "F Suluoto",
              "bowler": "Aamir Kaleem",
              "non_striker": "LRPL Taylor",
              "runs": {
                "batter": 0,
                "extras": 0,
                "total": 0
              }
            }
          ]
        },
        {
          "over": 15,
          "deliveries": [
            {
              "batter": "LRPL Taylor",
              "bowler": "Shakeel Ahmed",
              "non_striker": "F Suluoto",
              "runs": {
                "batter": 1,
                "extras": 0,
                "total": 1
              }
            },
            {
              "batter": "F Suluoto",
              "bowler": "Shakeel Ahmed",
              "non_striker": "LRPL Taylor",
              "runs": {
                "batter": 1,
                "extras": 0,
                "total": 1
              }
            },
            {
              "batter": "LRPL Taylor",
              "bowler": "Shakeel Ahmed",
              "non_striker": "F Suluoto",
              "runs": {
                "batter": 0,
                "extras": 0,
                "total": 0
              }
            },
            {
              "batter": "LRPL Taylor",
              "bowler": "Shakeel Ahmed",
              "non_striker": "F Suluoto",
              "runs": {
                "batter": 1,
                "extras": 0,
                "total": 1
              }
            },
            {
              "batter": "F Suluoto",
              "bowler": "Shakeel Ahmed",
              "non_striker": "LRPL Taylor",
              "runs": {
                "batter": 1,
                "extras": 0,
                "total": 1
              }
            },
            {
              "batter": "LRPL Taylor",
              "bowler": "Shakeel Ahmed",
              "non_striker": "F Suluoto",
              "runs": {
                "batter": 0,
                "extras": 0,
                "total": 0
              }
            }
          ]
        },
        {
          "over": 16,
          "deliveries": [
            {
              "batter": "F Suluoto",
              "bowler": "Aamir Kaleem",
              "non_striker": "LRPL Taylor",
              "runs": {
                "batter": 0,
                "extras": 0,
                "total": 0
              }
            },
            {
              "batter": "F Suluoto",
              "bowler": "Aamir Kaleem",
              "non_striker": "LRPL Taylor",
              "runs": {
                "batter": 6,
                "extras": 0,
                "total": 6
              }
            },
            {
              "batter": "F Suluoto",
              "bowler": "Aamir Kaleem",
              "non_striker": "LRPL Taylor",
              "runs": {
                "batter": 1,
                "extras": 0,
                "total": 1
              }
            },
            {
              "batter": "LRPL Taylor",
              "bowler": "Aamir Kaleem",
              "non_striker": "F Suluoto",
              "runs": {
                "batter": 1,
                "extras": 0,
                "total": 1
              }
            },
            {
              "batter": "F Suluoto",
              "bowler": "Aamir Kaleem",
              "non_striker": "LRPL Taylor",
              "runs": {
                "batter": 0,
                "extras": 0,
                "total": 0
              }
            },
            {
              "batter": "F Suluoto",
              "bowler": "Aamir Kaleem",
              "non_striker": "LRPL Taylor",
              "runs": {
                "batter": 1,
                "extras": 0,
                "total": 1
              }
            }
          ]
        },
        {
          "over": 17,
          "deliveries": [
            {
              "batter": "F Suluoto",
              "bowler": "Hassnain Shah",
              "non_striker": "LRPL Taylor",
              "runs": {
                "batter": 4,
                "extras": 0,
                "total": 4
              }
            },
            {
              "batter": "F Suluoto",
              "bowler": "Hassnain Shah",
              "extras": {
                "wides": 1
              },
              "non_striker": "LRPL Taylor",
              "runs": {
                "batter": 0,
                "extras": 1,
                "total": 1
              }
            },
            {
              "batter": "F Suluoto",
              "bowler": "Hassnain Shah",
              "non_striker": "LRPL Taylor",
              "runs": {
                "batter": 0,
                "extras": 0,
                "total": 0
              }
            },
            {
              "batter": "F Suluoto",
              "bowler": "Hassnain Shah",
              "non_striker": "LRPL Taylor",
              "runs": {
                "batter": 0,
                "extras": 0,
                "total": 0
              }
            },
            {
              "batter": "F Suluoto",
              "bowler": "Hassnain Shah",
              "extras": {
                "wides": 1
              },
              "non_striker": "LRPL Taylor",
              "runs": {
                "batter": 0,
                "extras": 1,
                "total": 1
              }
            },
            {
              "batter": "F Suluoto",
              "bowler": "Hassnain Shah",
              "non_striker": "LRPL Taylor",
              "runs": {
                "batter": 1,
                "extras": 0,
                "total": 1
              }
            },
            {
              "batter": "LRPL Taylor",
              "bowler": "Hassnain Shah",
              "non_striker": "F Suluoto",
              "runs": {
                "batter": 0,
                "extras": 0,
                "total": 0
              },
              "wickets": [
                {
                  "player_out": "LRPL Taylor",
                  "kind": "lbw"
                }
              ]
            },
            {
              "batter": "DE Burgess",
              "bowler": "Hassnain Shah",
              "non_striker": "F Suluoto",
              "runs": {
                "batter": 1,
                "extras": 0,
                "total": 1
              }
            }
          ]
        },
        {
          "over": 18,
          "deliveries": [
            {
              "batter": "DE Burgess",
              "bowler": "Shah Faisal",
              "non_striker": "F Suluoto",
              "runs": {
                "batter": 0,
                "extras": 0,
                "total": 0
              }
            },
            {
              "batter": "DE Burgess",
              "bowler": "Shah Faisal",
              "non_striker": "F Suluoto",
              "runs": {
                "batter": 1,
                "extras": 0,
                "total": 1
              }
            },
            {
              "batter": "F Suluoto",
              "bowler": "Shah Faisal",
              "non_striker": "DE Burgess",
              "runs": {
                "batter": 4,
                "extras": 0,
                "total": 4
              }
            },
            {
              "batter": "F Suluoto",
              "bowler": "Shah Faisal",
              "non_striker": "DE Burgess",
              "runs": {
                "batter": 1,
                "extras": 0,
                "total": 1
              }
            },
            {
              "batter": "DE Burgess",
              "bowler": "Shah Faisal",
              "non_striker": "F Suluoto",
              "runs": {
                "batter": 1,
                "extras": 0,
                "total": 1
              }
            },
            {
              "batter": "F Suluoto",
              "bowler": "Shah Faisal",
              "non_striker": "DE Burgess",
              "runs": {
                "batter": 2,
                "extras": 0,
                "total": 2
              }
            }
          ]
        },
        {
          "over": 19,
          "deliveries": [
            {
              "batter": "DE Burgess",
              "bowler": "Hassnain Shah",
              "extras": {
                "byes": 1
              },
              "non_striker": "F Suluoto",
              "runs": {
                "batter": 0,
                "extras": 1,
                "total": 1
              }
            },
            {
              "batter": "F Suluoto",
              "bowler": "Hassnain Shah",
              "extras": {
                "legbyes": 1
              },
              "non_striker": "DE Burgess",
              "runs": {
                "batter": 0,
                "extras": 1,
                "total": 1
              }
            },
            {
              "batter": "DE Burgess",
              "bowler": "Hassnain Shah",
              "non_striker": "F Suluoto",
              "runs": {
                "batter": 0,
                "extras": 0,
                "total": 0
              },
              "wickets": [
                {
                  "player_out": "F Suluoto",
                  "fielders": [
                    {
                      "name": "Hassnain Shah"
                    }
                  ],
                  "kind": "run out"
                }
              ]
            },
            {
              "batter": "DE Burgess",
              "bowler": "Hassnain Shah",
              "non_striker": "MJ Tugaga",
              "runs": {
                "batter": 1,
                "extras": 0,
                "total": 1
              }
            },
            {
              "batter": "MJ Tugaga",
              "bowler": "Hassnain Shah",
              "non_striker": "DE Burgess",
              "runs": {
                "batter": 2,
                "extras": 0,
                "total": 2
              }
            },
            {
              "batter": "MJ Tugaga",
              "bowler": "Hassnain Shah",
              "non_striker": "DE Burgess",
              "runs": {
                "batter": 1,
                "extras": 0,
                "total": 1
              }
            }
          ]
        }
      ],
      "powerplays": [
        {
          "from": 0.1,
          "to": 5.6,
          "type": "mandatory"
        }
      ]
    },
    {
      "team": "Oman",
      "overs": [
        {
          "over": 0,
          "deliveries": [
            {
              "batter": "AR Odedara",
              "bowler": "MJ Tugaga",
              "non_striker": "Aamir Kaleem",
              "runs": {
                "batter": 0,
                "extras": 0,
                "total": 0
              }
            },
            {
              "batter": "AR Odedara",
              "bowler": "MJ Tugaga",
              "non_striker": "Aamir Kaleem",
              "runs": {
                "batter": 0,
                "extras": 0,
                "total": 0
              }
            },
            {
              "batter": "AR Odedara",
              "bowler": "MJ Tugaga",
              "non_striker": "Aamir Kaleem",
              "runs": {
                "batter": 0,
                "extras": 0,
                "total": 0
              }
            },
            {
              "batter": "AR Odedara",
              "bowler": "MJ Tugaga",
              "non_striker": "Aamir Kaleem",
              "runs": {
                "batter": 1,
                "extras": 0,
                "total": 1
              }
            },
            {
              "batter": "Aamir Kaleem",
              "bowler": "MJ Tugaga",
              "extras": {
                "wides": 2
              },
              "non_striker": "AR Odedara",
              "runs": {
                "batter": 0,
                "extras": 2,
                "total": 2
              }
            },
            {
              "batter": "AR Odedara",
              "bowler": "MJ Tugaga",
              "non_striker": "Aamir Kaleem",
              "runs": {
                "batter": 4,
                "extras": 0,
                "total": 4
              }
            },
            {
              "batter": "AR Odedara",
              "bowler": "MJ Tugaga",
              "non_striker": "Aamir Kaleem",
              "runs": {
                "batter": 0,
                "extras": 0,
                "total": 0
              }
            }
          ]
        },
        {
          "over": 1,
          "deliveries": [
            {
              "batter": "Aamir Kaleem",
              "bowler": "CK Jasmat",
              "non_striker": "AR Odedara",
              "runs": {
                "batter": 2,
                "extras": 0,
                "total": 2
              }
            },
            {
              "batter": "Aamir Kaleem",
              "bowler": "CK Jasmat",
              "non_striker": "AR Odedara",
              "runs": {
                "batter": 0,
                "extras": 0,
                "total": 0
              },
              "wickets": [
                {
                  "player_out": "Aamir Kaleem",
                  "fielders": [
                    {
                      "name": "SM Nash"
                    }
                  ],
                  "kind": "caught"
                }
              ]
            },
            {
              "batter": "Hammad Mirza",
              "bowler": "CK Jasmat",
              "non_striker": "AR Odedara",
              "runs": {
                "batter": 0,
                "extras": 0,
                "total": 0
              }
            },
            {
              "batter": "Hammad Mirza",
              "bowler": "CK Jasmat",
              "extras": {
                "legbyes": 1
              },
              "non_striker": "AR Odedara",
              "runs": {
                "batter": 0,
                "extras": 1,
                "total": 1
              }
            },
            {
              "batter": "AR Odedara",
              "bowler": "CK Jasmat",
              "extras": {
                "legbyes": 1
              },
              "non_striker": "Hammad Mirza",
              "runs": {
                "batter": 0,
                "extras": 1,
                "total": 1
              }
            },
            {
              "batter": "Hammad Mirza",
              "bowler": "CK Jasmat",
              "non_striker": "AR Odedara",
              "runs": {
                "batter": 0,
                "extras": 0,
                "total": 0
              }
            }
          ]
        },
        {
          "over": 2,
          "deliveries": [
            {
              "batter": "AR Odedara",
              "bowler": "MJ Tugaga",
              "non_striker": "Hammad Mirza",
              "runs": {
                "batter": 1,
                "extras": 0,
                "total": 1
              }
            },
            {
              "batter": "Hammad Mirza",
              "bowler": "MJ Tugaga",
              "non_striker": "AR Odedara",
              "runs": {
                "batter": 0,
                "extras": 0,
                "total": 0
              }
            },
            {
              "batter": "Hammad Mirza",
              "bowler": "MJ Tugaga",
              "non_striker": "AR Odedara",
              "runs": {
                "batter": 0,
                "extras": 0,
                "total": 0
              }
            },
            {
              "batter": "Hammad Mirza",
              "bowler": "MJ Tugaga",
              "non_striker": "AR Odedara",
              "runs": {
                "batter": 1,
                "extras": 0,
                "total": 1
              }
            },
            {
              "batter": "AR Odedara",
              "bowler": "MJ Tugaga",
              "extras": {
                "wides": 1
              },
              "non_striker": "Hammad Mirza",
              "runs": {
                "batter": 0,
                "extras": 1,
                "total": 1
              }
            },
            {
              "batter": "AR Odedara",
              "bowler": "MJ Tugaga",
              "non_striker": "Hammad Mirza",
              "runs": {
                "batter": 2,
                "extras": 0,
                "total": 2
              }
            },
            {
              "batter": "AR Odedara",
              "bowler": "MJ Tugaga",
              "non_striker": "Hammad Mirza",
              "runs": {
                "batter": 0,
                "extras": 0,
                "total": 0
              }
            }
          ]
        },
        {
          "over": 3,
          "deliveries": [
            {
              "batter": "Hammad Mirza",
              "bowler": "CK Jasmat",
              "extras": {
                "wides": 1
              },
              "non_striker": "AR Odedara",
              "runs": {
                "batter": 0,
                "extras": 1,
                "total": 1
              }
            },
            {
              "batter": "Hammad Mirza",
              "bowler": "CK Jasmat",
              "extras": {
                "wides": 1
              },
              "non_striker": "AR Odedara",
              "runs": {
                "batter": 0,
                "extras": 1,
                "total": 1
              }
            },
            {
              "batter": "Hammad Mirza",
              "bowler": "CK Jasmat",
              "non_striker": "AR Odedara",
              "runs": {
                "batter": 4,
                "extras": 0,
                "total": 4
              }
            },
            {
              "batter": "Hammad Mirza",
              "bowler": "CK Jasmat",
              "non_striker": "AR Odedara",
              "runs": {
                "batter": 0,
                "extras": 0,
                "total": 0
              }
            },
            {
              "batter": "Hammad Mirza",
              "bowler": "CK Jasmat",
              "non_striker": "AR Odedara",
              "runs": {
                "batter": 1,
                "extras": 0,
                "total": 1
              }
            },
            {
              "batter": "AR Odedara",
              "bowler": "CK Jasmat",
              "non_striker": "Hammad Mirza",
              "runs": {
                "batter": 4,
                "extras": 0,
                "total": 4
              }
            },
            {
              "batter": "AR Odedara",
              "bowler": "CK Jasmat",
              "non_striker": "Hammad Mirza",
              "runs": {
                "batter": 2,
                "extras": 0,
                "total": 2
              }
            },
            {
              "batter": "AR Odedara",
              "bowler": "CK Jasmat",
              "non_striker": "Hammad Mirza",
              "runs": {
                "batter": 1,
                "extras": 0,
                "total": 1
              }
            }
          ]
        },
        {
          "over": 4,
          "deliveries": [
            {
              "batter": "AR Odedara",
              "bowler": "SF Tiai",
              "non_striker": "Hammad Mirza",
              "runs": {
                "batter": 0,
                "extras": 0,
                "total": 0
              },
              "wickets": [
                {
                  "player_out": "AR Odedara",
                  "kind": "lbw"
                }
              ]
            },
            {
              "batter": "AR Bisht",
              "bowler": "SF Tiai",
              "non_striker": "Hammad Mirza",
              "runs": {
                "batter": 1,
                "extras": 0,
                "total": 1
              }
            },
            {
              "batter": "Hammad Mirza",
              "bowler": "SF Tiai",
              "non_striker": "AR Bisht",
              "runs": {
                "batter": 0,
                "extras": 0,
                "total": 0
              }
            },
            {
              "batter": "Hammad Mirza",
              "bowler": "SF Tiai",
              "non_striker": "AR Bisht",
              "runs": {
                "batter": 0,
                "extras": 0,
                "total": 0
              }
            },
            {
              "batter": "Hammad Mirza",
              "bowler": "SF Tiai",
              "non_striker": "AR Bisht",
              "runs": {
                "batter": 0,
                "extras": 0,
                "total": 0
              }
            },
            {
              "batter": "Hammad Mirza",
              "bowler": "SF Tiai",
              "non_striker": "AR Bisht",
              "runs": {
                "batter": 0,
                "extras": 0,
                "total": 0
              }
            }
          ]
        },
        {
          "over": 5,
          "deliveries": [
            {
              "batter": "AR Bisht",
              "bowler": "SM Nash",
              "non_striker": "Hammad Mirza",
              "runs": {
                "batter": 1,
                "extras": 0,
                "total": 1
              }
            },
            {
              "batter": "Hammad Mirza",
              "bowler": "SM Nash",
              "non_striker": "AR Bisht",
              "runs": {
                "batter": 1,
                "extras": 0,
                "total": 1
              }
            },
            {
              "batter": "AR Bisht",
              "bowler": "SM Nash",
              "non_striker": "Hammad Mirza",
              "runs": {
                "batter": 1,
                "extras": 0,
                "total": 1
              }
            },
            {
              "batter": "Hammad Mirza",
              "bowler": "SM Nash",
              "non_striker": "AR Bisht",
              "runs": {
                "batter": 0,
                "extras": 0,
                "total": 0
              }
            },
            {
              "batter": "Hammad Mirza",
              "bowler": "SM Nash",
              "non_striker": "AR Bisht",
              "runs": {
                "batter": 0,
                "extras": 0,
                "total": 0
              }
            },
            {
              "batter": "Hammad Mirza",
              "bowler": "SM Nash",
              "non_striker": "AR Bisht",
              "runs": {
                "batter": 0,
                "extras": 0,
                "total": 0
              }
            }
          ]
        },
        {
          "over": 6,
          "deliveries": [
            {
              "batter": "AR Bisht",
              "bowler": "SF Tiai",
              "non_striker": "Hammad Mirza",
              "runs": {
                "batter": 1,
                "extras": 0,
                "total": 1
              }
            },
            {
              "batter": "Hammad Mirza",
              "bowler": "SF Tiai",
              "non_striker": "AR Bisht",
              "runs": {
                "batter": 1,
                "extras": 0,
                "total": 1
              }
            },
            {
              "batter": "AR Bisht",
              "bowler": "SF Tiai",
              "non_striker": "Hammad Mirza",
              "runs": {
                "batter": 0,
                "extras": 0,
                "total": 0
              }
            },
            {
              "batter": "AR Bisht",
              "bowler": "SF Tiai",
              "non_striker": "Hammad Mirza",
              "runs": {
                "batter": 0,
                "extras": 0,
                "total": 0
              }
            },
            {
              "batter": "AR Bisht",
              "bowler": "SF Tiai",
              "non_striker": "Hammad Mirza",
              "runs": {
                "batter": 1,
                "extras": 0,
                "total": 1
              }
            },
            {
              "batter": "Hammad Mirza",
              "bowler": "SF Tiai",
              "non_striker": "AR Bisht",
              "runs": {
                "batter": 1,
                "extras": 0,
                "total": 1
              }
            }
          ]
        },
        {
          "over": 7,
          "deliveries": [
            {
              "batter": "Hammad Mirza",
              "bowler": "D Visser",
              "non_striker": "AR Bisht",
              "runs": {
                "batter": 4,
                "extras": 0,
                "total": 4
              }
            },
            {
              "batter": "Hammad Mirza",
              "bowler": "D Visser",
              "non_striker": "AR Bisht",
              "runs": {
                "batter": 1,
                "extras": 0,
                "total": 1
              }
            },
            {
              "batter": "AR Bisht",
              "bowler": "D Visser",
              "non_striker": "Hammad Mirza",
              "runs": {
                "batter": 1,
                "extras": 0,
                "total": 1
              }
            },
            {
              "batter": "Hammad Mirza",
              "bowler": "D Visser",
              "non_striker": "AR Bisht",
              "runs": {
                "batter": 1,
                "extras": 0,
                "total": 1
              }
            },
            {
              "batter": "AR Bisht",
              "bowler": "D Visser",
              "non_striker": "Hammad Mirza",
              "runs": {
                "batter": 4,
                "extras": 0,
                "total": 4
              }
            },
            {
              "batter": "AR Bisht",
              "bowler": "D Visser",
              "non_striker": "Hammad Mirza",
              "runs": {
                "batter": 1,
                "extras": 0,
                "total": 1
              }
            }
          ]
        },
        {
          "over": 8,
          "deliveries": [
            {
              "batter": "AR Bisht",
              "bowler": "SF Tiai",
              "non_striker": "Hammad Mirza",
              "runs": {
                "batter": 1,
                "extras": 0,
                "total": 1
              }
            },
            {
              "batter": "Hammad Mirza",
              "bowler": "SF Tiai",
              "non_striker": "AR Bisht",
              "runs": {
                "batter": 1,
                "extras": 0,
                "total": 1
              }
            },
            {
              "batter": "AR Bisht",
              "bowler": "SF Tiai",
              "extras": {
                "byes": 1
              },
              "non_striker": "Hammad Mirza",
              "runs": {
                "batter": 0,
                "extras": 1,
                "total": 1
              }
            },
            {
              "batter": "Hammad Mirza",
              "bowler": "SF Tiai",
              "non_striker": "AR Bisht",
              "runs": {
                "batter": 0,
                "extras": 0,
                "total": 0
              }
            },
            {
              "batter": "Hammad Mirza",
              "bowler": "SF Tiai",
              "non_striker": "AR Bisht",
              "runs": {
                "batter": 1,
                "extras": 0,
                "total": 1
              }
            },
            {
              "batter": "AR Bisht",
              "bowler": "SF Tiai",
              "non_striker": "Hammad Mirza",
              "runs": {
                "batter": 1,
                "extras": 0,
                "total": 1
              }
            }
          ]
        },
        {
          "over": 9,
          "deliveries": [
            {
              "batter": "AR Bisht",
              "bowler": "DE Burgess",
              "non_striker": "Hammad Mirza",
              "runs": {
                "batter": 0,
                "extras": 0,
                "total": 0
              }
            },
            {
              "batter": "AR Bisht",
              "bowler": "DE Burgess",
              "non_striker": "Hammad Mirza",
              "runs": {
                "batter": 0,
                "extras": 0,
                "total": 0
              }
            },
            {
              "batter": "AR Bisht",
              "bowler": "DE Burgess",
              "non_striker": "Hammad Mirza",
              "runs": {
                "batter": 1,
                "extras": 0,
                "total": 1
              }
            },
            {
              "batter": "Hammad Mirza",
              "bowler": "DE Burgess",
              "non_striker": "AR Bisht",
              "runs": {
                "batter": 1,
                "extras": 0,
                "total": 1
              }
            },
            {
              "batter": "AR Bisht",
              "bowler": "DE Burgess",
              "non_striker": "Hammad Mirza",
              "runs": {
                "batter": 0,
                "extras": 0,
                "total": 0
              },
              "wickets": [
                {
                  "player_out": "AR Bisht",
                  "kind": "caught and bowled"
                }
              ]
            },
            {
              "batter": "Mohammad Nadeem",
              "bowler": "DE Burgess",
              "non_striker": "Hammad Mirza",
              "runs": {
                "batter": 2,
                "extras": 0,
                "total": 2
              }
            }
          ]
        },
        {
          "over": 10,
          "deliveries": [
            {
              "batter": "Hammad Mirza",
              "bowler": "SM Nash",
              "non_striker": "Mohammad Nadeem",
              "runs": {
                "batter": 0,
                "extras": 0,
                "total": 0
              }
            },
            {
              "batter": "Hammad Mirza",
              "bowler": "SM Nash",
              "non_striker": "Mohammad Nadeem",
              "runs": {
                "batter": 0,
                "extras": 0,
                "total": 0
              },
              "wickets": [
                {
                  "player_out": "Hammad Mirza",
                  "kind": "bowled"
                }
              ]
            },
            {
              "batter": "V Shukla",
              "bowler": "SM Nash",
              "non_striker": "Mohammad Nadeem",
              "runs": {
                "batter": 0,
                "extras": 0,
                "total": 0
              }
            },
            {
              "batter": "V Shukla",
              "bowler": "SM Nash",
              "non_striker": "Mohammad Nadeem",
              "runs": {
                "batter": 1,
                "extras": 0,
                "total": 1
              }
            },
            {
              "batter": "Mohammad Nadeem",
              "bowler": "SM Nash",
              "non_striker": "V Shukla",
              "runs": {
                "batter": 0,
                "extras": 0,
                "total": 0
              }
            },
            {
              "batter": "Mohammad Nadeem",
              "bowler": "SM Nash",
              "non_striker": "V Shukla",
              "runs": {
                "batter": 0,
                "extras": 0,
                "total": 0
              }
            }
          ]
        },
        {
          "over": 11,
          "deliveries": [
            {
              "batter": "V Shukla",
              "bowler": "DE Burgess",
              "non_striker": "Mohammad Nadeem",
              "runs": {
                "batter": 1,
                "extras": 0,
                "total": 1
              }
            },
            {
              "batter": "Mohammad Nadeem",
              "bowler": "DE Burgess",
              "non_striker": "V Shukla",
              "runs": {
                "batter": 0,
                "extras": 0,
                "total": 0
              }
            },
            {
              "batter": "Mohammad Nadeem",
              "bowler": "DE Burgess",
              "non_striker": "V Shukla",
              "runs": {
                "batter": 0,
                "extras": 0,
                "total": 0
              }
            },
            {
              "batter": "Mohammad Nadeem",
              "bowler": "DE Burgess",
              "non_striker": "V Shukla",
              "runs": {
                "batter": 1,
                "extras": 0,
                "total": 1
              }
            },
            {
              "batter": "V Shukla",
              "bowler": "DE Burgess",
              "non_striker": "Mohammad Nadeem",
              "runs": {
                "batter": 0,
                "extras": 0,
                "total": 0
              }
            },
            {
              "batter": "V Shukla",
              "bowler": "DE Burgess",
              "non_striker": "Mohammad Nadeem",
              "runs": {
                "batter": 0,
                "extras": 0,
                "total": 0
              }
            }
          ]
        },
        {
          "over": 12,
          "deliveries": [
            {
              "batter": "Mohammad Nadeem",
              "bowler": "SM Nash",
              "non_striker": "V Shukla",
              "runs": {
                "batter": 4,
                "extras": 0,
                "total": 4
              }
            },
            {
              "batter": "Mohammad Nadeem",
              "bowler": "SM Nash",
              "non_striker": "V Shukla",
              "runs": {
                "batter": 0,
                "extras": 0,
                "total": 0
              }
            },
            {
              "batter": "Mohammad Nadeem",
              "bowler": "SM Nash",
              "non_striker": "V Shukla",
              "runs": {
                "batter": 0,
                "extras": 0,
                "total": 0
              }
            },
            {
              "batter": "Mohammad Nadeem",
              "bowler": "SM Nash",
              "non_striker": "V Shukla",
              "runs": {
                "batter": 0,
                "extras": 0,
                "total": 0
              }
            },
            {
              "batter": "Mohammad Nadeem",
              "bowler": "SM Nash",
              "non_striker": "V Shukla",
              "runs": {
                "batter": 1,
                "extras": 0,
                "total": 1
              }
            },
            {
              "batter": "V Shukla",
              "bowler": "SM Nash",
              "non_striker": "Mohammad Nadeem",
              "runs": {
                "batter": 0,
                "extras": 0,
                "total": 0
              }
            }
          ]
        },
        {
          "over": 13,
          "deliveries": [
            {
              "batter": "Mohammad Nadeem",
              "bowler": "DE Burgess",
              "non_striker": "V Shukla",
              "runs": {
                "batter": 0,
                "extras": 0,
                "total": 0
              }
            },
            {
              "batter": "Mohammad Nadeem",
              "bowler": "DE Burgess",
              "non_striker": "V Shukla",
              "runs": {
                "batter": 0,
                "extras": 0,
                "total": 0
              }
            },
            {
              "batter": "Mohammad Nadeem",
              "bowler": "DE Burgess",
              "non_striker": "V Shukla",
              "runs": {
                "batter": 2,
                "extras": 0,
                "total": 2
              }
            },
            {
              "batter": "Mohammad Nadeem",
              "bowler": "DE Burgess",
              "non_striker": "V Shukla",
              "runs": {
                "batter": 0,
                "extras": 0,
                "total": 0
              }
            },
            {
              "batter": "Mohammad Nadeem",
              "bowler": "DE Burgess",
              "non_striker": "V Shukla",
              "runs": {
                "batter": 2,
                "extras": 0,
                "total": 2
              }
            },
            {
              "batter": "Mohammad Nadeem",
              "bowler": "DE Burgess",
              "non_striker": "V Shukla",
              "runs": {
                "batter": 2,
                "extras": 0,
                "total": 2
              }
            }
          ]
        },
        {
          "over": 14,
          "deliveries": [
            {
              "batter": "V Shukla",
              "bowler": "MJ Tugaga",
              "non_striker": "Mohammad Nadeem",
              "runs": {
                "batter": 0,
                "extras": 0,
                "total": 0
              }
            },
            {
              "batter": "V Shukla",
              "bowler": "MJ Tugaga",
              "non_striker": "Mohammad Nadeem",
              "runs": {
                "batter": 2,
                "extras": 0,
                "total": 2
              }
            },
            {
              "batter": "V Shukla",
              "bowler": "MJ Tugaga",
              "non_striker": "Mohammad Nadeem",
              "runs": {
                "batter": 1,
                "extras": 0,
                "total": 1
              }
            },
            {
              "batter": "Mohammad Nadeem",
              "bowler": "MJ Tugaga",
              "non_striker": "V Shukla",
              "runs": {
                "batter": 1,
                "extras": 0,
                "total": 1
              }
            },
            {
              "batter": "V Shukla",
              "bowler": "MJ Tugaga",
              "non_striker": "Mohammad Nadeem",
              "runs": {
                "batter": 0,
                "extras": 0,
                "total": 0
              }
            },
            {
              "batter": "V Shukla",
              "bowler": "MJ Tugaga",
              "extras": {
                "wides": 1
              },
              "non_striker": "Mohammad Nadeem",
              "runs": {
                "batter": 0,
                "extras": 1,
                "total": 1
              }
            },
            {
              "batter": "V Shukla",
              "bowler": "MJ Tugaga",
              "non_striker": "Mohammad Nadeem",
              "runs": {
                "batter": 1,
                "extras": 0,
                "total": 1
              }
            }
          ]
        },
        {
          "over": 15,
          "deliveries": [
            {
              "batter": "V Shukla",
              "bowler": "SF Tiai",
              "non_striker": "Mohammad Nadeem",
              "runs": {
                "batter": 2,
                "extras": 0,
                "total": 2
              }
            },
            {
              "batter": "V Shukla",
              "bowler": "SF Tiai",
              "non_striker": "Mohammad Nadeem",
              "runs": {
                "batter": 0,
                "extras": 0,
                "total": 0
              },
              "wickets": [
                {
                  "player_out": "V Shukla",
                  "fielders": [
                    {
                      "name": "D Finau",
                      "substitute": true
                    }
                  ],
                  "kind": "caught"
                }
              ]
            },
            {
              "batter": "J Ramanandi",
              "bowler": "SF Tiai",
              "non_striker": "Mohammad Nadeem",
              "runs": {
                "batter": 0,
                "extras": 0,
                "total": 0
              }
            },
            {
              "batter": "J Ramanandi",
              "bowler": "SF Tiai",
              "non_striker": "Mohammad Nadeem",
              "runs": {
                "batter": 1,
                "extras": 0,
                "total": 1
              }
            },
            {
              "batter": "Mohammad Nadeem",
              "bowler": "SF Tiai",
              "non_striker": "J Ramanandi",
              "runs": {
                "batter": 1,
                "extras": 0,
                "total": 1
              }
            },
            {
              "batter": "J Ramanandi",
              "bowler": "SF Tiai",
              "non_striker": "Mohammad Nadeem",
              "runs": {
                "batter": 0,
                "extras": 0,
                "total": 0
              }
            }
          ]
        },
        {
          "over": 16,
          "deliveries": [
            {
              "batter": "Mohammad Nadeem",
              "bowler": "CK Jasmat",
              "non_striker": "J Ramanandi",
              "runs": {
                "batter": 0,
                "extras": 0,
                "total": 0
              }
            },
            {
              "batter": "Mohammad Nadeem",
              "bowler": "CK Jasmat",
              "non_striker": "J Ramanandi",
              "runs": {
                "batter": 1,
                "extras": 0,
                "total": 1
              }
            },
            {
              "batter": "J Ramanandi",
              "bowler": "CK Jasmat",
              "extras": {
                "wides": 1
              },
              "non_striker": "Mohammad Nadeem",
              "runs": {
                "batter": 0,
                "extras": 1,
                "total": 1
              }
            },
            {
              "batter": "J Ramanandi",
              "bowler": "CK Jasmat",
              "non_striker": "Mohammad Nadeem",
              "runs": {
                "batter": 4,
                "extras": 0,
                "total": 4
              }
            },
            {
              "batter": "J Ramanandi",
              "bowler": "CK Jasmat",
              "non_striker": "Mohammad Nadeem",
              "runs": {
                "batter": 2,
                "extras": 0,
                "total": 2
              }
            },
            {
              "batter": "J Ramanandi",
              "bowler": "CK Jasmat",
              "non_striker": "Mohammad Nadeem",
              "runs": {
                "batter": 1,
                "extras": 0,
                "total": 1
              }
            },
            {
              "batter": "Mohammad Nadeem",
              "bowler": "CK Jasmat",
              "non_striker": "J Ramanandi",
              "runs": {
                "batter": 4,
                "extras": 0,
                "total": 4
              }
            }
          ]
        }
      ],
      "powerplays": [
        {
          "from": 0.1,
          "to": 5.6,
          "type": "mandatory"
        }
      ],
      "target": {
        "overs": 20,
        "runs": 93
      }
    }
  ]
}