{
  "meta": {
    "data_version": "1.1.0",
    "created": "2025-11-19",
    "revision": 1
  },
  "info": {
    "balls_per_over": 6,
    "city": "Bali",
    "dates": [
      "2025-11-18"
    ],
    "event": {
      "name": "Bahrain tour of Indonesia",
      "match_number": 1
    },
    "gender": "male",
    "match_type": "T20",
    "match_type_number": 3580,
    "officials": {
      "match_referees": [
        "Faheem Butt"
      ],
      "umpires": [
        "Anwesh Bose",
        "Suresh Subramanian"
      ]
    },
    "outcome": {
      "winner": "Bahrain",
      "by": {
        "runs": 53
      },
      "method": "D/L"
    },
    "overs": 20,
    "player_of_match": [
      "Asif Ali"
    ],
    "players": {
      "Bahrain": [
        "Asif Ali",
        "P Kurup",
        "Fiaz Ahmed",
        "Ahmer Bin Nisar",
        "Naveena Shetty",
        "Junaid Aziz",
        "Imran Anwar",
        "Rizwan Butt",
        "Ali Dawood",
        "Abdul Majid Abbasi",
        "Imran Khan"
      ],
      "Indonesia": [
        "GA Priandana",
        "KD Kesuma",
        "S Kharvi",
        "GD Arta",
        "Ahmad Ramdoni",
        "S Jegannathan",
        "F Banunaek",
        "RM Koda",
        "DJ Hawoe",
        "IKEG Artawan",
        "DK Shetty"
      ]
    },
    "registry": {
      "people": {
        "Abdul Majid Abbasi": "0cfb42b5",
        "Ahmad Ramdoni": "b5f30525",
        "Ahmer Bin Nisar": "afbc53ba",
        "Ali Dawood": "596982e6",
        "Anwesh Bose": "3bdae121",
        "Asif Ali": "0a4736eb",
        "DJ Hawoe": "a62f55ba",
        "DK Shetty": "65cfc56b",
        "F Banunaek": "3c8faed4",
        "Faheem Butt": "6707aa3f",
        "Fiaz Ahmed": "df1f2f29",
        "GA Priandana": "2af0e3b1",
        "GD Arta": "e969e580",
        "IKEG Artawan": "190957d2",
        "Imran Anwar": "a9a18e3e",
        "Imran Khan": "da3b91fd",
        "Junaid Aziz": "c39ee9e0",
        "KD Kesuma": "4b349dc0",
        "Naveena Shetty": "dd968a7b",
        "P Kurup": "50ceaef6",
        "RM Koda": "f0a45427",
        "Rizwan Butt": "e741ed8f",
        "S Jegannathan": "866e9f3d",
        "S Kharvi": "41a61623",
        "Suresh Subramanian": "4e869e23"
      }
    },
    "season": "2025/26",
    "team_type": "international",
    "teams": [
      "Bahrain",
      "Indonesia"
    ],
    "toss": {
      "decision": "field",
      "winner": "Indonesia"
    },
    "venue": "Udayana Cricket Ground"
  },
  "innings": [
    {
      "team": "Bahrain",
      "overs": [
        {
          "over": 0,
          "deliveries": [
            {
              "batter": "Asif Ali",
              "bowler": "F Banunaek",
              "non_striker": "P Kurup",
              "runs": {
                "batter": 6,
                "extras": 0,
                "total": 6
              }
            },
            {
              "batter": "Asif Ali",
              "bowler": "F Banunaek",
              "non_striker": "P Kurup",
              "runs": {
                "batter": 4,
                "extras": 0,
                "total": 4
              }
            },
            {
              "batter": "Asif Ali",
              "bowler": "F Banunaek",
              "non_striker": "P Kurup",
              "runs": {
                "batter": 0,
                "extras": 0,
                "total": 0
              }
            },
            {
              "batter": "Asif Ali",
              "bowler": "F Banunaek",
              "non_striker": "P Kurup",
              "runs": {
                "batter": 6,
                "extras": 0,
                "total": 6
              }
            },
            {
              "batter": "Asif Ali",
              "bowler": "F Banunaek",
              "non_striker": "P Kurup",
              "runs": {
                "batter": 0,
                "extras": 0,
                "total": 0
              }
            },
            {
              "batter": "Asif Ali",
              "bowler": "F Banunaek",
              "non_striker": "P Kurup",
              "runs": {
                "batter": 0,
                "extras": 0,
                "total": 0
              }
            }
          ]
        },
        {
          "over": 1,
          "deliveries": [
            {
              "batter": "P Kurup",
              "bowler": "RM Koda",
              "non_striker": "Asif Ali",
              "runs": {
                "batter": 0,
                "extras": 0,
                "total": 0
              }
            },
            {
              "batter": "P Kurup",
              "bowler": "RM Koda",
              "non_striker": "Asif Ali",
              "runs": {
                "batter": 4,
                "extras": 0,
                "total": 4
              }
            },
            {
              "batter": "P Kurup",
              "bowler": "RM Koda",
              "non_striker": "Asif Ali",
              "runs": {
                "batter": 0,
                "extras": 0,
                "total": 0
              }
            },
            {
              "batter": "P Kurup",
              "bowler": "RM Koda",
              "non_striker": "Asif Ali",
              "runs": {
                "batter": 0,
                "extras": 0,
                "total": 0
              }
            },
            {
              "batter": "P Kurup",
              "bowler": "RM Koda",
              "non_striker": "Asif Ali",
              "runs": {
                "batter": 0,
                "extras": 0,
                "total": 0
              }
            },
            {
              "batter": "P Kurup",
              "bowler": "RM Koda",
              "non_striker": "Asif Ali",
              "runs": {
                "batter": 6,
                "extras": 0,
                "total": 6
              }
            }
          ]
        },
        {
          "over": 2,
          "deliveries": [
            {
              "batter": "Asif Ali",
              "bowler": "DK Shetty",
              "non_striker": "P Kurup",
              "runs": {
                "batter": 0,
                "extras": 0,
                "total": 0
              }
            },
            {
              "batter": "Asif Ali",
              "bowler": "DK Shetty",
              "non_striker": "P Kurup",
              "runs": {
                "batter": 0,
                "extras": 0,
                "total": 0
              }
            },
            {
              "batter": "Asif Ali",
              "bowler": "DK Shetty",
              "non_striker": "P Kurup",
              "runs": {
                "batter": 2,
                "extras": 0,
                "total": 2
              }
            },
            {
              "batter": "Asif Ali",
              "bowler": "DK Shetty",
              "non_striker": "P Kurup",
              "runs": {
                "batter": 1,
                "extras": 0,
                "total": 1
              }
            },
            {
              "batter": "P Kurup",
              "bowler": "DK Shetty",
              "non_striker": "Asif Ali",
              "runs": {
                "batter": 0,
                "extras": 0,
                "total": 0
              }
            },
            {
              "batter": "P Kurup",
              "bowler": "DK Shetty",
              "non_striker": "Asif Ali",
              "runs": {
                "batter": 0,
                "extras": 0,
                "total": 0
              }
            }
          ]
        },
        {
          "over": 3,
          "deliveries": [
            {
              "batter": "Asif Ali",
              "bowler": "RM Koda",
              "non_striker": "P Kurup",
              "runs": {
                "batter": 6,
                "extras": 0,
                "total": 6
              }
            },
            {
              "batter": "Asif Ali",
              "bowler": "RM Koda",
              "non_striker": "P Kurup",
              "runs": {
                "batter": 1,
                "extras": 0,
                "total": 1
              }
            },
            {
              "batter": "P Kurup",
              "bowler": "RM Koda",
              "non_striker": "Asif Ali",
              "runs": {
                "batter": 6,
                "extras": 0,
                "total": 6
              }
            },
            {
              "batter": "P Kurup",
              "bowler": "RM Koda",
              "non_striker": "Asif Ali",
              "runs": {
                "batter": 0,
                "extras": 0,
                "total": 0
              }
            },
            {
              "batter": "P Kurup",
              "bowler": "RM Koda",
              "non_striker": "Asif Ali",
              "runs": {
                "batter": 1,
                "extras": 0,
                "total": 1
              }
            },
            {
              "batter": "Asif Ali",
              "bowler": "RM Koda",
              "non_striker": "P Kurup",
              "runs": {
                "batter": 1,
                "extras": 0,
                "total": 1
              }
            }
          ]
        },
        {
          "over": 4,
          "deliveries": [
            {
              "batter": "Asif Ali",
              "bowler": "DK Shetty",
              "non_striker": "P Kurup",
              "runs": {
                "batter": 4,
                "extras": 0,
                "total": 4
              }
            },
            {
              "batter": "Asif Ali",
              "bowler": "DK Shetty",
              "non_striker": "P Kurup",
              "runs": {
                "batter": 1,
                "extras": 0,
                "total": 1
              }
            },
            {
              "batter": "P Kurup",
              "bowler": "DK Shetty",
              "extras": {
                "wides": 1
              },
              "non_striker": "Asif Ali",
              "runs": {
                "batter": 0,
                "extras": 1,
                "total": 1
              }
            },
            {
              "batter": "P Kurup",
              "bowler": "DK Shetty",
              "non_striker": "Asif Ali",
              "runs": {
                "batter": 1,
                "extras": 0,
                "total": 1
              }
            },
            {
              "batter": "Asif Ali",
              "bowler": "DK Shetty",
              "non_striker": "P Kurup",
              "runs": {
                "batter": 0,
                "extras": 0,
                "total": 0
              }
            },
            {
              "batter": "Asif Ali",
              "bowler": "DK Shetty",
              "non_striker": "P Kurup",
              "runs": {
                "batter": 1,
                "extras": 0,
                "total": 1
              }
            },
            {
              "batter": "P Kurup",
              "bowler": "DK Shetty",
              "non_striker": "Asif Ali",
              "runs": {
                "batter": 4,
                "extras": 0,
                "total": 4
              }
            }
          ]
        },
        {
          "over": 5,
          "deliveries": [
            {
              "batter": "Asif Ali",
              "bowler": "DJ Hawoe",
              "non_striker": "P Kurup",
              "runs": {
                "batter": 0,
                "extras": 0,
                "total": 0
              }
            },
            {
              "batter": "Asif Ali",
              "bowler": "DJ Hawoe",
              "non_striker": "P Kurup",
              "runs": {
                "batter": 0,
                "extras": 0,
                "total": 0
              }
            },
            {
              "batter": "Asif Ali",
              "bowler": "DJ Hawoe",
              "non_striker": "P Kurup",
              "runs": {
                "batter": 4,
                "extras": 0,
                "total": 4
              }
            },
            {
              "batter": "Asif Ali",
              "bowler": "DJ Hawoe",
              "non_striker": "P Kurup",
              "runs": {
                "batter": 1,
                "extras": 0,
                "total": 1
              }
            },
            {
              "batter": "P Kurup",
              "bowler": "DJ Hawoe",
              "non_striker": "Asif Ali",
              "runs": {
                "batter": 0,
                "extras": 0,
                "total": 0
              }
            },
            {
              "batter": "P Kurup",
              "bowler": "DJ Hawoe",
              "extras": {
                "wides": 1
              },
              "non_striker": "Asif Ali",
              "runs": {
                "batter": 0,
                "extras": 1,
                "total": 1
              }
            },
            {
              "batter": "P Kurup",
              "bowler": "DJ Hawoe",
              "non_striker": "Asif Ali",
              "runs": {
                "batter": 4,
                "extras": 0,
                "total": 4
              }
            }
          ]
        },
        {
          "over": 6,
          "deliveries": [
            {
              "batter": "Asif Ali",
              "bowler": "GD Arta",
              "non_striker": "P Kurup",
              "runs": {
                "batter": 1,
                "extras": 0,
                "total": 1
              }
            },
            {
              "batter": "P Kurup",
              "bowler": "GD Arta",
              "non_striker": "Asif Ali",
              "runs": {
                "batter": 1,
                "extras": 0,
                "total": 1
              }
            },
            {
              "batter": "Asif Ali",
              "bowler": "GD Arta",
              "non_striker": "P Kurup",
              "runs": {
                "batter": 1,
                "extras": 0,
                "total": 1
              }
            },
            {
              "batter": "P Kurup",
              "bowler": "GD Arta",
              "non_striker": "Asif Ali",
              "runs": {
                "batter": 1,
                "extras": 0,
                "total": 1
              }
            },
            {
              "batter": "Asif Ali",
              "bowler": "GD Arta",
              "non_striker": "P Kurup",
              "runs": {
                "batter": 0,
                "extras": 0,
                "total": 0
              }
            },
            {
              "batter": "Asif Ali",
              "bowler": "GD Arta",
              "non_striker": "P Kurup",
              "runs": {
                "batter": 0,
                "extras": 0,
                "total": 0
              }
            }
          ]
        },
        {
          "over": 7,
          "deliveries": [
            {
              "batter": "P Kurup",
              "bowler": "IKEG Artawan",
              "non_striker": "Asif Ali",
              "runs": {
                "batter": 1,
                "extras": 0,
                "total": 1
              }
            },
            {
              "batter": "Asif Ali",
              "bowler": "IKEG Artawan",
              "non_striker": "P Kurup",
              "runs": {
                "batter": 0,
                "extras": 0,
                "total": 0
              },
              "wickets": [
                {
                  "player_out": "Asif Ali",
                  "fielders": [
                    {
                      "name": "F Banunaek"
                    }
                  ],
                  "kind": "caught"
                }
              ]
            },
            {
              "batter": "Fiaz Ahmed",
              "bowler": "IKEG Artawan",
              "non_striker": "P Kurup",
              "runs": {
                "batter": 0,
                "extras": 0,
                "total": 0
              }
            },
            {
              "batter": "Fiaz Ahmed",
              "bowler": "IKEG Artawan",
              "non_striker": "P Kurup",
              "runs": {
                "batter": 0,
                "extras": 0,
                "total": 0
              }
            },
            {
              "batter": "Fiaz Ahmed",
              "bowler": "IKEG Artawan",
              "non_striker": "P Kurup",
              "runs": {
                "batter": 0,
                "extras": 0,
                "total": 0
              }
            },
            {
              "batter": "Fiaz Ahmed",
              "bowler": "IKEG Artawan",
              "non_striker": "P Kurup",
              "runs": {
                "batter": 0,
                "extras": 0,
                "total": 0
              }
            }
          ]
        },
        {
          "over": 8,
          "deliveries": [
            {
              "batter": "P Kurup",
              "bowler": "GD Arta",
              "non_striker": "Fiaz Ahmed",
              "runs": {
                "batter": 1,
                "extras": 0,
                "total": 1
              }
            },
            {
              "batter": "Fiaz Ahmed",
              "bowler": "GD Arta",
              "non_striker": "P Kurup",
              "runs": {
                "batter": 1,
                "extras": 0,
                "total": 1
              }
            },
            {
              "batter": "P Kurup",
              "bowler": "GD Arta",
              "non_striker": "Fiaz Ahmed",
              "runs": {
                "batter": 1,
                "extras": 0,
                "total": 1
              }
            },
            {
              "batter": "Fiaz Ahmed",
              "bowler": "GD Arta",
              "non_striker": "P Kurup",
              "runs": {
                "batter": 6,
                "extras": 0,
                "total": 6
              }
            },
            {
              "batter": "Fiaz Ahmed",
              "bowler": "GD Arta",
              "non_striker": "P Kurup",
              "runs": {
                "batter": 1,
                "extras": 0,
                "total": 1
              }
            },
            {
              "batter": "P Kurup",
              "bowler": "GD Arta",
              "non_striker": "Fiaz Ahmed",
              "runs": {
                "batter": 4,
                "extras": 0,
                "total": 4
              }
            }
          ]
        },
        {
          "over": 9,
          "deliveries": [
            {
              "batter": "Fiaz Ahmed",
              "bowler": "IKEG Artawan",
              "non_striker": "P Kurup",
              "runs": {
                "batter": 1,
                "extras": 0,
                "total": 1
              }
            },
            {
              "batter": "P Kurup",
              "bowler": "IKEG Artawan",
              "non_striker": "Fiaz Ahmed",
              "runs": {
                "batter": 1,
                "extras": 0,
                "total": 1
              }
            },
            {
              "batter": "Fiaz Ahmed",
              "bowler": "IKEG Artawan",
              "non_striker": "P Kurup",
              "runs": {
                "batter": 0,
                "extras": 0,
                "total": 0
              }
            },
            {
              "batter": "Fiaz Ahmed",
              "bowler": "IKEG Artawan",
              "non_striker": "P Kurup",
              "runs": {
                "batter": 1,
                "extras": 0,
                "total": 1
              }
            },
            {
              "batter": "P Kurup",
              "bowler": "IKEG Artawan",
              "non_striker": "Fiaz Ahmed",
              "runs": {
                "batter": 0,
                "extras": 0,
                "total": 0
              }
            },
            {
              "batter": "P Kurup",
              "bowler": "IKEG Artawan",
              "non_striker": "Fiaz Ahmed",
              "runs": {
                "batter": 0,
                "extras": 0,
                "total": 0
              }
            }
          ]
        },
        {
          "over": 10,
          "deliveries": [
            {
              "batter": "Fiaz Ahmed",
              "bowler": "S Jegannathan",
              "non_striker": "P Kurup",
              "runs": {
                "batter": 1,
                "extras": 0,
                "total": 1
              }
            },
            {
              "batter": "P Kurup",
              "bowler": "S Jegannathan",
              "non_striker": "Fiaz Ahmed",
              "runs": {
                "batter": 2,
                "extras": 0,
                "total": 2
              }
            },
            {
              "batter": "P Kurup",
              "bowler": "S Jegannathan",
              "non_striker": "Fiaz Ahmed",
              "runs": {
                "batter": 1,
                "extras": 0,
                "total": 1
              }
            },
            {
              "batter": "Fiaz Ahmed",
              "bowler": "S Jegannathan",
              "non_striker": "P Kurup",
              "runs": {
                "batter": 1,
                "extras": 0,
                "total": 1
              }
            },
            {
              "batter": "P Kurup",
              "bowler": "S Jegannathan",
              "non_striker": "Fiaz Ahmed",
              "runs": {
                "batter": 1,
                "extras": 0,
                "total": 1
              }
            },
            {
              "batter": "Fiaz Ahmed",
              "bowler": "S Jegannathan",
              "non_striker": "P Kurup",
              "runs": {
                "batter": 4,
                "extras": 0,
                "total": 4
              }
            }
          ]
        },
        {
          "over": 11,
          "deliveries": [
            {
              "batter": "P Kurup",
              "bowler": "IKEG Artawan",
              "non_striker": "Fiaz Ahmed",
              "runs": {
                "batter": 1,
                "extras": 0,
                "total": 1
              }
            },
            {
              "batter": "Fiaz Ahmed",
              "bowler": "IKEG Artawan",
              "non_striker": "P Kurup",
              "runs": {
                "batter": 0,
                "extras": 0,
                "total": 0
              },
              "wickets": [
                {
                  "player_out": "Fiaz Ahmed",
                  "fielders": [
                    {
                      "name": "RM Koda"
                    }
                  ],
                  "kind": "caught"
                }
              ]
            },
            {
              "batter": "Ahmer Bin Nisar",
              "bowler": "IKEG Artawan",
              "non_striker": "P Kurup",
              "runs": {
                "batter": 1,
                "extras": 0,
                "total": 1
              }
            },
            {
              "batter": "P Kurup",
              "bowler": "IKEG Artawan",
              "extras": {
                "wides": 1
              },
              "non_striker": "Ahmer Bin Nisar",
              "runs": {
                "batter": 0,
                "extras": 1,
                "total": 1
              }
            },
            {
              "batter": "P Kurup",
              "bowler": "IKEG Artawan",
              "non_striker": "Ahmer Bin Nisar",
              "runs": {
                "batter": 4,
                "extras": 0,
                "total": 4
              }
            },
            {
              "batter": "P Kurup",
              "bowler": "IKEG Artawan",
              "non_striker": "Ahmer Bin Nisar",
              "runs": {
                "batter": 1,
                "extras": 0,
                "total": 1
              }
            },
            {
              "batter": "Ahmer Bin Nisar",
              "bowler": "IKEG Artawan",
              "non_striker": "P Kurup",
              "runs": {
                "batter": 1,
                "extras": 0,
                "total": 1
              }
            }
          ]
        },
        {
          "over": 12,
          "deliveries": [
            {
              "batter": "Ahmer Bin Nisar",
              "bowler": "S Jegannathan",
              "non_striker": "P Kurup",
              "runs": {
                "batter": 0,
                "extras": 0,
                "total": 0
              }
            },
            {
              "batter": "Ahmer Bin Nisar",
              "bowler": "S Jegannathan",
              "non_striker": "P Kurup",
              "runs": {
                "batter": 1,
                "extras": 0,
                "total": 1
              }
            },
            {
              "batter": "P Kurup",
              "bowler": "S Jegannathan",
              "non_striker": "Ahmer Bin Nisar",
              "runs": {
                "batter": 0,
                "extras": 0,
                "total": 0
              },
              "wickets": [
                {
                  "player_out": "P Kurup",
                  "fielders": [
                    {
                      "name": "Ahmad Ramdoni"
                    }
                  ],
                  "kind": "caught"
                }
              ]
            },
            {
              "batter": "Naveena Shetty",
              "bowler": "S Jegannathan",
              "non_striker": "Ahmer Bin Nisar",
              "runs": {
                "batter": 0,
                "extras": 0,
                "total": 0
              }
            },
            {
              "batter": "Naveena Shetty",
              "bowler": "S Jegannathan",
              "non_striker": "Ahmer Bin Nisar",
              "runs": {
                "batter": 4,
                "extras": 0,
                "total": 4
              }
            },
            {
              "batter": "Naveena Shetty",
              "bowler": "S Jegannathan",
              "non_striker": "Ahmer Bin Nisar",
              "runs": {
                "batter": 1,
                "extras": 0,
                "total": 1
              }
            }
          ]
        },
        {
          "over": 13,
          "deliveries": [
            {
              "batter": "Naveena Shetty",
              "bowler": "IKEG Artawan",
              "non_striker": "Ahmer Bin Nisar",
              "runs": {
                "batter": 0,
                "extras": 0,
                "total": 0
              }
            },
            {
              "batter": "Naveena Shetty",
              "bowler": "IKEG Artawan",
              "non_striker": "Ahmer Bin Nisar",
              "runs": {
                "batter": 4,
                "extras": 0,
                "total": 4
              }
            },
            {
              "batter": "Naveena Shetty",
              "bowler": "IKEG Artawan",
              "non_striker": "Ahmer Bin Nisar",
              "runs": {
                "batter": 1,
                "extras": 0,
                "total": 1
              }
            },
            {
              "batter": "Ahmer Bin Nisar",
              "bowler": "IKEG Artawan",
              "non_striker": "Naveena Shetty",
              "runs": {
                "batter": 1,
                "extras": 0,
                "total": 1
              }
            },
            {
              "batter": "Naveena Shetty",
              "bowler": "IKEG Artawan",
              "non_striker": "Ahmer Bin Nisar",
              "runs": {
                "batter": 1,
                "extras": 0,
                "total": 1
              }
            },
            {
              "batter": "Ahmer Bin Nisar",
              "bowler": "IKEG Artawan",
              "non_striker": "Naveena Shetty",
              "runs": {
                "batter": 1,
                "extras": 0,
                "total": 1
              }
            }
          ]
        },
        {
          "over": 14,
          "deliveries": [
            {
              "batter": "Ahmer Bin Nisar",
              "bowler": "S Jegannathan",
              "non_striker": "Naveena Shetty",
              "runs": {
                "batter": 0,
                "extras": 0,
                "total": 0
              }
            },
            {
              "batter": "Ahmer Bin Nisar",
              "bowler": "S Jegannathan",
              "non_striker": "Naveena Shetty",
              "runs": {
                "batter": 1,
                "extras": 0,
                "total": 1
              }
            },
            {
              "batter": "Naveena Shetty",
              "bowler": "S Jegannathan",
              "non_striker": "Ahmer Bin Nisar",
              "runs": {
                "batter": 0,
                "extras": 0,
                "total": 0
              },
              "wickets": [
                {
                  "player_out": "Naveena Shetty",
                  "fielders": [
                    {
                      "name": "DJ Hawoe"
                    }
                  ],
                  "kind": "caught"
                }
              ]
            },
            {
              "batter": "Junaid Aziz",
              "bowler": "S Jegannathan",
              "non_striker": "Ahmer Bin Nisar",
              "runs": {
                "batter": 0,
                "extras": 0,
                "total": 0
              }
            },
            {
              "batter": "Junaid Aziz",
              "bowler": "S Jegannathan",
              "non_striker": "Ahmer Bin Nisar",
              "runs": {
                "batter": 0,
                "extras": 0,
                "total": 0
              }
            },
            {
              "batter": "Junaid Aziz",
              "bowler": "S Jegannathan",
              "non_striker": "Ahmer Bin Nisar",
              "runs": {
                "batter": 1,
                "extras": 0,
                "total": 1
              }
            }
          ]
        },
        {
          "over": 15,
          "deliveries": [
            {
              "batter": "Junaid Aziz",
              "bowler": "GD Arta",
              "non_striker": "Ahmer Bin Nisar",
              "runs": {
                "batter": 0,
                "extras": 0,
                "total": 0
              }
            },
            {
              "batter": "Junaid Aziz",
              "bowler": "GD Arta",
              "non_striker": "Ahmer Bin Nisar",
              "runs": {
                "batter": 4,
                "extras": 0,
                "total": 4
              }
            },
            {
              "batter": "Junaid Aziz",
              "bowler": "GD Arta",
              "non_striker": "Ahmer Bin Nisar",
              "runs": {
                "batter": 1,
                "extras": 0,
                "total": 1
              }
            },
            {
              "batter": "Ahmer Bin Nisar",
              "bowler": "GD Arta",
              "non_striker": "Junaid Aziz",
              "runs": {
                "batter": 0,
                "extras": 0,
                "total": 0
              }
            },
            {
              "batter": "Ahmer Bin Nisar",
              "bowler": "GD Arta",
              "non_striker": "Junaid Aziz",
              "runs": {
                "batter": 1,
                "extras": 0,
                "total": 1
              }
            },
            {
              "batter": "Junaid Aziz",
              "bowler": "GD Arta",
              "non_striker": "Ahmer Bin Nisar",
              "runs": {
                "batter": 4,
                "extras": 0,
                "total": 4
              }
            }
          ]
        },
        {
          "over": 16,
          "deliveries": [
            {
              "batter": "Ahmer Bin Nisar",
              "bowler": "S Jegannathan",
              "non_striker": "Junaid Aziz",
              "runs": {
                "batter": 6,
                "extras": 0,
                "total": 6
              }
            },
            {
              "batter": "Ahmer Bin Nisar",
              "bowler": "S Jegannathan",
              "non_striker": "Junaid Aziz",
              "runs": {
                "batter": 1,
                "extras": 0,
                "total": 1
              }
            },
            {
              "batter": "Junaid Aziz",
              "bowler": "S Jegannathan",
              "non_striker": "Ahmer Bin Nisar",
              "runs": {
                "batter": 1,
                "extras": 0,
                "total": 1
              }
            },
            {
              "batter": "Ahmer Bin Nisar",
              "bowler": "S Jegannathan",
              "non_striker": "Junaid Aziz",
              "runs": {
                "batter": 0,
                "extras": 0,
                "total": 0
              }
            },
            {
              "batter": "Ahmer Bin Nisar",
              "bowler": "S Jegannathan",
              "non_striker": "Junaid Aziz",
              "runs": {
                "batter": 1,
                "extras": 0,
                "total": 1
              }
            },
            {
              "batter": "Junaid Aziz",
              "bowler": "S Jegannathan",
              "non_striker": "Ahmer Bin Nisar",
              "runs": {
                "batter": 0,
                "extras": 0,
                "total": 0
              }
            }
          ]
        },
        {
          "over": 17,
          "deliveries": [
            {
              "batter": "Ahmer Bin Nisar",
              "bowler": "F Banunaek",
              "non_striker": "Junaid Aziz",
              "runs": {
                "batter": 1,
                "extras": 0,
                "total": 1
              }
            },
            {
              "batter": "Junaid Aziz",
              "bowler": "F Banunaek",
              "non_striker": "Ahmer Bin Nisar",
              "runs": {
                "batter": 0,
                "extras": 0,
                "total": 0
              },
              "wickets": [
                {
                  "player_out": "Junaid Aziz",
                  "fielders": [
                    {
                      "name": "GA Priandana"
                    }
                  ],
                  "kind": "caught"
                }
              ]
            },
            {
              "batter": "Imran Anwar",
              "bowler": "F Banunaek",
              "non_striker": "Ahmer Bin Nisar",
              "runs": {
                "batter": 0,
                "extras": 0,
                "total": 0
              },
              "wickets": [
                {
                  "player_out": "Imran Anwar",
                  "kind": "caught and bowled"
                }
              ]
            },
            {
              "batter": "Rizwan Butt",
              "bowler": "F Banunaek",
              "non_striker": "Ahmer Bin Nisar",
              "runs": {
                "batter": 1,
                "extras": 0,
                "total": 1
              }
            },
            {
              "batter": "Ahmer Bin Nisar",
              "bowler": "F Banunaek",
              "non_striker": "Rizwan Butt",
              "runs": {
                "batter": 0,
                "extras": 0,
                "total": 0
              }
            },
            {
              "batter": "Ahmer Bin Nisar",
              "bowler": "F Banunaek",
              "non_striker": "Rizwan Butt",
              "runs": {
                "batter": 1,
                "extras": 0,
                "total": 1
              }
            }
          ]
        },
        {
          "over": 18,
          "deliveries": [
            {
              "batter": "Ahmer Bin Nisar",
              "bowler": "DJ Hawoe",
              "non_striker": "Rizwan Butt",
              "runs": {
                "batter": 0,
                "extras": 0,
                "total": 0
              },
              "wickets": [
                {
                  "player_out": "Ahmer Bin Nisar",
                  "fielders": [
                    {
                      "name": "S Jegannathan"
                    }
                  ],
                  "kind": "caught"
                }
              ]
            },
            {
              "batter": "Ali Dawood",
              "bowler": "DJ Hawoe",
              "non_striker": "Rizwan Butt",
              "runs": {
                "batter": 1,
                "extras": 0,
                "total": 1
              }
            },
            {
              "batter": "Rizwan Butt",
              "bowler": "DJ Hawoe",
              "non_striker": "Ali Dawood",
              "runs": {
                "batter": 6,
                "extras": 0,
                "total": 6
              }
            },
            {
              "batter": "Rizwan Butt",
              "bowler": "DJ Hawoe",
              "non_striker": "Ali Dawood",
              "runs": {
                "batter": 2,
                "extras": 0,
                "total": 2
              }
            },
            {
              "batter": "Rizwan Butt",
              "bowler": "DJ Hawoe",
              "non_striker": "Ali Dawood",
              "runs": {
                "batter": 6,
                "extras": 0,
                "total": 6
              }
            },
            {
              "batter": "Rizwan Butt",
              "bowler": "DJ Hawoe",
              "non_striker": "Ali Dawood",
              "runs": {
                "batter": 1,
                "extras": 0,
                "total": 1
              }
            }
          ]
        },
        {
          "over": 19,
          "deliveries": [
            {
              "batter": "Rizwan Butt",
              "bowler": "F Banunaek",
              "non_striker": "Ali Dawood",
              "runs": {
                "batter": 0,
                "extras": 0,
                "total": 0
              }
            },
            {
              "batter": "Rizwan Butt",
              "bowler": "F Banunaek",
              "non_striker": "Ali Dawood",
              "runs": {
                "batter": 0,
                "extras": 0,
                "total": 0
              }
            },
            {
              "batter": "Rizwan Butt",
              "bowler": "F Banunaek",
              "non_striker": "Ali Dawood",
              "runs": {
                "batter": 2,
                "extras": 0,
                "total": 2
              }
            },
            {
              "batter": "Rizwan Butt",
              "bowler": "F Banunaek",
              "extras": {
                "wides": 1
              },
              "non_striker": "Ali Dawood",
              "runs": {
                "batter": 0,
                "extras": 1,
                "total": 1
              }
            },
            {
              "batter": "Rizwan Butt",
              "bowler": "F Banunaek",
              "non_striker": "Ali Dawood",
              "runs": {
                "batter": 6,
                "extras": 0,
                "total": 6
              }
            },
            {
              "batter": "Rizwan Butt",
              "bowler": "F Banunaek",
              "non_striker": "Ali Dawood",
              "runs": {
                "batter": 4,
                "extras": 0,
                "total": 4
              }
            },
            {
              "batter": "Rizwan Butt",
              "bowler": "F Banunaek",
              "non_striker": "Ali Dawood",
              "runs": {
                "batter": 0,
                "extras": 0,
                "total": 0
              }
            }
          ]
        }
      ],
      "powerplays": [
        {
          "from": 0.1,
          "to": 5.7,
          "type": "mandatory"
        }
      ]
    },
    {
      "team": "Indonesia",
      "overs": [
        {
          "over": 0,
          "deliveries": [
            {
              "batter": "GA Priandana",
              "bowler": "Ali Dawood",
              "non_striker": "KD Kesuma",
              "runs": {
                "batter": 1,
                "extras": 0,
                "total": 1
              }
            },
            {
              "batter": "KD Kesuma",
              "bowler": "Ali Dawood",
              "non_striker": "GA Priandana",
              "runs": {
                "batter": 0,
                "extras": 0,
                "total": 0
              }
            },
            {
              "batter": "KD Kesuma",
              "bowler": "Ali Dawood",
              "non_striker": "GA Priandana",
              "runs": {
                "batter": 0,
                "extras": 0,
                "total": 0
              },
              "wickets": [
                {
                  "player_out": "KD Kesuma",
                  "kind": "lbw"
                }
              ]
            },
            {
              "batter": "S Kharvi",
              "bowler": "Ali Dawood",
              "non_striker": "GA Priandana",
              "runs": {
                "batter": 0,
                "extras": 0,
                "total": 0
              }
            },
            {
              "batter": "S Kharvi",
              "bowler": "Ali Dawood",
              "non_striker": "GA Priandana",
              "runs": {
                "batter": 0,
                "extras": 0,
                "total": 0
              }
            },
            {
              "batter": "S Kharvi",
              "bowler": "Ali Dawood",
              "non_striker": "GA Priandana",
              "runs": {
                "batter": 1,
                "extras": 0,
                "total": 1
              }
            }
          ]
        },
        {
          "over": 1,
          "deliveries": [
            {
              "batter": "S Kharvi",
              "bowler": "Imran Anwar",
              "non_striker": "GA Priandana",
              "runs": {
                "batter": 0,
                "extras": 0,
                "total": 0
              }
            },
            {
              "batter": "S Kharvi",
              "bowler": "Imran Anwar",
              "non_striker": "GA Priandana",
              "runs": {
                "batter": 0,
                "extras": 0,
                "total": 0
              }
            },
            {
              "batter": "S Kharvi",
              "bowler": "Imran Anwar",
              "non_striker": "GA Priandana",
              "runs": {
                "batter": 0,
                "extras": 0,
                "total": 0
              }
            },
            {
              "batter": "S Kharvi",
              "bowler": "Imran Anwar",
              "non_striker": "GA Priandana",
              "runs": {
                "batter": 0,
                "extras": 0,
                "total": 0
              }
            },
            {
              "batter": "S Kharvi",
              "bowler": "Imran Anwar",
              "non_striker": "GA Priandana",
              "runs": {
                "batter": 1,
                "extras": 0,
                "total": 1
              }
            },
            {
              "batter": "GA Priandana",
              "bowler": "Imran Anwar",
              "non_striker": "S Kharvi",
              "runs": {
                "batter": 0,
                "extras": 0,
                "total": 0
              }
            }
          ]
        },
        {
          "over": 2,
          "deliveries": [
            {
              "batter": "S Kharvi",
              "bowler": "Ali Dawood",
              "non_striker": "GA Priandana",
              "runs": {
                "batter": 0,
                "extras": 0,
                "total": 0
              }
            },
            {
              "batter": "S Kharvi",
              "bowler": "Ali Dawood",
              "non_striker": "GA Priandana",
              "runs": {
                "batter": 0,
                "extras": 0,
                "total": 0
              }
            },
            {
              "batter": "S Kharvi",
              "bowler": "Ali Dawood",
              "non_striker": "GA Priandana",
              "runs": {
                "batter": 4,
                "extras": 0,
                "total": 4
              }
            },
            {
              "batter": "S Kharvi",
              "bowler": "Ali Dawood",
              "non_striker": "GA Priandana",
              "runs": {
                "batter": 0,
                "extras": 0,
                "total": 0
              }
            },
            {
              "batter": "S Kharvi",
              "bowler": "Ali Dawood",
              "non_striker": "GA Priandana",
              "runs": {
                "batter": 0,
                "extras": 0,
                "total": 0
              }
            },
            {
              "batter": "S Kharvi",
              "bowler": "Ali Dawood",
              "non_striker": "GA Priandana",
              "runs": {
                "batter": 1,
                "extras": 0,
                "total": 1
              }
            }
          ]
        },
        {
          "over": 3,
          "deliveries": [
            {
              "batter": "S Kharvi",
              "bowler": "Imran Anwar",
              "non_striker": "GA Priandana",
              "runs": {
                "batter": 0,
                "extras": 0,
                "total": 0
              }
            },
            {
              "batter": "S Kharvi",
              "bowler": "Imran Anwar",
              "non_striker": "GA Priandana",
              "runs": {
                "batter": 5,
                "extras": 0,
                "total": 5
              }
            },
            {
              "batter": "S Kharvi",
              "bowler": "Imran Anwar",
              "non_striker": "GA Priandana",
              "runs": {
                "batter": 0,
                "extras": 0,
                "total": 0
              }
            },
            {
              "batter": "S Kharvi",
              "bowler": "Imran Anwar",
              "non_striker": "GA Priandana",
              "runs": {
                "batter": 0,
                "extras": 0,
                "total": 0
              }
            },
            {
              "batter": "S Kharvi",
              "bowler": "Imran Anwar",
              "non_striker": "GA Priandana",
              "runs": {
                "batter": 0,
                "extras": 0,
                "total": 0
              }
            },
            {
              "batter": "S Kharvi",
              "bowler": "Imran Anwar",
              "non_striker": "GA Priandana",
              "runs": {
                "batter": 0,
                "extras": 0,
                "total": 0
              }
            }
          ]
        },
        {
          "over": 4,
          "deliveries": [
            {
              "batter": "GA Priandana",
              "bowler": "Rizwan Butt",
              "non_striker": "S Kharvi",
              "runs": {
                "batter": 1,
                "extras": 0,
                "total": 1
              }
            },
            {
              "batter": "S Kharvi",
              "bowler": "Rizwan Butt",
              "non_striker": "GA Priandana",
              "runs": {
                "batter": 0,
                "extras": 0,
                "total": 0
              }
            },
            {
              "batter": "S Kharvi",
              "bowler": "Rizwan Butt",
              "non_striker": "GA Priandana",
              "runs": {
                "batter": 1,
                "extras": 0,
                "total": 1
              }
            },
            {
              "batter": "GA Priandana",
              "bowler": "Rizwan Butt",
              "non_striker": "S Kharvi",
              "runs": {
                "batter": 0,
                "extras": 0,
                "total": 0
              }
            },
            {
              "batter": "GA Priandana",
              "bowler": "Rizwan Butt",
              "non_striker": "S Kharvi",
              "runs": {
                "batter": 0,
                "extras": 0,
                "total": 0
              }
            },
            {
              "batter": "GA Priandana",
              "bowler": "Rizwan Butt",
              "non_striker": "S Kharvi",
              "runs": {
                "batter": 0,
                "extras": 0,
                "total": 0
              }
            }
          ]
        },
        {
          "over": 5,
          "deliveries": [
            {
              "batter": "S Kharvi",
              "bowler": "Imran Khan",
              "non_striker": "GA Priandana",
              "runs": {
                "batter": 0,
                "extras": 0,
                "total": 0
              },
              "wickets": [
                {
                  "player_out": "S Kharvi",
                  "fielders": [
                    {
                      "name": "Imran Anwar"
                    }
                  ],
                  "kind": "caught"
                }
              ]
            },
            {
              "batter": "GD Arta",
              "bowler": "Imran Khan",
              "non_striker": "GA Priandana",
              "runs": {
                "batter": 0,
                "extras": 0,
                "total": 0
              }
            },
            {
              "batter": "GD Arta",
              "bowler": "Imran Khan",
              "non_striker": "GA Priandana",
              "runs": {
                "batter": 0,
                "extras": 0,
                "total": 0
              }
            },
            {
              "batter": "GD Arta",
              "bowler": "Imran Khan",
              "extras": {
                "legbyes": 1
              },
              "non_striker": "GA Priandana",
              "runs": {
                "batter": 0,
                "extras": 1,
                "total": 1
              }
            },
            {
              "batter": "GA Priandana",
              "bowler": "Imran Khan",
              "extras": {
                "noballs": 1
              },
              "non_striker": "GD Arta",
              "runs": {
                "batter": 0,
                "extras": 1,
                "total": 1
              }
            },
            {
              "batter": "GA Priandana",
              "bowler": "Imran Khan",
              "non_striker": "GD Arta",
              "runs": {
                "batter": 4,
                "extras": 0,
                "total": 4
              }
            },
            {
              "batter": "GA Priandana",
              "bowler": "Imran Khan",
              "non_striker": "GD Arta",
              "runs": {
                "batter": 0,
                "extras": 0,
                "total": 0
              }
            }
          ]
        },
        {
          "over": 6,
          "deliveries": [
            {
              "batter": "GD Arta",
              "bowler": "Rizwan Butt",
              "non_striker": "GA Priandana",
              "runs": {
                "batter": 0,
                "extras": 0,
                "total": 0
              }
            },
            {
              "batter": "GD Arta",
              "bowler": "Rizwan Butt",
              "non_striker": "GA Priandana",
              "runs": {
                "batter": 1,
                "extras": 0,
                "total": 1
              }
            },
            {
              "batter": "GA Priandana",
              "bowler": "Rizwan Butt",
              "non_striker": "GD Arta",
              "runs": {
                "batter": 4,
                "extras": 0,
                "total": 4
              }
            },
            {
              "batter": "GA Priandana",
              "bowler": "Rizwan Butt",
              "non_striker": "GD Arta",
              "runs": {
                "batter": 0,
                "extras": 0,
                "total": 0
              }
            },
            {
              "batter": "GA Priandana",
              "bowler": "Rizwan Butt",
              "non_striker": "GD Arta",
              "runs": {
                "batter": 0,
                "extras": 0,
                "total": 0
              }
            },
            {
              "batter": "GA Priandana",
              "bowler": "Rizwan Butt",
              "non_striker": "GD Arta",
              "runs": {
                "batter": 0,
                "extras": 0,
                "total": 0
              }
            }
          ]
        },
        {
          "over": 7,
          "deliveries": [
            {
              "batter": "GD Arta",
              "bowler": "Imran Khan",
              "non_striker": "GA Priandana",
              "runs": {
                "batter": 4,
                "extras": 0,
                "total": 4
              }
            },
            {
              "batter": "GD Arta",
              "bowler": "Imran Khan",
              "non_striker": "GA Priandana",
              "runs": {
                "batter": 0,
                "extras": 0,
                "total": 0
              }
            },
            {
              "batter": "GD Arta",
              "bowler": "Imran Khan",
              "non_striker": "GA Priandana",
              "runs": {
                "batter": 6,
                "extras": 0,
                "total": 6
              }
            },
            {
              "batter": "GD Arta",
              "bowler": "Imran Khan",
              "non_striker": "GA Priandana",
              "runs": {
                "batter": 1,
                "extras": 0,
                "total": 1
              }
            },
            {
              "batter": "GA Priandana",
              "bowler": "Imran Khan",
              "non_striker": "GD Arta",
              "runs": {
                "batter": 1,
                "extras": 0,
                "total": 1
              }
            },
            {
              "batter": "GD Arta",
              "bowler": "Imran Khan",
              "non_striker": "GA Priandana",
              "runs": {
                "batter": 0,
                "extras": 0,
                "total": 0
              },
              "wickets": [
                {
                  "player_out": "GD Arta",
                  "kind": "lbw"
                }
              ]
            }
          ]
        },
        {
          "over": 8,
          "deliveries": [
            {
              "batter": "GA Priandana",
              "bowler": "Asif Ali",
              "non_striker": "Ahmad Ramdoni",
              "runs": {
                "batter": 1,
                "extras": 0,
                "total": 1
              }
            },
            {
              "batter": "Ahmad Ramdoni",
              "bowler": "Asif Ali",
              "non_striker": "GA Priandana",
              "runs": {
                "batter": 0,
                "extras": 0,
                "total": 0
              }
            },
            {
              "batter": "Ahmad Ramdoni",
              "bowler": "Asif Ali",
              "non_striker": "GA Priandana",
              "runs": {
                "batter": 0,
                "extras": 0,
                "total": 0
              }
            },
            {
              "batter": "Ahmad Ramdoni",
              "bowler": "Asif Ali",
              "non_striker": "GA Priandana",
              "runs": {
                "batter": 0,
                "extras": 0,
                "total": 0
              },
              "wickets": [
                {
                  "player_out": "Ahmad Ramdoni",
                  "kind": "lbw"
                }
              ]
            },
            {
              "batter": "S Jegannathan",
              "bowler": "Asif Ali",
              "non_striker": "GA Priandana",
              "runs": {
                "batter": 0,
                "extras": 0,
                "total": 0
              }
            },
            {
              "batter": "S Jegannathan",
              "bowler": "Asif Ali",
              "non_striker": "GA Priandana",
              "runs": {
                "batter": 0,
                "extras": 0,
                "total": 0
              }
            }
          ]
        },
        {
          "over": 9,
          "deliveries": [
            {
              "batter": "GA Priandana",
              "bowler": "Abdul Majid Abbasi",
              "non_striker": "S Jegannathan",
              "runs": {
                "batter": 0,
                "extras": 0,
                "total": 0
              }
            },
            {
              "batter": "GA Priandana",
              "bowler": "Abdul Majid Abbasi",
              "non_striker": "S Jegannathan",
              "runs": {
                "batter": 1,
                "extras": 0,
                "total": 1
              }
            },
            {
              "batter": "S Jegannathan",
              "bowler": "Abdul Majid Abbasi",
              "non_striker": "GA Priandana",
              "runs": {
                "batter": 0,
                "extras": 0,
                "total": 0
              }
            },
            {
              "batter": "S Jegannathan",
              "bowler": "Abdul Majid Abbasi",
              "non_striker": "GA Priandana",
              "runs": {
                "batter": 1,
                "extras": 0,
                "total": 1
              }
            },
            {
              "batter": "GA Priandana",
              "bowler": "Abdul Majid Abbasi",
              "non_striker": "S Jegannathan",
              "runs": {
                "batter": 0,
                "extras": 0,
                "total": 0
              }
            },
            {
              "batter": "GA Priandana",
              "bowler": "Abdul Majid Abbasi",
              "non_striker": "S Jegannathan",
              "runs": {
                "batter": 0,
                "extras": 0,
                "total": 0
              }
            }
          ]
        },
        {
          "over": 10,
          "deliveries": [
            {
              "batter": "S Jegannathan",
              "bowler": "Asif Ali",
              "non_striker": "GA Priandana",
              "runs": {
                "batter": 1,
                "extras": 0,
                "total": 1
              }
            },
            {
              "batter": "GA Priandana",
              "bowler": "Asif Ali",
              "non_striker": "S Jegannathan",
              "runs": {
                "batter": 0,
                "extras": 0,
                "total": 0
              }
            },
            {
              "batter": "GA Priandana",
              "bowler": "Asif Ali",
              "non_striker": "S Jegannathan",
              "runs": {
                "batter": 1,
                "extras": 0,
                "total": 1
              }
            },
            {
              "batter": "S Jegannathan",
              "bowler": "Asif Ali",
              "non_striker": "GA Priandana",
              "runs": {
                "batter": 0,
                "extras": 0,
                "total": 0
              }
            },
            {
              "batter": "S Jegannathan",
              "bowler": "Asif Ali",
              "non_striker": "GA Priandana",
              "runs": {
                "batter": 1,
                "extras": 0,
                "total": 1
              }
            },
            {
              "batter": "GA Priandana",
              "bowler": "Asif Ali",
              "non_striker": "S Jegannathan",
              "runs": {
                "batter": 2,
                "extras": 0,
                "total": 2
              }
            }
          ]
        },
        {
          "over": 11,
          "deliveries": [
            {
              "batter": "S Jegannathan",
              "bowler": "Abdul Majid Abbasi",
              "non_striker": "GA Priandana",
              "runs": {
                "batter": 1,
                "extras": 0,
                "total": 1
              }
            },
            {
              "batter": "GA Priandana",
              "bowler": "Abdul Majid Abbasi",
              "non_striker": "S Jegannathan",
              "runs": {
                "batter": 0,
                "extras": 0,
                "total": 0
              }
            },
            {
              "batter": "GA Priandana",
              "bowler": "Abdul Majid Abbasi",
              "non_striker": "S Jegannathan",
              "runs": {
                "batter": 0,
                "extras": 0,
                "total": 0
              }
            },
            {
              "batter": "GA Priandana",
              "bowler": "Abdul Majid Abbasi",
              "non_striker": "S Jegannathan",
              "runs": {
                "batter": 0,
                "extras": 0,
                "total": 0
              }
            },
            {
              "batter": "GA Priandana",
              "bowler": "Abdul Majid Abbasi",
              "non_striker": "S Jegannathan",
              "runs": {
                "batter": 0,
                "extras": 0,
                "total": 0
              }
            },
            {
              "batter": "GA Priandana",
              "bowler": "Abdul Majid Abbasi",
              "non_striker": "S Jegannathan",
              "runs": {
                "batter": 0,
                "extras": 0,
                "total": 0
              }
            }
          ]
        }
      ],
      "powerplays": [
        {
          "from": 0.1,
          "to": 5.7,
          "type": "mandatory"
        }
      ],
      "target": {
        "overs": 12,
        "runs": 101
      }
    }
  ]
}