{
  "meta": {
    "data_version": "1.1.0",
    "created": "2026-01-01",
    "revision": 1
  },
  "info": {
    "balls_per_over": 6,
    "city": "Bali",
    "dates": [
      "2025-12-26"
    ],
    "event": {
      "name": "Cambodia tour of Indonesia",
      "match_number": 5
    },
    "gender": "male",
    "match_type": "T20",
    "match_type_number": 3652,
    "officials": {
      "match_referees": [
        "IKAW Kusuma"
      ],
      "umpires": [
        "Riaz Ur Rahman",
        "Yousuf Wadu"
      ]
    },
    "outcome": {
      "result": "no result"
    },
    "overs": 20,
    "players": {
      "Cambodia": [
        "Shah Abrar Hussain",
        "Marcelle Hanekom",
        "Luqman Butt",
        "Muhammad Naeem",
        "E Beukes",
        "GC Murtaza",
        "NT Gireesh",
        "Md Shuayeb",
        "Mongdara Sok",
        "Nirmaljit Singh",
        "C Rathanak"
      ],
      "Indonesia": [
        "GA Priandana",
        "KD Kesuma",
        "A Alexander",
        "AA Rahayu",
        "DJ Hawoe",
        "DGAPD Wiswi",
        "F Banunaek",
        "IGTP Wiguna",
        "IK Gamantika",
        "Anjar Tadarus",
        "Vineet Shah"
      ]
    },
    "registry": {
      "people": {
        "A Alexander": "ef6d6883",
        "AA Rahayu": "2327fdc7",
        "Anjar Tadarus": "72275237",
        "C Rathanak": "91633ba5",
        "DGAPD Wiswi": "d3d096f5",
        "DJ Hawoe": "a62f55ba",
        "E Beukes": "fbb8cf87",
        "F Banunaek": "3c8faed4",
        "GA Priandana": "2af0e3b1",
        "GC Murtaza": "6cc4d322",
        "IGTP Wiguna": "95f0262b",
        "IK Gamantika": "4d7c5b56",
        "IKAW Kusuma": "7ae108a8",
        "KD Kesuma": "4b349dc0",
        "Luqman Butt": "7a6decc8",
        "Marcelle Hanekom": "dd26ae6e",
        "Md Shuayeb": "66000a39",
        "Mongdara Sok": "9c5c3408",
        "Muhammad Naeem": "993281c2",
        "NT Gireesh": "32190239",
        "Nirmaljit Singh": "cf719840",
        "Riaz Ur Rahman": "476a220a",
        "Shah Abrar Hussain": "6ec13131",
        "Vineet Shah": "ad85a036",
        "Yousuf Wadu": "cf41005c"
      }
    },
    "season": "2025/26",
    "team_type": "international",
    "teams": [
      "Cambodia",
      "Indonesia"
    ],
    "toss": {
      "decision": "field",
      "winner": "Indonesia"
    },
    "venue": "Udayana Cricket Ground"
  },
  "innings": [
    {
      "team": "Cambodia",
      "overs": [
        {
          "over": 0,
          "deliveries": [
            {
              "batter": "Shah Abrar Hussain",
              "bowler": "F Banunaek",
              "non_striker": "Marcelle Hanekom",
              "runs": {
                "batter": 2,
                "extras": 0,
                "total": 2
              }
            },
            {
              "batter": "Shah Abrar Hussain",
              "bowler": "F Banunaek",
              "non_striker": "Marcelle Hanekom",
              "runs": {
                "batter": 0,
                "extras": 0,
                "total": 0
              }
            },
            {
              "batter": "Shah Abrar Hussain",
              "bowler": "F Banunaek",
              "extras": {
                "wides": 1
              },
              "non_striker": "Marcelle Hanekom",
              "runs": {
                "batter": 0,
                "extras": 1,
                "total": 1
              }
            },
            {
              "batter": "Shah Abrar Hussain",
              "bowler": "F Banunaek",
              "non_striker": "Marcelle Hanekom",
              "runs": {
                "batter": 0,
                "extras": 0,
                "total": 0
              }
            },
            {
              "batter": "Shah Abrar Hussain",
              "bowler": "F Banunaek",
              "non_striker": "Marcelle Hanekom",
              "runs": {
                "batter": 1,
                "extras": 0,
                "total": 1
              }
            },
            {
              "batter": "Marcelle Hanekom",
              "bowler": "F Banunaek",
              "non_striker": "Shah Abrar Hussain",
              "runs": {
                "batter": 1,
                "extras": 0,
                "total": 1
              }
            },
            {
              "batter": "Shah Abrar Hussain",
              "bowler": "F Banunaek",
              "extras": {
                "wides": 1
              },
              "non_striker": "Marcelle Hanekom",
              "runs": {
                "batter": 0,
                "extras": 1,
                "total": 1
              }
            },
            {
              "batter": "Shah Abrar Hussain",
              "bowler": "F Banunaek",
              "non_striker": "Marcelle Hanekom",
              "runs": {
                "batter": 1,
                "extras": 0,
                "total": 1
              }
            }
          ]
        },
        {
          "over": 1,
          "deliveries": [
            {
              "batter": "Shah Abrar Hussain",
              "bowler": "IGTP Wiguna",
              "non_striker": "Marcelle Hanekom",
              "runs": {
                "batter": 0,
                "extras": 0,
                "total": 0
              }
            },
            {
              "batter": "Shah Abrar Hussain",
              "bowler": "IGTP Wiguna",
              "non_striker": "Marcelle Hanekom",
              "runs": {
                "batter": 0,
                "extras": 0,
                "total": 0
              }
            },
            {
              "batter": "Shah Abrar Hussain",
              "bowler": "IGTP Wiguna",
              "non_striker": "Marcelle Hanekom",
              "runs": {
                "batter": 4,
                "extras": 0,
                "total": 4
              }
            },
            {
              "batter": "Shah Abrar Hussain",
              "bowler": "IGTP Wiguna",
              "non_striker": "Marcelle Hanekom",
              "runs": {
                "batter": 0,
                "extras": 0,
                "total": 0
              }
            },
            {
              "batter": "Shah Abrar Hussain",
              "bowler": "IGTP Wiguna",
              "non_striker": "Marcelle Hanekom",
              "runs": {
                "batter": 0,
                "extras": 0,
                "total": 0
              }
            },
            {
              "batter": "Shah Abrar Hussain",
              "bowler": "IGTP Wiguna",
              "non_striker": "Marcelle Hanekom",
              "runs": {
                "batter": 4,
                "extras": 0,
                "total": 4
              }
            }
          ]
        },
        {
          "over": 2,
          "deliveries": [
            {
              "batter": "Marcelle Hanekom",
              "bowler": "F Banunaek",
              "non_striker": "Shah Abrar Hussain",
              "runs": {
                "batter": 4,
                "extras": 0,
                "total": 4
              }
            },
            {
              "batter": "Marcelle Hanekom",
              "bowler": "F Banunaek",
              "non_striker": "Shah Abrar Hussain",
              "runs": {
                "batter": 0,
                "extras": 0,
                "total": 0
              }
            },
            {
              "batter": "Marcelle Hanekom",
              "bowler": "F Banunaek",
              "non_striker": "Shah Abrar Hussain",
              "runs": {
                "batter": 1,
                "extras": 0,
                "total": 1
              }
            },
            {
              "batter": "Shah Abrar Hussain",
              "bowler": "F Banunaek",
              "non_striker": "Marcelle Hanekom",
              "runs": {
                "batter": 1,
                "extras": 0,
                "total": 1
              }
            },
            {
              "batter": "Marcelle Hanekom",
              "bowler": "F Banunaek",
              "non_striker": "Shah Abrar Hussain",
              "runs": {
                "batter": 0,
                "extras": 0,
                "total": 0
              }
            },
            {
              "batter": "Marcelle Hanekom",
              "bowler": "F Banunaek",
              "non_striker": "Shah Abrar Hussain",
              "runs": {
                "batter": 0,
                "extras": 0,
                "total": 0
              }
            }
          ]
        },
        {
          "over": 3,
          "deliveries": [
            {
              "batter": "Shah Abrar Hussain",
              "bowler": "AA Rahayu",
              "extras": {
                "wides": 1
              },
              "non_striker": "Marcelle Hanekom",
              "runs": {
                "batter": 0,
                "extras": 1,
                "total": 1
              }
            },
            {
              "batter": "Shah Abrar Hussain",
              "bowler": "AA Rahayu",
              "non_striker": "Marcelle Hanekom",
              "runs": {
                "batter": 2,
                "extras": 0,
                "total": 2
              }
            },
            {
              "batter": "Shah Abrar Hussain",
              "bowler": "AA Rahayu",
              "non_striker": "Marcelle Hanekom",
              "runs": {
                "batter": 1,
                "extras": 0,
                "total": 1
              }
            },
            {
              "batter": "Marcelle Hanekom",
              "bowler": "AA Rahayu",
              "non_striker": "Shah Abrar Hussain",
              "runs": {
                "batter": 0,
                "extras": 0,
                "total": 0
              }
            },
            {
              "batter": "Marcelle Hanekom",
              "bowler": "AA Rahayu",
              "non_striker": "Shah Abrar Hussain",
              "runs": {
                "batter": 2,
                "extras": 0,
                "total": 2
              }
            },
            {
              "batter": "Marcelle Hanekom",
              "bowler": "AA Rahayu",
              "non_striker": "Shah Abrar Hussain",
              "runs": {
                "batter": 1,
                "extras": 0,
                "total": 1
              }
            },
            {
              "batter": "Shah Abrar Hussain",
              "bowler": "AA Rahayu",
              "non_striker": "Marcelle Hanekom",
              "runs": {
                "batter": 2,
                "extras": 0,
                "total": 2
              }
            }
          ]
        },
        {
          "over": 4,
          "deliveries": [
            {
              "batter": "Marcelle Hanekom",
              "bowler": "F Banunaek",
              "non_striker": "Shah Abrar Hussain",
              "runs": {
                "batter": 0,
                "extras": 0,
                "total": 0
              }
            },
            {
              "batter": "Marcelle Hanekom",
              "bowler": "F Banunaek",
              "non_striker": "Shah Abrar Hussain",
              "runs": {
                "batter": 0,
                "extras": 0,
                "total": 0
              }
            },
            {
              "batter": "Marcelle Hanekom",
              "bowler": "F Banunaek",
              "non_striker": "Shah Abrar Hussain",
              "runs": {
                "batter": 0,
                "extras": 0,
                "total": 0
              }
            },
            {
              "batter": "Marcelle Hanekom",
              "bowler": "F Banunaek",
              "non_striker": "Shah Abrar Hussain",
              "runs": {
                "batter": 4,
                "extras": 0,
                "total": 4
              }
            },
            {
              "batter": "Marcelle Hanekom",
              "bowler": "F Banunaek",
              "non_striker": "Shah Abrar Hussain",
              "runs": {
                "batter": 0,
                "extras": 0,
                "total": 0
              }
            },
            {
              "batter": "Marcelle Hanekom",
              "bowler": "F Banunaek",
              "non_striker": "Shah Abrar Hussain",
              "runs": {
                "batter": 0,
                "extras": 0,
                "total": 0
              }
            }
          ]
        },
        {
          "over": 5,
          "deliveries": [
            {
              "batter": "Shah Abrar Hussain",
              "bowler": "DJ Hawoe",
              "non_striker": "Marcelle Hanekom",
              "runs": {
                "batter": 1,
                "extras": 0,
                "total": 1
              }
            },
            {
              "batter": "Marcelle Hanekom",
              "bowler": "DJ Hawoe",
              "non_striker": "Shah Abrar Hussain",
              "runs": {
                "batter": 0,
                "extras": 0,
                "total": 0
              }
            },
            {
              "batter": "Marcelle Hanekom",
              "bowler": "DJ Hawoe",
              "non_striker": "Shah Abrar Hussain",
              "runs": {
                "batter": 0,
                "extras": 0,
                "total": 0
              }
            },
            {
              "batter": "Marcelle Hanekom",
              "bowler": "DJ Hawoe",
              "non_striker": "Shah Abrar Hussain",
              "runs": {
                "batter": 1,
                "extras": 0,
                "total": 1
              }
            },
            {
              "batter": "Shah Abrar Hussain",
              "bowler": "DJ Hawoe",
              "non_striker": "Marcelle Hanekom",
              "runs": {
                "batter": 0,
                "extras": 0,
                "total": 0
              }
            },
            {
              "batter": "Shah Abrar Hussain",
              "bowler": "DJ Hawoe",
              "non_striker": "Marcelle Hanekom",
              "runs": {
                "batter": 0,
                "extras": 0,
                "total": 0
              },
              "wickets": [
                {
                  "player_out": "Shah Abrar Hussain",
                  "fielders": [
                    {
                      "name": "F Banunaek"
                    }
                  ],
                  "kind": "caught"
                }
              ]
            }
          ]
        },
        {
          "over": 6,
          "deliveries": [
            {
              "batter": "Marcelle Hanekom",
              "bowler": "Anjar Tadarus",
              "non_striker": "Luqman Butt",
              "runs": {
                "batter": 1,
                "extras": 0,
                "total": 1
              }
            },
            {
              "batter": "Luqman Butt",
              "bowler": "Anjar Tadarus",
              "non_striker": "Marcelle Hanekom",
              "runs": {
                "batter": 1,
                "extras": 0,
                "total": 1
              }
            },
            {
              "batter": "Marcelle Hanekom",
              "bowler": "Anjar Tadarus",
              "non_striker": "Luqman Butt",
              "runs": {
                "batter": 1,
                "extras": 0,
                "total": 1
              }
            },
            {
              "batter": "Luqman Butt",
              "bowler": "Anjar Tadarus",
              "non_striker": "Marcelle Hanekom",
              "runs": {
                "batter": 1,
                "extras": 0,
                "total": 1
              }
            },
            {
              "batter": "Marcelle Hanekom",
              "bowler": "Anjar Tadarus",
              "non_striker": "Luqman Butt",
              "runs": {
                "batter": 1,
                "extras": 0,
                "total": 1
              }
            },
            {
              "batter": "Luqman Butt",
              "bowler": "Anjar Tadarus",
              "non_striker": "Marcelle Hanekom",
              "runs": {
                "batter": 4,
                "extras": 0,
                "total": 4
              }
            }
          ]
        },
        {
          "over": 7,
          "deliveries": [
            {
              "batter": "Marcelle Hanekom",
              "bowler": "DJ Hawoe",
              "non_striker": "Luqman Butt",
              "runs": {
                "batter": 0,
                "extras": 0,
                "total": 0
              }
            },
            {
              "batter": "Marcelle Hanekom",
              "bowler": "DJ Hawoe",
              "non_striker": "Luqman Butt",
              "runs": {
                "batter": 0,
                "extras": 0,
                "total": 0
              }
            },
            {
              "batter": "Marcelle Hanekom",
              "bowler": "DJ Hawoe",
              "non_striker": "Luqman Butt",
              "runs": {
                "batter": 0,
                "extras": 0,
                "total": 0
              }
            },
            {
              "batter": "Marcelle Hanekom",
              "bowler": "DJ Hawoe",
              "non_striker": "Luqman Butt",
              "runs": {
                "batter": 0,
                "extras": 0,
                "total": 0
              },
              "wickets": [
                {
                  "player_out": "Marcelle Hanekom",
                  "fielders": [
                    {
                      "name": "KD Kesuma"
                    }
                  ],
                  "kind": "caught"
                }
              ]
            },
            {
              "batter": "Muhammad Naeem",
              "bowler": "DJ Hawoe",
              "non_striker": "Luqman Butt",
              "runs": {
                "batter": 0,
                "extras": 0,
                "total": 0
              }
            },
            {
              "batter": "Muhammad Naeem",
              "bowler": "DJ Hawoe",
              "non_striker": "Luqman Butt",
              "runs": {
                "batter": 1,
                "extras": 0,
                "total": 1
              }
            }
          ]
        },
        {
          "over": 8,
          "deliveries": [
            {
              "batter": "Muhammad Naeem",
              "bowler": "IK Gamantika",
              "extras": {
                "wides": 2
              },
              "non_striker": "Luqman Butt",
              "runs": {
                "batter": 0,
                "extras": 2,
                "total": 2
              }
            },
            {
              "batter": "Luqman Butt",
              "bowler": "IK Gamantika",
              "non_striker": "Muhammad Naeem",
              "runs": {
                "batter": 1,
                "extras": 0,
                "total": 1
              }
            },
            {
              "batter": "Muhammad Naeem",
              "bowler": "IK Gamantika",
              "non_striker": "Luqman Butt",
              "runs": {
                "batter": 0,
                "extras": 0,
                "total": 0
              }
            },
            {
              "batter": "Muhammad Naeem",
              "bowler": "IK Gamantika",
              "non_striker": "Luqman Butt",
              "runs": {
                "batter": 1,
                "extras": 0,
                "total": 1
              }
            },
            {
              "batter": "Luqman Butt",
              "bowler": "IK Gamantika",
              "non_striker": "Muhammad Naeem",
              "runs": {
                "batter": 1,
                "extras": 0,
                "total": 1
              }
            },
            {
              "batter": "Muhammad Naeem",
              "bowler": "IK Gamantika",
              "non_striker": "Luqman Butt",
              "runs": {
                "batter": 0,
                "extras": 0,
                "total": 0
              }
            },
            {
              "batter": "Muhammad Naeem",
              "bowler": "IK Gamantika",
              "non_striker": "Luqman Butt",
              "runs": {
                "batter": 0,
                "extras": 0,
                "total": 0
              }
            }
          ]
        },
        {
          "over": 9,
          "deliveries": [
            {
              "batter": "Luqman Butt",
              "bowler": "AA Rahayu",
              "extras": {
                "wides": 1
              },
              "non_striker": "Muhammad Naeem",
              "runs": {
                "batter": 0,
                "extras": 1,
                "total": 1
              }
            },
            {
              "batter": "Luqman Butt",
              "bowler": "AA Rahayu",
              "non_striker": "Muhammad Naeem",
              "runs": {
                "batter": 1,
                "extras": 0,
                "total": 1
              }
            },
            {
              "batter": "Muhammad Naeem",
              "bowler": "AA Rahayu",
              "non_striker": "Luqman Butt",
              "runs": {
                "batter": 0,
                "extras": 0,
                "total": 0
              }
            },
            {
              "batter": "Muhammad Naeem",
              "bowler": "AA Rahayu",
              "non_striker": "Luqman Butt",
              "runs": {
                "batter": 4,
                "extras": 0,
                "total": 4
              }
            },
            {
              "batter": "Muhammad Naeem",
              "bowler": "AA Rahayu",
              "extras": {
                "wides": 1
              },
              "non_striker": "Luqman Butt",
              "runs": {
                "batter": 0,
                "extras": 1,
                "total": 1
              }
            },
            {
              "batter": "Muhammad Naeem",
              "bowler": "AA Rahayu",
              "non_striker": "Luqman Butt",
              "runs": {
                "batter": 0,
                "extras": 0,
                "total": 0
              }
            },
            {
              "batter": "Muhammad Naeem",
              "bowler": "AA Rahayu",
              "non_striker": "Luqman Butt",
              "runs": {
                "batter": 1,
                "extras": 0,
                "total": 1
              }
            },
            {
              "batter": "Luqman Butt",
              "bowler": "AA Rahayu",
              "non_striker": "Muhammad Naeem",
              "runs": {
                "batter": 1,
                "extras": 0,
                "total": 1
              }
            }
          ]
        },
        {
          "over": 10,
          "deliveries": [
            {
              "batter": "Luqman Butt",
              "bowler": "IK Gamantika",
              "non_striker": "Muhammad Naeem",
              "runs": {
                "batter": 0,
                "extras": 0,
                "total": 0
              }
            },
            {
              "batter": "Luqman Butt",
              "bowler": "IK Gamantika",
              "non_striker": "Muhammad Naeem",
              "runs": {
                "batter": 1,
                "extras": 0,
                "total": 1
              }
            },
            {
              "batter": "Muhammad Naeem",
              "bowler": "IK Gamantika",
              "non_striker": "Luqman Butt",
              "runs": {
                "batter": 0,
                "extras": 0,
                "total": 0
              }
            },
            {
              "batter": "Muhammad Naeem",
              "bowler": "IK Gamantika",
              "non_striker": "Luqman Butt",
              "runs": {
                "batter": 0,
                "extras": 0,
                "total": 0
              }
            },
            {
              "batter": "Muhammad Naeem",
              "bowler": "IK Gamantika",
              "non_striker": "Luqman Butt",
              "runs": {
                "batter": 0,
                "extras": 0,
                "total": 0
              }
            },
            {
              "batter": "Muhammad Naeem",
              "bowler": "IK Gamantika",
              "non_striker": "Luqman Butt",
              "runs": {
                "batter": 1,
                "extras": 0,
                "total": 1
              }
            }
          ]
        },
        {
          "over": 11,
          "deliveries": [
            {
              "batter": "Muhammad Naeem",
              "bowler": "IGTP Wiguna",
              "non_striker": "Luqman Butt",
              "runs": {
                "batter": 1,
                "extras": 0,
                "total": 1
              }
            },
            {
              "batter": "Luqman Butt",
              "bowler": "IGTP Wiguna",
              "non_striker": "Muhammad Naeem",
              "runs": {
                "batter": 0,
                "extras": 0,
                "total": 0
              }
            },
            {
              "batter": "Luqman Butt",
              "bowler": "IGTP Wiguna",
              "non_striker": "Muhammad Naeem",
              "runs": {
                "batter": 4,
                "extras": 0,
                "total": 4
              }
            },
            {
              "batter": "Luqman Butt",
              "bowler": "IGTP Wiguna",
              "non_striker": "Muhammad Naeem",
              "runs": {
                "batter": 0,
                "extras": 0,
                "total": 0
              }
            },
            {
              "batter": "Luqman Butt",
              "bowler": "IGTP Wiguna",
              "non_striker": "Muhammad Naeem",
              "runs": {
                "batter": 1,
                "extras": 0,
                "total": 1
              }
            },
            {
              "batter": "Muhammad Naeem",
              "bowler": "IGTP Wiguna",
              "non_striker": "Luqman Butt",
              "runs": {
                "batter": 4,
                "extras": 0,
                "total": 4
              }
            }
          ]
        },
        {
          "over": 12,
          "deliveries": [
            {
              "batter": "Luqman Butt",
              "bowler": "IK Gamantika",
              "non_striker": "Muhammad Naeem",
              "runs": {
                "batter": 1,
                "extras": 0,
                "total": 1
              }
            },
            {
              "batter": "Muhammad Naeem",
              "bowler": "IK Gamantika",
              "non_striker": "Luqman Butt",
              "runs": {
                "batter": 0,
                "extras": 0,
                "total": 0
              }
            },
            {
              "batter": "Muhammad Naeem",
              "bowler": "IK Gamantika",
              "non_striker": "Luqman Butt",
              "runs": {
                "batter": 6,
                "extras": 0,
                "total": 6
              }
            },
            {
              "batter": "Muhammad Naeem",
              "bowler": "IK Gamantika",
              "non_striker": "Luqman Butt",
              "runs": {
                "batter": 2,
                "extras": 0,
                "total": 2
              }
            },
            {
              "batter": "Muhammad Naeem",
              "bowler": "IK Gamantika",
              "non_striker": "Luqman Butt",
              "runs": {
                "batter": 0,
                "extras": 0,
                "total": 0
              }
            },
            {
              "batter": "Muhammad Naeem",
              "bowler": "IK Gamantika",
              "non_striker": "Luqman Butt",
              "runs": {
                "batter": 0,
                "extras": 0,
                "total": 0
              }
            }
          ]
        },
        {
          "over": 13,
          "deliveries": [
            {
              "batter": "Luqman Butt",
              "bowler": "DJ Hawoe",
              "non_striker": "Muhammad Naeem",
              "runs": {
                "batter": 1,
                "extras": 0,
                "total": 1
              }
            },
            {
              "batter": "Muhammad Naeem",
              "bowler": "DJ Hawoe",
              "non_striker": "Luqman Butt",
              "runs": {
                "batter": 1,
                "extras": 0,
                "total": 1
              }
            },
            {
              "batter": "Luqman Butt",
              "bowler": "DJ Hawoe",
              "non_striker": "Muhammad Naeem",
              "runs": {
                "batter": 6,
                "extras": 0,
                "total": 6
              }
            },
            {
              "batter": "Luqman Butt",
              "bowler": "DJ Hawoe",
              "non_striker": "Muhammad Naeem",
              "runs": {
                "batter": 1,
                "extras": 0,
                "total": 1
              }
            },
            {
              "batter": "Muhammad Naeem",
              "bowler": "DJ Hawoe",
              "non_striker": "Luqman Butt",
              "runs": {
                "batter": 1,
                "extras": 0,
                "total": 1
              }
            },
            {
              "batter": "Luqman Butt",
              "bowler": "DJ Hawoe",
              "non_striker": "Muhammad Naeem",
              "runs": {
                "batter": 6,
                "extras": 0,
                "total": 6
              }
            }
          ]
        },
        {
          "over": 14,
          "deliveries": [
            {
              "batter": "Muhammad Naeem",
              "bowler": "IK Gamantika",
              "non_striker": "Luqman Butt",
              "runs": {
                "batter": 1,
                "extras": 0,
                "total": 1
              }
            },
            {
              "batter": "Luqman Butt",
              "bowler": "IK Gamantika",
              "non_striker": "Muhammad Naeem",
              "runs": {
                "batter": 6,
                "extras": 0,
                "total": 6
              }
            },
            {
              "batter": "Luqman Butt",
              "bowler": "IK Gamantika",
              "non_striker": "Muhammad Naeem",
              "runs": {
                "batter": 2,
                "extras": 0,
                "total": 2
              }
            },
            {
              "batter": "Luqman Butt",
              "bowler": "IK Gamantika",
              "non_striker": "Muhammad Naeem",
              "runs": {
                "batter": 1,
                "extras": 0,
                "total": 1
              }
            },
            {
              "batter": "Muhammad Naeem",
              "bowler": "IK Gamantika",
              "non_striker": "Luqman Butt",
              "runs": {
                "batter": 0,
                "extras": 0,
                "total": 0
              }
            },
            {
              "batter": "Muhammad Naeem",
              "bowler": "IK Gamantika",
              "non_striker": "Luqman Butt",
              "runs": {
                "batter": 0,
                "extras": 0,
                "total": 0
              }
            }
          ]
        },
        {
          "over": 15,
          "deliveries": [
            {
              "batter": "Luqman Butt",
              "bowler": "GA Priandana",
              "non_striker": "Muhammad Naeem",
              "runs": {
                "batter": 0,
                "extras": 0,
                "total": 0
              },
              "wickets": [
                {
                  "player_out": "Luqman Butt",
                  "kind": "bowled"
                }
              ]
            },
            {
              "batter": "E Beukes",
              "bowler": "GA Priandana",
              "non_striker": "Muhammad Naeem",
              "runs": {
                "batter": 1,
                "extras": 0,
                "total": 1
              }
            },
            {
              "batter": "Muhammad Naeem",
              "bowler": "GA Priandana",
              "non_striker": "E Beukes",
              "runs": {
                "batter": 4,
                "extras": 0,
                "total": 4
              }
            },
            {
              "batter": "Muhammad Naeem",
              "bowler": "GA Priandana",
              "non_striker": "E Beukes",
              "runs": {
                "batter": 0,
                "extras": 0,
                "total": 0
              }
            },
            {
              "batter": "Muhammad Naeem",
              "bowler": "GA Priandana",
              "non_striker": "E Beukes",
              "runs": {
                "batter": 0,
                "extras": 0,
                "total": 0
              }
            },
            {
              "batter": "Muhammad Naeem",
              "bowler": "GA Priandana",
              "non_striker": "E Beukes",
              "runs": {
                "batter": 0,
                "extras": 0,
                "total": 0
              }
            }
          ]
        },
        {
          "over": 16,
          "deliveries": [
            {
              "batter": "E Beukes",
              "bowler": "Anjar Tadarus",
              "non_striker": "Muhammad Naeem",
              "runs": {
                "batter": 0,
                "extras": 0,
                "total": 0
              }
            },
            {
              "batter": "E Beukes",
              "bowler": "Anjar Tadarus",
              "non_striker": "Muhammad Naeem",
              "runs": {
                "batter": 0,
                "extras": 0,
                "total": 0
              }
            },
            {
              "batter": "E Beukes",
              "bowler": "Anjar Tadarus",
              "non_striker": "Muhammad Naeem",
              "runs": {
                "batter": 1,
                "extras": 0,
                "total": 1
              }
            },
            {
              "batter": "Muhammad Naeem",
              "bowler": "Anjar Tadarus",
              "non_striker": "E Beukes",
              "runs": {
                "batter": 1,
                "extras": 0,
                "total": 1
              }
            },
            {
              "batter": "E Beukes",
              "bowler": "Anjar Tadarus",
              "non_striker": "Muhammad Naeem",
              "runs": {
                "batter": 6,
                "extras": 0,
                "total": 6
              }
            },
            {
              "batter": "E Beukes",
              "bowler": "Anjar Tadarus",
              "non_striker": "Muhammad Naeem",
              "runs": {
                "batter": 4,
                "extras": 0,
                "total": 4
              }
            }
          ]
        },
        {
          "over": 17,
          "deliveries": [
            {
              "batter": "Muhammad Naeem",
              "bowler": "GA Priandana",
              "non_striker": "E Beukes",
              "runs": {
                "batter": 6,
                "extras": 0,
                "total": 6
              }
            },
            {
              "batter": "Muhammad Naeem",
              "bowler": "GA Priandana",
              "non_striker": "E Beukes",
              "runs": {
                "batter": 1,
                "extras": 0,
                "total": 1
              }
            },
            {
              "batter": "E Beukes",
              "bowler": "GA Priandana",
              "non_striker": "Muhammad Naeem",
              "runs": {
                "batter": 0,
                "extras": 0,
                "total": 0
              },
              "wickets": [
                {
                  "player_out": "E Beukes",
                  "fielders": [
                    {
                      "name": "AA Rahayu"
                    }
                  ],
                  "kind": "caught"
                }
              ]
            },
            {
              "batter": "GC Murtaza",
              "bowler": "GA Priandana",
              "non_striker": "Muhammad Naeem",
              "runs": {
                "batter": 1,
                "extras": 0,
                "total": 1
              }
            },
            {
              "batter": "Muhammad Naeem",
              "bowler": "GA Priandana",
              "extras": {
                "legbyes": 1
              },
              "non_striker": "GC Murtaza",
              "runs": {
                "batter": 0,
                "extras": 1,
                "total": 1
              }
            },
            {
              "batter": "GC Murtaza",
              "bowler": "GA Priandana",
              "non_striker": "Muhammad Naeem",
              "runs": {
                "batter": 1,
                "extras": 0,
                "total": 1
              }
            }
          ]
        },
        {
          "over": 18,
          "deliveries": [
            {
              "batter": "GC Murtaza",
              "bowler": "DJ Hawoe",
              "non_striker": "Muhammad Naeem",
              "runs": {
                "batter": 1,
                "extras": 0,
                "total": 1
              }
            },
            {
              "batter": "Muhammad Naeem",
              "bowler": "DJ Hawoe",
              "non_striker": "GC Murtaza",
              "runs": {
                "batter": 6,
                "extras": 0,
                "total": 6
              }
            },
            {
              "batter": "Muhammad Naeem",
              "bowler": "DJ Hawoe",
              "non_striker": "GC Murtaza",
              "runs": {
                "batter": 1,
                "extras": 0,
                "total": 1
              }
            },
            {
              "batter": "GC Murtaza",
              "bowler": "DJ Hawoe",
              "non_striker": "Muhammad Naeem",
              "runs": {
                "batter": 4,
                "extras": 0,
                "total": 4
              }
            },
            {
              "batter": "GC Murtaza",
              "bowler": "DJ Hawoe",
              "non_striker": "Muhammad Naeem",
              "runs": {
                "batter": 0,
                "extras": 0,
                "total": 0
              }
            },
            {
              "batter": "GC Murtaza",
              "bowler": "DJ Hawoe",
              "non_striker": "Muhammad Naeem",
              "runs": {
                "batter": 2,
                "extras": 0,
                "total": 2
              }
            }
          ]
        },
        {
          "over": 19,
          "deliveries": [
            {
              "batter": "Muhammad Naeem",
              "bowler": "F Banunaek",
              "non_striker": "GC Murtaza",
              "runs": {
                "batter": 1,
                "extras": 0,
                "total": 1
              }
            },
            {
              "batter": "GC Murtaza",
              "bowler": "F Banunaek",
              "non_striker": "Muhammad Naeem",
              "runs": {
                "batter": 4,
                "extras": 0,
                "total": 4
              }
            },
            {
              "batter": "GC Murtaza",
              "bowler": "F Banunaek",
              "non_striker": "Muhammad Naeem",
              "runs": {
                "batter": 1,
                "extras": 0,
                "total": 1
              }
            },
            {
              "batter": "Muhammad Naeem",
              "bowler": "F Banunaek",
              "extras": {
                "byes": 1
              },
              "non_striker": "GC Murtaza",
              "runs": {
                "batter": 0,
                "extras": 1,
                "total": 1
              }
            },
            {
              "batter": "GC Murtaza",
              "bowler": "F Banunaek",
              "non_striker": "Muhammad Naeem",
              "runs": {
                "batter": 0,
                "extras": 0,
                "total": 0
              },
              "wickets": [
                {
                  "player_out": "GC Murtaza",
                  "fielders": [
                    {
                      "name": "KD Kesuma"
                    },
                    {
                      "name": "F Banunaek"
                    }
                  ],
                  "kind": "run out"
                }
              ]
            },
            {
              "batter": "Muhammad Naeem",
              "bowler": "F Banunaek",
              "non_striker": "NT Gireesh",
              "runs": {
                "batter": 2,
                "extras": 0,
                "total": 2
              }
            }
          ]
        }
      ],
      "powerplays": [
        {
          "from": 0.1,
          "to": 5.6,
          "type": "mandatory"
        }
      ]
    },
    {
      "team": "Indonesia",
      "overs": [
        {
          "over": 0,
          "deliveries": [
            {
              "batter": "GA Priandana",
              "bowler": "GC Murtaza",
              "non_striker": "KD Kesuma",
              "runs": {
                "batter": 4,
                "extras": 0,
                "total": 4
              }
            },
            {
              "batter": "GA Priandana",
              "bowler": "GC Murtaza",
              "non_striker": "KD Kesuma",
              "runs": {
                "batter": 1,
                "extras": 0,
                "total": 1
              }
            },
            {
              "batter": "KD Kesuma",
              "bowler": "GC Murtaza",
              "extras": {
                "wides": 2
              },
              "non_striker": "GA Priandana",
              "runs": {
                "batter": 0,
                "extras": 2,
                "total": 2
              }
            },
            {
              "batter": "GA Priandana",
              "bowler": "GC Murtaza",
              "non_striker": "KD Kesuma",
              "runs": {
                "batter": 0,
                "extras": 0,
                "total": 0
              }
            },
            {
              "batter": "GA Priandana",
              "bowler": "GC Murtaza",
              "non_striker": "KD Kesuma",
              "runs": {
                "batter": 2,
                "extras": 0,
                "total": 2
              }
            },
            {
              "batter": "GA Priandana",
              "bowler": "GC Murtaza",
              "non_striker": "KD Kesuma",
              "runs": {
                "batter": 4,
                "extras": 0,
                "total": 4
              }
            },
            {
              "batter": "GA Priandana",
              "bowler": "GC Murtaza",
              "extras": {
                "wides": 1
              },
              "non_striker": "KD Kesuma",
              "runs": {
                "batter": 0,
                "extras": 1,
                "total": 1
              }
            },
            {
              "batter": "GA Priandana",
              "bowler": "GC Murtaza",
              "non_striker": "KD Kesuma",
              "runs": {
                "batter": 0,
                "extras": 0,
                "total": 0
              }
            }
          ]
        }
      ],
      "powerplays": [
        {
          "from": 0.1,
          "to": 0.8,
          "type": "mandatory"
        }
      ],
      "target": {
        "overs": 20,
        "runs": 158
      }
    }
  ]
}